{
"type": "FeatureCollection",
"name": "60_Yukon",
"crs": { "type": "name", "properties": { "name": "urn:ogc:def:crs:OGC:1.3:CRS84" } },
"features": [
{ "type": "Feature", "properties": { "DAUID": "60010269", "PRUID": "60", "PRNAME": "Yukon", "CDUID": "6001", "CDNAME": "Yukon", "CDTYPE": "TER", "CCSUID": "6001045", "CCSNAME": "Yukon, Unorganized", "CSDUID": "6001009", "CSDNAME": "Whitehorse", "CSDTYPE": "CY", "ERUID": "6010", "ERNAME": "Yukon", "SACCODE": "990", "SACTYPE": "3", "CMAUID": "990", "CMAPUID": "60990", "CMANAME": "Whitehorse", "CMATYPE": "D", "CTUID": null, "CTNAME": null, "ADAUID": "60010021", "ALT_GEO_CODE": "60010269", "province": "Territories", "first_lang_eng_french": 10.0, "first_lang_french": 95.0, "know_eng_french": 330.0, "know_french_only": 0.0, "mother_eng_french": 30.0, "mother_french": 90.0, "mother_french_non_official": 0.0, "pop_0_14": 605.0, "pop_0_4": 240.0, "pop_15_19": 125.0, "pop_2021": 2727.0, "pop_under_19": 730.0, "share_under_19": 0.26769343601026768, "share_under_5": 0.088008800880088001, "first_lang_eng_french_under_19": 2.6769343601026767, "first_lang_eng_french_under_5": 0.88008800880088012, "first_lang_french_under_19": 25.43087642097543, "first_lang_french_under_5": 8.3608360836083619, "know_eng_french_under_19": 88.338833883388332, "know_eng_french_under_5": 29.04290429042905, "know_french_only_under_19": 0.0, "know_french_only_under_5": 0.0, "mother_eng_french_under_19": 8.030803080308031, "mother_eng_french_under_5": 2.6402640264026398, "mother_french_under_19": 24.092409240924091, "mother_french_under_5": 7.9207920792079216, "mother_french_non_official_under_19": 0.0, "mother_french_non_official_under_5": 0.0 }, "geometry": { "type": "Polygon", "coordinates": [ [ [ -135.264104327409967, 60.837584805809591 ], [ -135.261015396285615, 60.839065253182326 ], [ -135.256785521070782, 60.842378365028502 ], [ -135.25529020063621, 60.842613132233502 ], [ -135.248075677319861, 60.840103722238467 ], [ -135.242884231886734, 60.837329563960132 ], [ -135.234524532958432, 60.834507310091148 ], [ -135.231483917803814, 60.834127250165579 ], [ -135.228705854349698, 60.835227726600863 ], [ -135.228866850025469, 60.835828474991338 ], [ -135.23461259551226, 60.837079481137337 ], [ -135.234663025305025, 60.837928524859429 ], [ -135.231575457413157, 60.840480632811861 ], [ -135.231219424684298, 60.841337268041656 ], [ -135.231285316766446, 60.842384636017904 ], [ -135.232877019995868, 60.844412350038816 ], [ -135.232746155711425, 60.845026478016727 ], [ -135.232145694174363, 60.845673206278967 ], [ -135.23006966675635, 60.846188621159541 ], [ -135.225488901930333, 60.842993267937203 ], [ -135.220432397066872, 60.842030893532048 ], [ -135.21823743075737, 60.840395550391683 ], [ -135.219087168340764, 60.839394719974685 ], [ -135.220563524082053, 60.838707922589343 ], [ -135.224986533445787, 60.838029793034188 ], [ -135.225511951287444, 60.837463929650028 ], [ -135.224874341259749, 60.836387503784422 ], [ -135.222080245596686, 60.834580710907098 ], [ -135.225382341461199, 60.831023920754063 ], [ -135.225027129753641, 60.829707906637871 ], [ -135.223289110087535, 60.82891413787771 ], [ -135.221096104987851, 60.829169466376698 ], [ -135.220113371295156, 60.829712046914914 ], [ -135.219018548319497, 60.831321150204154 ], [ -135.217076641625141, 60.8322946121597 ], [ -135.206727920733641, 60.83419436496186 ], [ -135.204131768673307, 60.836601645091044 ], [ -135.20182198404143, 60.837669031183751 ], [ -135.198791613668476, 60.838050634946761 ], [ -135.192867689491834, 60.837635429487925 ], [ -135.191908093257695, 60.83806614235732 ], [ -135.191749965606817, 60.841500720680536 ], [ -135.190197614979098, 60.842267997021693 ], [ -135.187774624492334, 60.842511083675255 ], [ -135.081435105962811, 60.840137363184155 ], [ -135.001681576618267, 60.782967511315832 ], [ -134.964876553765208, 60.749636066738034 ], [ -134.941441161109708, 60.702974986378024 ], [ -134.900328952372377, 60.658255879957096 ], [ -134.861323522115299, 60.645825031860227 ], [ -134.859820821097543, 60.62753175484869 ], [ -134.863602022971151, 60.627564601428759 ], [ -134.867556851698907, 60.626517313472924 ], [ -134.871113330749438, 60.624093246151773 ], [ -134.884190503677615, 60.624561244903248 ], [ -134.892460191162684, 60.625447194071256 ], [ -134.89906527737827, 60.625455345394229 ], [ -134.906465366969087, 60.627081524934653 ], [ -134.913487886923633, 60.62578771603291 ], [ -134.915122200745827, 60.625938308906399 ], [ -134.917154298199478, 60.626898020223564 ], [ -134.918088071065881, 60.627893439284037 ], [ -134.91555162152963, 60.630940506340394 ], [ -134.917445846197637, 60.632523111165803 ], [ -134.919178472698178, 60.632521314344885 ], [ -134.921105761976435, 60.631931146822645 ], [ -134.926672088003329, 60.627801247378123 ], [ -134.930377639744904, 60.622074871942466 ], [ -134.930692171095558, 60.620074864618353 ], [ -134.931600363807092, 60.618579290514752 ], [ -134.934747270844781, 60.617108785713057 ], [ -134.940169906745552, 60.617524440021512 ], [ -134.942031311556576, 60.61809648401708 ], [ -134.949501906063091, 60.622307905719808 ], [ -134.956716150374803, 60.625654358979588 ], [ -134.958381285257104, 60.626247168244397 ], [ -134.963630232178218, 60.626731281895786 ], [ -134.966734778929663, 60.627778673218216 ], [ -134.967995364575046, 60.631374936267825 ], [ -134.970534795299699, 60.634408899306649 ], [ -134.973451843419269, 60.636895617991613 ], [ -134.981237851906769, 60.640585881897579 ], [ -134.987560514067184, 60.647585481367166 ], [ -134.996465244287464, 60.655556251099732 ], [ -134.998700895175062, 60.656777318005915 ], [ -135.000268910166255, 60.657238319337502 ], [ -135.00604890163126, 60.657228571528641 ], [ -135.016867801367255, 60.658980990044007 ], [ -135.021632586818498, 60.658916988916566 ], [ -135.023849338994694, 60.659348847427509 ], [ -135.025195570750327, 60.660238956571085 ], [ -135.027432375205251, 60.663224027607946 ], [ -135.028369120026895, 60.666912744123088 ], [ -135.030220843836759, 60.669102740969755 ], [ -135.030880381410498, 60.671920344589793 ], [ -135.029383131966938, 60.675552180161247 ], [ -135.029667644253436, 60.684714178782343 ], [ -135.028796741946621, 60.689426443368951 ], [ -134.997097183388746, 60.694837196447168 ], [ -135.020047919814687, 60.715677361064081 ], [ -135.041027482765969, 60.712951797704108 ], [ -135.045415696181692, 60.713904757722872 ], [ -135.044846291530831, 60.715599315799658 ], [ -135.051453606055105, 60.722523275731554 ], [ -135.051904593406277, 60.724945747230535 ], [ -135.054950558187045, 60.728236227840114 ], [ -135.059665866124192, 60.729888722147933 ], [ -135.063085041054364, 60.732169395671363 ], [ -135.067186504596464, 60.733061570993627 ], [ -135.068412143778744, 60.734933511634488 ], [ -135.065664753348102, 60.738093160157142 ], [ -135.063252461042708, 60.742156897771892 ], [ -135.063571931682134, 60.744332983452729 ], [ -135.065610645693539, 60.746386490341301 ], [ -135.064996423043283, 60.749205526148813 ], [ -135.070988587530053, 60.755101175683208 ], [ -135.074474218903731, 60.754883804834854 ], [ -135.074312201958293, 60.756239616132497 ], [ -135.075194908801137, 60.757083072253948 ], [ -135.086312395387353, 60.764079255625987 ], [ -135.092207655073167, 60.761918350775957 ], [ -135.092917915291821, 60.762620506174009 ], [ -135.094644295402105, 60.763050305179362 ], [ -135.099942949800464, 60.761839667261945 ], [ -135.103854888228682, 60.762316201987382 ], [ -135.105124778015607, 60.763401606197895 ], [ -135.107503682021331, 60.769825459543583 ], [ -135.111322698602038, 60.772455693587524 ], [ -135.113605058673272, 60.773326724228603 ], [ -135.112585616423843, 60.774526307139951 ], [ -135.119048599272332, 60.779104329805534 ], [ -135.124808378762623, 60.78116621308947 ], [ -135.13143952847409, 60.784542949587063 ], [ -135.135954361117911, 60.785693233060108 ], [ -135.14842648310136, 60.786759349654183 ], [ -135.153047439919277, 60.788761189472353 ], [ -135.153513416606557, 60.790619724484365 ], [ -135.152972440791217, 60.79313210202146 ], [ -135.156557623581307, 60.795927198296262 ], [ -135.16645668015201, 60.800892209033634 ], [ -135.169718196573513, 60.794762291069347 ], [ -135.177920692626657, 60.800850991440392 ], [ -135.205405125016881, 60.786224117804323 ], [ -135.219069146976068, 60.791778892451397 ], [ -135.219653356684319, 60.788572696383568 ], [ -135.221254540891891, 60.786379402331519 ], [ -135.22300825039099, 60.785020773819376 ], [ -135.226507467037607, 60.783811832911056 ], [ -135.235975646765269, 60.782736108177204 ], [ -135.240941570321752, 60.781308713818966 ], [ -135.24355391657366, 60.779517330795699 ], [ -135.245592031610016, 60.77710745795973 ], [ -135.247767530300166, 60.775891393973929 ], [ -135.249671870013117, 60.77287116730087 ], [ -135.257259385044875, 60.768978235266317 ], [ -135.259447143976104, 60.76632718311054 ], [ -135.271807548531456, 60.783221017676468 ], [ -135.278724380519833, 60.839217086424654 ], [ -135.266664377742529, 60.837234424568557 ], [ -135.264104327409967, 60.837584805809591 ] ] ] } },
{ "type": "Feature", "properties": { "DAUID": "60010270", "PRUID": "60", "PRNAME": "Yukon", "CDUID": "6001", "CDNAME": "Yukon", "CDTYPE": "TER", "CCSUID": "6001045", "CCSNAME": "Yukon, Unorganized", "CSDUID": "6001009", "CSDNAME": "Whitehorse", "CSDTYPE": "CY", "ERUID": "6010", "ERNAME": "Yukon", "SACCODE": "990", "SACTYPE": "3", "CMAUID": "990", "CMAPUID": "60990", "CMANAME": "Whitehorse", "CMATYPE": "D", "CTUID": null, "CTNAME": null, "ADAUID": "60010021", "ALT_GEO_CODE": "60010270", "province": "Territories", "first_lang_eng_french": 0.0, "first_lang_french": 15.0, "know_eng_french": 50.0, "know_french_only": 0.0, "mother_eng_french": 5.0, "mother_french": 15.0, "mother_french_non_official": 0.0, "pop_0_14": 45.0, "pop_0_4": 15.0, "pop_15_19": 15.0, "pop_2021": 313.0, "pop_under_19": 60.0, "share_under_19": 0.19169329073482419, "share_under_5": 0.047923322683705999, "first_lang_eng_french_under_19": 0.0, "first_lang_eng_french_under_5": 0.0, "first_lang_french_under_19": 2.8753993610223643, "first_lang_french_under_5": 0.71884984025559107, "know_eng_french_under_19": 9.5846645367412115, "know_eng_french_under_5": 2.3961661341853038, "know_french_only_under_19": 0.0, "know_french_only_under_5": 0.0, "mother_eng_french_under_19": 0.95846645367412142, "mother_eng_french_under_5": 0.2396166134185303, "mother_french_under_19": 2.8753993610223643, "mother_french_under_5": 0.71884984025559107, "mother_french_non_official_under_19": 0.0, "mother_french_non_official_under_5": 0.0 }, "geometry": { "type": "Polygon", "coordinates": [ [ [ -135.219069146976068, 60.791778892451397 ], [ -135.205405125016881, 60.786224117804323 ], [ -135.177920692626657, 60.800850991440392 ], [ -135.171082888454038, 60.795975205973988 ], [ -135.169060216288813, 60.793889362451516 ], [ -135.177682843672244, 60.790376974962506 ], [ -135.172890161456365, 60.771646377214175 ], [ -135.170135989249275, 60.765900139590265 ], [ -135.154046547187306, 60.762585371925994 ], [ -135.150748136927064, 60.763499397295419 ], [ -135.147262348072303, 60.76028499119834 ], [ -135.145285479847189, 60.76005923219514 ], [ -135.144504954464111, 60.758687387867852 ], [ -135.14274581464889, 60.758039235354119 ], [ -135.143019701736819, 60.756474012744434 ], [ -135.142346011902191, 60.756088759413331 ], [ -135.143133362544461, 60.753155160252639 ], [ -135.143251883576198, 60.748803608056775 ], [ -135.142381613793589, 60.746990934596177 ], [ -135.139751990800761, 60.74548540850143 ], [ -135.136222216147871, 60.744631035860145 ], [ -135.121029611294205, 60.743550121706789 ], [ -135.104464868941818, 60.740039328110996 ], [ -135.106579501683143, 60.737846526553874 ], [ -135.106607543565502, 60.735532568917868 ], [ -135.101590325816659, 60.730974905446523 ], [ -135.102189628415033, 60.729178802307601 ], [ -135.104022436234743, 60.730762887711222 ], [ -135.104558889725155, 60.726281677012679 ], [ -135.10643338208925, 60.72606384629902 ], [ -135.105458301976824, 60.724273630078073 ], [ -135.123783112858717, 60.7207118388664 ], [ -135.120845022976738, 60.717364664395795 ], [ -135.122512807763059, 60.717355304684403 ], [ -135.127137569919768, 60.7143612078046 ], [ -135.12289109277765, 60.707642800653581 ], [ -135.126687421705839, 60.707034288663266 ], [ -135.116636867836093, 60.691738533579134 ], [ -135.11233984600554, 60.684347492732897 ], [ -135.115401984720506, 60.676420449621027 ], [ -135.122364498334377, 60.673523233241504 ], [ -135.178083797341259, 60.663569630369537 ], [ -135.24699261794666, 60.749285174360779 ], [ -135.259447143976104, 60.76632718311054 ], [ -135.257259385044875, 60.768978235266317 ], [ -135.249671870013117, 60.77287116730087 ], [ -135.247767530300166, 60.775891393973929 ], [ -135.245592031610016, 60.77710745795973 ], [ -135.24355391657366, 60.779517330795699 ], [ -135.240941570321752, 60.781308713818966 ], [ -135.235975646765269, 60.782736108177204 ], [ -135.226507467037607, 60.783811832911056 ], [ -135.22300825039099, 60.785020773819376 ], [ -135.221254540891891, 60.786379402331519 ], [ -135.219653356684319, 60.788572696383568 ], [ -135.219069146976068, 60.791778892451397 ] ] ] } },
{ "type": "Feature", "properties": { "DAUID": "60010252", "PRUID": "60", "PRNAME": "Yukon", "CDUID": "6001", "CDNAME": "Yukon", "CDTYPE": "TER", "CCSUID": "6001045", "CCSNAME": "Yukon, Unorganized", "CSDUID": "6001009", "CSDNAME": "Whitehorse", "CSDTYPE": "CY", "ERUID": "6010", "ERNAME": "Yukon", "SACCODE": "990", "SACTYPE": "3", "CMAUID": "990", "CMAPUID": "60990", "CMANAME": "Whitehorse", "CMATYPE": "D", "CTUID": null, "CTNAME": null, "ADAUID": "60010022", "ALT_GEO_CODE": "60010252", "province": "Territories", "first_lang_eng_french": 10.0, "first_lang_french": 65.0, "know_eng_french": 165.0, "know_french_only": 5.0, "mother_eng_french": 25.0, "mother_french": 60.0, "mother_french_non_official": 0.0, "pop_0_14": 225.0, "pop_0_4": 70.0, "pop_15_19": 70.0, "pop_2021": 1150.0, "pop_under_19": 295.0, "share_under_19": 0.2565217391304348, "share_under_5": 0.0608695652173913, "first_lang_eng_french_under_19": 2.5652173913043481, "first_lang_eng_french_under_5": 0.60869565217391308, "first_lang_french_under_19": 16.673913043478262, "first_lang_french_under_5": 3.956521739130435, "know_eng_french_under_19": 42.326086956521742, "know_eng_french_under_5": 10.043478260869566, "know_french_only_under_19": 1.2826086956521741, "know_french_only_under_5": 0.30434782608695649, "mother_eng_french_under_19": 6.4130434782608701, "mother_eng_french_under_5": 1.5217391304347827, "mother_french_under_19": 15.391304347826088, "mother_french_under_5": 3.6521739130434794, "mother_french_non_official_under_19": 0.0, "mother_french_non_official_under_5": 0.0 }, "geometry": { "type": "Polygon", "coordinates": [ [ [ -135.024933829766468, 60.706320801951719 ], [ -135.02297279846195, 60.705288587775264 ], [ -135.021910712595286, 60.705845411902352 ], [ -135.018777412550946, 60.704822392287895 ], [ -135.017385706535492, 60.705882000287588 ], [ -135.014783807454961, 60.705011406873638 ], [ -135.018665925319567, 60.702066103886054 ], [ -135.021285922885141, 60.702918594439829 ], [ -135.022274506301528, 60.702182194091549 ], [ -135.031539160177658, 60.705197449552273 ], [ -135.024933829766468, 60.706320801951719 ] ] ] } },
{ "type": "Feature", "properties": { "DAUID": "60010253", "PRUID": "60", "PRNAME": "Yukon", "CDUID": "6001", "CDNAME": "Yukon", "CDTYPE": "TER", "CCSUID": "6001045", "CCSNAME": "Yukon, Unorganized", "CSDUID": "6001009", "CSDNAME": "Whitehorse", "CSDTYPE": "CY", "ERUID": "6010", "ERNAME": "Yukon", "SACCODE": "990", "SACTYPE": "3", "CMAUID": "990", "CMAPUID": "60990", "CMANAME": "Whitehorse", "CMATYPE": "D", "CTUID": null, "CTNAME": null, "ADAUID": "60010022", "ALT_GEO_CODE": "60010253", "province": "Territories", "first_lang_eng_french": 5.0, "first_lang_french": 50.0, "know_eng_french": 225.0, "know_french_only": 0.0, "mother_eng_french": 20.0, "mother_french": 50.0, "mother_french_non_official": 0.0, "pop_0_14": 160.0, "pop_0_4": 45.0, "pop_15_19": 55.0, "pop_2021": 845.0, "pop_under_19": 215.0, "share_under_19": 0.25443786982248517, "share_under_5": 0.053254437869822403, "first_lang_eng_french_under_19": 1.2721893491124261, "first_lang_eng_french_under_5": 0.2662721893491124, "first_lang_french_under_19": 12.721893491124259, "first_lang_french_under_5": 2.6627218934911245, "know_eng_french_under_19": 57.248520710059175, "know_eng_french_under_5": 11.98224852071006, "know_french_only_under_19": 0.0, "know_french_only_under_5": 0.0, "mother_eng_french_under_19": 5.0887573964497044, "mother_eng_french_under_5": 1.0650887573964498, "mother_french_under_19": 12.721893491124259, "mother_french_under_5": 2.6627218934911245, "mother_french_non_official_under_19": 0.0, "mother_french_non_official_under_5": 0.0 }, "geometry": { "type": "Polygon", "coordinates": [ [ [ -135.026009886297487, 60.700323003823264 ], [ -135.023720924171528, 60.701095597719473 ], [ -135.021285922885141, 60.702918594439829 ], [ -135.018665925319567, 60.702066103886054 ], [ -135.014930411991742, 60.705110189792826 ], [ -135.006870081164237, 60.703360508008224 ], [ -134.997097183388746, 60.694837196447168 ], [ -135.02347972999894, 60.69033467227122 ], [ -135.026052181942561, 60.691315765608756 ], [ -135.037299790064424, 60.692916510001226 ], [ -135.03926371240027, 60.693923693592609 ], [ -135.038207579396072, 60.694260804557821 ], [ -135.039823491715936, 60.695526693511525 ], [ -135.040788120640372, 60.697553993229299 ], [ -135.040352228820865, 60.700490097300111 ], [ -135.026009886297487, 60.700323003823264 ] ] ] } },
{ "type": "Feature", "properties": { "DAUID": "60010256", "PRUID": "60", "PRNAME": "Yukon", "CDUID": "6001", "CDNAME": "Yukon", "CDTYPE": "TER", "CCSUID": "6001045", "CCSNAME": "Yukon, Unorganized", "CSDUID": "6001009", "CSDNAME": "Whitehorse", "CSDTYPE": "CY", "ERUID": "6010", "ERNAME": "Yukon", "SACCODE": "990", "SACTYPE": "3", "CMAUID": "990", "CMAPUID": "60990", "CMANAME": "Whitehorse", "CMATYPE": "D", "CTUID": null, "CTNAME": null, "ADAUID": "60010021", "ALT_GEO_CODE": "60010256", "province": "Territories", "first_lang_eng_french": 0.0, "first_lang_french": 55.0, "know_eng_french": 165.0, "know_french_only": 5.0, "mother_eng_french": 10.0, "mother_french": 55.0, "mother_french_non_official": 0.0, "pop_0_14": 200.0, "pop_0_4": 65.0, "pop_15_19": 55.0, "pop_2021": 1151.0, "pop_under_19": 255.0, "share_under_19": 0.22154648132059079, "share_under_5": 0.056472632493483901, "first_lang_eng_french_under_19": 0.0, "first_lang_eng_french_under_5": 0.0, "first_lang_french_under_19": 12.185056472632494, "first_lang_french_under_5": 3.1059947871416163, "know_eng_french_under_19": 36.555169417897481, "know_eng_french_under_5": 9.3179843614248483, "know_french_only_under_19": 1.1077324066029539, "know_french_only_under_5": 0.2823631624674196, "mother_eng_french_under_19": 2.2154648132059078, "mother_eng_french_under_5": 0.56472632493483932, "mother_french_under_19": 12.185056472632494, "mother_french_under_5": 3.1059947871416163, "mother_french_non_official_under_19": 0.0, "mother_french_non_official_under_5": 0.0 }, "geometry": { "type": "Polygon", "coordinates": [ [ [ -135.140997280935778, 60.761138298232837 ], [ -135.142346011902191, 60.756088759413331 ], [ -135.143019701736819, 60.756474012744434 ], [ -135.14274581464889, 60.758039235354119 ], [ -135.144504954464111, 60.758687387867852 ], [ -135.145285479847189, 60.76005923219514 ], [ -135.147262348072303, 60.76028499119834 ], [ -135.150748136927064, 60.763499397295419 ], [ -135.154046547187306, 60.762585371925994 ], [ -135.170135989249275, 60.765900139590265 ], [ -135.172890161456365, 60.771646377214175 ], [ -135.177682843672244, 60.790376974962506 ], [ -135.169060216288813, 60.793889362451516 ], [ -135.161373920938246, 60.779252432584521 ], [ -135.159591417998996, 60.777784102909521 ], [ -135.15164606820278, 60.773731198976819 ], [ -135.141658593196979, 60.76276947061335 ], [ -135.140997280935778, 60.761138298232837 ] ] ] } },
{ "type": "Feature", "properties": { "DAUID": "60010271", "PRUID": "60", "PRNAME": "Yukon", "CDUID": "6001", "CDNAME": "Yukon", "CDTYPE": "TER", "CCSUID": "6001045", "CCSNAME": "Yukon, Unorganized", "CSDUID": "6001009", "CSDNAME": "Whitehorse", "CSDTYPE": "CY", "ERUID": "6010", "ERNAME": "Yukon", "SACCODE": "990", "SACTYPE": "3", "CMAUID": "990", "CMAPUID": "60990", "CMANAME": "Whitehorse", "CMATYPE": "D", "CTUID": null, "CTNAME": null, "ADAUID": "60010020", "ALT_GEO_CODE": "60010271", "province": "Territories", "first_lang_eng_french": 10.0, "first_lang_french": 40.0, "know_eng_french": 115.0, "know_french_only": 0.0, "mother_eng_french": 15.0, "mother_french": 40.0, "mother_french_non_official": 0.0, "pop_0_14": 135.0, "pop_0_4": 35.0, "pop_15_19": 40.0, "pop_2021": 772.0, "pop_under_19": 175.0, "share_under_19": 0.2266839378238342, "share_under_5": 0.045336787564766799, "first_lang_eng_french_under_19": 2.266839378238342, "first_lang_eng_french_under_5": 0.45336787564766839, "first_lang_french_under_19": 9.0673575129533681, "first_lang_french_under_5": 1.8134715025906736, "know_eng_french_under_19": 26.068652849740928, "know_eng_french_under_5": 5.2137305699481864, "know_french_only_under_19": 0.0, "know_french_only_under_5": 0.0, "mother_eng_french_under_19": 3.400259067357513, "mother_eng_french_under_5": 0.68005181347150256, "mother_french_under_19": 9.0673575129533681, "mother_french_under_5": 1.8134715025906736, "mother_french_non_official_under_19": 0.0, "mother_french_non_official_under_5": 0.0 }, "geometry": { "type": "Polygon", "coordinates": [ [ [ -135.077475735408768, 60.706094176217334 ], [ -135.074191120978952, 60.703788608873523 ], [ -135.0706968696378, 60.70590038702241 ], [ -135.069888667354235, 60.704931167748711 ], [ -135.055191571296348, 60.702073937625912 ], [ -135.050357595839642, 60.702896268704805 ], [ -135.046486209634111, 60.706233563113393 ], [ -135.04133527684948, 60.702289002662503 ], [ -135.043494370639252, 60.701590206475444 ], [ -135.043267032830045, 60.699544285184416 ], [ -135.043649996455912, 60.698764671832514 ], [ -135.042858873218336, 60.697835446863373 ], [ -135.042956925515341, 60.696472014266057 ], [ -135.040325586146025, 60.693743646997639 ], [ -135.03926371240027, 60.693923693592609 ], [ -135.037299790064424, 60.692916510001226 ], [ -135.026052181942561, 60.691315765608756 ], [ -135.02347972999894, 60.69033467227122 ], [ -135.028796741946621, 60.689426443368951 ], [ -135.029667644253436, 60.684714178782343 ], [ -135.029383131966938, 60.675552180161247 ], [ -135.030880381410498, 60.671920344589793 ], [ -135.030220843836759, 60.669102740969755 ], [ -135.028369120026895, 60.666912744123088 ], [ -135.027833484950918, 60.664032852074143 ], [ -135.026917933894651, 60.662346209430204 ], [ -135.025195570750327, 60.660238956571085 ], [ -135.023849338994694, 60.659348847427509 ], [ -135.021632586818498, 60.658916988916566 ], [ -135.016867801367255, 60.658980990044007 ], [ -135.00604890163126, 60.657228571528641 ], [ -135.000268910166255, 60.657238319337502 ], [ -134.998700895175062, 60.656777318005915 ], [ -134.996465244287464, 60.655556251099732 ], [ -134.987560514067184, 60.647585481367166 ], [ -134.981237851906769, 60.640585881897579 ], [ -134.973451843419269, 60.636895617991613 ], [ -134.972264657867015, 60.635758137175898 ], [ -134.974957055890002, 60.634583705052712 ], [ -134.977901644878955, 60.632249832987632 ], [ -134.981101386423887, 60.630472619861699 ], [ -134.980955757972168, 60.629475977622057 ], [ -134.980079017446684, 60.628622898274848 ], [ -134.983584911035422, 60.624872101342163 ], [ -134.98127128018163, 60.621144070747775 ], [ -134.980724229338193, 60.619294433532112 ], [ -134.979274201650213, 60.618461780340631 ], [ -134.989056283883627, 60.615909339218668 ], [ -134.984290012676041, 60.610074891332509 ], [ -134.98007392108849, 60.60729816233934 ], [ -134.966000228504356, 60.599736466279296 ], [ -134.962859979112892, 60.596826355406151 ], [ -134.960170633872082, 60.593108341061729 ], [ -134.953441621083442, 60.588968631464134 ], [ -134.951140327164978, 60.58525860773095 ], [ -134.949116741188789, 60.583776376164906 ], [ -134.942316458056837, 60.579688423879439 ], [ -134.939689846730403, 60.579049789966795 ], [ -134.92954486943492, 60.57859591853623 ], [ -134.926645417622183, 60.577741391422315 ], [ -134.924750359844865, 60.576591095905343 ], [ -134.923625982188668, 60.573663473700968 ], [ -134.923669488579776, 60.570682637686133 ], [ -134.924976649558175, 60.565570903254169 ], [ -134.980878834662406, 60.557173187954753 ], [ -135.026418092519037, 60.55364071809629 ], [ -135.122879175232981, 60.618612677787262 ], [ -135.178077634547805, 60.663564639517119 ], [ -135.122364498334377, 60.673523233241504 ], [ -135.115401984720506, 60.676420449621027 ], [ -135.11233984600554, 60.684347492732897 ], [ -135.083311815687694, 60.688825367991932 ], [ -135.097457248439724, 60.696224163638313 ], [ -135.092508792029349, 60.69696855775932 ], [ -135.095800431866735, 60.703354558576159 ], [ -135.077475735408768, 60.706094176217334 ] ] ] } },
{ "type": "Feature", "properties": { "DAUID": "60010272", "PRUID": "60", "PRNAME": "Yukon", "CDUID": "6001", "CDNAME": "Yukon", "CDTYPE": "TER", "CCSUID": "6001045", "CCSNAME": "Yukon, Unorganized", "CSDUID": "6001009", "CSDNAME": "Whitehorse", "CSDTYPE": "CY", "ERUID": "6010", "ERNAME": "Yukon", "SACCODE": "990", "SACTYPE": "3", "CMAUID": "990", "CMAPUID": "60990", "CMANAME": "Whitehorse", "CMATYPE": "D", "CTUID": null, "CTNAME": null, "ADAUID": "60010020", "ALT_GEO_CODE": "60010272", "province": "Territories", "first_lang_eng_french": 5.0, "first_lang_french": 25.0, "know_eng_french": 110.0, "know_french_only": 0.0, "mother_eng_french": 10.0, "mother_french": 30.0, "mother_french_non_official": 0.0, "pop_0_14": 135.0, "pop_0_4": 35.0, "pop_15_19": 30.0, "pop_2021": 694.0, "pop_under_19": 165.0, "share_under_19": 0.23775216138328531, "share_under_5": 0.050432276657060501, "first_lang_eng_french_under_19": 1.1887608069164266, "first_lang_eng_french_under_5": 0.25216138328530258, "first_lang_french_under_19": 5.9438040345821328, "first_lang_french_under_5": 1.260806916426513, "know_eng_french_under_19": 26.152737752161386, "know_eng_french_under_5": 5.5475504322766573, "know_french_only_under_19": 0.0, "know_french_only_under_5": 0.0, "mother_eng_french_under_19": 2.3775216138328532, "mother_eng_french_under_5": 0.50432276657060526, "mother_french_under_19": 7.1325648414985592, "mother_french_under_5": 1.5129682997118157, "mother_french_non_official_under_19": 0.0, "mother_french_non_official_under_5": 0.0 }, "geometry": { "type": "Polygon", "coordinates": [ [ [ -134.963630232178218, 60.626731281895786 ], [ -134.956716150374803, 60.625654358979588 ], [ -134.949501906063091, 60.622307905719808 ], [ -134.942031311556576, 60.61809648401708 ], [ -134.937816736008983, 60.617146695270264 ], [ -134.934747270844781, 60.617108785713057 ], [ -134.931600363807092, 60.618579290514752 ], [ -134.930692171095558, 60.620074864618353 ], [ -134.930377639744904, 60.622074871942466 ], [ -134.926672088003329, 60.627801247378123 ], [ -134.921105761976435, 60.631931146822645 ], [ -134.917445846197637, 60.632523111165803 ], [ -134.916259503096313, 60.631797785397701 ], [ -134.91555162152963, 60.630940506340394 ], [ -134.918088071065881, 60.627893439284037 ], [ -134.917154298199478, 60.626898020223564 ], [ -134.915122200745827, 60.625938308906399 ], [ -134.913487886923633, 60.62578771603291 ], [ -134.912942618606507, 60.624843099138943 ], [ -134.91338557311829, 60.62320032423419 ], [ -134.915435130414437, 60.622070373000604 ], [ -134.91560200532075, 60.621145686332156 ], [ -134.91808915756107, 60.620285323106309 ], [ -134.91983043765245, 60.618077679617237 ], [ -134.921275145862211, 60.617512893795286 ], [ -134.921752553126566, 60.616525540314086 ], [ -134.92363477879536, 60.616311143289629 ], [ -134.924953484609318, 60.614875339246801 ], [ -134.926690968224193, 60.614014377977249 ], [ -134.926839205928246, 60.613089682929967 ], [ -134.928740257394992, 60.612534038374072 ], [ -134.929200142919882, 60.611043867928956 ], [ -134.930644707881953, 60.610335336975176 ], [ -134.933842248503879, 60.609834154782583 ], [ -134.937498778191184, 60.608067174197132 ], [ -134.945793770280062, 60.606364879288762 ], [ -134.949408913136665, 60.607003762552708 ], [ -134.953775217904365, 60.606161362000769 ], [ -134.956115881732245, 60.603962436826926 ], [ -134.955827137550045, 60.601466338146665 ], [ -134.954679483357921, 60.599481698335872 ], [ -134.953384472455468, 60.598475682573898 ], [ -134.953533224822763, 60.596626172792185 ], [ -134.952531762962337, 60.594758294994428 ], [ -134.955289148766838, 60.594337277015661 ], [ -134.957938811381268, 60.592488569791755 ], [ -134.957671026770669, 60.591570750573126 ], [ -134.960170633872082, 60.593108341061729 ], [ -134.962859979112892, 60.596826355406151 ], [ -134.966000228504356, 60.599736466279296 ], [ -134.98007392108849, 60.60729816233934 ], [ -134.984290012676041, 60.610074891332509 ], [ -134.989056283883627, 60.615909339218668 ], [ -134.979274201650213, 60.618461780340631 ], [ -134.980724229338193, 60.619294433532112 ], [ -134.98127128018163, 60.621144070747775 ], [ -134.983584911035422, 60.624872101342163 ], [ -134.980079017446684, 60.628622898274848 ], [ -134.980955757972168, 60.629475977622057 ], [ -134.981101386423887, 60.630472619861699 ], [ -134.977901644878955, 60.632249832987632 ], [ -134.974957055890002, 60.634583705052712 ], [ -134.972264657867015, 60.635758137175898 ], [ -134.967995364575046, 60.631374936267825 ], [ -134.966734778929663, 60.627778673218216 ], [ -134.963630232178218, 60.626731281895786 ] ] ] } },
{ "type": "Feature", "properties": { "DAUID": "60010273", "PRUID": "60", "PRNAME": "Yukon", "CDUID": "6001", "CDNAME": "Yukon", "CDTYPE": "TER", "CCSUID": "6001045", "CCSNAME": "Yukon, Unorganized", "CSDUID": "6001009", "CSDNAME": "Whitehorse", "CSDTYPE": "CY", "ERUID": "6010", "ERNAME": "Yukon", "SACCODE": "990", "SACTYPE": "3", "CMAUID": "990", "CMAPUID": "60990", "CMANAME": "Whitehorse", "CMATYPE": "D", "CTUID": null, "CTNAME": null, "ADAUID": "60010020", "ALT_GEO_CODE": "60010273", "province": "Territories", "first_lang_eng_french": 5.0, "first_lang_french": 45.0, "know_eng_french": 125.0, "know_french_only": 0.0, "mother_eng_french": 5.0, "mother_french": 45.0, "mother_french_non_official": 0.0, "pop_0_14": 140.0, "pop_0_4": 40.0, "pop_15_19": 40.0, "pop_2021": 863.0, "pop_under_19": 180.0, "share_under_19": 0.20857473928157591, "share_under_5": 0.046349942062572397, "first_lang_eng_french_under_19": 1.0428736964078795, "first_lang_eng_french_under_5": 0.23174971031286209, "first_lang_french_under_19": 9.3858632676709153, "first_lang_french_under_5": 2.085747392815759, "know_eng_french_under_19": 26.071842410196989, "know_eng_french_under_5": 5.793742757821553, "know_french_only_under_19": 0.0, "know_french_only_under_5": 0.0, "mother_eng_french_under_19": 1.0428736964078795, "mother_eng_french_under_5": 0.23174971031286209, "mother_french_under_19": 9.3858632676709153, "mother_french_under_5": 2.085747392815759, "mother_french_non_official_under_19": 0.0, "mother_french_non_official_under_5": 0.0 }, "geometry": { "type": "Polygon", "coordinates": [ [ [ -134.903998932987463, 60.626634065914864 ], [ -134.90138981288635, 60.625674684140428 ], [ -134.8965436403345, 60.625256886447957 ], [ -134.892460191162684, 60.625447194071256 ], [ -134.884190503677615, 60.624561244903248 ], [ -134.871113330749438, 60.624093246151773 ], [ -134.867556851698907, 60.626517313472924 ], [ -134.863602022971151, 60.627564601428759 ], [ -134.859820821097543, 60.62753175484869 ], [ -134.856728652260472, 60.589822737553675 ], [ -134.922797472258736, 60.565897677717068 ], [ -134.924976649558175, 60.565570903254169 ], [ -134.923669488579776, 60.570682637686133 ], [ -134.923625982188668, 60.573663473700968 ], [ -134.924750359844865, 60.576591095905343 ], [ -134.926645417622183, 60.577741391422315 ], [ -134.92954486943492, 60.57859591853623 ], [ -134.939689846730403, 60.579049789966795 ], [ -134.942316458056837, 60.579688423879439 ], [ -134.951140327164978, 60.58525860773095 ], [ -134.953441621083442, 60.588968631464134 ], [ -134.957671026770669, 60.591570750573126 ], [ -134.957938811381268, 60.592488569791755 ], [ -134.955289148766838, 60.594337277015661 ], [ -134.952531762962337, 60.594758294994428 ], [ -134.953533224822763, 60.596626172792185 ], [ -134.953384472455468, 60.598475682573898 ], [ -134.954679483357921, 60.599481698335872 ], [ -134.955827137550045, 60.601466338146665 ], [ -134.956115881732245, 60.603962436826926 ], [ -134.953775217904365, 60.606161362000769 ], [ -134.952020981363034, 60.606798212018987 ], [ -134.949408913136665, 60.607003762552708 ], [ -134.945793770280062, 60.606364879288762 ], [ -134.937498778191184, 60.608067174197132 ], [ -134.933842248503879, 60.609834154782583 ], [ -134.930644707881953, 60.610335336975176 ], [ -134.929200142919882, 60.611043867928956 ], [ -134.928740257394992, 60.612534038374072 ], [ -134.926839205928246, 60.613089682929967 ], [ -134.926690968224193, 60.614014377977249 ], [ -134.924953484609318, 60.614875339246801 ], [ -134.92363477879536, 60.616311143289629 ], [ -134.921752553126566, 60.616525540314086 ], [ -134.921275145862211, 60.617512893795286 ], [ -134.91983043765245, 60.618077679617237 ], [ -134.91808915756107, 60.620285323106309 ], [ -134.91560200532075, 60.621145686332156 ], [ -134.915435130414437, 60.622070373000604 ], [ -134.91338557311829, 60.62320032423419 ], [ -134.912942618606507, 60.624843099138943 ], [ -134.913487886923633, 60.62578771603291 ], [ -134.907690522192098, 60.627052698794635 ], [ -134.903998932987463, 60.626634065914864 ] ] ] } },
{ "type": "Feature", "properties": { "DAUID": "60010275", "PRUID": "60", "PRNAME": "Yukon", "CDUID": "6001", "CDNAME": "Yukon", "CDTYPE": "TER", "CCSUID": "6001045", "CCSNAME": "Yukon, Unorganized", "CSDUID": "6001035", "CSDNAME": "Two Mile and Two and One-Half Mile Village", "CSDTYPE": "S-É", "ERUID": "6010", "ERNAME": "Yukon", "SACCODE": "000", "SACTYPE": "8", "CMAUID": null, "CMAPUID": null, "CMANAME": null, "CMATYPE": null, "CTUID": null, "CTNAME": null, "ADAUID": "60010032", "ALT_GEO_CODE": "60010275", "province": "Territories", "first_lang_eng_french": 0.0, "first_lang_french": 0.0, "know_eng_french": 5.0, "know_french_only": 0.0, "mother_eng_french": 0.0, "mother_french": 0.0, "mother_french_non_official": 0.0, "pop_0_14": 30.0, "pop_0_4": 5.0, "pop_15_19": 10.0, "pop_2021": 162.0, "pop_under_19": 40.0, "share_under_19": 0.24691358024691351, "share_under_5": 0.030864197530864099, "first_lang_eng_french_under_19": 0.0, "first_lang_eng_french_under_5": 0.0, "first_lang_french_under_19": 0.0, "first_lang_french_under_5": 0.0, "know_eng_french_under_19": 1.2345679012345678, "know_eng_french_under_5": 0.1543209876543209, "know_french_only_under_19": 0.0, "know_french_only_under_5": 0.0, "mother_eng_french_under_19": 0.0, "mother_eng_french_under_5": 0.0, "mother_french_under_19": 0.0, "mother_french_under_5": 0.0, "mother_french_non_official_under_19": 0.0, "mother_french_non_official_under_5": 0.0 }, "geometry": { "type": "Polygon", "coordinates": [ [ [ -128.750453926620423, 60.095364555387164 ], [ -128.743769849896182, 60.097093733380184 ], [ -128.739974728324199, 60.097219704804147 ], [ -128.735022230146711, 60.093709312194726 ], [ -128.738127224535162, 60.09212618372797 ], [ -128.738966495951985, 60.088302694427632 ], [ -128.739825527311922, 60.086508542673123 ], [ -128.739183974471189, 60.084111499834272 ], [ -128.738101688987399, 60.082327933530223 ], [ -128.743222132588073, 60.081980696137656 ], [ -128.746106400120766, 60.083198460666736 ], [ -128.751732582582719, 60.083137293315154 ], [ -128.750837781537086, 60.082623796488342 ], [ -128.75075540549966, 60.081732889078118 ], [ -128.75221061224147, 60.08171605388668 ], [ -128.753007254933806, 60.09535450846527 ], [ -128.750453926620423, 60.095364555387164 ] ] ] } },
{ "type": "Feature", "properties": { "DAUID": "60010276", "PRUID": "60", "PRNAME": "Yukon", "CDUID": "6001", "CDNAME": "Yukon", "CDTYPE": "TER", "CCSUID": "6001045", "CCSNAME": "Yukon, Unorganized", "CSDUID": "6001045", "CSDNAME": "Yukon, Unorganized", "CSDTYPE": "NO", "ERUID": "6010", "ERNAME": "Yukon", "SACCODE": "000", "SACTYPE": "8", "CMAUID": null, "CMAPUID": null, "CMANAME": null, "CMATYPE": null, "CTUID": null, "CTNAME": null, "ADAUID": "60010001", "ALT_GEO_CODE": null, "province": null, "first_lang_eng_french": null, "first_lang_french": null, "know_eng_french": null, "know_french_only": null, "mother_eng_french": null, "mother_french": null, "mother_french_non_official": null, "pop_0_14": null, "pop_0_4": null, "pop_15_19": null, "pop_2021": null, "pop_under_19": null, "share_under_19": null, "share_under_5": null, "first_lang_eng_french_under_19": null, "first_lang_eng_french_under_5": null, "first_lang_french_under_19": null, "first_lang_french_under_5": null, "know_eng_french_under_19": null, "know_eng_french_under_5": null, "know_french_only_under_19": null, "know_french_only_under_5": null, "mother_eng_french_under_19": null, "mother_eng_french_under_5": null, "mother_french_under_19": null, "mother_french_under_5": null, "mother_french_non_official_under_19": null, "mother_french_non_official_under_5": null }, "geometry": { "type": "Polygon", "coordinates": [ [ [ -131.707467133054394, 64.508183104310007 ], [ -131.676037867117543, 64.485509120597072 ], [ -131.716042267093513, 64.475496680328021 ], [ -131.824854644011651, 64.424699746720663 ], [ -131.828390708388355, 64.401146208501302 ], [ -131.858310474438809, 64.381272373166041 ], [ -131.808421633479298, 64.368817886729687 ], [ -131.765440571501813, 64.379849141482509 ], [ -131.721379926677059, 64.370298975917152 ], [ -131.676324937145552, 64.377195418974452 ], [ -131.623513430574349, 64.353666252794014 ], [ -131.578756439592297, 64.369923503457088 ], [ -131.559461756766297, 64.383336832006094 ], [ -131.51798528706567, 64.379195319970449 ], [ -131.503554280123893, 64.389750341104929 ], [ -131.45103160854859, 64.391864273687361 ], [ -131.419606377438868, 64.411458780734151 ], [ -131.431959585543296, 64.437923955480613 ], [ -131.372362785920927, 64.45087293921128 ], [ -131.38048897787391, 64.435682923926507 ], [ -131.295525121131618, 64.446784771608279 ], [ -131.225117717142069, 64.421606604467271 ], [ -131.147351740279163, 64.403791861816558 ], [ -131.110381855120011, 64.376464785856598 ], [ -131.068174454700369, 64.361319169905428 ], [ -131.062865679284585, 64.328252390666435 ], [ -131.026617291548945, 64.30469722305061 ], [ -131.079118358790566, 64.284971963743459 ], [ -131.073707979151379, 64.272870389195276 ], [ -130.982648254492034, 64.250740447306271 ], [ -130.94720044630094, 64.223016602924829 ], [ -130.938185380048623, 64.200364039716717 ], [ -130.94396511315577, 64.185781654349313 ], [ -130.870812894108838, 64.185665045625484 ], [ -130.859059454895117, 64.171961246767509 ], [ -130.905088999499611, 64.145963128374106 ], [ -130.952801289677495, 64.141063867432649 ], [ -130.967768772507867, 64.13004531051476 ], [ -130.955416684505622, 64.113324608744477 ], [ -130.883474580190551, 64.082036014704926 ], [ -130.870342964456484, 64.031888361518156 ], [ -130.80898269234649, 64.040451703744949 ], [ -130.723321698306819, 64.026565400960465 ], [ -130.771725385569624, 64.008866389592299 ], [ -130.775702577917798, 63.976250817535913 ], [ -130.718105779725079, 63.963733278635232 ], [ -130.688662370228997, 63.946308733324642 ], [ -130.630581127248803, 63.947636392927848 ], [ -130.592077711205462, 63.921740107640865 ], [ -130.55722112808121, 63.916676677581904 ], [ -130.538236806891803, 63.925681575462761 ], [ -130.442895052776606, 63.891143227683557 ], [ -130.411598084957291, 63.869624210192271 ], [ -130.394376763434792, 63.852983753432795 ], [ -130.369145919614908, 63.848525977486197 ], [ -130.339362557762769, 63.813278093676686 ], [ -130.308324676262288, 63.822939602945119 ], [ -130.26266433213604, 63.832959338959121 ], [ -130.24568508539366, 63.836227237914066 ], [ -130.23987723327474, 63.855560413214569 ], [ -130.218575871779791, 63.869319178039156 ], [ -130.185897376592635, 63.854207151607888 ], [ -130.144234702327424, 63.861424209708098 ], [ -130.109368056370073, 63.839414919729315 ], [ -130.132695463475017, 63.829267173780536 ], [ -130.129325245926339, 63.810783690719816 ], [ -130.137662463007871, 63.799294073551941 ], [ -130.106265542118848, 63.787358283467711 ], [ -130.101228527740176, 63.754179283994276 ], [ -130.121958068612514, 63.743215587662419 ], [ -130.189609921147252, 63.741996575608297 ], [ -130.215678382002523, 63.717794936069659 ], [ -130.269487040841739, 63.713501981186099 ], [ -130.318012976138476, 63.713794963555145 ], [ -130.339667004436109, 63.690882767156516 ], [ -130.309710916149925, 63.677999158145951 ], [ -130.307760441509629, 63.665506305859111 ], [ -130.268635408362769, 63.644783939055735 ], [ -130.232144396685356, 63.647553108234 ], [ -130.15288625807915, 63.674156546205388 ], [ -130.106187809386654, 63.688480768970848 ], [ -130.072512464821415, 63.682868956647425 ], [ -130.091548223757684, 63.660565024717293 ], [ -130.099276849244944, 63.632647656186094 ], [ -130.081363682387178, 63.608026140318763 ], [ -130.042710799392069, 63.60428223771158 ], [ -130.010277050782179, 63.613364713853429 ], [ -129.962460774542365, 63.609801189090653 ], [ -129.928072544732487, 63.592000324918857 ], [ -129.960327510203797, 63.565757613111955 ], [ -129.89737179002725, 63.55286069237728 ], [ -129.870533963215564, 63.521733511129376 ], [ -129.784928019648419, 63.445969540340201 ], [ -129.87432280565929, 63.457481218640346 ], [ -129.885683081399776, 63.435963335773529 ], [ -129.908527149607437, 63.417636887803077 ], [ -129.86622001623968, 63.367073574388357 ], [ -129.923697393374709, 63.344283084626639 ], [ -129.990351005383076, 63.327568483697831 ], [ -130.040836430883587, 63.329947758836596 ], [ -130.057976212631786, 63.304158261146043 ], [ -130.10830467026878, 63.305617799875726 ], [ -130.145267459319143, 63.288789420657146 ], [ -130.130001654802783, 63.266816469829948 ], [ -130.15776290246032, 63.242357562689527 ], [ -130.104037052678308, 63.244052303214566 ], [ -130.048781132624441, 63.252350721367499 ], [ -130.013893945659561, 63.236448661345264 ], [ -129.987583810033101, 63.198898043738232 ], [ -129.942593708441251, 63.183051666831091 ], [ -129.910485527029749, 63.192100875727064 ], [ -129.895728358998269, 63.178488483812444 ], [ -129.870462298346979, 63.171834243380509 ], [ -129.868510755721246, 63.157544830481136 ], [ -129.844916329864418, 63.131865213350274 ], [ -129.813495939706002, 63.103673220604215 ], [ -129.821000904719114, 63.082389669596886 ], [ -129.773732422820927, 63.076571910935932 ], [ -129.740713352937689, 63.060512149455938 ], [ -129.673561647716241, 63.061619075776179 ], [ -129.613208522937072, 63.073047940411456 ], [ -129.588583658058582, 63.042165233998546 ], [ -129.607947271051046, 63.0100687654759 ], [ -129.637317587375748, 62.978967871227908 ], [ -129.649357016783313, 62.952987872279365 ], [ -129.678711505059596, 62.941168378584834 ], [ -129.675225382826085, 62.926455123624557 ], [ -129.709677737295294, 62.907657780076015 ], [ -129.684236966665765, 62.87594230719472 ], [ -129.750034401228788, 62.881064380730223 ], [ -129.743257547624722, 62.838368826077385 ], [ -129.702125651427338, 62.822116011035384 ], [ -129.665256919770002, 62.814203446967248 ], [ -129.665563634445675, 62.795724237384057 ], [ -129.636207140420197, 62.774169157726412 ], [ -129.607974540092954, 62.749490157767482 ], [ -129.59012724342719, 62.701012634447153 ], [ -129.566695690686402, 62.681179501067419 ], [ -129.530398949792072, 62.682021389053091 ], [ -129.526659609996813, 62.668714461116508 ], [ -129.485219466454737, 62.662427756677396 ], [ -129.504990104925298, 62.640376089014381 ], [ -129.462344733802155, 62.620386927305894 ], [ -129.464583743182686, 62.595143330605659 ], [ -129.484966814106343, 62.584850127165097 ], [ -129.522642704678731, 62.575397773347511 ], [ -129.522394753566203, 62.552206356621497 ], [ -129.482405420748449, 62.551079803228873 ], [ -129.453651343905278, 62.564712447065325 ], [ -129.43934809026149, 62.5779378293199 ], [ -129.386953293081973, 62.571304532886558 ], [ -129.356568941666382, 62.553080357828428 ], [ -129.324273780114737, 62.524604171232646 ], [ -129.274307582458391, 62.514118907087763 ], [ -129.212470150793536, 62.504507386449205 ], [ -129.186236507252033, 62.47931918698027 ], [ -129.159681940233185, 62.478618257530236 ], [ -129.174080892908108, 62.445005246314743 ], [ -129.222718167311683, 62.441104076543596 ], [ -129.24390761679598, 62.430868758372632 ], [ -129.238492403820061, 62.41405624043859 ], [ -129.28485596754345, 62.399721514731148 ], [ -129.263064256420449, 62.374292362459151 ], [ -129.189498383522704, 62.361555350657113 ], [ -129.214221027129753, 62.352436290121624 ], [ -129.256281985588288, 62.327955081703649 ], [ -129.264541193267661, 62.299880704525876 ], [ -129.245948310485858, 62.282172523162004 ], [ -129.269670353248443, 62.257982512548985 ], [ -129.221745001810888, 62.236364827004657 ], [ -129.205019489954481, 62.209223193466492 ], [ -129.163325751484223, 62.203971337724042 ], [ -129.193882188711882, 62.168067765072621 ], [ -129.237241818060653, 62.151061356557776 ], [ -129.235705275416819, 62.138048612016348 ], [ -129.199786981723776, 62.139443425478895 ], [ -129.176133093114515, 62.123900169535986 ], [ -129.128868322463063, 62.099457005658785 ], [ -129.07300735566912, 62.098307187500914 ], [ -129.033990429481861, 62.111804368024664 ], [ -128.999079864495201, 62.10788378238793 ], [ -128.972499718926827, 62.116923094006715 ], [ -128.944664795174646, 62.119084203902148 ], [ -128.920547798469357, 62.095490834580474 ], [ -128.851609939328341, 62.099364318119505 ], [ -128.819795462225159, 62.087471984753726 ], [ -128.809039055403304, 62.048335576412548 ], [ -128.730360164765955, 62.043142514701493 ], [ -128.71938600853548, 62.069182154864045 ], [ -128.687581456663708, 62.086870190316446 ], [ -128.669031639256843, 62.109078209116305 ], [ -128.635169718017607, 62.118200249021378 ], [ -128.597780207405208, 62.10718801382184 ], [ -128.549640394232796, 62.116250195201708 ], [ -128.511381390200654, 62.100351400328563 ], [ -128.464037260907304, 62.070463000821213 ], [ -128.437283029838255, 62.054934409803238 ], [ -128.410180667946889, 62.042800532507762 ], [ -128.388424727630792, 62.020103176716908 ], [ -128.347939218002239, 62.014836214976931 ], [ -128.356872740984187, 61.990803768507448 ], [ -128.350097230808842, 61.973509055708597 ], [ -128.306947984628522, 61.967559800775447 ], [ -128.304831232199376, 61.949148536100189 ], [ -128.248577134440467, 61.937032407148322 ], [ -128.208276315416839, 61.887029851635994 ], [ -128.200278979700528, 61.858854648387485 ], [ -128.188346217488032, 61.828416355819932 ], [ -128.149643490436745, 61.837855017329254 ], [ -128.106569205202646, 61.830941164489268 ], [ -128.054034897090162, 61.832687489220348 ], [ -128.020653268002661, 61.82353902892568 ], [ -128.013981720633922, 61.804896574646442 ], [ -127.999723878479998, 61.798667512308526 ], [ -127.985996826495096, 61.791578076934478 ], [ -127.99992452569218, 61.780091880003887 ], [ -128.017583389559206, 61.766989402170388 ], [ -128.012622489241181, 61.753193012852094 ], [ -128.04745997549665, 61.728720358903097 ], [ -127.982103741314504, 61.701981917051327 ], [ -127.961646610440425, 61.690046484313946 ], [ -127.911887003006072, 61.669443727073379 ], [ -127.881851533818519, 61.667558353917499 ], [ -127.865555587126337, 61.652607104871144 ], [ -127.832871483258941, 61.629702425582707 ], [ -127.798686897564735, 61.610534415276419 ], [ -127.76680544680886, 61.594138781363128 ], [ -127.718976402095919, 61.584049566823246 ], [ -127.668550330960187, 61.582552406700621 ], [ -127.646453900752093, 61.563752751266435 ], [ -127.629076163843507, 61.546993949941019 ], [ -127.622722417780537, 61.532228033488053 ], [ -127.569856455813294, 61.523892430478504 ], [ -127.469189996475023, 61.485154942030086 ], [ -127.422377009165999, 61.496799296755327 ], [ -127.388688447566508, 61.496676071337248 ], [ -127.363538256058177, 61.491241086239228 ], [ -127.316414925586443, 61.500109982518559 ], [ -127.237836279415887, 61.500177761371553 ], [ -127.202421890899174, 61.490019167350042 ], [ -127.191701957028968, 61.461136796566571 ], [ -127.167989100474912, 61.456203428233387 ], [ -127.127238859341801, 61.458992839525223 ], [ -127.102956202163426, 61.458150429920522 ], [ -127.094033305062268, 61.437655417733019 ], [ -127.08513967769747, 61.387595278170274 ], [ -127.090756335893843, 61.368085348307183 ], [ -127.029240780242773, 61.361254058487177 ], [ -127.021019683629817, 61.33795420863499 ], [ -127.03340143506874, 61.322409479731455 ], [ -127.020048494913638, 61.287925149945337 ], [ -126.999588286347006, 61.251109307771785 ], [ -126.996409387656755, 61.222138632741547 ], [ -126.952926146312294, 61.214963574787049 ], [ -126.975879403844402, 61.177715503727306 ], [ -126.960740113483482, 61.16792861333888 ], [ -127.012099174795921, 61.137667485308661 ], [ -126.984101738647951, 61.121403375418019 ], [ -127.041050874526405, 61.102810603882915 ], [ -127.042648862909033, 61.082086432029804 ], [ -127.072434800062638, 61.066597132652106 ], [ -127.042334307084289, 61.030943734331437 ], [ -127.047019929801507, 61.017279528985298 ], [ -126.999494163809885, 61.026177876482294 ], [ -126.966123652081492, 61.050067646059865 ], [ -126.896773993741093, 61.04098893520014 ], [ -126.906827249592695, 61.007140351158014 ], [ -126.873479331198467, 60.964725074627154 ], [ -126.85358648076479, 60.931631368966833 ], [ -126.866038726544289, 60.895929821530174 ], [ -126.856369729072895, 60.870329911591035 ], [ -126.877041408368001, 60.847895002296646 ], [ -126.849878838529278, 60.83259932531071 ], [ -126.82524651244438, 60.831495626338913 ], [ -126.845142926540433, 60.774978500337717 ], [ -126.81274730024721, 60.758561542309124 ], [ -126.769834774635555, 60.7486389689372 ], [ -126.763492450697271, 60.763189115309601 ], [ -126.692653577927487, 60.769031798129191 ], [ -126.682600079154085, 60.75381274899383 ], [ -126.659835569131985, 60.751184309659862 ], [ -126.639041204072569, 60.730789379304852 ], [ -126.608232465306287, 60.739768291533878 ], [ -126.566694074528769, 60.764767319486637 ], [ -126.533428032459327, 60.782238932661635 ], [ -126.486370111834219, 60.800148663205057 ], [ -126.431654431943855, 60.781829293947055 ], [ -126.387089026176412, 60.765548975821083 ], [ -126.335858065637709, 60.761730104146409 ], [ -126.28349984400937, 60.758828434687715 ], [ -126.234642002340195, 60.769249926914654 ], [ -126.197926147806584, 60.782235473900961 ], [ -126.184681763138826, 60.796927227371384 ], [ -126.189745693177159, 60.811812642654509 ], [ -126.210654161811021, 60.834433285116404 ], [ -126.181239750162476, 60.841760111860054 ], [ -126.137156577782051, 60.843554125947968 ], [ -126.097418768330073, 60.850117007270264 ], [ -126.063350617639259, 60.851368033790678 ], [ -126.070489385393586, 60.832040052804999 ], [ -126.083305157268967, 60.813783563112253 ], [ -126.05656131007791, 60.7952454469213 ], [ -126.013077414443302, 60.791774095375331 ], [ -125.966803125316943, 60.789242672111101 ], [ -125.940492250373325, 60.804615138584857 ], [ -125.938536379814423, 60.830014470461997 ], [ -125.920818279553231, 60.848597624594532 ], [ -125.876665805345624, 60.865916199945914 ], [ -125.832224755954286, 60.881287566175928 ], [ -125.792497311721718, 60.8681948608466 ], [ -125.755358172333374, 60.845326373801825 ], [ -125.714101280984778, 60.830770060620608 ], [ -125.692783157199401, 60.818221119654538 ], [ -125.669639231251736, 60.803108985020351 ], [ -125.625349755700327, 60.809708597274948 ], [ -125.568914159871326, 60.801503986049923 ], [ -125.53379371957277, 60.812355198996705 ], [ -125.467009497142897, 60.788705199876851 ], [ -125.41847878223399, 60.777856675343088 ], [ -125.374912309007527, 60.766383928095969 ], [ -125.322173853034158, 60.767957438075797 ], [ -125.264067260189194, 60.768347962534385 ], [ -125.222780082290086, 60.79632423509694 ], [ -125.171352186395794, 60.809660102096949 ], [ -125.147881625354273, 60.832508587569365 ], [ -125.054124810380074, 60.832887535479379 ], [ -124.992454646014536, 60.840048830075936 ], [ -124.967497429456216, 60.849241409265858 ], [ -124.905946992354444, 60.839852197810906 ], [ -124.825797717772886, 60.837046969679861 ], [ -124.821439912392194, 60.853649399739638 ], [ -124.837430287756931, 60.899313223175447 ], [ -124.819195737869933, 60.919245474101196 ], [ -124.795248201360621, 60.932507419955861 ], [ -124.788376913572876, 60.954509047704022 ], [ -124.766154115665202, 60.958063531968456 ], [ -124.728159340547563, 60.938989630484365 ], [ -124.665379607244375, 60.938661122748037 ], [ -124.633227176850696, 60.926798989257058 ], [ -124.592754594180064, 60.945836694622024 ], [ -124.539382164549977, 60.938606894432077 ], [ -124.536690773786489, 60.914140226469293 ], [ -124.510779925097296, 60.864986337306057 ], [ -124.511479366580971, 60.839444775618574 ], [ -124.498447730897581, 60.826114169724804 ], [ -124.496253981419741, 60.802502617308306 ], [ -124.476256146525685, 60.791413943927793 ], [ -124.450519620854635, 60.786545894739803 ], [ -124.449216613903417, 60.764682616942103 ], [ -124.491783059677559, 60.728397590126782 ], [ -124.541463356844517, 60.717940747737707 ], [ -124.562746950286538, 60.69565590750036 ], [ -124.599452651045098, 60.687867622369659 ], [ -124.571065574810504, 60.641415429936444 ], [ -124.490534300244022, 60.591993177931819 ], [ -124.447194651763965, 60.572809315572599 ], [ -124.43315571254287, 60.542145738657013 ], [ -124.393773259814168, 60.518900785134456 ], [ -124.38914599216811, 60.45845880877615 ], [ -124.312446906678687, 60.459254513453502 ], [ -124.234966504528003, 60.453947138052769 ], [ -124.197862516544532, 60.445915704724136 ], [ -124.200635076758445, 60.397335063644498 ], [ -124.21446781077907, 60.36457205617193 ], [ -124.203678645984851, 60.350328696107432 ], [ -124.182371733751793, 60.306757141733868 ], [ -124.159327743723608, 60.291057348164863 ], [ -124.155883520277214, 60.266945220436853 ], [ -124.120268726839754, 60.238628815602382 ], [ -124.123828515069846, 60.206001410366106 ], [ -124.099629454024338, 60.191569180120808 ], [ -124.068691474244673, 60.168697467313429 ], [ -124.029960778307782, 60.148158305925001 ], [ -124.002973586700563, 60.110761339440764 ], [ -124.000526943410449, 60.109197587825783 ], [ -123.789324835578967, 60.000032620541084 ], [ -130.98598397347061, 60.000013028181783 ], [ -130.986274806308131, 60.016132402919546 ], [ -130.990271242324496, 60.024369022496415 ], [ -131.001972554987447, 60.031997876793291 ], [ -131.027833315450465, 60.03751404944849 ], [ -131.043176831591865, 60.037485327346438 ], [ -131.064574546764845, 60.034387169972071 ], [ -131.081666133415581, 60.02907441163994 ], [ -131.091892271364856, 60.023929057221721 ], [ -131.097809875985973, 60.019140520711602 ], [ -131.102152467447837, 60.007063062599101 ], [ -131.103628622957473, 60.000059723249379 ], [ -134.986227548996425, 60.000012819862171 ], [ -134.990462483495349, 60.088461809070068 ], [ -134.986137695368313, 60.193604064074513 ], [ -134.726011525192348, 60.240054990347076 ], [ -134.469027071560845, 60.281330669516564 ], [ -134.419564227920006, 60.29089412686686 ], [ -134.333859306247405, 60.333829292110423 ], [ -134.209841192953064, 60.387374078322551 ], [ -134.037497082268629, 60.454986174474733 ], [ -133.882789563748929, 60.511672516820987 ], [ -134.028989801169956, 60.588584098824029 ], [ -134.261317405411489, 60.707790459720059 ], [ -134.471839893588651, 60.819544490148452 ], [ -134.479022432577864, 60.836376124074512 ], [ -134.528403566465755, 60.860145463776249 ], [ -134.656420795439487, 60.938927738237332 ], [ -134.676775495017239, 61.035077842761666 ], [ -134.731947178094202, 61.137716875506264 ], [ -134.855396438967773, 61.20955413067589 ], [ -134.98770150036114, 61.249027241976052 ], [ -135.153436156692464, 61.270020938772937 ], [ -135.450820075209805, 61.241169603876585 ], [ -135.473337793686312, 61.259004778837891 ], [ -135.503612478970325, 61.276537037538851 ], [ -135.526933268579427, 61.292473754479055 ], [ -135.535792181013903, 61.297637191051805 ], [ -135.541867150795525, 61.300324366435639 ], [ -135.55400056670922, 61.30458470591573 ], [ -135.567079755177588, 61.312440102058893 ], [ -135.574554574115751, 61.315802277503771 ], [ -135.592305854392436, 61.320277769702493 ], [ -135.600718221885415, 61.321632386441088 ], [ -135.609125179476905, 61.323632890926085 ], [ -135.61519862373936, 61.325661444408084 ], [ -135.621290832664783, 61.332376022864352 ], [ -135.625968000566246, 61.336412505432769 ], [ -135.649854115076494, 61.348294671213978 ], [ -135.662489138318819, 61.355245333976427 ], [ -135.669536366369385, 61.360390993446906 ], [ -135.671894989129811, 61.363979429797268 ], [ -135.673448367663127, 61.393607249456728 ], [ -135.690360194989012, 61.406603057350132 ], [ -135.708181312909318, 61.411969965514885 ], [ -135.715684821704485, 61.414875421403892 ], [ -135.72367049345516, 61.419124588184282 ], [ -135.729790043051565, 61.423616711983762 ], [ -135.75001380439204, 61.433903063955505 ], [ -135.762258541957181, 61.441726519648924 ], [ -135.767916915549677, 61.446883894984012 ], [ -135.771752684351839, 61.455633476993384 ], [ -135.769945814995765, 61.46527680324867 ], [ -135.770479872257198, 61.472464939798698 ], [ -135.775236100105587, 61.480320412427425 ], [ -135.778114701510759, 61.488841810012183 ], [ -135.784791019454161, 61.501156892095764 ], [ -135.79857045230753, 61.519086187661607 ], [ -135.80236580738719, 61.522663996371371 ], [ -135.819401795250684, 61.535643287097308 ], [ -135.821760988494134, 61.539516456022355 ], [ -135.82900654970399, 61.554474369499168 ], [ -135.8291399598005, 61.567940059468683 ], [ -135.832485427682485, 61.572641977610246 ], [ -135.836272676461249, 61.576227871559759 ], [ -135.840603044717, 61.583841279215278 ], [ -135.843009600691687, 61.589222041163822 ], [ -135.84682456153817, 61.593705239803128 ], [ -135.857290603626723, 61.603551347798721 ], [ -135.86724192519759, 61.609584430791124 ], [ -135.872967202364805, 61.615401428613183 ], [ -135.881589433778032, 61.628175213354098 ], [ -135.88829712059362, 61.636454109060956 ], [ -135.893041575924457, 61.63935892511779 ], [ -135.903009786291761, 61.644042694895028 ], [ -135.905390962507994, 61.646729251251337 ], [ -135.907479148494701, 61.661304099151295 ], [ -135.909410675244658, 61.665340203318472 ], [ -135.910517636389585, 61.678565884360907 ], [ -135.914861097212309, 61.685512557111196 ], [ -135.925402756524647, 61.697373022531089 ], [ -135.926876880509468, 61.700505232866171 ], [ -135.930196575586706, 61.702745094799134 ], [ -135.935898996147131, 61.704968643382948 ], [ -135.947421828460932, 61.717494059766381 ], [ -135.963207228393173, 61.730455531037464 ], [ -135.972763538132313, 61.737606100753588 ], [ -135.987576740615395, 61.746756193857223 ], [ -135.997307273002349, 61.753688379625487 ], [ -135.9999904021075, 61.75465639100603 ], [ -136.004139087861716, 61.759321400712039 ], [ -136.01270346793649, 61.765129877329166 ], [ -136.021864930732335, 61.772271035618687 ], [ -136.02724158661681, 61.778344696850638 ], [ -136.030111054732032, 61.783655939144005 ], [ -136.036082270429915, 61.791511357299868 ], [ -136.04740077055132, 61.803671046941993 ], [ -136.056648272899821, 61.815504620985152 ], [ -136.06360962939695, 61.821421061842607 ], [ -136.070549781129756, 61.826107382543462 ], [ -136.086987242777099, 61.834570035136807 ], [ -136.091136130385024, 61.837490809954822 ], [ -136.09338409648214, 61.839816145219487 ], [ -136.094476992525557, 61.84170173166671 ], [ -136.096139909927388, 61.84677883995213 ], [ -136.101757212674471, 61.852955494408818 ], [ -136.102959715819935, 61.856276578826034 ], [ -136.115269997809804, 61.876538730509871 ], [ -136.123616018907285, 61.881139242874347 ], [ -136.124429208406127, 61.882048320594734 ], [ -136.124717255904699, 61.885753754333891 ], [ -136.127024312348823, 61.890035194046284 ], [ -136.12924979895007, 61.892602518733611 ], [ -136.131996151146694, 61.894321636932176 ], [ -136.136873809857633, 61.900134911144121 ], [ -136.141130694308288, 61.906608516564411 ], [ -136.144300403961665, 61.910433640850677 ], [ -136.163565923562743, 61.924923841656032 ], [ -136.164848110084336, 61.926582852693642 ], [ -136.177555290166794, 61.937517443216308 ], [ -136.181407971102146, 61.944020243603255 ], [ -136.183400863690508, 61.946759312222568 ], [ -136.186010090712784, 61.949160857901333 ], [ -136.188325634800862, 61.954294118888377 ], [ -136.19845782959942, 61.967143307435244 ], [ -136.204441419340355, 61.970870792775422 ], [ -136.210206029339844, 61.978182067769247 ], [ -136.23356198409283, 61.998507291896345 ], [ -136.233982385036654, 62.000000122326433 ], [ -136.23528049988559, 62.001337857244081 ], [ -136.237417053928624, 62.003168133768092 ], [ -136.247004717960607, 62.00880068060907 ], [ -136.25868571904752, 62.018776688745938 ], [ -136.264268303460881, 62.024848521959527 ], [ -136.264251333081262, 62.02536041652494 ], [ -136.269343536761795, 62.031993137826703 ], [ -136.273300351897205, 62.040683124263154 ], [ -136.27390682387778, 62.046495125477477 ], [ -136.27436604319513, 62.047415610183172 ], [ -136.274224263573387, 62.054536268975916 ], [ -136.27357835003653, 62.056472443784628 ], [ -136.274126039681249, 62.059501877811314 ], [ -136.27563516752025, 62.063097004753317 ], [ -136.279799396381293, 62.067506016463412 ], [ -136.234491670108298, 62.067537505184283 ], [ -136.234785465018035, 62.093970445148592 ], [ -136.151593684009725, 62.094958844245753 ], [ -136.154538979875554, 62.114132838868429 ], [ -136.17454191559554, 62.114968515599074 ], [ -136.226111759662132, 62.126307990673972 ], [ -136.235152968735662, 62.126966693817373 ], [ -136.235184460043172, 62.1297932704068 ], [ -136.262396729156904, 62.129670637845351 ], [ -136.27286311749873, 62.126478837262034 ], [ -136.276597280496844, 62.129783490626025 ], [ -136.27892550014684, 62.134536341741935 ], [ -136.28843745534607, 62.141263964407877 ], [ -136.294890824969201, 62.147281674810962 ], [ -136.295183439891048, 62.150986712614745 ], [ -136.294558389503663, 62.152527725753309 ], [ -136.292071253766835, 62.154508090234835 ], [ -136.275956301309975, 62.156031059710955 ], [ -136.267338543042143, 62.159701247085657 ], [ -136.264861389481638, 62.161977258800981 ], [ -136.265337387120951, 62.166479658562089 ], [ -136.269641267878654, 62.170677714906731 ], [ -136.270720420587651, 62.173513717073064 ], [ -136.270696321232521, 62.175228662263322 ], [ -136.269308025503364, 62.176929161070255 ], [ -136.262628257453258, 62.181631590885893 ], [ -136.261978880602356, 62.184025540632959 ], [ -136.262787749522118, 62.185454587879327 ], [ -136.263915010802521, 62.189906156614619 ], [ -136.270924238982872, 62.193469016496557 ], [ -136.277832024966273, 62.195955144720756 ], [ -136.295747835020478, 62.204129066979419 ], [ -136.301766734865026, 62.207744546334837 ], [ -136.305271932940087, 62.210557516369462 ], [ -136.307408995828808, 62.212844619239426 ], [ -136.308226583241492, 62.215296784330889 ], [ -136.308823510909406, 62.215758000525206 ], [ -136.308802721473597, 62.216611061474623 ], [ -136.310580492720703, 62.219467122603938 ], [ -136.314293665067083, 62.223471914539203 ], [ -136.317310219874628, 62.225597937132932 ], [ -136.317783355539007, 62.226742583452911 ], [ -136.317762895731619, 62.227595653215978 ], [ -136.315647368399851, 62.230264138622921 ], [ -136.31560829273036, 62.231575231538685 ], [ -136.317172195936593, 62.233463652202595 ], [ -136.318218002406837, 62.236263706188097 ], [ -136.316633868979125, 62.242302718020717 ], [ -136.317773651354258, 62.246807637473999 ], [ -136.321356430332344, 62.250813492129787 ], [ -136.332596641082318, 62.259010364191028 ], [ -136.338854506844598, 62.264624011004997 ], [ -136.341599905949153, 62.267883333637485 ], [ -136.34334297898684, 62.272849074041623 ], [ -136.340849000430211, 62.275692131525538 ], [ -136.336138114567859, 62.278529573286413 ], [ -136.326928743444768, 62.280772470157665 ], [ -136.325661961198307, 62.282642914493216 ], [ -136.324062882629704, 62.283098057530907 ], [ -136.310575578728674, 62.284976564581505 ], [ -136.294393888908388, 62.285648955566863 ], [ -136.290035680929577, 62.286955324369039 ], [ -136.288582881457273, 62.288593719265144 ], [ -136.284503180477316, 62.290570628918651 ], [ -136.282380372170934, 62.292331872509706 ], [ -136.28221920681068, 62.294434090448618 ], [ -136.284550255932146, 62.300265882606212 ], [ -136.284628435790353, 62.303003293337696 ], [ -136.285441451077901, 62.304881045167924 ], [ -136.289434017289722, 62.307582172904148 ], [ -136.315566818599422, 62.31806545849544 ], [ -136.317646771107263, 62.318413853605918 ], [ -136.332850466681919, 62.324463442084891 ], [ -136.368796976790719, 62.337374191158908 ], [ -136.404441146702169, 62.348106331832085 ], [ -136.409074641118991, 62.350115368891636 ], [ -136.41295492928765, 62.352526920470247 ], [ -136.416580497965725, 62.355668162734233 ], [ -136.42242150248012, 62.358652025350601 ], [ -136.436749206565139, 62.36126999044027 ], [ -136.448866619207649, 62.364089079653112 ], [ -136.459120514298093, 62.367492292285768 ], [ -136.472299679671409, 62.372946675700277 ], [ -136.479329053676395, 62.373967458628378 ], [ -136.485495169699419, 62.372770603033921 ], [ -136.4882067386024, 62.37326236022858 ], [ -136.492767219694684, 62.374775681803143 ], [ -136.503376896831355, 62.38037433346544 ], [ -136.515490186754363, 62.38254744290461 ], [ -136.53444395221851, 62.384467642066582 ], [ -136.540113919641982, 62.386793187040702 ], [ -136.553393645473392, 62.390371556672754 ], [ -136.558424174125975, 62.390764257548604 ], [ -136.565041099670424, 62.390043635891736 ], [ -136.573095744946983, 62.39018633285194 ], [ -136.580348049368894, 62.391621517376791 ], [ -136.581837592385426, 62.391254477083976 ], [ -136.58701440452387, 62.391841992639073 ], [ -136.603977804099145, 62.396136727947166 ], [ -136.613008172298152, 62.402514623347784 ], [ -136.62055454665537, 62.407149530138135 ], [ -136.624774866029782, 62.420379000554071 ], [ -136.626688447314052, 62.422098420338976 ], [ -136.632464916881617, 62.430021414754115 ], [ -136.632752769399559, 62.433169345080067 ], [ -136.635155935103285, 62.439219357031419 ], [ -136.637181150935191, 62.440820637309947 ], [ -136.645570803159131, 62.445390496487207 ], [ -136.647775394293603, 62.448120747706589 ], [ -136.651179334907198, 62.449207170149883 ], [ -136.654597131359964, 62.452313590655031 ], [ -136.661565952997933, 62.457375229602434 ], [ -136.674003393015397, 62.468287651455242 ], [ -136.685876769501277, 62.475228488733528 ], [ -136.687002253865614, 62.476265347234964 ], [ -136.687125770445078, 62.48223434753141 ], [ -136.7034989530367, 62.493734096605316 ], [ -136.71037379777195, 62.499548750696015 ], [ -136.715164442297407, 62.501150970108803 ], [ -136.71885853831597, 62.503260330193285 ], [ -136.750304044333092, 62.530540926645763 ], [ -136.753624662404775, 62.532142331422804 ], [ -136.765717741979785, 62.535805844882624 ], [ -136.772975306304858, 62.53951183267025 ], [ -136.774567376226145, 62.541107711070495 ], [ -136.77987526464014, 62.54436222785786 ], [ -136.779863769251023, 62.544820284844079 ], [ -136.789970356322954, 62.551209530167512 ], [ -136.789978431447196, 62.551667343590616 ], [ -136.807853450143682, 62.563531302897687 ], [ -136.810076520010483, 62.565531679202273 ], [ -136.812422485728149, 62.566668471555275 ], [ -136.82043344008909, 62.572606947950433 ], [ -136.833165877789213, 62.580871458733355 ], [ -136.843409637025388, 62.588458400873265 ], [ -136.846738371795453, 62.590003696951918 ], [ -136.847366806180901, 62.591027928248259 ], [ -136.85477801179789, 62.595877078123578 ], [ -136.857627427673748, 62.596898767976846 ], [ -136.858238555249471, 62.602313664243496 ], [ -136.857488209312464, 62.603401046259222 ], [ -136.855399695985142, 62.603967449100352 ], [ -136.847600454298941, 62.603567803364747 ], [ -136.845131359040352, 62.604596967458242 ], [ -136.844263044448809, 62.605676867224417 ], [ -136.844578518005932, 62.60730677885892 ], [ -136.84705280963243, 62.609806096138954 ], [ -136.844875381443842, 62.612402625264018 ], [ -136.844866543628626, 62.613830326290973 ], [ -136.846712592638312, 62.616562394033672 ], [ -136.846470164513647, 62.617993170830751 ], [ -136.845480795233584, 62.619640282476205 ], [ -136.840887957148709, 62.623229246921213 ], [ -136.836435344595685, 62.624374089948518 ], [ -136.831226070643083, 62.626534279979353 ], [ -136.828743400151239, 62.628649694146844 ], [ -136.827761367853896, 62.630754471304584 ], [ -136.82725200994247, 62.633885583688922 ], [ -136.827866840836521, 62.638169262015793 ], [ -136.830588819526781, 62.641186387681074 ], [ -136.830961012725822, 62.642160153262175 ], [ -136.831828079514963, 62.642615686482799 ], [ -136.832069791707454, 62.644318431117455 ], [ -136.818547403141508, 62.650985899668235 ], [ -136.763960508935071, 62.669648837839858 ], [ -136.762099373783997, 62.671189548640058 ], [ -136.758971395785238, 62.677055634560141 ], [ -136.757102650789449, 62.678479648430873 ], [ -136.757097627844132, 62.679054320970735 ], [ -136.748022586791222, 62.683495156663774 ], [ -136.7415537715776, 62.688441734357149 ], [ -136.740553106692943, 62.689702098104526 ], [ -136.737070332234794, 62.691289485794947 ], [ -136.729005124198636, 62.693391218354279 ], [ -136.729002715511285, 62.694019711635825 ], [ -136.728491680446751, 62.694304332199408 ], [ -136.727732314336009, 62.699377303641882 ], [ -136.72584537149811, 62.704562861286689 ], [ -136.723465409450029, 62.706666047394073 ], [ -136.719989828606174, 62.708091285254483 ], [ -136.716878906139726, 62.710077584038515 ], [ -136.715241706935501, 62.712530643835365 ], [ -136.710881661366074, 62.714235790021064 ], [ -136.710269434607966, 62.714808862804702 ], [ -136.710254798620099, 62.717601203783438 ], [ -136.709121440059278, 62.719311835047407 ], [ -136.708368447241753, 62.719482601173823 ], [ -136.708368726206743, 62.720164919222988 ], [ -136.697536076800475, 62.726706537168376 ], [ -136.693534609038551, 62.72857737552178 ], [ -136.676989163957444, 62.731810438598401 ], [ -136.671383853835778, 62.734076805892983 ], [ -136.667898269540359, 62.736811596608128 ], [ -136.661727258434098, 62.745754805826678 ], [ -136.655999434720144, 62.749045441928004 ], [ -136.653857363957343, 62.75275157863225 ], [ -136.650982718455964, 62.754571939333047 ], [ -136.64946208267321, 62.756448202464078 ], [ -136.645962338750309, 62.75901197958369 ], [ -136.641342990872744, 62.760825641886562 ], [ -136.637616549426752, 62.76144366671101 ], [ -136.623300925527445, 62.76256136390753 ], [ -136.621059673065815, 62.763125898450561 ], [ -136.612926701081705, 62.768076351944636 ], [ -136.607694867036855, 62.770578214968346 ], [ -136.584936293999931, 62.776569798720175 ], [ -136.581661403921373, 62.778647692604949 ], [ -136.580854596783041, 62.780331715121434 ], [ -136.583311256022455, 62.786469213741029 ], [ -136.513762503469593, 62.795852654021111 ], [ -136.543409649273883, 62.838288706455707 ], [ -136.524313913869889, 62.844672577076366 ], [ -136.51279944581907, 62.847265486159813 ], [ -136.510536655381287, 62.848340102056405 ], [ -136.503754273789468, 62.852084376960647 ], [ -136.487984129287128, 62.866579474438424 ], [ -136.487576526963693, 62.868235593610407 ], [ -136.488183567356231, 62.870518362983887 ], [ -136.490380862028502, 62.873143442098481 ], [ -136.498060736466044, 62.87800846757186 ], [ -136.503875388459107, 62.883270072448184 ], [ -136.507632587257802, 62.891713446274125 ], [ -136.509960109504817, 62.895656493954661 ], [ -136.510066795691699, 62.896966030806311 ], [ -136.51056280235224, 62.8974275317549 ], [ -136.510882705156632, 62.902496250558542 ], [ -136.510817397937132, 62.907344649162148 ], [ -136.509742765031774, 62.912473172366411 ], [ -136.508589852058378, 62.915322295701465 ], [ -136.508559046738696, 62.918168403927417 ], [ -136.510348036563471, 62.924612858619753 ], [ -136.51019472742405, 62.926607457103238 ], [ -136.509557978325972, 62.928777768173653 ], [ -136.50713909852422, 62.932304708659458 ], [ -136.507082997847505, 62.936578454683151 ], [ -136.505374866171593, 62.942449793470232 ], [ -136.505298309661924, 62.949398955052814 ], [ -136.508035805926653, 62.960070508461968 ], [ -136.507870829207548, 62.963375880115244 ], [ -136.505951513117935, 62.965936879009277 ], [ -136.504822024347732, 62.966218233021387 ], [ -136.502289647438261, 62.968372747592689 ], [ -136.502259883716505, 62.970482698455314 ], [ -136.503973141922188, 62.974647831745088 ], [ -136.50466315880746, 62.980008794707942 ], [ -136.507323706354612, 62.987602029950963 ], [ -136.507050475441588, 62.989193901235467 ], [ -136.505783633907953, 62.990275691171014 ], [ -136.496313412676301, 62.995385435190812 ], [ -136.491743780473684, 62.999078423386479 ], [ -136.4885854675762, 63.000000056530453 ], [ -132.000000004660734, 63.000000002711538 ], [ -131.999999988183333, 63.54260455204021 ], [ -131.998463893031413, 63.543558010582103 ], [ -131.998766726656328, 63.548545671706194 ], [ -131.999617852148987, 63.551276365526775 ], [ -131.998772514674272, 63.555111400582398 ], [ -131.995568571346695, 63.559507704388793 ], [ -131.995680658119198, 63.560574225280845 ], [ -131.997444298917259, 63.562019386660815 ], [ -131.999999980527605, 63.563013871915651 ], [ -131.999999995611034, 64.652959238667037 ], [ -131.98199014010271, 64.631832307204292 ], [ -131.93809604763743, 64.590343070385146 ], [ -131.896407808202127, 64.566273353643254 ], [ -131.830102592953978, 64.548772702034057 ], [ -131.8553722573767, 64.537824956747201 ], [ -131.838720117075326, 64.525344949495391 ], [ -131.806390678829615, 64.533934250136085 ], [ -131.684646179075884, 64.521371236388788 ], [ -131.707467133054394, 64.508183104310007 ] ], [ [ -133.509229461259963, 62.155478992511178 ], [ -133.199051747189429, 62.155347993795743 ], [ -133.198717347383678, 62.271119571837708 ], [ -133.512282359495345, 62.274349014808998 ], [ -133.509229461259963, 62.155478992511178 ] ], [ [ -134.341243265181731, 60.326171556583787 ], [ -134.329115228443499, 60.263792417626128 ], [ -134.33403400715622, 60.225004032337232 ], [ -134.328419368474243, 60.22095435613442 ], [ -134.302861714992076, 60.226247944550877 ], [ -134.292199652407589, 60.241130913185039 ], [ -134.269449179924237, 60.239844105355125 ], [ -134.22550501620853, 60.257694980767923 ], [ -134.24186243023928, 60.328409919361121 ], [ -134.341243265181731, 60.326171556583787 ] ], [ [ -132.757865915040867, 60.190298921999592 ], [ -132.755803533709923, 60.191460647019532 ], [ -132.753770727387746, 60.193752663799977 ], [ -132.746417898666493, 60.19626872745711 ], [ -132.740093782706879, 60.197715034284784 ], [ -132.728714094951869, 60.198939787243503 ], [ -132.727345078549092, 60.19994931900289 ], [ -132.727121469377664, 60.200834758305227 ], [ -132.727540745431355, 60.205207456065715 ], [ -132.726248798498261, 60.212398312049551 ], [ -132.727574692030146, 60.216714713562368 ], [ -132.731159776251928, 60.222048832286696 ], [ -132.732704319875239, 60.226090415512644 ], [ -132.73697229762837, 60.229405989909473 ], [ -132.73741406028401, 60.231380699847627 ], [ -132.739354453087742, 60.234089993290539 ], [ -132.745490175377086, 60.2573021085988 ], [ -132.762931205041866, 60.26719042152525 ], [ -132.808633064692685, 60.23428031726975 ], [ -132.796943819112926, 60.196617868169312 ], [ -132.757865915040867, 60.190298921999592 ] ], [ [ -133.274494581994475, 60.469329800510437 ], [ -133.263770206180709, 60.473090275901782 ], [ -133.254456650766912, 60.477587671175058 ], [ -133.246837445097469, 60.484256409414293 ], [ -133.243469772806009, 60.491003839198029 ], [ -133.249324786557622, 60.499680815854255 ], [ -133.263406563910621, 60.508623854041744 ], [ -133.276643466598358, 60.511539442011738 ], [ -133.297709141656043, 60.514459592491725 ], [ -133.312332703927012, 60.5132697732531 ], [ -133.331830815328829, 60.508928194351128 ], [ -133.34369690827512, 60.500786702133901 ], [ -133.345820056134102, 60.492592243126765 ], [ -133.34493699631625, 60.484713498106963 ], [ -133.338541510584207, 60.474874854155722 ], [ -133.328083202710985, 60.46811052719756 ], [ -133.313963234113942, 60.464857801013508 ], [ -133.296291850753676, 60.465843339220726 ], [ -133.274494581994475, 60.469329800510437 ] ], [ [ -134.674009139976675, 60.153289367586133 ], [ -134.673856344370733, 60.198995688773408 ], [ -134.75470095709278, 60.199281830728509 ], [ -134.755502822172247, 60.153226346958512 ], [ -134.674009139976675, 60.153289367586133 ] ], [ [ -132.453894578412559, 61.94060519597619 ], [ -132.392580281274945, 61.95647270229653 ], [ -132.447568729257114, 62.002806005863171 ], [ -132.508331112527515, 61.98761707393097 ], [ -132.453894578412559, 61.94060519597619 ] ], [ [ -128.698271991803722, 60.056852684905444 ], [ -128.661087380681579, 60.048949335326498 ], [ -128.654912168369975, 60.052959903374273 ], [ -128.654285288030138, 60.059826080843841 ], [ -128.667973553968778, 60.06434272661803 ], [ -128.694328243947808, 60.071512207147357 ], [ -128.703449413695068, 60.072526687932466 ], [ -128.719874262508313, 60.073332256126697 ], [ -128.724784648584318, 60.073076430781022 ], [ -128.727465879887689, 60.071136365502582 ], [ -128.728565624850489, 60.057117397304715 ], [ -128.698271991803722, 60.056852684905444 ] ], [ [ -128.913263677571308, 60.041311236731623 ], [ -128.896421322297044, 60.043604130771271 ], [ -128.890615660163462, 60.046543001199517 ], [ -128.892298985067555, 60.053481521651648 ], [ -128.895595655609895, 60.05826236111956 ], [ -128.899252323357416, 60.061169441784195 ], [ -128.905556239204373, 60.065175082921165 ], [ -128.923216441747144, 60.065313326193156 ], [ -128.92942148518523, 60.064040455743637 ], [ -128.936454059583752, 60.061380702939282 ], [ -128.94106454635309, 60.056819810869719 ], [ -128.94423651864966, 60.05158118463585 ], [ -128.938893288059461, 60.046141172478592 ], [ -128.927197210053663, 60.041944404390208 ], [ -128.913263677571308, 60.041311236731623 ] ], [ [ -132.76439752991763, 60.170952541366994 ], [ -132.724234015090786, 60.159875846376671 ], [ -132.72473410647217, 60.161523405437244 ], [ -132.71970882910594, 60.16255831336148 ], [ -132.719686055922182, 60.166267759226031 ], [ -132.714064567320918, 60.165191776906106 ], [ -132.706286862231678, 60.166350834254501 ], [ -132.705616654429519, 60.166914108761929 ], [ -132.705716151803443, 60.167814110119139 ], [ -132.707603394591899, 60.170739182920002 ], [ -132.709284988764978, 60.171962963424193 ], [ -132.704663184645028, 60.173086659904079 ], [ -132.701837839373582, 60.174816253774964 ], [ -132.699689316349975, 60.174599303261871 ], [ -132.698333234475115, 60.175941135611829 ], [ -132.695171054001833, 60.176550885567508 ], [ -132.691425630724979, 60.176108400043276 ], [ -132.703617078772112, 60.179112947651788 ], [ -132.712804747745906, 60.180247296674438 ], [ -132.725743842661643, 60.179517056710765 ], [ -132.728291188304752, 60.176171515787765 ], [ -132.754100308548487, 60.178699879164924 ], [ -132.76439752991763, 60.170952541366994 ] ], [ [ -128.753007254933806, 60.09535450846527 ], [ -128.75221061224147, 60.08171605388668 ], [ -128.75075540549966, 60.081732889078118 ], [ -128.750837781537086, 60.082623796488342 ], [ -128.751732582582719, 60.083137293315154 ], [ -128.746106400120766, 60.083198460666736 ], [ -128.743222132588073, 60.081980696137656 ], [ -128.738101688987399, 60.082327933530223 ], [ -128.739183974471189, 60.084111499834272 ], [ -128.739825527311922, 60.086508542673123 ], [ -128.738966495951985, 60.088302694427632 ], [ -128.738127224535162, 60.09212618372797 ], [ -128.735022230146711, 60.093709312194726 ], [ -128.739974728324199, 60.097219704804147 ], [ -128.743769849896182, 60.097093733380184 ], [ -128.750453926620423, 60.095364555387164 ], [ -128.753007254933806, 60.09535450846527 ] ] ] } },
{ "type": "Feature", "properties": { "DAUID": "60010257", "PRUID": "60", "PRNAME": "Yukon", "CDUID": "6001", "CDNAME": "Yukon", "CDTYPE": "TER", "CCSUID": "6001045", "CCSNAME": "Yukon, Unorganized", "CSDUID": "6001009", "CSDNAME": "Whitehorse", "CSDTYPE": "CY", "ERUID": "6010", "ERNAME": "Yukon", "SACCODE": "990", "SACTYPE": "3", "CMAUID": "990", "CMAPUID": "60990", "CMANAME": "Whitehorse", "CMATYPE": "D", "CTUID": null, "CTNAME": null, "ADAUID": "60010021", "ALT_GEO_CODE": "60010257", "province": "Territories", "first_lang_eng_french": 0.0, "first_lang_french": 50.0, "know_eng_french": 150.0, "know_french_only": 0.0, "mother_eng_french": 15.0, "mother_french": 40.0, "mother_french_non_official": 0.0, "pop_0_14": 235.0, "pop_0_4": 95.0, "pop_15_19": 70.0, "pop_2021": 1422.0, "pop_under_19": 305.0, "share_under_19": 0.2144866385372714, "share_under_5": 0.066807313642756605, "first_lang_eng_french_under_19": 0.0, "first_lang_eng_french_under_5": 0.0, "first_lang_french_under_19": 10.724331926863574, "first_lang_french_under_5": 3.3403656821378336, "know_eng_french_under_19": 32.172995780590718, "know_eng_french_under_5": 10.021097046413502, "know_french_only_under_19": 0.0, "know_french_only_under_5": 0.0, "mother_eng_french_under_19": 3.2172995780590719, "mother_eng_french_under_5": 1.0021097046413501, "mother_french_under_19": 8.5794655414908583, "mother_french_under_5": 2.6722925457102669, "mother_french_non_official_under_19": 0.0, "mother_french_non_official_under_5": 0.0 }, "geometry": { "type": "Polygon", "coordinates": [ [ [ -135.130631259840953, 60.784131403896374 ], [ -135.124808378762623, 60.78116621308947 ], [ -135.119048599272332, 60.779104329805534 ], [ -135.112542782727388, 60.774254645520038 ], [ -135.113605058673272, 60.773326724228603 ], [ -135.123104185732018, 60.776204224276064 ], [ -135.124672683799758, 60.776300754975658 ], [ -135.126635982490143, 60.777801145113536 ], [ -135.13493416970914, 60.779647130422603 ], [ -135.134149885222143, 60.778827301436642 ], [ -135.132477102936974, 60.778362094466083 ], [ -135.133776726152377, 60.777039163077184 ], [ -135.133108997938365, 60.775775700950724 ], [ -135.14881130003306, 60.772796398080537 ], [ -135.147312606857923, 60.770257202454005 ], [ -135.14819289402584, 60.77007671585438 ], [ -135.152295546537289, 60.774245120174434 ], [ -135.159591417998996, 60.777784102909521 ], [ -135.161373920938246, 60.779252432584521 ], [ -135.169718196573513, 60.794762291069347 ], [ -135.16645668015201, 60.800892209033634 ], [ -135.156557623581307, 60.795927198296262 ], [ -135.152972440791217, 60.79313210202146 ], [ -135.153513416606557, 60.790619724484365 ], [ -135.153047439919277, 60.788761189472353 ], [ -135.14842648310136, 60.786759349654183 ], [ -135.135954361117911, 60.785693233060108 ], [ -135.130631259840953, 60.784131403896374 ] ] ] } },
{ "type": "Feature", "properties": { "DAUID": "60010258", "PRUID": "60", "PRNAME": "Yukon", "CDUID": "6001", "CDNAME": "Yukon", "CDTYPE": "TER", "CCSUID": "6001045", "CCSNAME": "Yukon, Unorganized", "CSDUID": "6001009", "CSDNAME": "Whitehorse", "CSDTYPE": "CY", "ERUID": "6010", "ERNAME": "Yukon", "SACCODE": "990", "SACTYPE": "3", "CMAUID": "990", "CMAPUID": "60990", "CMANAME": "Whitehorse", "CMATYPE": "D", "CTUID": null, "CTNAME": null, "ADAUID": "60010021", "ALT_GEO_CODE": "60010258", "province": "Territories", "first_lang_eng_french": 0.0, "first_lang_french": 20.0, "know_eng_french": 75.0, "know_french_only": 0.0, "mother_eng_french": 5.0, "mother_french": 15.0, "mother_french_non_official": 0.0, "pop_0_14": 85.0, "pop_0_4": 20.0, "pop_15_19": 25.0, "pop_2021": 619.0, "pop_under_19": 110.0, "share_under_19": 0.17770597738287561, "share_under_5": 0.0323101777059773, "first_lang_eng_french_under_19": 0.0, "first_lang_eng_french_under_5": 0.0, "first_lang_french_under_19": 3.5541195476575123, "first_lang_french_under_5": 0.64620355411954766, "know_eng_french_under_19": 13.327948303715671, "know_eng_french_under_5": 2.423263327948304, "know_french_only_under_19": 0.0, "know_french_only_under_5": 0.0, "mother_eng_french_under_19": 0.88852988691437806, "mother_eng_french_under_5": 0.16155088852988689, "mother_french_under_19": 2.6655896607431342, "mother_french_under_5": 0.48465266558966069, "mother_french_non_official_under_19": 0.0, "mother_french_non_official_under_5": 0.0 }, "geometry": { "type": "Polygon", "coordinates": [ [ [ -135.137841451279513, 60.774892131985069 ], [ -135.134169090048744, 60.770244105101085 ], [ -135.131870900870098, 60.769357488249632 ], [ -135.128738275479151, 60.76636180417335 ], [ -135.130113005576106, 60.765893587507591 ], [ -135.128804784131631, 60.764637891906283 ], [ -135.138577005001224, 60.76224898579278 ], [ -135.13822489606062, 60.761468203161762 ], [ -135.139119410208764, 60.760380910700093 ], [ -135.141185609059477, 60.759884996248388 ], [ -135.141319314424493, 60.762239303708377 ], [ -135.14819289402584, 60.77007671585438 ], [ -135.147312606857923, 60.770257202454005 ], [ -135.14881130003306, 60.772796398080537 ], [ -135.137841451279513, 60.774892131985069 ] ] ] } },
{ "type": "Feature", "properties": { "DAUID": "60010259", "PRUID": "60", "PRNAME": "Yukon", "CDUID": "6001", "CDNAME": "Yukon", "CDTYPE": "TER", "CCSUID": "6001045", "CCSNAME": "Yukon, Unorganized", "CSDUID": "6001009", "CSDNAME": "Whitehorse", "CSDTYPE": "CY", "ERUID": "6010", "ERNAME": "Yukon", "SACCODE": "990", "SACTYPE": "3", "CMAUID": "990", "CMAPUID": "60990", "CMANAME": "Whitehorse", "CMATYPE": "D", "CTUID": null, "CTNAME": null, "ADAUID": "60010021", "ALT_GEO_CODE": "60010259", "province": "Territories", "first_lang_eng_french": 5.0, "first_lang_french": 35.0, "know_eng_french": 150.0, "know_french_only": 5.0, "mother_eng_french": 10.0, "mother_french": 35.0, "mother_french_non_official": 5.0, "pop_0_14": 165.0, "pop_0_4": 40.0, "pop_15_19": 55.0, "pop_2021": 1057.0, "pop_under_19": 220.0, "share_under_19": 0.20813623462630079, "share_under_5": 0.037842951750236498, "first_lang_eng_french_under_19": 1.0406811731315042, "first_lang_eng_french_under_5": 0.1892147587511826, "first_lang_french_under_19": 7.2847682119205297, "first_lang_french_under_5": 1.3245033112582782, "know_eng_french_under_19": 31.220435193945129, "know_eng_french_under_5": 5.6764427625354781, "know_french_only_under_19": 1.0406811731315042, "know_french_only_under_5": 0.1892147587511826, "mother_eng_french_under_19": 2.0813623462630084, "mother_eng_french_under_5": 0.3784295175023652, "mother_french_under_19": 7.2847682119205297, "mother_french_under_5": 1.3245033112582782, "mother_french_non_official_under_19": 1.0406811731315042, "mother_french_non_official_under_5": 0.1892147587511826 }, "geometry": { "type": "Polygon", "coordinates": [ [ [ -135.13493416970914, 60.779647130422603 ], [ -135.126635982490143, 60.777801145113536 ], [ -135.124672683799758, 60.776300754975658 ], [ -135.119594375107766, 60.775230301785207 ], [ -135.111322698602038, 60.772455693587524 ], [ -135.114449635964149, 60.771505232417169 ], [ -135.11044294925901, 60.767295803844497 ], [ -135.113568780898589, 60.766575709237323 ], [ -135.115595057152575, 60.768118867807715 ], [ -135.128804784131631, 60.764637891906283 ], [ -135.130113005576106, 60.765893587507591 ], [ -135.128738275479151, 60.76636180417335 ], [ -135.131870900870098, 60.769357488249632 ], [ -135.134169090048744, 60.770244105101085 ], [ -135.137841451279513, 60.774892131985069 ], [ -135.133108997938365, 60.775775700950724 ], [ -135.133776726152377, 60.777039163077184 ], [ -135.132477102936974, 60.778362094466083 ], [ -135.134149885222143, 60.778827301436642 ], [ -135.13493416970914, 60.779647130422603 ] ] ] } },
{ "type": "Feature", "properties": { "DAUID": "60010263", "PRUID": "60", "PRNAME": "Yukon", "CDUID": "6001", "CDNAME": "Yukon", "CDTYPE": "TER", "CCSUID": "6001045", "CCSNAME": "Yukon, Unorganized", "CSDUID": "6001009", "CSDNAME": "Whitehorse", "CSDTYPE": "CY", "ERUID": "6010", "ERNAME": "Yukon", "SACCODE": "990", "SACTYPE": "3", "CMAUID": "990", "CMAPUID": "60990", "CMANAME": "Whitehorse", "CMATYPE": "D", "CTUID": null, "CTNAME": null, "ADAUID": "60010021", "ALT_GEO_CODE": "60010263", "province": "Territories", "first_lang_eng_french": 5.0, "first_lang_french": 20.0, "know_eng_french": 125.0, "know_french_only": 0.0, "mother_eng_french": 10.0, "mother_french": 20.0, "mother_french_non_official": 0.0, "pop_0_14": 185.0, "pop_0_4": 55.0, "pop_15_19": 70.0, "pop_2021": 1111.0, "pop_under_19": 255.0, "share_under_19": 0.22952295229522951, "share_under_5": 0.0495049504950495, "first_lang_eng_french_under_19": 1.1476147614761476, "first_lang_eng_french_under_5": 0.24752475247524749, "first_lang_french_under_19": 4.5904590459045904, "first_lang_french_under_5": 0.99009900990098998, "know_eng_french_under_19": 28.690369036903689, "know_eng_french_under_5": 6.1881188118811883, "know_french_only_under_19": 0.0, "know_french_only_under_5": 0.0, "mother_eng_french_under_19": 2.2952295229522952, "mother_eng_french_under_5": 0.49504950495049499, "mother_french_under_19": 4.5904590459045904, "mother_french_under_5": 0.99009900990098998, "mother_french_non_official_under_19": 0.0, "mother_french_non_official_under_5": 0.0 }, "geometry": { "type": "Polygon", "coordinates": [ [ [ -135.138577005001224, 60.76224898579278 ], [ -135.115595057152575, 60.768118867807715 ], [ -135.113568780898589, 60.766575709237323 ], [ -135.11044294925901, 60.767295803844497 ], [ -135.114449635964149, 60.771505232417169 ], [ -135.111322698602038, 60.772455693587524 ], [ -135.107152359228394, 60.769421499834472 ], [ -135.104645602429144, 60.762800412396778 ], [ -135.101651009009004, 60.761779204354731 ], [ -135.09898207203193, 60.762023868089088 ], [ -135.099281594738216, 60.761143551136655 ], [ -135.098378652961827, 60.759932135272791 ], [ -135.098925417034792, 60.759447912006905 ], [ -135.098180909964185, 60.757945928349415 ], [ -135.10322795524209, 60.755681791694457 ], [ -135.103083547244154, 60.750689999528994 ], [ -135.102641438659049, 60.750124715799878 ], [ -135.103225990953291, 60.749343159795011 ], [ -135.103239000647818, 60.747700131456497 ], [ -135.103529518317885, 60.746766175430778 ], [ -135.106002598578755, 60.745767648318136 ], [ -135.110825036440048, 60.745278918814051 ], [ -135.117246908502239, 60.745839096903531 ], [ -135.121314801438956, 60.744713202713989 ], [ -135.130798500341598, 60.744919765083814 ], [ -135.133731757869242, 60.744566718758364 ], [ -135.138993708815434, 60.745207457595988 ], [ -135.142381613793589, 60.746990934596177 ], [ -135.143251883576198, 60.748803608056775 ], [ -135.143133362544461, 60.753155160252639 ], [ -135.141185609059477, 60.759884996248388 ], [ -135.139119410208764, 60.760380910700093 ], [ -135.13822489606062, 60.761468203161762 ], [ -135.138577005001224, 60.76224898579278 ] ] ] } },
{ "type": "Feature", "properties": { "DAUID": "60010264", "PRUID": "60", "PRNAME": "Yukon", "CDUID": "6001", "CDNAME": "Yukon", "CDTYPE": "TER", "CCSUID": "6001045", "CCSNAME": "Yukon, Unorganized", "CSDUID": "6001009", "CSDNAME": "Whitehorse", "CSDTYPE": "CY", "ERUID": "6010", "ERNAME": "Yukon", "SACCODE": "990", "SACTYPE": "3", "CMAUID": "990", "CMAPUID": "60990", "CMANAME": "Whitehorse", "CMATYPE": "D", "CTUID": null, "CTNAME": null, "ADAUID": "60010022", "ALT_GEO_CODE": "60010264", "province": "Territories", "first_lang_eng_french": 10.0, "first_lang_french": 85.0, "know_eng_french": 350.0, "know_french_only": 5.0, "mother_eng_french": 35.0, "mother_french": 80.0, "mother_french_non_official": 0.0, "pop_0_14": 255.0, "pop_0_4": 85.0, "pop_15_19": 55.0, "pop_2021": 1352.0, "pop_under_19": 310.0, "share_under_19": 0.22928994082840229, "share_under_5": 0.062869822485207102, "first_lang_eng_french_under_19": 2.2928994082840242, "first_lang_eng_french_under_5": 0.62869822485207105, "first_lang_french_under_19": 19.489644970414201, "first_lang_french_under_5": 5.343934911242604, "know_eng_french_under_19": 80.251479289940832, "know_eng_french_under_5": 22.004437869822485, "know_french_only_under_19": 1.1464497041420121, "know_french_only_under_5": 0.31434911242603553, "mother_eng_french_under_19": 8.0251479289940839, "mother_eng_french_under_5": 2.2004437869822486, "mother_french_under_19": 18.34319526627219, "mother_french_under_5": 5.0295857988165684, "mother_french_non_official_under_19": 0.0, "mother_french_non_official_under_5": 0.0 }, "geometry": { "type": "Polygon", "coordinates": [ [ [ -135.107597479495325, 60.745488051689279 ], [ -135.103529518317885, 60.746766175430778 ], [ -135.103225990953291, 60.749343159795011 ], [ -135.102641438659049, 60.750124715799878 ], [ -135.103083547244154, 60.750689999528994 ], [ -135.10322795524209, 60.755681791694457 ], [ -135.098180909964185, 60.757945928349415 ], [ -135.091262297128026, 60.752008330601818 ], [ -135.090994847189165, 60.747395307495815 ], [ -135.088600347674458, 60.746826282899598 ], [ -135.088152139410425, 60.746419110203242 ], [ -135.088671960183405, 60.7460857032574 ], [ -135.086285797451723, 60.744548741494093 ], [ -135.085758217337741, 60.743710875941112 ], [ -135.08612625685609, 60.742379333648387 ], [ -135.084746181005073, 60.741111151477405 ], [ -135.085784137493505, 60.739235600103129 ], [ -135.084782310686677, 60.737678397119161 ], [ -135.085263189917441, 60.73727890846363 ], [ -135.084851783109514, 60.735906800705209 ], [ -135.082868479219911, 60.734877322445868 ], [ -135.082607732803751, 60.73345439918868 ], [ -135.09016880306396, 60.734229298623134 ], [ -135.093695432903871, 60.733458628081927 ], [ -135.096368546986525, 60.73215488579936 ], [ -135.100574709824144, 60.72572119647041 ], [ -135.105458301976824, 60.724273630078073 ], [ -135.10643338208925, 60.72606384629902 ], [ -135.104558889725155, 60.726281677012679 ], [ -135.104022436234743, 60.730762887711222 ], [ -135.102189628415033, 60.729178802307601 ], [ -135.101590325816659, 60.730974905446523 ], [ -135.106607543565502, 60.735532568917868 ], [ -135.106579501683143, 60.737846526553874 ], [ -135.104464868941818, 60.740039328110996 ], [ -135.121029611294205, 60.743550121706789 ], [ -135.136541227214167, 60.74469739079305 ], [ -135.121314801438956, 60.744713202713989 ], [ -135.117246908502239, 60.745839096903531 ], [ -135.110825036440048, 60.745278918814051 ], [ -135.107597479495325, 60.745488051689279 ] ] ] } },
{ "type": "Feature", "properties": { "DAUID": "60010265", "PRUID": "60", "PRNAME": "Yukon", "CDUID": "6001", "CDNAME": "Yukon", "CDTYPE": "TER", "CCSUID": "6001045", "CCSNAME": "Yukon, Unorganized", "CSDUID": "6001009", "CSDNAME": "Whitehorse", "CSDTYPE": "CY", "ERUID": "6010", "ERNAME": "Yukon", "SACCODE": "990", "SACTYPE": "3", "CMAUID": "990", "CMAPUID": "60990", "CMANAME": "Whitehorse", "CMATYPE": "D", "CTUID": null, "CTNAME": null, "ADAUID": "60010022", "ALT_GEO_CODE": "60010265", "province": "Territories", "first_lang_eng_french": 0.0, "first_lang_french": 15.0, "know_eng_french": 55.0, "know_french_only": 0.0, "mother_eng_french": 5.0, "mother_french": 15.0, "mother_french_non_official": 0.0, "pop_0_14": 65.0, "pop_0_4": 25.0, "pop_15_19": 15.0, "pop_2021": 420.0, "pop_under_19": 80.0, "share_under_19": 0.19047619047619041, "share_under_5": 0.0595238095238095, "first_lang_eng_french_under_19": 0.0, "first_lang_eng_french_under_5": 0.0, "first_lang_french_under_19": 2.8571428571428568, "first_lang_french_under_5": 0.89285714285714279, "know_eng_french_under_19": 10.476190476190476, "know_eng_french_under_5": 3.2738095238095242, "know_french_only_under_19": 0.0, "know_french_only_under_5": 0.0, "mother_eng_french_under_19": 0.95238095238095244, "mother_eng_french_under_5": 0.29761904761904762, "mother_french_under_19": 2.8571428571428568, "mother_french_under_5": 0.89285714285714279, "mother_french_non_official_under_19": 0.0, "mother_french_non_official_under_5": 0.0 }, "geometry": { "type": "Polygon", "coordinates": [ [ [ -135.087223248527039, 60.753279891982451 ], [ -135.090034632524009, 60.750183308363972 ], [ -135.09090042288355, 60.74996588021375 ], [ -135.091430385193291, 60.752215212006632 ], [ -135.098180909964185, 60.757945928349415 ], [ -135.098925417034792, 60.759447912006905 ], [ -135.098378652961827, 60.759932135272791 ], [ -135.099281594738216, 60.761143551136655 ], [ -135.09898207203193, 60.762023868089088 ], [ -135.094644295402105, 60.763050305179362 ], [ -135.092402877484375, 60.762225899660251 ], [ -135.087712291084813, 60.753361858346246 ], [ -135.087223248527039, 60.753279891982451 ] ] ] } },
{ "type": "Feature", "properties": { "DAUID": "60010183", "PRUID": "60", "PRNAME": "Yukon", "CDUID": "6001", "CDNAME": "Yukon", "CDTYPE": "TER", "CCSUID": "6001045", "CCSNAME": "Yukon, Unorganized", "CSDUID": "6001044", "CSDNAME": "Mt. Lorne", "CSDTYPE": "HAM", "ERUID": "6010", "ERNAME": "Yukon", "SACCODE": "990", "SACTYPE": "3", "CMAUID": "990", "CMAPUID": "60990", "CMANAME": "Whitehorse", "CMATYPE": "D", "CTUID": null, "CTNAME": null, "ADAUID": "60010015", "ALT_GEO_CODE": "60010183", "province": "Territories", "first_lang_eng_french": 10.0, "first_lang_french": 55.0, "know_eng_french": 120.0, "know_french_only": 0.0, "mother_eng_french": 10.0, "mother_french": 50.0, "mother_french_non_official": 0.0, "pop_0_14": 55.0, "pop_0_4": 10.0, "pop_15_19": 25.0, "pop_2021": 468.0, "pop_under_19": 80.0, "share_under_19": 0.17094017094017089, "share_under_5": 0.021367521367521299, "first_lang_eng_french_under_19": 1.7094017094017095, "first_lang_eng_french_under_5": 0.21367521367521369, "first_lang_french_under_19": 9.4017094017094021, "first_lang_french_under_5": 1.1752136752136753, "know_eng_french_under_19": 20.512820512820515, "know_eng_french_under_5": 2.5641025641025643, "know_french_only_under_19": 0.0, "know_french_only_under_5": 0.0, "mother_eng_french_under_19": 1.7094017094017095, "mother_eng_french_under_5": 0.21367521367521369, "mother_french_under_19": 8.5470085470085468, "mother_french_under_5": 1.0683760683760684, "mother_french_non_official_under_19": 0.0, "mother_french_non_official_under_5": 0.0 }, "geometry": { "type": "Polygon", "coordinates": [ [ [ -134.824136452259353, 60.487019649484161 ], [ -134.822883113160913, 60.475908807667075 ], [ -134.823402077507353, 60.466375366500628 ], [ -134.817335979569577, 60.455286002847707 ], [ -134.810267440598409, 60.444266097645574 ], [ -134.80277107803937, 60.436099624103527 ], [ -134.836718067147189, 60.432179700206717 ], [ -134.835268039946129, 60.430448036819953 ], [ -134.836224007481746, 60.430245237032004 ], [ -134.83867102878952, 60.432943813325544 ], [ -134.854151761499935, 60.428726480672438 ], [ -134.85842407410712, 60.422786543683358 ], [ -134.85775944631655, 60.415568298045237 ], [ -134.851449865897877, 60.414142726133356 ], [ -134.850310585756461, 60.413153777682467 ], [ -134.848582545825565, 60.4138611519463 ], [ -134.8474390854619, 60.413788040022752 ], [ -134.846717245898077, 60.412862396460355 ], [ -134.84484691028257, 60.412932046263791 ], [ -134.844704068546321, 60.41242907604385 ], [ -134.846596490258463, 60.411506462102672 ], [ -134.846599317912478, 60.410913868037269 ], [ -134.845749084251679, 60.410275410199141 ], [ -134.846606668244902, 60.409351577268588 ], [ -134.846172704862312, 60.408991939040476 ], [ -134.846321584589703, 60.40821993360057 ], [ -134.845197468345702, 60.407931316593327 ], [ -134.842561669288074, 60.408700389802412 ], [ -134.840859840857604, 60.407773562708101 ], [ -134.840573584040158, 60.406920229478644 ], [ -134.84158124364842, 60.405000002876172 ], [ -134.845237634399012, 60.403298352045582 ], [ -134.848141834052626, 60.403247808845634 ], [ -134.847689675911568, 60.402906109503355 ], [ -134.848127029451859, 60.40252949369868 ], [ -134.850142567885769, 60.402316271350898 ], [ -134.852297127984968, 60.403458999096834 ], [ -134.850732851259522, 60.404202484402873 ], [ -134.850785607458192, 60.404570662716466 ], [ -134.851529657825324, 60.404598437804772 ], [ -134.857274730925582, 60.402422876934502 ], [ -134.860340139948562, 60.402848140083073 ], [ -134.858241024264942, 60.401409310746246 ], [ -134.858473981370821, 60.401009253110047 ], [ -134.866324805489853, 60.404587476087514 ], [ -134.886249738019643, 60.390407263962139 ], [ -134.893772852829898, 60.370729188414018 ], [ -134.909211668885405, 60.36236359117548 ], [ -134.931020402561785, 60.356920694514123 ], [ -134.937311862510768, 60.351986264487948 ], [ -134.942082615626418, 60.341584403148119 ], [ -134.991118553978737, 60.338203244153213 ], [ -134.987936958409193, 60.336639625838536 ], [ -134.983936068198119, 60.332643630945057 ], [ -134.983502075867477, 60.331287780375746 ], [ -134.983666332581976, 60.328737809361378 ], [ -134.984373300119586, 60.327238429430281 ], [ -134.984102351985513, 60.325882601597343 ], [ -134.981784645471379, 60.325882303569379 ], [ -134.979031147342766, 60.327875192044708 ], [ -134.978451719527584, 60.327875109871457 ], [ -134.976461007382454, 60.326303478024556 ], [ -134.976752630124082, 60.323600887454788 ], [ -134.976337459290932, 60.321894851703995 ], [ -134.974600873123507, 60.320026929826426 ], [ -134.977353152094679, 60.319255253250873 ], [ -134.981100522353472, 60.319112189462018 ], [ -134.98196978283795, 60.318555615844922 ], [ -134.981536258642365, 60.316912415181065 ], [ -134.980396177743017, 60.316346599640944 ], [ -134.976359681189052, 60.316193304945593 ], [ -134.972468566589413, 60.315402404845386 ], [ -134.970189056442649, 60.314055109344473 ], [ -134.96993973746612, 60.309637459933668 ], [ -134.971379553871714, 60.277829285571869 ], [ -134.976133237948574, 60.279200371590385 ], [ -134.977000335316603, 60.280340833450204 ], [ -134.979567360678061, 60.281194240488205 ], [ -134.980579289237937, 60.282334723563579 ], [ -134.984194918064929, 60.284113013727868 ], [ -134.987504245857281, 60.284059490582976 ], [ -134.990053895278976, 60.284562524502832 ], [ -134.992223716799003, 60.285613208043387 ], [ -134.996961815459258, 60.285415867358203 ], [ -135.000289363767365, 60.286699864917423 ], [ -135.004882884937359, 60.286205942669575 ], [ -135.009639294990365, 60.286717481652104 ], [ -135.013653619809929, 60.285289484539582 ], [ -135.031265226100686, 60.282736502397753 ], [ -135.035838113480025, 60.280822857295981 ], [ -135.038583858557672, 60.278550438268319 ], [ -135.04362575833656, 60.276636367994904 ], [ -135.048955181894513, 60.273931871201867 ], [ -135.06161904145938, 60.269257581830871 ], [ -135.064458569338484, 60.266202814028063 ], [ -135.066217827514578, 60.266718265484734 ], [ -135.073998659790533, 60.270902323096237 ], [ -135.075012955067649, 60.277557218898544 ], [ -135.068948767699567, 60.285589142890849 ], [ -135.058165600616405, 60.29283212753235 ], [ -135.054588131734619, 60.303151226489597 ], [ -135.056397080844846, 60.312408614486202 ], [ -135.058290226298908, 60.317493847895001 ], [ -135.054994327844241, 60.322708483423632 ], [ -135.0479937555493, 60.327457312312198 ], [ -135.048179678471541, 60.33541642104111 ], [ -135.050725267714768, 60.339997513757304 ], [ -135.049261955068602, 60.350564032835109 ], [ -135.044290325672165, 60.355959530932381 ], [ -135.041295743886792, 60.362268241833242 ], [ -135.034678272588991, 60.371483879881353 ], [ -135.01768374495478, 60.386029451256675 ], [ -135.013678744045905, 60.388554160378938 ], [ -135.008873750239871, 60.390779560146832 ], [ -135.001638620937342, 60.393046479346886 ], [ -134.985244416886076, 60.400043276516925 ], [ -134.977982723507949, 60.40478888435171 ], [ -134.97254881752994, 60.410658682773722 ], [ -134.967635484441985, 60.414930588978258 ], [ -134.954490798208042, 60.42201286677205 ], [ -134.944251555906021, 60.426084173328 ], [ -134.935835798494907, 60.43050954245254 ], [ -134.934217679012562, 60.433930835185556 ], [ -134.934797837421939, 60.436015642857043 ], [ -134.934388533001453, 60.437876146563568 ], [ -134.922315672288363, 60.447818888513751 ], [ -134.918340886915018, 60.44799387048171 ], [ -134.915759497651379, 60.458978005674872 ], [ -134.901325795908718, 60.457830570223301 ], [ -134.90234997476901, 60.458897044803209 ], [ -134.902091126397636, 60.468256380534328 ], [ -134.879589412201454, 60.468479931068117 ], [ -134.879627855975912, 60.464047980231761 ], [ -134.863781996439855, 60.463458867096811 ], [ -134.891674164433795, 60.487761578454432 ], [ -134.894708409285499, 60.489182636170753 ], [ -134.901927232698398, 60.491046708741912 ], [ -134.904671512452182, 60.492332640413046 ], [ -134.908411722626624, 60.495477771779754 ], [ -134.910007104307084, 60.497759416656081 ], [ -134.909564456229816, 60.499833165643025 ], [ -134.908396621131573, 60.500829001175241 ], [ -134.89438345883309, 60.510775894219243 ], [ -134.892501917195034, 60.512561129967487 ], [ -134.892496016725033, 60.51433887880053 ], [ -134.900267658827602, 60.52182406253641 ], [ -134.917662003021576, 60.536928845703905 ], [ -134.920115450443603, 60.53971368259576 ], [ -134.92012868846146, 60.541611573771689 ], [ -134.920784295583985, 60.541967679414356 ], [ -134.921491158025191, 60.54361117693955 ], [ -134.923658002320394, 60.544600075621133 ], [ -134.924360267971679, 60.548308584766481 ], [ -134.925985355806688, 60.55054252328781 ], [ -134.920451840280947, 60.555476670126041 ], [ -134.913062801882091, 60.561451543101185 ], [ -134.896879340262842, 60.567849291263585 ], [ -134.814337813766031, 60.573309841403265 ], [ -134.829094759405933, 60.562401043645671 ], [ -134.835384039453373, 60.553858396518784 ], [ -134.83789587012933, 60.548745010153361 ], [ -134.838361754368009, 60.540559225763708 ], [ -134.836547133538062, 60.531576547889713 ], [ -134.832152670699145, 60.52070369853687 ], [ -134.828528572474596, 60.501527032802798 ], [ -134.824136452259353, 60.487019649484161 ] ] ] } },
{ "type": "Feature", "properties": { "DAUID": "60010184", "PRUID": "60", "PRNAME": "Yukon", "CDUID": "6001", "CDNAME": "Yukon", "CDTYPE": "TER", "CCSUID": "6001045", "CCSNAME": "Yukon, Unorganized", "CSDUID": "6001048", "CSDNAME": "Carcross", "CSDTYPE": "SÉ", "ERUID": "6010", "ERNAME": "Yukon", "SACCODE": "000", "SACTYPE": "8", "CMAUID": null, "CMAPUID": null, "CMANAME": null, "CMATYPE": null, "CTUID": null, "CTNAME": null, "ADAUID": "60010023", "ALT_GEO_CODE": "60010184", "province": "Territories", "first_lang_eng_french": 0.0, "first_lang_french": 10.0, "know_eng_french": 20.0, "know_french_only": 0.0, "mother_eng_french": 5.0, "mother_french": 15.0, "mother_french_non_official": 0.0, "pop_0_14": 45.0, "pop_0_4": 15.0, "pop_15_19": 15.0, "pop_2021": 317.0, "pop_under_19": 60.0, "share_under_19": 0.1892744479495268, "share_under_5": 0.047318611987381701, "first_lang_eng_french_under_19": 0.0, "first_lang_eng_french_under_5": 0.0, "first_lang_french_under_19": 1.8927444794952679, "first_lang_french_under_5": 0.47318611987381698, "know_eng_french_under_19": 3.7854889589905358, "know_eng_french_under_5": 0.94637223974763396, "know_french_only_under_19": 0.0, "know_french_only_under_5": 0.0, "mother_eng_french_under_19": 0.94637223974763396, "mother_eng_french_under_5": 0.23659305993690849, "mother_french_under_19": 2.8391167192429019, "mother_french_under_5": 0.70977917981072547, "mother_french_non_official_under_19": 0.0, "mother_french_non_official_under_5": 0.0 }, "geometry": { "type": "Polygon", "coordinates": [ [ [ -134.673856344370733, 60.198995688773408 ], [ -134.673987556264791, 60.159757647375372 ], [ -134.680178933361304, 60.161156311627273 ], [ -134.688859409059091, 60.165316357234929 ], [ -134.691511794304034, 60.165655409458608 ], [ -134.691488400883571, 60.158746159393452 ], [ -134.683374183487501, 60.158726320182524 ], [ -134.68329573984181, 60.153284828179501 ], [ -134.755502822172247, 60.153226346958512 ], [ -134.75470095709278, 60.199281830728509 ], [ -134.673856344370733, 60.198995688773408 ] ] ] } },
{ "type": "Feature", "properties": { "DAUID": "60010185", "PRUID": "60", "PRNAME": "Yukon", "CDUID": "6001", "CDNAME": "Yukon", "CDTYPE": "TER", "CCSUID": "6001045", "CCSNAME": "Yukon, Unorganized", "CSDUID": "6001008", "CSDNAME": "Carcross 4", "CSDTYPE": "SG", "ERUID": "6010", "ERNAME": "Yukon", "SACCODE": "000", "SACTYPE": "8", "CMAUID": null, "CMAPUID": null, "CMANAME": null, "CMATYPE": null, "CTUID": null, "CTNAME": null, "ADAUID": "60010025", "ALT_GEO_CODE": "60010185", "province": "Territories", "first_lang_eng_french": null, "first_lang_french": null, "know_eng_french": null, "know_french_only": null, "mother_eng_french": null, "mother_french": null, "mother_french_non_official": null, "pop_0_14": null, "pop_0_4": null, "pop_15_19": null, "pop_2021": 37.0, "pop_under_19": null, "share_under_19": null, "share_under_5": null, "first_lang_eng_french_under_19": null, "first_lang_eng_french_under_5": null, "first_lang_french_under_19": null, "first_lang_french_under_5": null, "know_eng_french_under_19": null, "know_eng_french_under_5": null, "know_french_only_under_19": null, "know_french_only_under_5": null, "mother_eng_french_under_19": null, "mother_eng_french_under_5": null, "mother_french_under_19": null, "mother_french_under_5": null, "mother_french_non_official_under_19": null, "mother_french_non_official_under_5": null }, "geometry": { "type": "Polygon", "coordinates": [ [ [ -134.674008192156322, 60.153576041910938 ], [ -134.68329573984181, 60.153284828179501 ], [ -134.683374183487501, 60.158726320182524 ], [ -134.691488400883571, 60.158746159393452 ], [ -134.691511794304034, 60.165655409458608 ], [ -134.688859409059091, 60.165316357234929 ], [ -134.680178933361304, 60.161156311627273 ], [ -134.673987556264791, 60.159757647375372 ], [ -134.674008192156322, 60.153576041910938 ] ] ] } },
{ "type": "Feature", "properties": { "DAUID": "60010186", "PRUID": "60", "PRNAME": "Yukon", "CDUID": "6001", "CDNAME": "Yukon", "CDTYPE": "TER", "CCSUID": "6001045", "CCSNAME": "Yukon, Unorganized", "CSDUID": "6001007", "CSDNAME": "Teslin Post 13", "CSDTYPE": "SG", "ERUID": "6010", "ERNAME": "Yukon", "SACCODE": "000", "SACTYPE": "8", "CMAUID": null, "CMAPUID": null, "CMANAME": null, "CMATYPE": null, "CTUID": null, "CTNAME": null, "ADAUID": "60010028", "ALT_GEO_CODE": null, "province": null, "first_lang_eng_french": null, "first_lang_french": null, "know_eng_french": null, "know_french_only": null, "mother_eng_french": null, "mother_french": null, "mother_french_non_official": null, "pop_0_14": null, "pop_0_4": null, "pop_15_19": null, "pop_2021": null, "pop_under_19": null, "share_under_19": null, "share_under_5": null, "first_lang_eng_french_under_19": null, "first_lang_eng_french_under_5": null, "first_lang_french_under_19": null, "first_lang_french_under_5": null, "know_eng_french_under_19": null, "know_eng_french_under_5": null, "know_french_only_under_19": null, "know_french_only_under_5": null, "mother_eng_french_under_19": null, "mother_eng_french_under_5": null, "mother_french_under_19": null, "mother_french_under_5": null, "mother_french_non_official_under_19": null, "mother_french_non_official_under_5": null }, "geometry": { "type": "Polygon", "coordinates": [ [ [ -132.725086685113808, 60.163504111001956 ], [ -132.724234015090786, 60.159875846376671 ], [ -132.76439752991763, 60.170952541366994 ], [ -132.754100308548487, 60.178699879164924 ], [ -132.728291188304752, 60.176171515787765 ], [ -132.724495095869173, 60.175395436619809 ], [ -132.720351107551892, 60.171659900848695 ], [ -132.726119966813286, 60.165147870460622 ], [ -132.725086685113808, 60.163504111001956 ] ] ] } },
{ "type": "Feature", "properties": { "DAUID": "60010187", "PRUID": "60", "PRNAME": "Yukon", "CDUID": "6001", "CDNAME": "Yukon", "CDTYPE": "TER", "CCSUID": "6001045", "CCSNAME": "Yukon, Unorganized", "CSDUID": "6001006", "CSDNAME": "Teslin", "CSDTYPE": "VL", "ERUID": "6010", "ERNAME": "Yukon", "SACCODE": "000", "SACTYPE": "8", "CMAUID": null, "CMAPUID": null, "CMANAME": null, "CMATYPE": null, "CTUID": null, "CTNAME": null, "ADAUID": "60010029", "ALT_GEO_CODE": null, "province": null, "first_lang_eng_french": null, "first_lang_french": null, "know_eng_french": null, "know_french_only": null, "mother_eng_french": null, "mother_french": null, "mother_french_non_official": null, "pop_0_14": null, "pop_0_4": null, "pop_15_19": null, "pop_2021": null, "pop_under_19": null, "share_under_19": null, "share_under_5": null, "first_lang_eng_french_under_19": null, "first_lang_eng_french_under_5": null, "first_lang_french_under_19": null, "first_lang_french_under_5": null, "know_eng_french_under_19": null, "know_eng_french_under_5": null, "know_french_only_under_19": null, "know_french_only_under_5": null, "mother_eng_french_under_19": null, "mother_eng_french_under_5": null, "mother_french_under_19": null, "mother_french_under_5": null, "mother_french_non_official_under_19": null, "mother_french_non_official_under_5": null }, "geometry": { "type": "Polygon", "coordinates": [ [ [ -132.703617078772112, 60.179112947651788 ], [ -132.691425630724979, 60.176108400043276 ], [ -132.695171054001833, 60.176550885567508 ], [ -132.698333234475115, 60.175941135611829 ], [ -132.699689316349975, 60.174599303261871 ], [ -132.701837839373582, 60.174816253774964 ], [ -132.704663184645028, 60.173086659904079 ], [ -132.709284988764978, 60.171962963424193 ], [ -132.707603394591899, 60.170739182920002 ], [ -132.705716151803443, 60.167814110119139 ], [ -132.705616654429519, 60.166914108761929 ], [ -132.706286862231678, 60.166350834254501 ], [ -132.714064567320918, 60.165191776906106 ], [ -132.719686055922182, 60.166267759226031 ], [ -132.71970882910594, 60.16255831336148 ], [ -132.72473410647217, 60.161523405437244 ], [ -132.725086685113808, 60.163504111001956 ], [ -132.726119966813286, 60.165147870460622 ], [ -132.720351107551892, 60.171659900848695 ], [ -132.724495095869173, 60.175395436619809 ], [ -132.728291188304752, 60.176171515787765 ], [ -132.725743842661643, 60.179517056710765 ], [ -132.712804747745906, 60.180247296674438 ], [ -132.703617078772112, 60.179112947651788 ] ] ] } },
{ "type": "Feature", "properties": { "DAUID": "60010188", "PRUID": "60", "PRNAME": "Yukon", "CDUID": "6001", "CDNAME": "Yukon", "CDTYPE": "TER", "CCSUID": "6001045", "CCSNAME": "Yukon, Unorganized", "CSDUID": "6001003", "CSDNAME": "Watson Lake", "CSDTYPE": "T", "ERUID": "6010", "ERNAME": "Yukon", "SACCODE": "000", "SACTYPE": "8", "CMAUID": null, "CMAPUID": null, "CMANAME": null, "CMATYPE": null, "CTUID": null, "CTNAME": null, "ADAUID": "60010033", "ALT_GEO_CODE": "60010188", "province": "Territories", "first_lang_eng_french": 0.0, "first_lang_french": 5.0, "know_eng_french": 15.0, "know_french_only": 0.0, "mother_eng_french": 0.0, "mother_french": 5.0, "mother_french_non_official": 0.0, "pop_0_14": 105.0, "pop_0_4": 30.0, "pop_15_19": 30.0, "pop_2021": 479.0, "pop_under_19": 135.0, "share_under_19": 0.28183716075156579, "share_under_5": 0.062630480167014599, "first_lang_eng_french_under_19": 0.0, "first_lang_eng_french_under_5": 0.0, "first_lang_french_under_19": 1.4091858037578289, "first_lang_french_under_5": 0.31315240083507301, "know_eng_french_under_19": 4.2275574112734864, "know_eng_french_under_5": 0.93945720250521925, "know_french_only_under_19": 0.0, "know_french_only_under_5": 0.0, "mother_eng_french_under_19": 0.0, "mother_eng_french_under_5": 0.0, "mother_french_under_19": 1.4091858037578289, "mother_french_under_5": 0.31315240083507301, "mother_french_non_official_under_19": 0.0, "mother_french_non_official_under_5": 0.0 }, "geometry": { "type": "Polygon", "coordinates": [ [ [ -128.703449413695068, 60.072526687932466 ], [ -128.692291794976001, 60.070961145327928 ], [ -128.692363396186209, 60.068912096123846 ], [ -128.694840106905332, 60.068247511454608 ], [ -128.696107096885697, 60.069184299565421 ], [ -128.698132200062446, 60.069736595361341 ], [ -128.705393593427289, 60.070246497700353 ], [ -128.705671998806054, 60.066249796894091 ], [ -128.711726691974633, 60.066138300837736 ], [ -128.711896612853053, 60.064794109776734 ], [ -128.715747702781158, 60.064558704694761 ], [ -128.718286517809133, 60.065973905924331 ], [ -128.721140081446066, 60.068413292138175 ], [ -128.727465879887689, 60.071136365502582 ], [ -128.724784648584318, 60.073076430781022 ], [ -128.719874262508313, 60.073332256126697 ], [ -128.703449413695068, 60.072526687932466 ] ] ] } },
{ "type": "Feature", "properties": { "DAUID": "60010133", "PRUID": "60", "PRNAME": "Yukon", "CDUID": "6001", "CDNAME": "Yukon", "CDTYPE": "TER", "CCSUID": "6001045", "CCSNAME": "Yukon, Unorganized", "CSDUID": "6001037", "CSDNAME": "Ross River", "CSDTYPE": "SÉ", "ERUID": "6010", "ERNAME": "Yukon", "SACCODE": "000", "SACTYPE": "8", "CMAUID": null, "CMAPUID": null, "CMANAME": null, "CMATYPE": null, "CTUID": null, "CTNAME": null, "ADAUID": "60010018", "ALT_GEO_CODE": "60010133", "province": "Territories", "first_lang_eng_french": 0.0, "first_lang_french": 5.0, "know_eng_french": 15.0, "know_french_only": 0.0, "mother_eng_french": 0.0, "mother_french": 5.0, "mother_french_non_official": 0.0, "pop_0_14": 60.0, "pop_0_4": 15.0, "pop_15_19": 30.0, "pop_2021": 355.0, "pop_under_19": 90.0, "share_under_19": 0.25352112676056338, "share_under_5": 0.0422535211267605, "first_lang_eng_french_under_19": 0.0, "first_lang_eng_french_under_5": 0.0, "first_lang_french_under_19": 1.267605633802817, "first_lang_french_under_5": 0.21126760563380281, "know_eng_french_under_19": 3.8028169014084505, "know_eng_french_under_5": 0.63380281690140849, "know_french_only_under_19": 0.0, "know_french_only_under_5": 0.0, "mother_eng_french_under_19": 0.0, "mother_eng_french_under_5": 0.0, "mother_french_under_19": 1.267605633802817, "mother_french_under_5": 0.21126760563380281, "mother_french_non_official_under_19": 0.0, "mother_french_non_official_under_5": 0.0 }, "geometry": { "type": "Polygon", "coordinates": [ [ [ -132.447568729257114, 62.002806005863171 ], [ -132.392580281274945, 61.95647270229653 ], [ -132.453894578412559, 61.94060519597619 ], [ -132.508331112527515, 61.98761707393097 ], [ -132.447568729257114, 62.002806005863171 ] ] ] } },
{ "type": "Feature", "properties": { "DAUID": "60010135", "PRUID": "60", "PRNAME": "Yukon", "CDUID": "6001", "CDNAME": "Yukon", "CDTYPE": "TER", "CCSUID": "6001045", "CCSNAME": "Yukon, Unorganized", "CSDUID": "6001047", "CSDNAME": "Johnsons Crossing", "CSDTYPE": "SÉ", "ERUID": "6010", "ERNAME": "Yukon", "SACCODE": "000", "SACTYPE": "8", "CMAUID": null, "CMAPUID": null, "CMANAME": null, "CMATYPE": null, "CTUID": null, "CTNAME": null, "ADAUID": "60010026", "ALT_GEO_CODE": "60010135", "province": "Territories", "first_lang_eng_french": null, "first_lang_french": null, "know_eng_french": null, "know_french_only": null, "mother_eng_french": null, "mother_french": null, "mother_french_non_official": null, "pop_0_14": null, "pop_0_4": null, "pop_15_19": null, "pop_2021": 10.0, "pop_under_19": null, "share_under_19": null, "share_under_5": null, "first_lang_eng_french_under_19": null, "first_lang_eng_french_under_5": null, "first_lang_french_under_19": null, "first_lang_french_under_5": null, "know_eng_french_under_19": null, "know_eng_french_under_5": null, "know_french_only_under_19": null, "know_french_only_under_5": null, "mother_eng_french_under_19": null, "mother_eng_french_under_5": null, "mother_french_under_19": null, "mother_french_under_5": null, "mother_french_non_official_under_19": null, "mother_french_non_official_under_5": null }, "geometry": { "type": "Polygon", "coordinates": [ [ [ -133.254456650766912, 60.477587671175058 ], [ -133.263770206180709, 60.473090275901782 ], [ -133.274494581994475, 60.469329800510437 ], [ -133.296291850753676, 60.465843339220726 ], [ -133.313963234113942, 60.464857801013508 ], [ -133.328083202710985, 60.46811052719756 ], [ -133.338541510584207, 60.474874854155722 ], [ -133.34493699631625, 60.484713498106963 ], [ -133.345820056134102, 60.492592243126765 ], [ -133.34369690827512, 60.500786702133901 ], [ -133.331830815328829, 60.508928194351128 ], [ -133.312332703927012, 60.5132697732531 ], [ -133.297709141656043, 60.514459592491725 ], [ -133.276643466598358, 60.511539442011738 ], [ -133.263406563910621, 60.508623854041744 ], [ -133.249324786557622, 60.499680815854255 ], [ -133.243469772806009, 60.491003839198029 ], [ -133.246837445097469, 60.484256409414293 ], [ -133.254456650766912, 60.477587671175058 ] ] ] } },
{ "type": "Feature", "properties": { "DAUID": "60010137", "PRUID": "60", "PRNAME": "Yukon", "CDUID": "6001", "CDNAME": "Yukon", "CDTYPE": "TER", "CCSUID": "6001045", "CCSNAME": "Yukon, Unorganized", "CSDUID": "6001012", "CSDNAME": "Carmacks", "CSDTYPE": "VL", "ERUID": "6010", "ERNAME": "Yukon", "SACCODE": "000", "SACTYPE": "8", "CMAUID": null, "CMAPUID": null, "CMANAME": null, "CMATYPE": null, "CTUID": null, "CTNAME": null, "ADAUID": "60010011", "ALT_GEO_CODE": null, "province": null, "first_lang_eng_french": null, "first_lang_french": null, "know_eng_french": null, "know_french_only": null, "mother_eng_french": null, "mother_french": null, "mother_french_non_official": null, "pop_0_14": null, "pop_0_4": null, "pop_15_19": null, "pop_2021": null, "pop_under_19": null, "share_under_19": null, "share_under_5": null, "first_lang_eng_french_under_19": null, "first_lang_eng_french_under_5": null, "first_lang_french_under_19": null, "first_lang_french_under_5": null, "know_eng_french_under_19": null, "know_eng_french_under_5": null, "know_french_only_under_19": null, "know_french_only_under_5": null, "mother_eng_french_under_19": null, "mother_eng_french_under_5": null, "mother_french_under_19": null, "mother_french_under_5": null, "mother_french_non_official_under_19": null, "mother_french_non_official_under_5": null }, "geometry": { "type": "Polygon", "coordinates": [ [ [ -136.226111759662132, 62.126307990673972 ], [ -136.17454191559554, 62.114968515599074 ], [ -136.154538979875554, 62.114132838868429 ], [ -136.151593684009725, 62.094958844245753 ], [ -136.234785465018035, 62.093970445148592 ], [ -136.234491670108298, 62.067537505184283 ], [ -136.324863025745969, 62.067459691734165 ], [ -136.325147331788628, 62.125542257114702 ], [ -136.275465523909418, 62.125684992627122 ], [ -136.262396729156904, 62.129670637845351 ], [ -136.235184460043172, 62.1297932704068 ], [ -136.235152968735662, 62.126966693817373 ], [ -136.226111759662132, 62.126307990673972 ] ] ] } },
{ "type": "Feature", "properties": { "DAUID": "60010138", "PRUID": "60", "PRNAME": "Yukon", "CDUID": "6001", "CDNAME": "Yukon", "CDTYPE": "TER", "CCSUID": "6001045", "CCSNAME": "Yukon, Unorganized", "CSDUID": "6001032", "CSDNAME": "Upper Liard", "CSDTYPE": "SÉ", "ERUID": "6010", "ERNAME": "Yukon", "SACCODE": "000", "SACTYPE": "8", "CMAUID": null, "CMAPUID": null, "CMANAME": null, "CMATYPE": null, "CTUID": null, "CTNAME": null, "ADAUID": "60010031", "ALT_GEO_CODE": "60010138", "province": "Territories", "first_lang_eng_french": 0.0, "first_lang_french": 0.0, "know_eng_french": 0.0, "know_french_only": 0.0, "mother_eng_french": 0.0, "mother_french": 0.0, "mother_french_non_official": 0.0, "pop_0_14": 20.0, "pop_0_4": 10.0, "pop_15_19": 0.0, "pop_2021": 130.0, "pop_under_19": 20.0, "share_under_19": 0.1538461538461538, "share_under_5": 0.0769230769230769, "first_lang_eng_french_under_19": 0.0, "first_lang_eng_french_under_5": 0.0, "first_lang_french_under_19": 0.0, "first_lang_french_under_5": 0.0, "know_eng_french_under_19": 0.0, "know_eng_french_under_5": 0.0, "know_french_only_under_19": 0.0, "know_french_only_under_5": 0.0, "mother_eng_french_under_19": 0.0, "mother_eng_french_under_5": 0.0, "mother_french_under_19": 0.0, "mother_french_under_5": 0.0, "mother_french_non_official_under_19": 0.0, "mother_french_non_official_under_5": 0.0 }, "geometry": { "type": "Polygon", "coordinates": [ [ [ -128.890615660163462, 60.046543001199517 ], [ -128.896421322297044, 60.043604130771271 ], [ -128.913263677571308, 60.041311236731623 ], [ -128.927197210053663, 60.041944404390208 ], [ -128.938893288059461, 60.046141172478592 ], [ -128.94423651864966, 60.05158118463585 ], [ -128.94106454635309, 60.056819810869719 ], [ -128.936454059583752, 60.061380702939282 ], [ -128.92942148518523, 60.064040455743637 ], [ -128.923216441747144, 60.065313326193156 ], [ -128.905556239204373, 60.065175082921165 ], [ -128.899252323357416, 60.061169441784195 ], [ -128.895595655609895, 60.05826236111956 ], [ -128.892298985067555, 60.053481521651648 ], [ -128.890615660163462, 60.046543001199517 ] ] ] } },
{ "type": "Feature", "properties": { "DAUID": "60010139", "PRUID": "60", "PRNAME": "Yukon", "CDUID": "6001", "CDNAME": "Yukon", "CDTYPE": "TER", "CCSUID": "6001045", "CCSNAME": "Yukon, Unorganized", "CSDUID": "6001004", "CSDNAME": "Faro", "CSDTYPE": "T", "ERUID": "6010", "ERNAME": "Yukon", "SACCODE": "000", "SACTYPE": "8", "CMAUID": null, "CMAPUID": null, "CMANAME": null, "CMATYPE": null, "CTUID": null, "CTNAME": null, "ADAUID": "60010014", "ALT_GEO_CODE": "60010139", "province": "Territories", "first_lang_eng_french": 0.0, "first_lang_french": 30.0, "know_eng_french": 45.0, "know_french_only": 0.0, "mother_eng_french": 5.0, "mother_french": 35.0, "mother_french_non_official": 0.0, "pop_0_14": 90.0, "pop_0_4": 30.0, "pop_15_19": 15.0, "pop_2021": 440.0, "pop_under_19": 105.0, "share_under_19": 0.23863636363636359, "share_under_5": 0.068181818181818094, "first_lang_eng_french_under_19": 0.0, "first_lang_eng_french_under_5": 0.0, "first_lang_french_under_19": 7.1590909090909092, "first_lang_french_under_5": 2.0454545454545454, "know_eng_french_under_19": 10.738636363636363, "know_eng_french_under_5": 3.0681818181818179, "know_french_only_under_19": 0.0, "know_french_only_under_5": 0.0, "mother_eng_french_under_19": 1.1931818181818183, "mother_eng_french_under_5": 0.34090909090909088, "mother_french_under_19": 8.3522727272727284, "mother_french_under_5": 2.3863636363636358, "mother_french_non_official_under_19": 0.0, "mother_french_non_official_under_5": 0.0 }, "geometry": { "type": "Polygon", "coordinates": [ [ [ -133.198717347383678, 62.271119571837708 ], [ -133.199051747189429, 62.155347993795743 ], [ -133.509229461259963, 62.155478992511178 ], [ -133.512282359495345, 62.274349014808998 ], [ -133.198717347383678, 62.271119571837708 ] ] ] } },
{ "type": "Feature", "properties": { "DAUID": "60010141", "PRUID": "60", "PRNAME": "Yukon", "CDUID": "6001", "CDNAME": "Yukon", "CDTYPE": "TER", "CCSUID": "6001045", "CCSNAME": "Yukon, Unorganized", "CSDUID": "6001010", "CSDNAME": "Lake Laberge 1", "CSDTYPE": "SG", "ERUID": "6010", "ERNAME": "Yukon", "SACCODE": "990", "SACTYPE": "3", "CMAUID": "990", "CMAPUID": "60990", "CMANAME": "Whitehorse", "CMATYPE": "D", "CTUID": null, "CTNAME": null, "ADAUID": "60010019", "ALT_GEO_CODE": "60010141", "province": "Territories", "first_lang_eng_french": null, "first_lang_french": null, "know_eng_french": null, "know_french_only": null, "mother_eng_french": null, "mother_french": null, "mother_french_non_official": null, "pop_0_14": null, "pop_0_4": null, "pop_15_19": null, "pop_2021": 24.0, "pop_under_19": null, "share_under_19": null, "share_under_5": null, "first_lang_eng_french_under_19": null, "first_lang_eng_french_under_5": null, "first_lang_french_under_19": null, "first_lang_french_under_5": null, "know_eng_french_under_19": null, "know_eng_french_under_5": null, "know_french_only_under_19": null, "know_french_only_under_5": null, "mother_eng_french_under_19": null, "mother_eng_french_under_5": null, "mother_french_under_19": null, "mother_french_under_5": null, "mother_french_non_official_under_19": null, "mother_french_non_official_under_5": null }, "geometry": { "type": "Polygon", "coordinates": [ [ [ -135.116215168112518, 60.98957623865688 ], [ -135.115815360809052, 60.972099770404085 ], [ -135.138664943414369, 60.972702422017846 ], [ -135.137599536119922, 60.989817542366616 ], [ -135.116215168112518, 60.98957623865688 ] ] ] } },
{ "type": "Feature", "properties": { "DAUID": "60010189", "PRUID": "60", "PRNAME": "Yukon", "CDUID": "6001", "CDNAME": "Yukon", "CDTYPE": "TER", "CCSUID": "6001045", "CCSNAME": "Yukon, Unorganized", "CSDUID": "6001003", "CSDNAME": "Watson Lake", "CSDTYPE": "T", "ERUID": "6010", "ERNAME": "Yukon", "SACCODE": "000", "SACTYPE": "8", "CMAUID": null, "CMAPUID": null, "CMANAME": null, "CMATYPE": null, "CTUID": null, "CTNAME": null, "ADAUID": "60010033", "ALT_GEO_CODE": null, "province": null, "first_lang_eng_french": null, "first_lang_french": null, "know_eng_french": null, "know_french_only": null, "mother_eng_french": null, "mother_french": null, "mother_french_non_official": null, "pop_0_14": null, "pop_0_4": null, "pop_15_19": null, "pop_2021": null, "pop_under_19": null, "share_under_19": null, "share_under_5": null, "first_lang_eng_french_under_19": null, "first_lang_eng_french_under_5": null, "first_lang_french_under_19": null, "first_lang_french_under_5": null, "know_eng_french_under_19": null, "know_eng_french_under_5": null, "know_french_only_under_19": null, "know_french_only_under_5": null, "mother_eng_french_under_19": null, "mother_eng_french_under_5": null, "mother_french_under_19": null, "mother_french_under_5": null, "mother_french_non_official_under_19": null, "mother_french_non_official_under_5": null }, "geometry": { "type": "Polygon", "coordinates": [ [ [ -128.715747702781158, 60.064558704694761 ], [ -128.711896612853053, 60.064794109776734 ], [ -128.711726691974633, 60.066138300837736 ], [ -128.705671998806054, 60.066249796894091 ], [ -128.705393593427289, 60.070246497700353 ], [ -128.698132200062446, 60.069736595361341 ], [ -128.696107096885697, 60.069184299565421 ], [ -128.694840106905332, 60.068247511454608 ], [ -128.692363396186209, 60.068912096123846 ], [ -128.692291794976001, 60.070961145327928 ], [ -128.667973553968778, 60.06434272661803 ], [ -128.654285288030138, 60.059826080843841 ], [ -128.654912168369975, 60.052959903374273 ], [ -128.661087380681579, 60.048949335326498 ], [ -128.698271991803722, 60.056852684905444 ], [ -128.728565624850489, 60.057117397304715 ], [ -128.727465879887689, 60.071136365502582 ], [ -128.721140081446066, 60.068413292138175 ], [ -128.718286517809133, 60.065973905924331 ], [ -128.715747702781158, 60.064558704694761 ] ] ] } },
{ "type": "Feature", "properties": { "DAUID": "60010190", "PRUID": "60", "PRNAME": "Yukon", "CDUID": "6001", "CDNAME": "Yukon", "CDTYPE": "TER", "CCSUID": "6001045", "CCSNAME": "Yukon, Unorganized", "CSDUID": "6001045", "CSDNAME": "Yukon, Unorganized", "CSDTYPE": "NO", "ERUID": "6010", "ERNAME": "Yukon", "SACCODE": "000", "SACTYPE": "8", "CMAUID": null, "CMAPUID": null, "CMANAME": null, "CMATYPE": null, "CTUID": null, "CTNAME": null, "ADAUID": "60010001", "ALT_GEO_CODE": null, "province": null, "first_lang_eng_french": null, "first_lang_french": null, "know_eng_french": null, "know_french_only": null, "mother_eng_french": null, "mother_french": null, "mother_french_non_official": null, "pop_0_14": null, "pop_0_4": null, "pop_15_19": null, "pop_2021": null, "pop_under_19": null, "share_under_19": null, "share_under_5": null, "first_lang_eng_french_under_19": null, "first_lang_eng_french_under_5": null, "first_lang_french_under_19": null, "first_lang_french_under_5": null, "know_eng_french_under_19": null, "know_eng_french_under_5": null, "know_french_only_under_19": null, "know_french_only_under_5": null, "mother_eng_french_under_19": null, "mother_eng_french_under_5": null, "mother_french_under_19": null, "mother_french_under_5": null, "mother_french_non_official_under_19": null, "mother_french_non_official_under_5": null }, "geometry": { "type": "Polygon", "coordinates": [ [ [ -136.988300897142665, 65.833782036315341 ], [ -136.984056061724118, 65.834680764846709 ], [ -136.981866834657836, 65.833838506522937 ], [ -136.960944200292545, 65.834296292986906 ], [ -136.945208538060569, 65.831822307724536 ], [ -136.937966338928533, 65.831608972529878 ], [ -136.931661595121682, 65.830755181776553 ], [ -136.925648078640904, 65.828228120966031 ], [ -136.915811298375047, 65.825201215581259 ], [ -136.908288984497631, 65.825313097440301 ], [ -136.898983444907117, 65.827663572174387 ], [ -136.890507810162319, 65.829114696094948 ], [ -136.886391451537747, 65.829111609822306 ], [ -136.882298478525115, 65.827932379136612 ], [ -136.878220874378854, 65.822157667695336 ], [ -136.875908195781392, 65.820758987787059 ], [ -136.869885230897864, 65.819800545000874 ], [ -136.868102576226335, 65.819965912663676 ], [ -136.864405210536518, 65.82210213021807 ], [ -136.862351845305312, 65.822764336642066 ], [ -136.858794352914458, 65.823211460912148 ], [ -136.855776295618028, 65.825069978516041 ], [ -136.845660525639857, 65.827175678834948 ], [ -136.842223814794238, 65.827181150250382 ], [ -136.836488758067901, 65.826271780392076 ], [ -136.827749828058359, 65.82374669231956 ], [ -136.820345064319525, 65.823350256762581 ], [ -136.81420827929179, 65.821996107936656 ], [ -136.811734461836551, 65.821989511183943 ], [ -136.809835782646729, 65.822379929690101 ], [ -136.801181909614655, 65.826018016073036 ], [ -136.793809992533454, 65.82640968740769 ], [ -136.790918850855462, 65.827017901467144 ], [ -136.787359885900315, 65.828414655504119 ], [ -136.785847601603365, 65.82965286718337 ], [ -136.786646561758516, 65.831384645674717 ], [ -136.785286635353401, 65.832612087168727 ], [ -136.781721768483692, 65.833622838687418 ], [ -136.779514815928565, 65.834007501084997 ], [ -136.775692837236136, 65.833836457710234 ], [ -136.764782798857993, 65.830570123321507 ], [ -136.759428084423945, 65.831349690695134 ], [ -136.756816954260842, 65.833192550255148 ], [ -136.757901877850912, 65.834328848655431 ], [ -136.757888740151373, 65.837021389242096 ], [ -136.757324400388143, 65.837736838133793 ], [ -136.755406882443452, 65.838521671571158 ], [ -136.737926533198731, 65.836531186629713 ], [ -136.729156569901846, 65.837357352347141 ], [ -136.726694174011357, 65.836236393600586 ], [ -136.725059208497925, 65.836021477631618 ], [ -136.712462970723664, 65.836943590403791 ], [ -136.697972965583944, 65.835067671015082 ], [ -136.686369181062787, 65.834433033944592 ], [ -136.685831695598779, 65.832913316626673 ], [ -136.687367700714475, 65.830625858998943 ], [ -136.687377590801333, 65.82944115460468 ], [ -136.683837245729762, 65.827864712619217 ], [ -136.68122455456421, 65.827749833216501 ], [ -136.678900001817397, 65.828358670985509 ], [ -136.67848449763656, 65.8290362990262 ], [ -136.67902125268526, 65.830888118186138 ], [ -136.677762059326, 65.832059593432405 ], [ -136.672977366384032, 65.83221963085775 ], [ -136.665331439365275, 65.831136279123825 ], [ -136.663412206253469, 65.83057380668869 ], [ -136.665627823800264, 65.828611280084345 ], [ -136.668286244554622, 65.823691328071376 ], [ -136.667881319729617, 65.823184184725136 ], [ -136.663515392146252, 65.821670166236089 ], [ -136.658742359135687, 65.821982202775757 ], [ -136.656519812295528, 65.823837002074811 ], [ -136.654060865660313, 65.824061026472705 ], [ -136.648567590269806, 65.82578050619334 ], [ -136.644189084815565, 65.826114758751686 ], [ -136.640646021307958, 65.825820688140027 ], [ -136.636834911405089, 65.824407645157748 ], [ -136.63243086708286, 65.823646987482462 ], [ -136.610885023980529, 65.820716239416356 ], [ -136.600917478122682, 65.82091050727054 ], [ -136.592728461768132, 65.822970200001748 ], [ -136.578200021702713, 65.821971953812238 ], [ -136.575450746374685, 65.822466909524209 ], [ -136.572972217369681, 65.823811584496013 ], [ -136.577559476021804, 65.828305268005394 ], [ -136.578205480878182, 65.830272899150813 ], [ -136.576818609666276, 65.831220484139962 ], [ -136.572840863871534, 65.832051099733704 ], [ -136.562052193147082, 65.831416659120833 ], [ -136.560831452041896, 65.830782975382121 ], [ -136.560433526477823, 65.829997321486161 ], [ -136.561832354019458, 65.827434439376972 ], [ -136.561448730715568, 65.826522995555166 ], [ -136.559547409592966, 65.825851366263919 ], [ -136.556722359761437, 65.825643271651359 ], [ -136.547928820333823, 65.827127221875244 ], [ -136.543351112533202, 65.826206871263352 ], [ -136.539733551026728, 65.824639737295882 ], [ -136.522900251649588, 65.823894419062725 ], [ -136.515665765659918, 65.824835476423132 ], [ -136.510094567186599, 65.824729275721779 ], [ -136.503905168392038, 65.825620747631902 ], [ -136.494967367791475, 65.82981456426252 ], [ -136.469548538690248, 65.829999285749025 ], [ -136.451131174772399, 65.830890080293685 ], [ -136.442106678217272, 65.832445216428894 ], [ -136.433960516688074, 65.832756424561751 ], [ -136.423485238033351, 65.832306525590184 ], [ -136.419230385151593, 65.832837550718466 ], [ -136.412251226631895, 65.836500899311261 ], [ -136.411759902581707, 65.838861986856017 ], [ -136.415301540569317, 65.840769366730328 ], [ -136.423424463630255, 65.84657359680412 ], [ -136.424685961931431, 65.848486132102011 ], [ -136.423958944115725, 65.84998963965657 ], [ -136.419573996416631, 65.852130021486346 ], [ -136.408247877994086, 65.855726639196178 ], [ -136.401517833431001, 65.856170805025371 ], [ -136.397211175133464, 65.855935149911318 ], [ -136.391739617795054, 65.85531875275791 ], [ -136.388997983136647, 65.854543134283844 ], [ -136.385703529569014, 65.854427562655516 ], [ -136.381373612224309, 65.855294842023923 ], [ -136.373484193751665, 65.855824497920608 ], [ -136.366363965849786, 65.858122161350693 ], [ -136.360819111366823, 65.860814840176005 ], [ -136.354072822034937, 65.863295084040686 ], [ -136.335820621521293, 65.868171364173449 ], [ -136.32550463251772, 65.869844575568948 ], [ -136.308478365437168, 65.87085385916393 ], [ -136.289817588552665, 65.86929699090598 ], [ -136.27492227299922, 65.870038889946414 ], [ -136.261290844219019, 65.869720345194935 ], [ -136.25571833385743, 65.870539748338587 ], [ -136.250116244456791, 65.872462310354564 ], [ -136.242222258798705, 65.873452684506603 ], [ -136.231055292249437, 65.872285724803177 ], [ -136.211285525946863, 65.872505894517886 ], [ -136.204892130757543, 65.874228413597493 ], [ -136.198232024093613, 65.87526132026349 ], [ -136.188948060383808, 65.87594377361593 ], [ -136.180295498571269, 65.875629099258845 ], [ -136.16590783829875, 65.874000262739557 ], [ -136.159621458950255, 65.875215173407241 ], [ -136.156634248825981, 65.877485020227809 ], [ -136.157672636442754, 65.878469735504837 ], [ -136.151661583964483, 65.879809690277398 ], [ -136.141888853583765, 65.880811407467036 ], [ -136.134701606866287, 65.882332272159829 ], [ -136.118824274296486, 65.884637997257826 ], [ -136.111669788874991, 65.885054454195256 ], [ -136.099577212630038, 65.889961859715072 ], [ -136.093321121942211, 65.891005468212867 ], [ -136.087700381047199, 65.891052659074361 ], [ -136.079418073086515, 65.8899814744411 ], [ -136.075220793031434, 65.889231181618698 ], [ -136.069299440308583, 65.886887284435858 ], [ -136.065140400611114, 65.885968174375961 ], [ -136.057909683005619, 65.885784516438605 ], [ -136.042247837648517, 65.888940560755898 ], [ -136.027443166605138, 65.892891992941585 ], [ -136.00154687747974, 65.893451997237847 ], [ -135.976926900036517, 65.892951051938198 ], [ -135.959685206705757, 65.893830059000322 ], [ -135.945518594295208, 65.89397385655171 ], [ -135.933158035994978, 65.89257011305736 ], [ -135.927843132085769, 65.89126332183487 ], [ -135.920813409294198, 65.88836119635927 ], [ -135.91865280801062, 65.885984119437552 ], [ -135.917843705237829, 65.88314852453324 ], [ -135.915837268769735, 65.880097326758289 ], [ -135.910124326556826, 65.876904704111084 ], [ -135.900547043877509, 65.875179155702554 ], [ -135.878552532553073, 65.876887127559868 ], [ -135.872574451885839, 65.87487276981112 ], [ -135.869029413961698, 65.87312163523265 ], [ -135.853635880070669, 65.868704379874828 ], [ -135.836468613491689, 65.866596986381083 ], [ -135.829470215773085, 65.866326441125452 ], [ -135.818602620168633, 65.867520778164263 ], [ -135.802234885833684, 65.868245761754949 ], [ -135.792011889479028, 65.868443252690938 ], [ -135.776819499466171, 65.867681106912755 ], [ -135.770301353041361, 65.868021701237168 ], [ -135.759802692834057, 65.869396518066083 ], [ -135.749151551476757, 65.874080278285717 ], [ -135.743178597814023, 65.875631410574073 ], [ -135.725849558282249, 65.877756212406354 ], [ -135.719291294703311, 65.87980353056021 ], [ -135.713526425017591, 65.880671705958534 ], [ -135.708438231193327, 65.880216009439906 ], [ -135.703509219479827, 65.87908627069001 ], [ -135.692350319690206, 65.875507577728698 ], [ -135.673184556300072, 65.872248643074357 ], [ -135.66610852693077, 65.872928586526299 ], [ -135.661366023384204, 65.874525626031428 ], [ -135.65585388207208, 65.87498657182239 ], [ -135.647394228819536, 65.874734690098677 ], [ -135.64285083870206, 65.87548887953858 ], [ -135.637604349589992, 65.875704702630486 ], [ -135.624413401991603, 65.873944647355842 ], [ -135.603855198451555, 65.873886170794435 ], [ -135.598301813006657, 65.87451350790225 ], [ -135.590211251937859, 65.878780224043851 ], [ -135.587585874177307, 65.88105561894568 ], [ -135.582506308140893, 65.882296806396354 ], [ -135.567178050003463, 65.88465520895052 ], [ -135.559562475570488, 65.885198084021908 ], [ -135.551860644454962, 65.884376415479906 ], [ -135.543702797006006, 65.882005149147844 ], [ -135.540568403630402, 65.879496948291703 ], [ -135.535777697691742, 65.87181887459937 ], [ -135.532993957787994, 65.868729344883761 ], [ -135.528442406204846, 65.866078150269573 ], [ -135.522431414096616, 65.863452496500557 ], [ -135.505666473245611, 65.863194751889978 ], [ -135.494539153725157, 65.865376961603999 ], [ -135.48431502359972, 65.865554226098141 ], [ -135.471849273251962, 65.863852788590748 ], [ -135.463879615254058, 65.862037292784592 ], [ -135.456559400556813, 65.85969518644761 ], [ -135.451975919802095, 65.857210171264228 ], [ -135.443860277296693, 65.8521978882535 ], [ -135.435052860010757, 65.844944957287282 ], [ -135.429508650225131, 65.842164237473156 ], [ -135.424071227411559, 65.838111755285652 ], [ -135.413256910806297, 65.832305173526663 ], [ -135.409069955234031, 65.830770588535785 ], [ -135.405026552584786, 65.829497036124209 ], [ -135.390326955427639, 65.826844700361946 ], [ -135.382439048070211, 65.826856637182416 ], [ -135.377854661877336, 65.827771475804255 ], [ -135.369388430450357, 65.828439165642195 ], [ -135.361918722724567, 65.826766140771326 ], [ -135.358045802387608, 65.824817801055488 ], [ -135.349714515060782, 65.823278203501189 ], [ -135.345666249133757, 65.823704147824714 ], [ -135.338297095791319, 65.826627978024447 ], [ -135.333885762265055, 65.829335360605327 ], [ -135.331174892266432, 65.832709594916949 ], [ -135.326635465337745, 65.835921902910442 ], [ -135.321710389646967, 65.838182110276634 ], [ -135.31145787553109, 65.840983723795162 ], [ -135.281224808867648, 65.847663071244853 ], [ -135.232126643336159, 65.850429294437589 ], [ -135.214589164206814, 65.852404141404634 ], [ -135.202865301384151, 65.852753946719048 ], [ -135.184713326650325, 65.855082208313817 ], [ -135.159846863405079, 65.862097635376429 ], [ -135.144132373607277, 65.874695578429169 ], [ -135.133910421444654, 65.878849690697223 ], [ -135.124585110903439, 65.881935774286944 ], [ -135.106980526440111, 65.890066644950394 ], [ -135.098383878403865, 65.893523433447157 ], [ -135.072938305424884, 65.90731068093713 ], [ -135.065940877913363, 65.915771789347119 ], [ -135.057238554243639, 65.923562673068304 ], [ -135.030649257411227, 65.930784249390314 ], [ -135.022420113336835, 65.931955855256589 ], [ -134.99444394000011, 65.931323239391546 ], [ -134.985528032874583, 65.932718106940996 ], [ -134.977073573735623, 65.934728684494317 ], [ -134.970684408560942, 65.93759611294486 ], [ -134.95923329049657, 65.943814633770401 ], [ -134.951553164177994, 65.946028530523549 ], [ -134.94225765200332, 65.946468090832425 ], [ -134.936982246547359, 65.945127649106396 ], [ -134.934454582334553, 65.943653551475848 ], [ -134.928547815896138, 65.943902126450425 ], [ -134.922220500288404, 65.942599497787128 ], [ -134.916620633116395, 65.940137217586482 ], [ -134.906564795153656, 65.937968202682498 ], [ -134.889835200145967, 65.935410287368313 ], [ -134.884387173456304, 65.935507317672233 ], [ -134.879540298434534, 65.937248581059336 ], [ -134.876205993872134, 65.93956819806003 ], [ -134.875437556182931, 65.942428303044707 ], [ -134.871918657044944, 65.944654454444901 ], [ -134.866244687484937, 65.946358357479411 ], [ -134.845594217994631, 65.949433062873837 ], [ -134.832866347722188, 65.953287735500865 ], [ -134.828608544675831, 65.955139349312461 ], [ -134.826826082474668, 65.957868618572832 ], [ -134.827338491124891, 65.962914799492552 ], [ -134.824912458503121, 65.964933996414402 ], [ -134.818614615862344, 65.968524011903128 ], [ -134.813391081132238, 65.970842637470312 ], [ -134.804865763360397, 65.9737783279474 ], [ -134.788359184884627, 65.976097187828785 ], [ -134.780380143346775, 65.975480416493951 ], [ -134.767954472140559, 65.97355452956586 ], [ -134.756446304469335, 65.972861366598835 ], [ -134.751034954424711, 65.973551840569826 ], [ -134.74910688539191, 65.975252201362892 ], [ -134.748324432680988, 65.977345313247739 ], [ -134.748871226127477, 65.979924630147863 ], [ -134.752992222018435, 65.985476425041838 ], [ -134.753310170918553, 65.988130425822533 ], [ -134.751885249296549, 65.990279478256468 ], [ -134.746376808218486, 65.992072450986171 ], [ -134.735500548054887, 65.992854387594818 ], [ -134.720403527182469, 65.993017170821574 ], [ -134.706456886709333, 65.992038967989103 ], [ -134.691401071584096, 65.993563289395851 ], [ -134.683648784986246, 65.992866961586898 ], [ -134.678929904532879, 65.991032235740107 ], [ -134.677194797220835, 65.988993871580348 ], [ -134.67266682769943, 65.985719973052269 ], [ -134.666736824489078, 65.983360676554256 ], [ -134.659587643001146, 65.982009464595549 ], [ -134.649857682996242, 65.983178842453469 ], [ -134.640224760457983, 65.983245011341012 ], [ -134.619505385519687, 65.981093864842578 ], [ -134.608420929282829, 65.978876336879054 ], [ -134.603787972832009, 65.979001877337751 ], [ -134.599285270692292, 65.980155375293364 ], [ -134.595200367433222, 65.980561661686664 ], [ -134.590254427978948, 65.979565034009653 ], [ -134.586322680895307, 65.977934036033943 ], [ -134.585055397497769, 65.97574570968051 ], [ -134.586610979845375, 65.970196729402645 ], [ -134.587818710153186, 65.968123635410024 ], [ -134.589574201068416, 65.966331605921738 ], [ -134.59256662944756, 65.964597114197815 ], [ -134.60189593867031, 65.961113244547875 ], [ -134.625798602580119, 65.957027504437576 ], [ -134.641835940865775, 65.957173812032408 ], [ -134.649078739272312, 65.956656948071014 ], [ -134.653073390646796, 65.955053005031132 ], [ -134.654321764320343, 65.952811201905121 ], [ -134.649752337462019, 65.950471040467548 ], [ -134.639502657727917, 65.948293781404018 ], [ -134.627461163133233, 65.947310227220939 ], [ -134.618572009299669, 65.947749604754691 ], [ -134.608435599402213, 65.946299309714632 ], [ -134.593581168273886, 65.941945667828833 ], [ -134.5865768077349, 65.941619201305741 ], [ -134.582862692642607, 65.942212543804885 ], [ -134.577428713446665, 65.945962195982332 ], [ -134.575095450306435, 65.951304537530717 ], [ -134.574617582952072, 65.953752332896357 ], [ -134.571578005698399, 65.955654642432222 ], [ -134.567672683337662, 65.956920199140427 ], [ -134.561941933794998, 65.957248559782059 ], [ -134.557684267705639, 65.95679385908295 ], [ -134.55338634403472, 65.955740891380444 ], [ -134.541055996689238, 65.951329913380178 ], [ -134.535687534918878, 65.947415135962245 ], [ -134.532300712266164, 65.942400646008394 ], [ -134.52734734472719, 65.938504914692288 ], [ -134.52156398513165, 65.935336555613347 ], [ -134.512598099551127, 65.934573550193903 ], [ -134.504717128091158, 65.935139020380575 ], [ -134.499337849218961, 65.937185242708196 ], [ -134.508293506468021, 65.947574618276519 ], [ -134.508839001789966, 65.952285575800161 ], [ -134.516899605798244, 65.957009601898946 ], [ -134.519024383579051, 65.959835472507763 ], [ -134.523948437225641, 65.962366959552 ], [ -134.526661621515871, 65.966072163400071 ], [ -134.522054862452904, 65.968325982962355 ], [ -134.517732801444339, 65.969570893844562 ], [ -134.513053508639615, 65.969861894020127 ], [ -134.502656387962929, 65.968946336672431 ], [ -134.488325309754771, 65.96533126703271 ], [ -134.483135249651923, 65.962274808598053 ], [ -134.470881697859056, 65.959820902983012 ], [ -134.464976400967544, 65.959285608262292 ], [ -134.451862333895178, 65.959856284089128 ], [ -134.444700817875685, 65.960794075489446 ], [ -134.440146152642143, 65.962111103202943 ], [ -134.434316449696155, 65.962770989553647 ], [ -134.429465892069743, 65.962199296293434 ], [ -134.422297471872781, 65.960239022375433 ], [ -134.418764783732456, 65.957258994284942 ], [ -134.417780179497498, 65.955593215334005 ], [ -134.417807791300874, 65.950397325917734 ], [ -134.420504867252021, 65.947543977263877 ], [ -134.424859759383821, 65.944002851099128 ], [ -134.420264444420155, 65.941824071516905 ], [ -134.417161962324343, 65.94099439639308 ], [ -134.408865176086096, 65.941535357913494 ], [ -134.404868696388831, 65.942366766631395 ], [ -134.398488531835483, 65.946406958529593 ], [ -134.390663387675261, 65.948929325392825 ], [ -134.385284039057098, 65.950205333528899 ], [ -134.378171189502837, 65.950971961705875 ], [ -134.370852084226044, 65.950279836754419 ], [ -134.357621839222844, 65.946917254930185 ], [ -134.347300964524521, 65.945056955622249 ], [ -134.337402489477171, 65.945346654085881 ], [ -134.329585159186934, 65.947099666217994 ], [ -134.324831922136894, 65.949085640153896 ], [ -134.320462491705825, 65.952623934475625 ], [ -134.317535696833943, 65.953230484290742 ], [ -134.314549356435521, 65.95710416851945 ], [ -134.311903387142877, 65.958160038521612 ], [ -134.308218710169996, 65.95856519267258 ], [ -134.300887890348747, 65.957957838572298 ], [ -134.295459523353827, 65.958570084224917 ], [ -134.291291918553526, 65.957339708983326 ], [ -134.285873546019815, 65.957592787952919 ], [ -134.263257737806583, 65.954615024928444 ], [ -134.258242831813902, 65.957650422600906 ], [ -134.253919496929171, 65.961828487060288 ], [ -134.254021383375033, 65.96361444255534 ], [ -134.251960453601242, 65.968097919388129 ], [ -134.251310330148698, 65.971443482680158 ], [ -134.254137237210955, 65.975363785726557 ], [ -134.26031125230557, 65.979176787535295 ], [ -134.259008242513431, 65.982490537765145 ], [ -134.226664136750287, 65.985370583208734 ], [ -134.213639502989651, 65.989056418625808 ], [ -134.215675391186124, 65.999018183131696 ], [ -133.975594973975973, 65.996270834990597 ], [ -133.784204796564495, 65.99581425800578 ], [ -133.634419066500271, 65.994696573205587 ], [ -133.662792467739138, 65.98129681436491 ], [ -133.658330879264412, 65.959680990049478 ], [ -133.621445600915393, 65.94206621946698 ], [ -133.594964037908454, 65.935869529599856 ], [ -133.555528327798555, 65.95183782196051 ], [ -133.525811344719301, 65.954306419390988 ], [ -133.487238775023854, 65.942188114608413 ], [ -133.446919508398906, 65.933467491246958 ], [ -133.405185185705704, 65.938858504682756 ], [ -133.323446023622523, 65.970270750694297 ], [ -133.268578847316178, 65.995846645480441 ], [ -133.196254655734975, 66.006880324010169 ], [ -133.1528293298297, 66.019407123184877 ], [ -133.12807022994042, 66.030939700284662 ], [ -133.055838267558812, 66.01922278552442 ], [ -133.005180580128723, 66.016816565899845 ], [ -132.92114750801187, 66.020421576497981 ], [ -132.912263515040507, 66.00154363089618 ], [ -132.934712703145038, 65.984463092491296 ], [ -132.961971496034721, 65.960548986881506 ], [ -133.021484828839505, 65.918812422293726 ], [ -132.996470925952337, 65.908711842316521 ], [ -132.955374760466839, 65.897499726129979 ], [ -132.909215971470246, 65.884044083247574 ], [ -132.837186504849853, 65.90036712598301 ], [ -132.805285411349985, 65.920576536758432 ], [ -132.799338051204074, 65.950514577838632 ], [ -132.749399742788029, 65.970219858615863 ], [ -132.706274427922864, 65.989021164274362 ], [ -132.656596873408205, 66.015831569084241 ], [ -132.616147963667203, 66.022304558469529 ], [ -132.568262732781477, 66.022875135299515 ], [ -132.540444285096839, 66.015024646267378 ], [ -132.519207498044722, 65.999063427683581 ], [ -132.508230637064571, 65.984268866859423 ], [ -132.494541860832925, 65.971988776804309 ], [ -132.460260194238003, 65.974633031874959 ], [ -132.426407243070344, 65.982286239175011 ], [ -132.377888326652993, 65.989040255618718 ], [ -132.365575933674194, 65.971930863516477 ], [ -132.350122258307181, 65.952316432642974 ], [ -132.460896178461923, 65.930503116592917 ], [ -132.530863364824825, 65.905896624453618 ], [ -132.577899650562784, 65.875552826804224 ], [ -132.596368963886704, 65.856704131038086 ], [ -132.563679587464662, 65.830170195330055 ], [ -132.519702554306974, 65.819574719566617 ], [ -132.48464637569208, 65.801189443561853 ], [ -132.414387790596038, 65.78877613472163 ], [ -132.375483009870862, 65.766425810993454 ], [ -132.354482619778793, 65.746922990992928 ], [ -132.313460959800778, 65.739857551038995 ], [ -132.299729006397484, 65.721532954400345 ], [ -132.283225022590585, 65.704697413553774 ], [ -132.298616199384099, 65.685962261598632 ], [ -132.24469789772985, 65.666695273697187 ], [ -132.221065337303514, 65.639599455110414 ], [ -132.198812889855759, 65.61859464772543 ], [ -132.16832125672363, 65.602427313718223 ], [ -132.19103123520739, 65.574822826241856 ], [ -132.214873711085403, 65.553115161749048 ], [ -132.248183703713977, 65.528580335436018 ], [ -132.283368513331283, 65.500553320871987 ], [ -132.281635606963675, 65.480841661008697 ], [ -132.275370327604094, 65.457700750413437 ], [ -132.314957644359737, 65.4472405944271 ], [ -132.349387157185561, 65.429423575808784 ], [ -132.37643655586092, 65.402358992858453 ], [ -132.446253135591093, 65.388208304081843 ], [ -132.504617449302373, 65.368612020913986 ], [ -132.537148178807229, 65.350464377360652 ], [ -132.555090969014572, 65.315153547541982 ], [ -132.566424278912052, 65.28404347521203 ], [ -132.607558731877788, 65.282602708934178 ], [ -132.65700471421988, 65.278130467508262 ], [ -132.669354296947319, 65.259662539101711 ], [ -132.747897169534184, 65.227366898442753 ], [ -132.706687005339802, 65.19928629256016 ], [ -132.763964695034304, 65.196464757703865 ], [ -132.772721218897431, 65.183043278992287 ], [ -132.726871571411323, 65.158380834145674 ], [ -132.656710342183175, 65.140809057939649 ], [ -132.596631930095043, 65.146276148338785 ], [ -132.554764240799642, 65.171238144430177 ], [ -132.509337146993317, 65.17351212295597 ], [ -132.534462079659789, 65.121183015024741 ], [ -132.542742072409368, 65.089901096026807 ], [ -132.519368448068235, 65.081518434182072 ], [ -132.45946831943354, 65.081111620016557 ], [ -132.336100219708072, 65.060719684118112 ], [ -132.33772455270983, 65.03830567832523 ], [ -132.371217727301143, 65.025309713171026 ], [ -132.405598749172555, 65.010006573021741 ], [ -132.414188741380769, 64.984382692391137 ], [ -132.490318728255602, 64.96240338545806 ], [ -132.491279713737583, 64.935562759274816 ], [ -132.462292296246034, 64.90157045271566 ], [ -132.481683061864743, 64.884023245246141 ], [ -132.51113354977528, 64.866227938049263 ], [ -132.553819381541018, 64.849302544054808 ], [ -132.586896599924131, 64.834589222367299 ], [ -132.627649066837989, 64.829681060430389 ], [ -132.559226249268903, 64.796122050013693 ], [ -132.546027571685158, 64.770245900257621 ], [ -132.511911371034074, 64.774481725118562 ], [ -132.464239760644887, 64.788694097576027 ], [ -132.422031458883168, 64.777790881747464 ], [ -132.356964199775661, 64.783168013887249 ], [ -132.299090171154774, 64.761211402711723 ], [ -132.216249456389363, 64.742877764286177 ], [ -132.124261477661577, 64.703741659246731 ], [ -132.037715788828848, 64.696423103260301 ], [ -131.999999995611034, 64.652959238667037 ], [ -131.999999980527605, 63.563013871915651 ], [ -131.997444298917259, 63.562019386660815 ], [ -131.995680658119198, 63.560574225280845 ], [ -131.995568571346695, 63.559507704388793 ], [ -131.998772514674272, 63.555111400582398 ], [ -131.999617852148987, 63.551276365526775 ], [ -131.998766726656328, 63.548545671706194 ], [ -131.998463893031413, 63.543558010582103 ], [ -131.999999988183333, 63.54260455204021 ], [ -132.000000004660734, 63.000000002711538 ], [ -136.4885854675762, 63.000000056530453 ], [ -136.480708202513625, 63.005747646635854 ], [ -136.465986549431818, 63.009527716409764 ], [ -136.462075819013876, 63.011507225658796 ], [ -136.45762084255918, 63.016050655651888 ], [ -136.452309010069996, 63.018888134938393 ], [ -136.449124802081968, 63.021613858371062 ], [ -136.448224177075446, 63.022978612557367 ], [ -136.448055149736632, 63.026741678084129 ], [ -136.447399636949626, 63.028669453872645 ], [ -136.445459767971528, 63.031804274074737 ], [ -136.439747567632651, 63.036225270539575 ], [ -136.43154549178243, 63.039504229901006 ], [ -136.430264979625321, 63.04121380584742 ], [ -136.427156114293894, 63.047187870928035 ], [ -136.425822106413023, 63.051456327945075 ], [ -136.425766025272139, 63.055164342780344 ], [ -136.426383752249876, 63.056872715414578 ], [ -136.427606647246108, 63.058413378549432 ], [ -136.428814827346685, 63.061668773311119 ], [ -136.430925600986399, 63.063550562293507 ], [ -136.43090846149039, 63.064008543458129 ], [ -136.448083458349629, 63.076311866293814 ], [ -136.453909337278816, 63.081575500654701 ], [ -136.459471413863071, 63.088251020396044 ], [ -136.465321482526321, 63.093118961549749 ], [ -136.468195078828757, 63.094714051525145 ], [ -136.470297277244754, 63.096721065164722 ], [ -136.472183266521768, 63.097581218648891 ], [ -136.477537649492461, 63.101583075837723 ], [ -136.480392203881593, 63.10472214771174 ], [ -136.483452310937139, 63.110713683187889 ], [ -136.485921230555221, 63.114422247858322 ], [ -136.487236335062079, 63.118430129274628 ], [ -136.486732489496347, 63.12292386361937 ], [ -136.482598779628404, 63.127410698836592 ], [ -136.482206447207574, 63.128662577162899 ], [ -136.482427745435302, 63.131057096319473 ], [ -136.484266146490313, 63.134817153347342 ], [ -136.484242290108256, 63.135903601051908 ], [ -136.484874814048624, 63.136247103937599 ], [ -136.48485885808401, 63.137100060669219 ], [ -136.485494223015309, 63.137497374212302 ], [ -136.485470078632261, 63.13818884319123 ], [ -136.486108157773856, 63.138639981258969 ], [ -136.487072455002647, 63.140811251227042 ], [ -136.487363422410283, 63.148043591479279 ], [ -136.487950021195473, 63.151358892570983 ], [ -136.491933258786815, 63.155868363725588 ], [ -136.496907080814196, 63.159927433757247 ], [ -136.498405973293302, 63.162039154667369 ], [ -136.499130544272703, 63.164150057732655 ], [ -136.502231292999937, 63.168426208419014 ], [ -136.506696857599451, 63.171808081407484 ], [ -136.506667927179819, 63.173163894564695 ], [ -136.507538820365568, 63.174249846551035 ], [ -136.514167552373635, 63.178317689221387 ], [ -136.515663780174066, 63.180716518128868 ], [ -136.514988006158148, 63.182994888248388 ], [ -136.510649737985517, 63.186685715966341 ], [ -136.510261851824026, 63.188395430736797 ], [ -136.510595368352199, 63.191363254622402 ], [ -136.511822742614896, 63.19393552094585 ], [ -136.512065019454923, 63.195530846406946 ], [ -136.508864444468202, 63.198204057634257 ], [ -136.508849166510458, 63.199057026818451 ], [ -136.510344899036596, 63.201051972087576 ], [ -136.518612962965364, 63.205919116106706 ], [ -136.521082878636861, 63.209402675337238 ], [ -136.521034374909306, 63.214537982717545 ], [ -136.519716866822478, 63.218241564111295 ], [ -136.517784062565795, 63.220461534895826 ], [ -136.514852864881647, 63.22262031571718 ], [ -136.51459021250065, 63.22330536471096 ], [ -136.515460897569625, 63.224732377854863 ], [ -136.520235783909669, 63.227365499378202 ], [ -136.526601514828769, 63.229200416857431 ], [ -136.529912154458088, 63.231211588824628 ], [ -136.533895689515361, 63.236518932034279 ], [ -136.533995881334533, 63.237657909692118 ], [ -136.535854828153902, 63.240797730978301 ], [ -136.537975166741887, 63.243602539214734 ], [ -136.539489558349828, 63.244744207800586 ], [ -136.539474134139681, 63.24520218308303 ], [ -136.553295945761562, 63.252646463924599 ], [ -136.554928169629022, 63.254477885759101 ], [ -136.556146595798026, 63.257498768101385 ], [ -136.559497957592896, 63.262749511018271 ], [ -136.564493050099571, 63.268520743704514 ], [ -136.56449646062012, 63.269319650472845 ], [ -136.565742154232908, 63.270239567048272 ], [ -136.566986539430587, 63.272236705766602 ], [ -136.572140369955122, 63.274639594992422 ], [ -136.575316343097029, 63.274757104883726 ], [ -136.58151742172646, 63.273691920492823 ], [ -136.585690902362785, 63.274552189643316 ], [ -136.590982539092181, 63.277249117157595 ], [ -136.595997805615212, 63.281421157281805 ], [ -136.597364357350074, 63.283416687866506 ], [ -136.599760975439267, 63.28564303141016 ], [ -136.600774350111266, 63.285936859558994 ], [ -136.603283517108764, 63.288386294834595 ], [ -136.604791370302365, 63.288961808083471 ], [ -136.608635183814471, 63.296378352813406 ], [ -136.611014597440118, 63.299690932300727 ], [ -136.611128477662987, 63.300659155146789 ], [ -136.613518958701292, 63.303801004243532 ], [ -136.61362260031089, 63.304939919228346 ], [ -136.619106809881714, 63.31447415893912 ], [ -136.619481527326826, 63.316525637117969 ], [ -136.618414725508472, 63.322058616217099 ], [ -136.61964889877089, 63.323768191977408 ], [ -136.622185795820684, 63.325202598545062 ], [ -136.62217768443341, 63.325768263632717 ], [ -136.625322303548359, 63.328057490165136 ], [ -136.63009601776713, 63.333362286402021 ], [ -136.631585133399227, 63.336729617488849 ], [ -136.631699787402141, 63.338047904202895 ], [ -136.633254851224251, 63.340103819512407 ], [ -136.637367004770681, 63.342498435577085 ], [ -136.640409779018597, 63.343648445300865 ], [ -136.645267749421407, 63.344657855003639 ], [ -136.629602669867609, 63.345481355568388 ], [ -136.645434411789722, 63.385799266601794 ], [ -136.644860989780568, 63.386929334452269 ], [ -136.634422096953585, 63.389526811223817 ], [ -136.624868341684532, 63.392589223172472 ], [ -136.603712764855118, 63.397280844908479 ], [ -136.600923745603922, 63.3982456964496 ], [ -136.599622582284013, 63.400405750861609 ], [ -136.59643385147811, 63.402111119612051 ], [ -136.588777486058575, 63.405230622892191 ], [ -136.578190170622378, 63.407888372861585 ], [ -136.565159665780584, 63.413157419696383 ], [ -136.534555362256071, 63.419189456619286 ], [ -136.515390418383248, 63.42654827670944 ], [ -136.501109427691915, 63.4293649815964 ], [ -136.472532616851566, 63.442678063499066 ], [ -136.43126586531784, 63.460286683719801 ], [ -136.415115000082807, 63.465797204167771 ], [ -136.604206880959367, 63.648436828420117 ], [ -136.729440222809757, 63.767865830189322 ], [ -136.797579115524371, 63.832026686856452 ], [ -136.986857859295839, 63.998736174965089 ], [ -136.988189620233015, 64.047191114776652 ], [ -136.992624272245536, 64.320678600973366 ], [ -136.99173144317021, 64.491040433348417 ], [ -136.991638253400879, 64.89155486898855 ], [ -136.993884575964529, 65.23490884601047 ], [ -136.994272995810235, 65.367543182329499 ], [ -136.996580812329171, 65.526575027378584 ], [ -136.997659417867794, 65.654486856078634 ], [ -136.9992185294563, 65.766150834125469 ], [ -136.999358809740158, 65.827564331939257 ], [ -137.000738422698277, 65.834351183920717 ], [ -136.993915754241641, 65.83361031674292 ], [ -136.988300897142665, 65.833782036315341 ] ], [ [ -135.242182404458418, 63.899025799196025 ], [ -135.157399392850891, 63.913171626328584 ], [ -135.153706958475539, 63.926167605178058 ], [ -135.187196967947784, 63.943204410559268 ], [ -135.257035341966059, 63.948210333240112 ], [ -135.235433654738557, 63.96013169590362 ], [ -135.247569316217238, 63.968429703707912 ], [ -135.280952651568015, 63.958848409953632 ], [ -135.30837398931186, 63.942022133103258 ], [ -135.333550276343459, 63.937221716230596 ], [ -135.354523694683024, 63.947972291778399 ], [ -135.35983336309252, 63.942790575645162 ], [ -135.363861486126609, 63.938067473404807 ], [ -135.33931722707743, 63.922511631576953 ], [ -135.357863028992796, 63.915860748959012 ], [ -135.363945375393797, 63.904777852241409 ], [ -135.357513122410239, 63.893296287927967 ], [ -135.33522217075361, 63.884644550070099 ], [ -135.242182404458418, 63.899025799196025 ] ], [ [ -135.890810542232259, 63.588391357458455 ], [ -135.885144736998171, 63.590223959313796 ], [ -135.885772922820848, 63.591061258676994 ], [ -135.891010873250139, 63.593635094787423 ], [ -135.890060352250288, 63.594913222525577 ], [ -135.88994636601285, 63.60138694680839 ], [ -135.890959867076361, 63.603645055138678 ], [ -135.903418902102743, 63.603701033546628 ], [ -135.903637980250096, 63.594311696083231 ], [ -135.902916214223666, 63.594021473199319 ], [ -135.903128271909054, 63.591121097662096 ], [ -135.90244113817289, 63.590235633867259 ], [ -135.893442268209242, 63.590220592428977 ], [ -135.890912326551899, 63.589001482479482 ], [ -135.890810542232259, 63.588391357458455 ] ] ] } },
{ "type": "Feature", "properties": { "DAUID": "60010191", "PRUID": "60", "PRNAME": "Yukon", "CDUID": "6001", "CDNAME": "Yukon", "CDTYPE": "TER", "CCSUID": "6001045", "CCSNAME": "Yukon, Unorganized", "CSDUID": "6001050", "CSDNAME": "Stewart Crossing", "CSDTYPE": "SÉ", "ERUID": "6010", "ERNAME": "Yukon", "SACCODE": "000", "SACTYPE": "8", "CMAUID": null, "CMAPUID": null, "CMANAME": null, "CMATYPE": null, "CTUID": null, "CTNAME": null, "ADAUID": "60010006", "ALT_GEO_CODE": "60010191", "province": "Territories", "first_lang_eng_french": null, "first_lang_french": null, "know_eng_french": null, "know_french_only": null, "mother_eng_french": null, "mother_french": null, "mother_french_non_official": null, "pop_0_14": null, "pop_0_4": null, "pop_15_19": null, "pop_2021": 10.0, "pop_under_19": null, "share_under_19": null, "share_under_5": null, "first_lang_eng_french_under_19": null, "first_lang_eng_french_under_5": null, "first_lang_french_under_19": null, "first_lang_french_under_5": null, "know_eng_french_under_19": null, "know_eng_french_under_5": null, "know_french_only_under_19": null, "know_french_only_under_5": null, "mother_eng_french_under_19": null, "mother_eng_french_under_5": null, "mother_french_under_19": null, "mother_french_under_5": null, "mother_french_non_official_under_19": null, "mother_french_non_official_under_5": null }, "geometry": { "type": "Polygon", "coordinates": [ [ [ -136.650867238416112, 63.399608031716745 ], [ -136.629602669867609, 63.345481355568388 ], [ -136.729048526715331, 63.340223231087798 ], [ -136.750789830430421, 63.394488514488714 ], [ -136.650867238416112, 63.399608031716745 ] ] ] } },
{ "type": "Feature", "properties": { "DAUID": "60010192", "PRUID": "60", "PRNAME": "Yukon", "CDUID": "6001", "CDNAME": "Yukon", "CDTYPE": "TER", "CCSUID": "6001045", "CCSNAME": "Yukon, Unorganized", "CSDUID": "6001022", "CSDNAME": "Mayo", "CSDTYPE": "VL", "ERUID": "6010", "ERNAME": "Yukon", "SACCODE": "000", "SACTYPE": "8", "CMAUID": null, "CMAPUID": null, "CMANAME": null, "CMATYPE": null, "CTUID": null, "CTNAME": null, "ADAUID": "60010007", "ALT_GEO_CODE": "60010192", "province": "Territories", "first_lang_eng_french": 0.0, "first_lang_french": 10.0, "know_eng_french": 20.0, "know_french_only": 0.0, "mother_eng_french": 5.0, "mother_french": 10.0, "mother_french_non_official": 0.0, "pop_0_14": 25.0, "pop_0_4": 15.0, "pop_15_19": 5.0, "pop_2021": 188.0, "pop_under_19": 30.0, "share_under_19": 0.15957446808510639, "share_under_5": 0.079787234042553196, "first_lang_eng_french_under_19": 0.0, "first_lang_eng_french_under_5": 0.0, "first_lang_french_under_19": 1.5957446808510638, "first_lang_french_under_5": 0.7978723404255319, "know_eng_french_under_19": 3.191489361702128, "know_eng_french_under_5": 1.5957446808510638, "know_french_only_under_19": 0.0, "know_french_only_under_5": 0.0, "mother_eng_french_under_19": 0.7978723404255319, "mother_eng_french_under_5": 0.39893617021276589, "mother_french_under_19": 1.5957446808510638, "mother_french_under_5": 0.7978723404255319, "mother_french_non_official_under_19": 0.0, "mother_french_non_official_under_5": 0.0 }, "geometry": { "type": "Polygon", "coordinates": [ [ [ -135.885772922820848, 63.591061258676994 ], [ -135.885144736998171, 63.590223959313796 ], [ -135.890810542232259, 63.588391357458455 ], [ -135.890912326551899, 63.589001482479482 ], [ -135.893442268209242, 63.590220592428977 ], [ -135.90244113817289, 63.590235633867259 ], [ -135.903128271909054, 63.591121097662096 ], [ -135.902916214223666, 63.594021473199319 ], [ -135.903637980250096, 63.594311696083231 ], [ -135.903418902102743, 63.603701033546628 ], [ -135.890959867076361, 63.603645055138678 ], [ -135.88994636601285, 63.60138694680839 ], [ -135.890060352250288, 63.594913222525577 ], [ -135.891010873250139, 63.593635094787423 ], [ -135.885772922820848, 63.591061258676994 ] ] ] } },
{ "type": "Feature", "properties": { "DAUID": "60010193", "PRUID": "60", "PRNAME": "Yukon", "CDUID": "6001", "CDNAME": "Yukon", "CDTYPE": "TER", "CCSUID": "6001045", "CCSNAME": "Yukon, Unorganized", "CSDUID": "6001052", "CSDNAME": "Keno Hill", "CSDTYPE": "SÉ", "ERUID": "6010", "ERNAME": "Yukon", "SACCODE": "000", "SACTYPE": "8", "CMAUID": null, "CMAPUID": null, "CMANAME": null, "CMATYPE": null, "CTUID": null, "CTNAME": null, "ADAUID": "60010005", "ALT_GEO_CODE": "60010193", "province": "Territories", "first_lang_eng_french": null, "first_lang_french": null, "know_eng_french": null, "know_french_only": null, "mother_eng_french": null, "mother_french": null, "mother_french_non_official": null, "pop_0_14": null, "pop_0_4": null, "pop_15_19": null, "pop_2021": 20.0, "pop_under_19": null, "share_under_19": null, "share_under_5": null, "first_lang_eng_french_under_19": null, "first_lang_eng_french_under_5": null, "first_lang_french_under_19": null, "first_lang_french_under_5": null, "know_eng_french_under_19": null, "know_eng_french_under_5": null, "know_french_only_under_19": null, "know_french_only_under_5": null, "mother_eng_french_under_19": null, "mother_eng_french_under_5": null, "mother_french_under_19": null, "mother_french_under_5": null, "mother_french_non_official_under_19": null, "mother_french_non_official_under_5": null }, "geometry": { "type": "Polygon", "coordinates": [ [ [ -135.333550276343459, 63.937221716230596 ], [ -135.30837398931186, 63.942022133103258 ], [ -135.280952651568015, 63.958848409953632 ], [ -135.247569316217238, 63.968429703707912 ], [ -135.235433654738557, 63.96013169590362 ], [ -135.257035341966059, 63.948210333240112 ], [ -135.187196967947784, 63.943204410559268 ], [ -135.153706958475539, 63.926167605178058 ], [ -135.157399392850891, 63.913171626328584 ], [ -135.250774926647892, 63.897588566812225 ], [ -135.33522217075361, 63.884644550070099 ], [ -135.357513122410239, 63.893296287927967 ], [ -135.363945375393797, 63.904777852241409 ], [ -135.357863028992796, 63.915860748959012 ], [ -135.33931722707743, 63.922511631576953 ], [ -135.363861486126609, 63.938067473404807 ], [ -135.35983336309252, 63.942790575645162 ], [ -135.354523694683024, 63.947972291778399 ], [ -135.333550276343459, 63.937221716230596 ] ] ] } },
{ "type": "Feature", "properties": { "DAUID": "60010194", "PRUID": "60", "PRNAME": "Yukon", "CDUID": "6001", "CDNAME": "Yukon", "CDTYPE": "TER", "CCSUID": "6001045", "CCSNAME": "Yukon, Unorganized", "CSDUID": "6001029", "CSDNAME": "Dawson", "CSDTYPE": "T", "ERUID": "6010", "ERNAME": "Yukon", "SACCODE": "000", "SACTYPE": "8", "CMAUID": null, "CMAPUID": null, "CMANAME": null, "CMATYPE": null, "CTUID": null, "CTNAME": null, "ADAUID": "60010001", "ALT_GEO_CODE": "60010194", "province": "Territories", "first_lang_eng_french": 5.0, "first_lang_french": 20.0, "know_eng_french": 70.0, "know_french_only": 0.0, "mother_eng_french": 10.0, "mother_french": 25.0, "mother_french_non_official": 0.0, "pop_0_14": 125.0, "pop_0_4": 40.0, "pop_15_19": 45.0, "pop_2021": 857.0, "pop_under_19": 170.0, "share_under_19": 0.1983663943990665, "share_under_5": 0.046674445740956798, "first_lang_eng_french_under_19": 0.99183197199533257, "first_lang_eng_french_under_5": 0.23337222870478411, "first_lang_french_under_19": 3.9673278879813294, "first_lang_french_under_5": 0.93348891481913643, "know_eng_french_under_19": 13.885647607934656, "know_eng_french_under_5": 3.2672112018669779, "know_french_only_under_19": 0.0, "know_french_only_under_5": 0.0, "mother_eng_french_under_19": 1.9836639439906647, "mother_eng_french_under_5": 0.46674445740956821, "mother_french_under_19": 4.9591598599766629, "mother_french_under_5": 1.1668611435239209, "mother_french_non_official_under_19": 0.0, "mother_french_non_official_under_5": 0.0 }, "geometry": { "type": "Polygon", "coordinates": [ [ [ -139.458421530631597, 64.090306969451731 ], [ -139.415783323294335, 64.089982310873879 ], [ -139.411446112578062, 64.069186882307918 ], [ -139.377106145299933, 64.058448714011803 ], [ -139.37797937011311, 64.053788067145518 ], [ -139.277724107321092, 64.050669168767428 ], [ -139.279478405236716, 64.024452484334006 ], [ -139.449858848184732, 64.028226319645199 ], [ -139.454731871962679, 64.026198742376891 ], [ -139.46127004419904, 64.024553725768399 ], [ -139.470633411790601, 64.024374319007535 ], [ -139.479141291971644, 64.02284054912694 ], [ -139.487931146691977, 64.027246887181917 ], [ -139.487929383229073, 64.029267718406928 ], [ -139.477419410619774, 64.033556188973577 ], [ -139.474975699314115, 64.040065039480325 ], [ -139.469808409429788, 64.04691324212537 ], [ -139.467212340754912, 64.048681079586743 ], [ -139.458366941688013, 64.051944567789249 ], [ -139.448083412623959, 64.075075654980822 ], [ -139.445643580672851, 64.076458584127465 ], [ -139.44457741638243, 64.07806729967082 ], [ -139.445881917436424, 64.079104977827157 ], [ -139.450862190187735, 64.08060926573647 ], [ -139.452132455421264, 64.082052858537438 ], [ -139.443409606266755, 64.08282415203243 ], [ -139.445211297214911, 64.086191457920933 ], [ -139.446506283406762, 64.087614515253449 ], [ -139.449376600859921, 64.08874915553973 ], [ -139.456536156675014, 64.089489475611032 ], [ -139.458421530631597, 64.090306969451731 ] ], [ [ -139.430992265992586, 64.064029701050757 ], [ -139.437647504177022, 64.059747997379759 ], [ -139.438071026036624, 64.059867104405697 ], [ -139.440800797259556, 64.057051298708174 ], [ -139.440759939526544, 64.054642614157302 ], [ -139.437751294728145, 64.053501797226588 ], [ -139.438203414978659, 64.053111703975972 ], [ -139.436944089451202, 64.05255059735363 ], [ -139.431550669376378, 64.051513000611507 ], [ -139.428718960129146, 64.053367378724261 ], [ -139.430947981537344, 64.054916693813666 ], [ -139.427655171426522, 64.053716801997069 ], [ -139.427970564088696, 64.054847088768284 ], [ -139.42748461025073, 64.055719405866085 ], [ -139.425526826064072, 64.056608498919374 ], [ -139.418892534115514, 64.057772536460547 ], [ -139.41605083391525, 64.059664370329671 ], [ -139.430992265992586, 64.064029701050757 ] ] ] } },
{ "type": "Feature", "properties": { "DAUID": "60010195", "PRUID": "60", "PRNAME": "Yukon", "CDUID": "6001", "CDNAME": "Yukon", "CDTYPE": "TER", "CCSUID": "6001045", "CCSNAME": "Yukon, Unorganized", "CSDUID": "6001029", "CSDNAME": "Dawson", "CSDTYPE": "T", "ERUID": "6010", "ERNAME": "Yukon", "SACCODE": "000", "SACTYPE": "8", "CMAUID": null, "CMAPUID": null, "CMANAME": null, "CMATYPE": null, "CTUID": null, "CTNAME": null, "ADAUID": "60010001", "ALT_GEO_CODE": "60010195", "province": "Territories", "first_lang_eng_french": 0.0, "first_lang_french": 50.0, "know_eng_french": 130.0, "know_french_only": 0.0, "mother_eng_french": 15.0, "mother_french": 55.0, "mother_french_non_official": 0.0, "pop_0_14": 110.0, "pop_0_4": 35.0, "pop_15_19": 35.0, "pop_2021": 720.0, "pop_under_19": 145.0, "share_under_19": 0.2013888888888889, "share_under_5": 0.048611111111111098, "first_lang_eng_french_under_19": 0.0, "first_lang_eng_french_under_5": 0.0, "first_lang_french_under_19": 10.069444444444445, "first_lang_french_under_5": 2.4305555555555558, "know_eng_french_under_19": 26.180555555555561, "know_eng_french_under_5": 6.3194444444444446, "know_french_only_under_19": 0.0, "know_french_only_under_5": 0.0, "mother_eng_french_under_19": 3.020833333333333, "mother_eng_french_under_5": 0.72916666666666663, "mother_french_under_19": 11.076388888888889, "mother_french_under_5": 2.6736111111111112, "mother_french_non_official_under_19": 0.0, "mother_french_non_official_under_5": 0.0 }, "geometry": { "type": "Polygon", "coordinates": [ [ [ -139.430992265992586, 64.064029701050757 ], [ -139.41605083391525, 64.059664370329671 ], [ -139.418892534115514, 64.057772536460547 ], [ -139.425526826064072, 64.056608498919374 ], [ -139.42748461025073, 64.055719405866085 ], [ -139.427970564088696, 64.054847088768284 ], [ -139.427655171426522, 64.053716801997069 ], [ -139.430947981537344, 64.054916693813666 ], [ -139.428718960129146, 64.053367378724261 ], [ -139.431550669376378, 64.051513000611507 ], [ -139.436944089451202, 64.05255059735363 ], [ -139.438203414978659, 64.053111703975972 ], [ -139.437751294728145, 64.053501797226588 ], [ -139.440759939526544, 64.054642614157302 ], [ -139.440800797259556, 64.057051298708174 ], [ -139.438071026036624, 64.059867104405697 ], [ -139.437647504177022, 64.059747997379759 ], [ -139.430992265992586, 64.064029701050757 ] ] ] } },
{ "type": "Feature", "properties": { "DAUID": "60010181", "PRUID": "60", "PRNAME": "Yukon", "CDUID": "6001", "CDNAME": "Yukon", "CDTYPE": "TER", "CCSUID": "6001045", "CCSNAME": "Yukon, Unorganized", "CSDUID": "6001055", "CSDNAME": "Ibex Valley", "CSDTYPE": "HAM", "ERUID": "6010", "ERNAME": "Yukon", "SACCODE": "990", "SACTYPE": "3", "CMAUID": "990", "CMAPUID": "60990", "CMANAME": "Whitehorse", "CMATYPE": "D", "CTUID": null, "CTNAME": null, "ADAUID": "60010015", "ALT_GEO_CODE": "60010181", "province": "Territories", "first_lang_eng_french": 0.0, "first_lang_french": 45.0, "know_eng_french": 75.0, "know_french_only": 5.0, "mother_eng_french": 10.0, "mother_french": 40.0, "mother_french_non_official": 0.0, "pop_0_14": 115.0, "pop_0_4": 50.0, "pop_15_19": 30.0, "pop_2021": 523.0, "pop_under_19": 145.0, "share_under_19": 0.277246653919694, "share_under_5": 0.095602294455066905, "first_lang_eng_french_under_19": 0.0, "first_lang_eng_french_under_5": 0.0, "first_lang_french_under_19": 12.476099426386233, "first_lang_french_under_5": 4.3021032504780123, "know_eng_french_under_19": 20.793499043977054, "know_eng_french_under_5": 7.1701720841300185, "know_french_only_under_19": 1.3862332695984705, "know_french_only_under_5": 0.47801147227533458, "mother_eng_french_under_19": 2.7724665391969405, "mother_eng_french_under_5": 0.95602294455066916, "mother_french_under_19": 11.089866156787762, "mother_french_under_5": 3.8240917782026767, "mother_french_non_official_under_19": 0.0, "mother_french_non_official_under_5": 0.0 }, "geometry": { "type": "Polygon", "coordinates": [ [ [ -136.023630322358571, 60.814645312511779 ], [ -136.004529357034841, 60.813790926202032 ], [ -136.005734504565623, 60.820195154775746 ], [ -135.988710631077083, 60.825533660082741 ], [ -135.941245514935076, 60.83910578925493 ], [ -135.901017302226961, 60.849108724570321 ], [ -135.86251131291732, 60.857068142570412 ], [ -135.842549473852671, 60.857860685625091 ], [ -135.829851382143517, 60.859474064407266 ], [ -135.82392351904133, 60.874316063367409 ], [ -135.767067398835536, 60.885819601085089 ], [ -135.75744273831836, 60.881357725697278 ], [ -135.75593077760854, 60.879741116253321 ], [ -135.755686829697908, 60.878779031200743 ], [ -135.751618254394771, 60.878553399561618 ], [ -135.744177132120825, 60.876980449774386 ], [ -135.741735636644336, 60.8770522588026 ], [ -135.733463825698692, 60.879260017451884 ], [ -135.732459933229563, 60.880218818826883 ], [ -135.731671640791518, 60.882370932029438 ], [ -135.724811721253701, 60.885498009304612 ], [ -135.714063196931249, 60.886177124851137 ], [ -135.705126286406625, 60.889442434922252 ], [ -135.695218385402768, 60.8891960415745 ], [ -135.692912294767467, 60.889628385818298 ], [ -135.691367939441307, 60.890417786224972 ], [ -135.690665159540032, 60.891686342298627 ], [ -135.69088489437911, 60.89320122184494 ], [ -135.689760656185456, 60.89466971671505 ], [ -135.688283611805758, 60.895817259578337 ], [ -135.685788398566984, 60.896325121055717 ], [ -135.683519418107721, 60.896218117179046 ], [ -135.681303801211698, 60.895319042258407 ], [ -135.679216964674396, 60.894121715773615 ], [ -135.676028812606148, 60.890962023136616 ], [ -135.673798387694262, 60.889791630656859 ], [ -135.671117453760473, 60.889664901723087 ], [ -135.667874966600237, 60.890441390381568 ], [ -135.660999146909177, 60.893429514625247 ], [ -135.658774405060143, 60.893797518410608 ], [ -135.655970915151272, 60.893935217822161 ], [ -135.647170011988379, 60.892655651372735 ], [ -135.642264402722446, 60.890292597912755 ], [ -135.636152648982716, 60.884947192974138 ], [ -135.633736361115211, 60.884020751545194 ], [ -135.625290566752227, 60.882198563299355 ], [ -135.616370426951931, 60.881339597128459 ], [ -135.613917070064559, 60.882349414430365 ], [ -135.612361405877465, 60.885774877713708 ], [ -135.610479660052079, 60.886851600571021 ], [ -135.608367966367666, 60.887173436526076 ], [ -135.605808830006822, 60.886442520527254 ], [ -135.598231370719731, 60.881346207483389 ], [ -135.596513101680529, 60.878339020724113 ], [ -135.596626581254611, 60.877431467924744 ], [ -135.598257014531868, 60.876224549198966 ], [ -135.604615735382311, 60.873925054671716 ], [ -135.60816374505464, 60.871457168050476 ], [ -135.607870102467814, 60.870158224764879 ], [ -135.606154155304239, 60.868689834662213 ], [ -135.60290847132751, 60.867587849236244 ], [ -135.594765647036127, 60.86807725413199 ], [ -135.583977294326786, 60.872395591373909 ], [ -135.581964888971044, 60.872400475169123 ], [ -135.580348981493643, 60.871815686034878 ], [ -135.579156735296039, 60.870507289642418 ], [ -135.57870561606191, 60.868963949336539 ], [ -135.582264338407185, 60.865077014659299 ], [ -135.581761473271257, 60.862415314879229 ], [ -135.578054795150081, 60.860512763256416 ], [ -135.568615826768735, 60.858503491015888 ], [ -135.566205876646194, 60.858421324914787 ], [ -135.562610159135858, 60.859059796113371 ], [ -135.558394425627995, 60.861731048856711 ], [ -135.553373495135133, 60.863923766621035 ], [ -135.531370394208096, 60.861981551506005 ], [ -135.526549285768596, 60.861139413389296 ], [ -135.519261552043162, 60.858452784059544 ], [ -135.516370784603765, 60.858008205762644 ], [ -135.511771250854906, 60.858123126314041 ], [ -135.501564791398948, 60.861583954611049 ], [ -135.497981041940733, 60.862153666715884 ], [ -135.48921306047464, 60.861963483846139 ], [ -135.483727101078415, 60.860985872028323 ], [ -135.477740130781854, 60.861099595610717 ], [ -135.472322374936908, 60.86283042507398 ], [ -135.467879793907457, 60.863188279159871 ], [ -135.462392674134719, 60.86457715651936 ], [ -135.458346853573005, 60.866374577466402 ], [ -135.453880301919554, 60.869538024583868 ], [ -135.449098574550504, 60.871197709529604 ], [ -135.446966828825254, 60.873460754440572 ], [ -135.444904668924408, 60.874712514325878 ], [ -135.441971119510413, 60.875143592373412 ], [ -135.422594012957859, 60.871553071494198 ], [ -135.414654157340493, 60.871703170740389 ], [ -135.406304022917169, 60.873828174520348 ], [ -135.402844095179205, 60.873116217367894 ], [ -135.398880360897579, 60.870823303707887 ], [ -135.397088521725522, 60.868096436802887 ], [ -135.396341730044469, 60.865015299723261 ], [ -135.399525442484645, 60.86337995990754 ], [ -135.408601779039031, 60.863760499369121 ], [ -135.411851014710209, 60.863142838376874 ], [ -135.413350637274334, 60.861931499090183 ], [ -135.411968363837161, 60.859901554154071 ], [ -135.408839954881785, 60.858935437221902 ], [ -135.403794157953939, 60.858855428692827 ], [ -135.392005423583782, 60.861519832235182 ], [ -135.390192675876762, 60.861565438960412 ], [ -135.387574292126374, 60.860150463509903 ], [ -135.385617815577405, 60.857888775825124 ], [ -135.376183991686304, 60.85623726220598 ], [ -135.369747151061176, 60.851858676863472 ], [ -135.365699546513156, 60.851319346146681 ], [ -135.36189594143255, 60.851603823725796 ], [ -135.358425517752579, 60.850957644488069 ], [ -135.352489819826815, 60.848083588393237 ], [ -135.34748208956421, 60.847975144452249 ], [ -135.345968739165244, 60.847194425631059 ], [ -135.345267090609298, 60.842814859431179 ], [ -135.343114290456981, 60.841776501736938 ], [ -135.341729509647053, 60.84176382873266 ], [ -135.334985793813416, 60.844699747316042 ], [ -135.331451781982622, 60.845284923298472 ], [ -135.326403393712411, 60.844270810769117 ], [ -135.319483268931265, 60.844460584563834 ], [ -135.317734626375511, 60.84397803795693 ], [ -135.316051029097991, 60.840987803162172 ], [ -135.314557970554205, 60.839840923918324 ], [ -135.312686591881715, 60.838844316539578 ], [ -135.308330528368117, 60.838118035955681 ], [ -135.30591305254768, 60.838617456969232 ], [ -135.305274728648925, 60.839177887254124 ], [ -135.305530132627439, 60.841532404326855 ], [ -135.304548484372162, 60.842075626900296 ], [ -135.293172064448811, 60.843930557380119 ], [ -135.291565991912705, 60.843595895392802 ], [ -135.289576550455422, 60.842339075978764 ], [ -135.291046747775027, 60.840579108545683 ], [ -135.29265537994084, 60.839531450867568 ], [ -135.292844003488796, 60.838638107939367 ], [ -135.291527683715287, 60.837753699257611 ], [ -135.278724380519833, 60.839217086424654 ], [ -135.272876327580178, 60.791732270117159 ], [ -135.370381413008943, 60.792586074623479 ], [ -135.388860676988401, 60.786285838920321 ], [ -135.437880578035163, 60.785764947270344 ], [ -135.464920902869636, 60.799863393508801 ], [ -135.446463977791126, 60.809172756147987 ], [ -135.440179716680575, 60.815580872588455 ], [ -135.441804603398367, 60.822449745531785 ], [ -135.450015293105054, 60.83213271333301 ], [ -135.716726695512705, 60.833993350549228 ], [ -135.719125818046734, 60.828001130169177 ], [ -135.756534988522134, 60.82683641946204 ], [ -135.76399548070853, 60.840897581440117 ], [ -135.766750850056667, 60.840102578654829 ], [ -135.768351375568386, 60.838567080931291 ], [ -135.76921332096282, 60.838454422617168 ], [ -135.775720386878561, 60.841272207761463 ], [ -135.77951692487261, 60.841537576260421 ], [ -135.784362229277491, 60.84330508879092 ], [ -135.788803696853506, 60.845838002173835 ], [ -135.78895729063467, 60.846842693634713 ], [ -135.790566620871346, 60.847183417748504 ], [ -135.792892847432739, 60.846747713402785 ], [ -135.794793093566625, 60.845461543265813 ], [ -135.795788078600964, 60.844037050006023 ], [ -135.795771010337063, 60.842609545059844 ], [ -135.794419988151475, 60.841549086694314 ], [ -135.790797751759243, 60.840151840345136 ], [ -135.78750000516925, 60.839219464521456 ], [ -135.783424519280715, 60.838821284184547 ], [ -135.7819520678066, 60.838039730516641 ], [ -135.78222556298806, 60.837185192565066 ], [ -135.785615555903064, 60.83664465610503 ], [ -135.791560700510303, 60.83678036674393 ], [ -135.800813533388521, 60.838242941015032 ], [ -135.803284343827841, 60.837734386621499 ], [ -135.806015290195063, 60.835141171222801 ], [ -135.808487563967645, 60.834704356486256 ], [ -135.815275262155694, 60.837599351772802 ], [ -135.817426253652286, 60.838986947128838 ], [ -135.81958067470751, 60.839781898540721 ], [ -135.82160779829988, 60.839913190534482 ], [ -135.824343328769061, 60.838262336843044 ], [ -135.824164996821168, 60.837051323210311 ], [ -135.820792115218978, 60.835366008541016 ], [ -135.820069301891152, 60.834436645079407 ], [ -135.820481496672812, 60.834012158029822 ], [ -135.828452565053652, 60.831413317888156 ], [ -135.830044778180138, 60.830397883951854 ], [ -135.830280150933305, 60.828124854179634 ], [ -135.836196440163008, 60.824388965050751 ], [ -135.839397681937271, 60.824449818111162 ], [ -135.844606029461573, 60.826706733697911 ], [ -135.846789014055702, 60.827195804354844 ], [ -135.848823891905084, 60.826258156484748 ], [ -135.851526288107664, 60.823457689196815 ], [ -135.85326285600658, 60.822378214149374 ], [ -135.860817076593662, 60.820211059212987 ], [ -135.866033636087423, 60.817977772266829 ], [ -135.867030200104466, 60.81675921393947 ], [ -135.867523933852169, 60.81190752876531 ], [ -135.868385826436025, 60.810474350670034 ], [ -135.870091271392425, 60.808972834645118 ], [ -135.872547210990149, 60.808041097348912 ], [ -135.878130923061718, 60.808579360130381 ], [ -135.881658019289659, 60.809849183084324 ], [ -135.885803175674482, 60.813521157107644 ], [ -135.889512482204537, 60.81536420293881 ], [ -135.89216037271683, 60.816047000720815 ], [ -135.900482511217916, 60.816494294007292 ], [ -135.911409670948075, 60.815441934685758 ], [ -135.922650444445424, 60.813174391019331 ], [ -135.927689543961492, 60.810077931679878 ], [ -135.928540887178713, 60.80837504969336 ], [ -135.928019222707718, 60.804957743189057 ], [ -135.926646701599026, 60.802614766014742 ], [ -135.920623441590351, 60.798921027034552 ], [ -135.913208935003212, 60.797292610321868 ], [ -135.911149221642063, 60.796579315638468 ], [ -135.910700228521733, 60.795648565417743 ], [ -135.913445799682563, 60.79399578001388 ], [ -135.923777108875726, 60.792308921243553 ], [ -135.926542162506109, 60.791365069958857 ], [ -135.927974597693321, 60.790080186752817 ], [ -135.930600236786006, 60.782439002851952 ], [ -135.936215638256584, 60.775998053727498 ], [ -135.938852536718429, 60.774498121793613 ], [ -135.94306784500273, 60.773615596181294 ], [ -135.947595494070185, 60.773368228045413 ], [ -135.952157351048896, 60.774278732854242 ], [ -135.953351659520166, 60.775545232591561 ], [ -135.953882477549854, 60.779815403954331 ], [ -135.955083468653243, 60.781297351308559 ], [ -135.956846713803543, 60.781922307565416 ], [ -135.9588991426956, 60.781772969288141 ], [ -135.964245916078539, 60.780028709937611 ], [ -135.968445531999805, 60.778014140127119 ], [ -135.972054647729948, 60.77713506910623 ], [ -135.978602810616877, 60.781720576768471 ], [ -135.985056452684773, 60.781969694814329 ], [ -135.987947053303259, 60.781014648456129 ], [ -135.989557946702661, 60.779655968543437 ], [ -135.989649097660617, 60.778443145065722 ], [ -135.988845786902829, 60.776805922766378 ], [ -135.98630117837601, 60.774068090200508 ], [ -135.986114908813022, 60.772785489978624 ], [ -135.986983690513398, 60.771782438032041 ], [ -135.98868288317027, 60.770324338311042 ], [ -135.993610154612014, 60.76759427507708 ], [ -135.995914499463851, 60.766724198877483 ], [ -136.00193936033881, 60.765995680758252 ], [ -136.004036346758227, 60.797187784047189 ], [ -136.02451132002318, 60.802219780398538 ], [ -136.025763811791904, 60.808390518730597 ], [ -136.023630322358571, 60.814645312511779 ] ] ] } },
{ "type": "Feature", "properties": { "DAUID": "60010240", "PRUID": "60", "PRNAME": "Yukon", "CDUID": "6001", "CDNAME": "Yukon", "CDTYPE": "TER", "CCSUID": "6001045", "CCSNAME": "Yukon, Unorganized", "CSDUID": "6001059", "CSDNAME": "Macpherson-Grizzly Valley", "CSDTYPE": "NO", "ERUID": "6010", "ERNAME": "Yukon", "SACCODE": "990", "SACTYPE": "3", "CMAUID": "990", "CMAPUID": "60990", "CMANAME": "Whitehorse", "CMATYPE": "D", "CTUID": null, "CTNAME": null, "ADAUID": "60010015", "ALT_GEO_CODE": "60010240", "province": "Territories", "first_lang_eng_french": 5.0, "first_lang_french": 60.0, "know_eng_french": 165.0, "know_french_only": 5.0, "mother_eng_french": 10.0, "mother_french": 65.0, "mother_french_non_official": 0.0, "pop_0_14": 175.0, "pop_0_4": 55.0, "pop_15_19": 40.0, "pop_2021": 1014.0, "pop_under_19": 215.0, "share_under_19": 0.21203155818540431, "share_under_5": 0.054240631163708003, "first_lang_eng_french_under_19": 1.0601577909270217, "first_lang_eng_french_under_5": 0.27120315581854038, "first_lang_french_under_19": 12.721893491124259, "first_lang_french_under_5": 3.2544378698224854, "know_eng_french_under_19": 34.985207100591715, "know_eng_french_under_5": 8.949704142011834, "know_french_only_under_19": 1.0601577909270217, "know_french_only_under_5": 0.27120315581854038, "mother_eng_french_under_19": 2.1203155818540438, "mother_eng_french_under_5": 0.54240631163708086, "mother_french_under_19": 13.782051282051285, "mother_french_under_5": 3.5256410256410251, "mother_french_non_official_under_19": 0.0, "mother_french_non_official_under_5": 0.0 }, "geometry": { "type": "Polygon", "coordinates": [ [ [ -135.497973675747602, 60.90091066596888 ], [ -135.493451704157053, 60.902484259777687 ], [ -135.229729446808392, 60.931608318678244 ], [ -135.166314068560752, 60.925652276328726 ], [ -135.172365422770497, 60.91287630363594 ], [ -135.135066991188438, 60.910652701139483 ], [ -135.13143490217314, 60.912738568452284 ], [ -135.127253598076294, 60.916890577426315 ], [ -135.124643413525661, 60.920551421918283 ], [ -135.122748693173349, 60.921611396737923 ], [ -135.118193813555962, 60.922879954816764 ], [ -135.117929348848492, 60.922693463358577 ], [ -135.12196512736071, 60.920800897003424 ], [ -135.125342934438862, 60.916793613524803 ], [ -135.132069776306793, 60.911337512130586 ], [ -135.133989039092853, 60.907358343458952 ], [ -135.133696670917601, 60.903587854479767 ], [ -135.132246275188237, 60.90053675344749 ], [ -135.132239168469738, 60.898821960245499 ], [ -135.13355934809627, 60.897195630298455 ], [ -135.133535567545124, 60.895911779828971 ], [ -135.139376814660466, 60.889219765239915 ], [ -135.081435105962811, 60.840137363184155 ], [ -135.187774624492334, 60.842511083675255 ], [ -135.190197614979098, 60.842267997021693 ], [ -135.191749965606817, 60.841500720680536 ], [ -135.191908093257695, 60.83806614235732 ], [ -135.192867689491834, 60.837635429487925 ], [ -135.198791613668476, 60.838050634946761 ], [ -135.20182198404143, 60.837669031183751 ], [ -135.204131768673307, 60.836601645091044 ], [ -135.206727920733641, 60.83419436496186 ], [ -135.217076641625141, 60.8322946121597 ], [ -135.219018548319497, 60.831321150204154 ], [ -135.220113371295156, 60.829712046914914 ], [ -135.221096104987851, 60.829169466376698 ], [ -135.223289110087535, 60.82891413787771 ], [ -135.225027129753641, 60.829707906637871 ], [ -135.225382341461199, 60.831023920754063 ], [ -135.222080245596686, 60.834580710907098 ], [ -135.224874341259749, 60.836387503784422 ], [ -135.225511951287444, 60.837463929650028 ], [ -135.224986533445787, 60.838029793034188 ], [ -135.220563524082053, 60.838707922589343 ], [ -135.219087168340764, 60.839394719974685 ], [ -135.21823743075737, 60.840395550391683 ], [ -135.220432397066872, 60.842030893532048 ], [ -135.225488901930333, 60.842993267937203 ], [ -135.23006966675635, 60.846188621159541 ], [ -135.232145694174363, 60.845673206278967 ], [ -135.232746155711425, 60.845026478016727 ], [ -135.232877019995868, 60.844412350038816 ], [ -135.231285316766446, 60.842384636017904 ], [ -135.231219424684298, 60.841337268041656 ], [ -135.231575457413157, 60.840480632811861 ], [ -135.234663025305025, 60.837928524859429 ], [ -135.23461259551226, 60.837079481137337 ], [ -135.228866850025469, 60.835828474991338 ], [ -135.228705854349698, 60.835227726600863 ], [ -135.231483917803814, 60.834127250165579 ], [ -135.234524532958432, 60.834507310091148 ], [ -135.242884231886734, 60.837329563960132 ], [ -135.248075677319861, 60.840103722238467 ], [ -135.25529020063621, 60.842613132233502 ], [ -135.256785521070782, 60.842378365028502 ], [ -135.262802498336498, 60.83799870539719 ], [ -135.266664377742529, 60.837234424568557 ], [ -135.277859904612427, 60.839238090986022 ], [ -135.291527683715287, 60.837753699257611 ], [ -135.292844003488796, 60.838638107939367 ], [ -135.29265537994084, 60.839531450867568 ], [ -135.291046747775027, 60.840579108545683 ], [ -135.289576550455422, 60.842339075978764 ], [ -135.291565991912705, 60.843595895392802 ], [ -135.293172064448811, 60.843930557380119 ], [ -135.304548484372162, 60.842075626900296 ], [ -135.305530132627439, 60.841532404326855 ], [ -135.305274728648925, 60.839177887254124 ], [ -135.30591305254768, 60.838617456969232 ], [ -135.308330528368117, 60.838118035955681 ], [ -135.312686591881715, 60.838844316539578 ], [ -135.314557970554205, 60.839840923918324 ], [ -135.316051029097991, 60.840987803162172 ], [ -135.317734626375511, 60.84397803795693 ], [ -135.319483268931265, 60.844460584563834 ], [ -135.326403393712411, 60.844270810769117 ], [ -135.331451781982622, 60.845284923298472 ], [ -135.334985793813416, 60.844699747316042 ], [ -135.341729509647053, 60.84176382873266 ], [ -135.343114290456981, 60.841776501736938 ], [ -135.345267090609298, 60.842814859431179 ], [ -135.345968739165244, 60.847194425631059 ], [ -135.34748208956421, 60.847975144452249 ], [ -135.352489819826815, 60.848083588393237 ], [ -135.358425517752579, 60.850957644488069 ], [ -135.36189594143255, 60.851603823725796 ], [ -135.365699546513156, 60.851319346146681 ], [ -135.369747151061176, 60.851858676863472 ], [ -135.376183991686304, 60.85623726220598 ], [ -135.385617815577405, 60.857888775825124 ], [ -135.387574292126374, 60.860150463509903 ], [ -135.390192675876762, 60.861565438960412 ], [ -135.392005423583782, 60.861519832235182 ], [ -135.403794157953939, 60.858855428692827 ], [ -135.408839954881785, 60.858935437221902 ], [ -135.411968363837161, 60.859901554154071 ], [ -135.413350637274334, 60.861931499090183 ], [ -135.411851014710209, 60.863142838376874 ], [ -135.408601779039031, 60.863760499369121 ], [ -135.399525442484645, 60.86337995990754 ], [ -135.396341730044469, 60.865015299723261 ], [ -135.397088521725522, 60.868096436802887 ], [ -135.398880360897579, 60.870823303707887 ], [ -135.402844095179205, 60.873116217367894 ], [ -135.406304022917169, 60.873828174520348 ], [ -135.414654157340493, 60.871703170740389 ], [ -135.422594012957859, 60.871553071494198 ], [ -135.441971119510413, 60.875143592373412 ], [ -135.444904668924408, 60.874712514325878 ], [ -135.446966828825254, 60.873460754440572 ], [ -135.449098574550504, 60.871197709529604 ], [ -135.453880301919554, 60.869538024583868 ], [ -135.458346853573005, 60.866374577466402 ], [ -135.462392674134719, 60.86457715651936 ], [ -135.467879793907457, 60.863188279159871 ], [ -135.472322374936908, 60.86283042507398 ], [ -135.477740130781854, 60.861099595610717 ], [ -135.480067681268565, 60.860908817275686 ], [ -135.493792821187611, 60.862288017419189 ], [ -135.497981041940733, 60.862153666715884 ], [ -135.501564791398948, 60.861583954611049 ], [ -135.511771250854906, 60.858123126314041 ], [ -135.515680363182355, 60.858005345313792 ], [ -135.515675577653752, 60.861384585448434 ], [ -135.517441640009878, 60.862446202665808 ], [ -135.519651954754465, 60.864781012589305 ], [ -135.519665798130148, 60.865633882077915 ], [ -135.515597987602035, 60.867992878766223 ], [ -135.512376744141676, 60.869208267372073 ], [ -135.511384587196801, 60.870495949243377 ], [ -135.503932729926021, 60.873217545152421 ], [ -135.504404280221564, 60.873925067156918 ], [ -135.504112611294516, 60.875281860615502 ], [ -135.504991797671494, 60.876140492823787 ], [ -135.504602480526273, 60.879481871851361 ], [ -135.50607320323968, 60.880463945457272 ], [ -135.506537912017365, 60.881889735214926 ], [ -135.507870825316417, 60.882306684058051 ], [ -135.508021455868715, 60.883670796476892 ], [ -135.51054800573624, 60.886148217274197 ], [ -135.514626255219753, 60.887703893763998 ], [ -135.514790858778838, 60.888771658107011 ], [ -135.516474592289882, 60.889584645605247 ], [ -135.516832889050022, 60.89062261504052 ], [ -135.515863756373079, 60.891317383345466 ], [ -135.510577941544426, 60.891481178359612 ], [ -135.510445319036933, 60.892406438129179 ], [ -135.508637306557603, 60.893427841659197 ], [ -135.508864975882233, 60.893839965163849 ], [ -135.507383631645439, 60.894554846013456 ], [ -135.505303359079932, 60.894688378828249 ], [ -135.504343415287707, 60.895751396035187 ], [ -135.502736083298174, 60.895497054824453 ], [ -135.50218711809606, 60.896917642541737 ], [ -135.497973675747602, 60.90091066596888 ] ] ] } },
{ "type": "Feature", "properties": { "DAUID": "60010241", "PRUID": "60", "PRNAME": "Yukon", "CDUID": "6001", "CDNAME": "Yukon", "CDTYPE": "TER", "CCSUID": "6001045", "CCSNAME": "Yukon, Unorganized", "CSDUID": "6001058", "CSDNAME": "Marsh Lake", "CSDTYPE": "NO", "ERUID": "6010", "ERNAME": "Yukon", "SACCODE": "990", "SACTYPE": "3", "CMAUID": "990", "CMAPUID": "60990", "CMANAME": "Whitehorse", "CMATYPE": "D", "CTUID": null, "CTNAME": null, "ADAUID": "60010015", "ALT_GEO_CODE": "60010241", "province": "Territories", "first_lang_eng_french": 5.0, "first_lang_french": 45.0, "know_eng_french": 95.0, "know_french_only": 0.0, "mother_eng_french": 5.0, "mother_french": 45.0, "mother_french_non_official": 0.0, "pop_0_14": 80.0, "pop_0_4": 25.0, "pop_15_19": 30.0, "pop_2021": 746.0, "pop_under_19": 110.0, "share_under_19": 0.1474530831099195, "share_under_5": 0.033512064343163499, "first_lang_eng_french_under_19": 0.73726541554959779, "first_lang_eng_french_under_5": 0.16756032171581769, "first_lang_french_under_19": 6.6353887399463805, "first_lang_french_under_5": 1.5080428954423593, "know_eng_french_under_19": 14.008042895442358, "know_eng_french_under_5": 3.1836461126005364, "know_french_only_under_19": 0.0, "know_french_only_under_5": 0.0, "mother_eng_french_under_19": 0.73726541554959779, "mother_eng_french_under_5": 0.16756032171581769, "mother_french_under_19": 6.6353887399463805, "mother_french_under_5": 1.5080428954423593, "mother_french_non_official_under_19": 0.0, "mother_french_non_official_under_5": 0.0 }, "geometry": { "type": "Polygon", "coordinates": [ [ [ -134.687921765409982, 60.585140594809936 ], [ -134.656772058398587, 60.581522629547273 ], [ -134.564145036459394, 60.592907639722 ], [ -134.508331586792508, 60.563520372260832 ], [ -134.502958247427898, 60.568250662298887 ], [ -134.497732501066224, 60.566904072841069 ], [ -134.479758107504921, 60.607008555501643 ], [ -134.449562616440204, 60.628158332693246 ], [ -134.455734033954059, 60.656213055348516 ], [ -134.380048507059172, 60.658899637207007 ], [ -134.364651777457169, 60.617920145418623 ], [ -134.436524772575382, 60.603906990048365 ], [ -134.459913112777315, 60.569991268419386 ], [ -134.433833802389387, 60.567234486379597 ], [ -134.41904115939596, 60.566314180687058 ], [ -134.414353540784276, 60.560585394549804 ], [ -134.401103930724986, 60.55907708028748 ], [ -134.370867311840925, 60.537972966298042 ], [ -134.338111133657407, 60.533835951796561 ], [ -134.333818516104202, 60.531525928919024 ], [ -134.205595033977943, 60.679319182358157 ], [ -134.028989801169956, 60.588584098824029 ], [ -133.882789563748929, 60.511672516820987 ], [ -134.037497082268629, 60.454986174474733 ], [ -134.209841192953064, 60.387374078322551 ], [ -134.333859306247405, 60.333829292110423 ], [ -134.419564227920006, 60.29089412686686 ], [ -134.463936470053284, 60.282200617037304 ], [ -134.499971766580245, 60.276393384742647 ], [ -134.628854593279073, 60.555231571616737 ], [ -134.639535784705004, 60.556768456985537 ], [ -134.643853755389273, 60.558782277122177 ], [ -134.65500666984417, 60.561253699392147 ], [ -134.663939674979048, 60.565128278883471 ], [ -134.677356669062306, 60.571419393448913 ], [ -134.679652574726617, 60.573552827442988 ], [ -134.681446639705257, 60.576645739779693 ], [ -134.676398057690363, 60.57631822966291 ], [ -134.680443894595243, 60.578412120102747 ], [ -134.683937658574138, 60.579417054416552 ], [ -134.701295212819957, 60.58104617037435 ], [ -134.704088110555205, 60.582407347893373 ], [ -134.687921765409982, 60.585140594809936 ] ] ] } },
{ "type": "Feature", "properties": { "DAUID": "60010242", "PRUID": "60", "PRNAME": "Yukon", "CDUID": "6001", "CDNAME": "Yukon", "CDTYPE": "TER", "CCSUID": "6001045", "CCSNAME": "Yukon, Unorganized", "CSDUID": "6001009", "CSDNAME": "Whitehorse", "CSDTYPE": "CY", "ERUID": "6010", "ERNAME": "Yukon", "SACCODE": "990", "SACTYPE": "3", "CMAUID": "990", "CMAPUID": "60990", "CMANAME": "Whitehorse", "CMATYPE": "D", "CTUID": null, "CTNAME": null, "ADAUID": "60010022", "ALT_GEO_CODE": "60010242", "province": "Territories", "first_lang_eng_french": 5.0, "first_lang_french": 55.0, "know_eng_french": 130.0, "know_french_only": 0.0, "mother_eng_french": 5.0, "mother_french": 55.0, "mother_french_non_official": 0.0, "pop_0_14": 65.0, "pop_0_4": 25.0, "pop_15_19": 25.0, "pop_2021": 872.0, "pop_under_19": 90.0, "share_under_19": 0.1032110091743119, "share_under_5": 0.0286697247706422, "first_lang_eng_french_under_19": 0.5160550458715597, "first_lang_eng_french_under_5": 0.14334862385321101, "first_lang_french_under_19": 5.6766055045871564, "first_lang_french_under_5": 1.5768348623853212, "know_eng_french_under_19": 13.417431192660551, "know_eng_french_under_5": 3.7270642201834874, "know_french_only_under_19": 0.0, "know_french_only_under_5": 0.0, "mother_eng_french_under_19": 0.5160550458715597, "mother_eng_french_under_5": 0.14334862385321101, "mother_french_under_19": 5.6766055045871564, "mother_french_under_5": 1.5768348623853212, "mother_french_non_official_under_19": 0.0, "mother_french_non_official_under_5": 0.0 }, "geometry": { "type": "Polygon", "coordinates": [ [ [ -135.071499859778839, 60.729243521493018 ], [ -135.067959890135512, 60.728473226021173 ], [ -135.059665866124192, 60.729888722147933 ], [ -135.054950558187045, 60.728236227840114 ], [ -135.051904593406277, 60.724945747230535 ], [ -135.051453606055105, 60.722523275731554 ], [ -135.060007690347419, 60.720935277564678 ], [ -135.062541093987988, 60.72301708979132 ], [ -135.06746988118158, 60.722107888747509 ], [ -135.069974262152556, 60.724772460736567 ], [ -135.069301159115213, 60.726779616728344 ], [ -135.069582744896735, 60.727296026095772 ], [ -135.076562498449874, 60.724186880224934 ], [ -135.078084171900059, 60.724073277066729 ], [ -135.078521770972571, 60.724597774107821 ], [ -135.078143767792483, 60.724886810335292 ], [ -135.07341899139729, 60.726685765806891 ], [ -135.0717145147716, 60.727638820941095 ], [ -135.071478932196811, 60.728359784493648 ], [ -135.074522358072244, 60.729946435869579 ], [ -135.076790061175416, 60.731839909031812 ], [ -135.081903384108159, 60.732608054945452 ], [ -135.082632952727607, 60.732877617260009 ], [ -135.082607732803751, 60.73345439918868 ], [ -135.079467054546001, 60.733512714427647 ], [ -135.075394348539845, 60.732590286789787 ], [ -135.071499859778839, 60.729243521493018 ] ] ] } },
{ "type": "Feature", "properties": { "DAUID": "60010243", "PRUID": "60", "PRNAME": "Yukon", "CDUID": "6001", "CDNAME": "Yukon", "CDTYPE": "TER", "CCSUID": "6001045", "CCSNAME": "Yukon, Unorganized", "CSDUID": "6001009", "CSDNAME": "Whitehorse", "CSDTYPE": "CY", "ERUID": "6010", "ERNAME": "Yukon", "SACCODE": "990", "SACTYPE": "3", "CMAUID": "990", "CMAPUID": "60990", "CMANAME": "Whitehorse", "CMATYPE": "D", "CTUID": null, "CTNAME": null, "ADAUID": "60010022", "ALT_GEO_CODE": "60010243", "province": "Territories", "first_lang_eng_french": 0.0, "first_lang_french": 35.0, "know_eng_french": 120.0, "know_french_only": 0.0, "mother_eng_french": 5.0, "mother_french": 30.0, "mother_french_non_official": 0.0, "pop_0_14": 60.0, "pop_0_4": 25.0, "pop_15_19": 15.0, "pop_2021": 684.0, "pop_under_19": 75.0, "share_under_19": 0.1096491228070175, "share_under_5": 0.036549707602339103, "first_lang_eng_french_under_19": 0.0, "first_lang_eng_french_under_5": 0.0, "first_lang_french_under_19": 3.8377192982456139, "first_lang_french_under_5": 1.2792397660818713, "know_eng_french_under_19": 13.157894736842104, "know_eng_french_under_5": 4.3859649122807012, "know_french_only_under_19": 0.0, "know_french_only_under_5": 0.0, "mother_eng_french_under_19": 0.54824561403508765, "mother_eng_french_under_5": 0.1827485380116958, "mother_french_under_19": 3.2894736842105261, "mother_french_under_5": 1.0964912280701753, "mother_french_non_official_under_19": 0.0, "mother_french_non_official_under_5": 0.0 }, "geometry": { "type": "Polygon", "coordinates": [ [ [ -135.060007690347419, 60.720935277564678 ], [ -135.051453606055105, 60.722523275731554 ], [ -135.05018408227491, 60.72101750393692 ], [ -135.060792236669528, 60.719040508615954 ], [ -135.06018592329221, 60.718232740969164 ], [ -135.065131894660965, 60.717247516325017 ], [ -135.066974320316206, 60.71828366748359 ], [ -135.068011027147691, 60.720035845880567 ], [ -135.071544425172817, 60.720451850881446 ], [ -135.070964064736557, 60.721309193858055 ], [ -135.071467251347713, 60.723342212470364 ], [ -135.069974262152556, 60.724772460736567 ], [ -135.06746988118158, 60.722107888747509 ], [ -135.062541093987988, 60.72301708979132 ], [ -135.060007690347419, 60.720935277564678 ] ] ] } },
{ "type": "Feature", "properties": { "DAUID": "60010244", "PRUID": "60", "PRNAME": "Yukon", "CDUID": "6001", "CDNAME": "Yukon", "CDTYPE": "TER", "CCSUID": "6001045", "CCSNAME": "Yukon, Unorganized", "CSDUID": "6001009", "CSDNAME": "Whitehorse", "CSDTYPE": "CY", "ERUID": "6010", "ERNAME": "Yukon", "SACCODE": "990", "SACTYPE": "3", "CMAUID": "990", "CMAPUID": "60990", "CMANAME": "Whitehorse", "CMATYPE": "D", "CTUID": null, "CTNAME": null, "ADAUID": "60010022", "ALT_GEO_CODE": "60010244", "province": "Territories", "first_lang_eng_french": 5.0, "first_lang_french": 15.0, "know_eng_french": 60.0, "know_french_only": 5.0, "mother_eng_french": 0.0, "mother_french": 15.0, "mother_french_non_official": 0.0, "pop_0_14": 75.0, "pop_0_4": 40.0, "pop_15_19": 40.0, "pop_2021": 630.0, "pop_under_19": 115.0, "share_under_19": 0.1825396825396825, "share_under_5": 0.063492063492063405, "first_lang_eng_french_under_19": 0.91269841269841279, "first_lang_eng_french_under_5": 0.31746031746031739, "first_lang_french_under_19": 2.7380952380952381, "first_lang_french_under_5": 0.95238095238095244, "know_eng_french_under_19": 10.952380952380953, "know_eng_french_under_5": 3.8095238095238089, "know_french_only_under_19": 0.91269841269841279, "know_french_only_under_5": 0.31746031746031739, "mother_eng_french_under_19": 0.0, "mother_eng_french_under_5": 0.0, "mother_french_under_19": 2.7380952380952381, "mother_french_under_5": 0.95238095238095244, "mother_french_non_official_under_19": 0.0, "mother_french_non_official_under_5": 0.0 }, "geometry": { "type": "Polygon", "coordinates": [ [ [ -135.055154498912657, 60.708378184910046 ], [ -135.055790599701226, 60.706477369035078 ], [ -135.057632166661023, 60.707471911779791 ], [ -135.057955802318844, 60.708878162893882 ], [ -135.056644996479349, 60.711279498678302 ], [ -135.057545524468338, 60.712387906201847 ], [ -135.057922162632281, 60.713912698136639 ], [ -135.060552220240538, 60.715941277431867 ], [ -135.065131894660965, 60.717247516325017 ], [ -135.06018592329221, 60.718232740969164 ], [ -135.058955176392942, 60.716680042695856 ], [ -135.055016246460411, 60.717373046386513 ], [ -135.05147205744754, 60.712894275082405 ], [ -135.050775365836586, 60.712670083567126 ], [ -135.055154498912657, 60.708378184910046 ] ] ] } },
{ "type": "Feature", "properties": { "DAUID": "60010245", "PRUID": "60", "PRNAME": "Yukon", "CDUID": "6001", "CDNAME": "Yukon", "CDTYPE": "TER", "CCSUID": "6001045", "CCSNAME": "Yukon, Unorganized", "CSDUID": "6001009", "CSDNAME": "Whitehorse", "CSDTYPE": "CY", "ERUID": "6010", "ERNAME": "Yukon", "SACCODE": "990", "SACTYPE": "3", "CMAUID": "990", "CMAPUID": "60990", "CMANAME": "Whitehorse", "CMATYPE": "D", "CTUID": null, "CTNAME": null, "ADAUID": "60010022", "ALT_GEO_CODE": "60010245", "province": "Territories", "first_lang_eng_french": 0.0, "first_lang_french": 15.0, "know_eng_french": 45.0, "know_french_only": 0.0, "mother_eng_french": 0.0, "mother_french": 20.0, "mother_french_non_official": 0.0, "pop_0_14": 25.0, "pop_0_4": 5.0, "pop_15_19": 10.0, "pop_2021": 399.0, "pop_under_19": 35.0, "share_under_19": 0.087719298245614002, "share_under_5": 0.012531328320802001, "first_lang_eng_french_under_19": 0.0, "first_lang_eng_french_under_5": 0.0, "first_lang_french_under_19": 1.3157894736842104, "first_lang_french_under_5": 0.18796992481203001, "know_eng_french_under_19": 3.9473684210526319, "know_eng_french_under_5": 0.56390977443609014, "know_french_only_under_19": 0.0, "know_french_only_under_5": 0.0, "mother_eng_french_under_19": 0.0, "mother_eng_french_under_5": 0.0, "mother_french_under_19": 1.7543859649122806, "mother_french_under_5": 0.25062656641604009, "mother_french_non_official_under_19": 0.0, "mother_french_non_official_under_5": 0.0 }, "geometry": { "type": "Polygon", "coordinates": [ [ [ -135.046487148603859, 60.706234175575943 ], [ -135.055790599701226, 60.706477369035078 ], [ -135.055154498912657, 60.708378184910046 ], [ -135.050775365836586, 60.712670083567126 ], [ -135.05147205744754, 60.712894275082405 ], [ -135.055016246460411, 60.717373046386513 ], [ -135.058955176392942, 60.716680042695856 ], [ -135.060792236669528, 60.719040508615954 ], [ -135.05018408227491, 60.72101750393692 ], [ -135.044846291530831, 60.715599315799658 ], [ -135.045415696181692, 60.713904757722872 ], [ -135.045001494956637, 60.713816136492284 ], [ -135.048183114050687, 60.711690416830727 ], [ -135.050164941811687, 60.709273453965302 ], [ -135.046487148603859, 60.706234175575943 ] ] ] } },
{ "type": "Feature", "properties": { "DAUID": "60010203", "PRUID": "60", "PRNAME": "Yukon", "CDUID": "6001", "CDNAME": "Yukon", "CDTYPE": "TER", "CCSUID": "6001045", "CCSNAME": "Yukon, Unorganized", "CSDUID": "6001009", "CSDNAME": "Whitehorse", "CSDTYPE": "CY", "ERUID": "6010", "ERNAME": "Yukon", "SACCODE": "990", "SACTYPE": "3", "CMAUID": "990", "CMAPUID": "60990", "CMANAME": "Whitehorse", "CMATYPE": "D", "CTUID": null, "CTNAME": null, "ADAUID": "60010022", "ALT_GEO_CODE": "60010203", "province": "Territories", "first_lang_eng_french": 0.0, "first_lang_french": 30.0, "know_eng_french": 80.0, "know_french_only": 5.0, "mother_eng_french": 15.0, "mother_french": 30.0, "mother_french_non_official": 0.0, "pop_0_14": 100.0, "pop_0_4": 45.0, "pop_15_19": 35.0, "pop_2021": 947.0, "pop_under_19": 135.0, "share_under_19": 0.14255543822597669, "share_under_5": 0.047518479408658901, "first_lang_eng_french_under_19": 0.0, "first_lang_eng_french_under_5": 0.0, "first_lang_french_under_19": 4.2766631467793044, "first_lang_french_under_5": 1.4255543822597676, "know_eng_french_under_19": 11.404435058078144, "know_eng_french_under_5": 3.8014783526927136, "know_french_only_under_19": 0.71277719112988391, "know_french_only_under_5": 0.2375923970432946, "mother_eng_french_under_19": 2.1383315733896522, "mother_eng_french_under_5": 0.7127771911298838, "mother_french_under_19": 4.2766631467793044, "mother_french_under_5": 1.4255543822597676, "mother_french_non_official_under_19": 0.0, "mother_french_non_official_under_5": 0.0 }, "geometry": { "type": "Polygon", "coordinates": [ [ [ -135.086312395387353, 60.764079255625987 ], [ -135.074312201958293, 60.756239616132497 ], [ -135.074474218903731, 60.754883804834854 ], [ -135.070988587530053, 60.755101175683208 ], [ -135.064996423043283, 60.749205526148813 ], [ -135.065610645693539, 60.746386490341301 ], [ -135.063571931682134, 60.744332983452729 ], [ -135.063252461042708, 60.742156897771892 ], [ -135.065664753348102, 60.738093160157142 ], [ -135.068412143778744, 60.734933511634488 ], [ -135.067186504596464, 60.733061570993627 ], [ -135.063085041054364, 60.732169395671363 ], [ -135.059665866124192, 60.729888722147933 ], [ -135.067959890135512, 60.728473226021173 ], [ -135.071499859778839, 60.729243521493018 ], [ -135.075394348539845, 60.732590286789787 ], [ -135.079467054546001, 60.733512714427647 ], [ -135.082607732803751, 60.73345439918868 ], [ -135.082868479219911, 60.734877322445868 ], [ -135.084851783109514, 60.735906800705209 ], [ -135.085263189917441, 60.73727890846363 ], [ -135.084782310686677, 60.737678397119161 ], [ -135.085784137493505, 60.739235600103129 ], [ -135.084746181005073, 60.741111151477405 ], [ -135.08612625685609, 60.742379333648387 ], [ -135.085758217337741, 60.743710875941112 ], [ -135.086285797451723, 60.744548741494093 ], [ -135.088671960183405, 60.7460857032574 ], [ -135.088331093454769, 60.746640549307372 ], [ -135.090994847189165, 60.747395307495815 ], [ -135.09090042288355, 60.74996588021375 ], [ -135.090034632524009, 60.750183308363972 ], [ -135.087223248527039, 60.753279891982451 ], [ -135.087712291084813, 60.753361858346246 ], [ -135.092207655073167, 60.761918350775957 ], [ -135.086312395387353, 60.764079255625987 ] ] ] } },
{ "type": "Feature", "properties": { "DAUID": "60010210", "PRUID": "60", "PRNAME": "Yukon", "CDUID": "6001", "CDNAME": "Yukon", "CDTYPE": "TER", "CCSUID": "6001045", "CCSNAME": "Yukon, Unorganized", "CSDUID": "6001009", "CSDNAME": "Whitehorse", "CSDTYPE": "CY", "ERUID": "6010", "ERNAME": "Yukon", "SACCODE": "990", "SACTYPE": "3", "CMAUID": "990", "CMAPUID": "60990", "CMANAME": "Whitehorse", "CMATYPE": "D", "CTUID": null, "CTNAME": null, "ADAUID": "60010020", "ALT_GEO_CODE": "60010210", "province": "Territories", "first_lang_eng_french": 0.0, "first_lang_french": 0.0, "know_eng_french": 10.0, "know_french_only": 0.0, "mother_eng_french": 0.0, "mother_french": 0.0, "mother_french_non_official": 0.0, "pop_0_14": 100.0, "pop_0_4": 30.0, "pop_15_19": 15.0, "pop_2021": 437.0, "pop_under_19": 115.0, "share_under_19": 0.26315789473684209, "share_under_5": 0.068649885583524001, "first_lang_eng_french_under_19": 0.0, "first_lang_eng_french_under_5": 0.0, "first_lang_french_under_19": 0.0, "first_lang_french_under_5": 0.0, "know_eng_french_under_19": 2.6315789473684208, "know_eng_french_under_5": 0.68649885583524028, "know_french_only_under_19": 0.0, "know_french_only_under_5": 0.0, "mother_eng_french_under_19": 0.0, "mother_eng_french_under_5": 0.0, "mother_french_under_19": 0.0, "mother_french_under_5": 0.0, "mother_french_non_official_under_19": 0.0, "mother_french_non_official_under_5": 0.0 }, "geometry": { "type": "Polygon", "coordinates": [ [ [ -135.095548330856957, 60.719228566020455 ], [ -135.091002757393539, 60.715961301640576 ], [ -135.098115665410546, 60.713442561683195 ], [ -135.099610133681779, 60.712084998148846 ], [ -135.113232610554206, 60.712943469362592 ], [ -135.117463273267646, 60.714093670975288 ], [ -135.123783112858717, 60.7207118388664 ], [ -135.106763888601336, 60.723886570248418 ], [ -135.100574709824144, 60.72572119647041 ], [ -135.100379120716809, 60.724753828631926 ], [ -135.096059037878746, 60.71908064321196 ], [ -135.095548330856957, 60.719228566020455 ] ] ] } },
{ "type": "Feature", "properties": { "DAUID": "60010223", "PRUID": "60", "PRNAME": "Yukon", "CDUID": "6001", "CDNAME": "Yukon", "CDTYPE": "TER", "CCSUID": "6001045", "CCSNAME": "Yukon, Unorganized", "CSDUID": "6001009", "CSDNAME": "Whitehorse", "CSDTYPE": "CY", "ERUID": "6010", "ERNAME": "Yukon", "SACCODE": "990", "SACTYPE": "3", "CMAUID": "990", "CMAPUID": "60990", "CMANAME": "Whitehorse", "CMATYPE": "D", "CTUID": null, "CTNAME": null, "ADAUID": "60010020", "ALT_GEO_CODE": "60010223", "province": "Territories", "first_lang_eng_french": 0.0, "first_lang_french": 40.0, "know_eng_french": 155.0, "know_french_only": 0.0, "mother_eng_french": 5.0, "mother_french": 40.0, "mother_french_non_official": 0.0, "pop_0_14": 180.0, "pop_0_4": 50.0, "pop_15_19": 70.0, "pop_2021": 1001.0, "pop_under_19": 250.0, "share_under_19": 0.2497502497502497, "share_under_5": 0.049950049950049903, "first_lang_eng_french_under_19": 0.0, "first_lang_eng_french_under_5": 0.0, "first_lang_french_under_19": 9.9900099900099928, "first_lang_french_under_5": 1.9980019980019981, "know_eng_french_under_19": 38.711288711288709, "know_eng_french_under_5": 7.7422577422577428, "know_french_only_under_19": 0.0, "know_french_only_under_5": 0.0, "mother_eng_french_under_19": 1.2487512487512489, "mother_eng_french_under_5": 0.2497502497502497, "mother_french_under_19": 9.9900099900099928, "mother_french_under_5": 1.9980019980019981, "mother_french_non_official_under_19": 0.0, "mother_french_non_official_under_5": 0.0 }, "geometry": { "type": "Polygon", "coordinates": [ [ [ -135.099610133681779, 60.712084998148846 ], [ -135.092508792029349, 60.69696855775932 ], [ -135.097457248439724, 60.696224163638313 ], [ -135.100255631809091, 60.69848318154429 ], [ -135.107100589350523, 60.706450875903002 ], [ -135.107323998150349, 60.707528091111222 ], [ -135.105452540985851, 60.712297047354653 ], [ -135.099610133681779, 60.712084998148846 ] ] ] } },
{ "type": "Feature", "properties": { "DAUID": "60010227", "PRUID": "60", "PRNAME": "Yukon", "CDUID": "6001", "CDNAME": "Yukon", "CDTYPE": "TER", "CCSUID": "6001045", "CCSNAME": "Yukon, Unorganized", "CSDUID": "6001009", "CSDNAME": "Whitehorse", "CSDTYPE": "CY", "ERUID": "6010", "ERNAME": "Yukon", "SACCODE": "990", "SACTYPE": "3", "CMAUID": "990", "CMAPUID": "60990", "CMANAME": "Whitehorse", "CMATYPE": "D", "CTUID": null, "CTNAME": null, "ADAUID": "60010020", "ALT_GEO_CODE": null, "province": null, "first_lang_eng_french": null, "first_lang_french": null, "know_eng_french": null, "know_french_only": null, "mother_eng_french": null, "mother_french": null, "mother_french_non_official": null, "pop_0_14": null, "pop_0_4": null, "pop_15_19": null, "pop_2021": null, "pop_under_19": null, "share_under_19": null, "share_under_5": null, "first_lang_eng_french_under_19": null, "first_lang_eng_french_under_5": null, "first_lang_french_under_19": null, "first_lang_french_under_5": null, "know_eng_french_under_19": null, "know_eng_french_under_5": null, "know_french_only_under_19": null, "know_french_only_under_5": null, "mother_eng_french_under_19": null, "mother_eng_french_under_5": null, "mother_french_under_19": null, "mother_french_under_5": null, "mother_french_non_official_under_19": null, "mother_french_non_official_under_5": null }, "geometry": { "type": "Polygon", "coordinates": [ [ [ -135.113232610554206, 60.712943469362592 ], [ -135.105318072903088, 60.712388190335474 ], [ -135.107323998150349, 60.707528091111222 ], [ -135.107100589350523, 60.706450875903002 ], [ -135.10257601868517, 60.701055473276831 ], [ -135.10521137715827, 60.700176533683042 ], [ -135.106356571361658, 60.696990199450532 ], [ -135.108001884159052, 60.696122391600518 ], [ -135.11243642028532, 60.69602674018865 ], [ -135.116002817506569, 60.698108797019628 ], [ -135.120304377837613, 60.697334529969268 ], [ -135.126687421705839, 60.707034288663266 ], [ -135.12289109277765, 60.707642800653581 ], [ -135.127137569919768, 60.7143612078046 ], [ -135.122512807763059, 60.717355304684403 ], [ -135.120845022976738, 60.717364664395795 ], [ -135.119736023141087, 60.716793933648219 ], [ -135.117463273267646, 60.714093670975288 ], [ -135.113232610554206, 60.712943469362592 ] ] ] } },
{ "type": "Feature", "properties": { "DAUID": "60010228", "PRUID": "60", "PRNAME": "Yukon", "CDUID": "6001", "CDNAME": "Yukon", "CDTYPE": "TER", "CCSUID": "6001045", "CCSNAME": "Yukon, Unorganized", "CSDUID": "6001009", "CSDNAME": "Whitehorse", "CSDTYPE": "CY", "ERUID": "6010", "ERNAME": "Yukon", "SACCODE": "990", "SACTYPE": "3", "CMAUID": "990", "CMAPUID": "60990", "CMANAME": "Whitehorse", "CMATYPE": "D", "CTUID": null, "CTNAME": null, "ADAUID": "60010020", "ALT_GEO_CODE": "60010228", "province": "Territories", "first_lang_eng_french": 10.0, "first_lang_french": 110.0, "know_eng_french": 360.0, "know_french_only": 10.0, "mother_eng_french": 20.0, "mother_french": 115.0, "mother_french_non_official": 0.0, "pop_0_14": 440.0, "pop_0_4": 120.0, "pop_15_19": 170.0, "pop_2021": 1945.0, "pop_under_19": 610.0, "share_under_19": 0.31362467866323901, "share_under_5": 0.061696658097686298, "first_lang_eng_french_under_19": 3.1362467866323902, "first_lang_eng_french_under_5": 0.61696658097686374, "first_lang_french_under_19": 34.498714652956295, "first_lang_french_under_5": 6.7866323907455008, "know_eng_french_under_19": 112.90488431876608, "know_eng_french_under_5": 22.210796915167091, "know_french_only_under_19": 3.1362467866323902, "know_french_only_under_5": 0.61696658097686374, "mother_eng_french_under_19": 6.2724935732647813, "mother_eng_french_under_5": 1.2339331619537277, "mother_french_under_19": 36.066838046272494, "mother_french_under_5": 7.0951156812339331, "mother_french_non_official_under_19": 0.0, "mother_french_non_official_under_5": 0.0 }, "geometry": { "type": "Polygon", "coordinates": [ [ [ -135.108001884159052, 60.696122391600518 ], [ -135.106356571361658, 60.696990199450532 ], [ -135.10521137715827, 60.700176533683042 ], [ -135.10257601868517, 60.701055473276831 ], [ -135.096808151390888, 60.69556869875511 ], [ -135.083311815687694, 60.688825367991932 ], [ -135.11233984600554, 60.684347492732897 ], [ -135.120304377837613, 60.697334529969268 ], [ -135.116002817506569, 60.698108797019628 ], [ -135.11243642028532, 60.69602674018865 ], [ -135.108001884159052, 60.696122391600518 ] ] ] } },
{ "type": "Feature", "properties": { "DAUID": "60010236", "PRUID": "60", "PRNAME": "Yukon", "CDUID": "6001", "CDNAME": "Yukon", "CDTYPE": "TER", "CCSUID": "6001045", "CCSNAME": "Yukon, Unorganized", "CSDUID": "6001009", "CSDNAME": "Whitehorse", "CSDTYPE": "CY", "ERUID": "6010", "ERNAME": "Yukon", "SACCODE": "990", "SACTYPE": "3", "CMAUID": "990", "CMAPUID": "60990", "CMANAME": "Whitehorse", "CMATYPE": "D", "CTUID": null, "CTNAME": null, "ADAUID": "60010020", "ALT_GEO_CODE": "60010236", "province": "Territories", "first_lang_eng_french": 5.0, "first_lang_french": 65.0, "know_eng_french": 220.0, "know_french_only": 0.0, "mother_eng_french": 20.0, "mother_french": 55.0, "mother_french_non_official": 0.0, "pop_0_14": 140.0, "pop_0_4": 55.0, "pop_15_19": 40.0, "pop_2021": 793.0, "pop_under_19": 180.0, "share_under_19": 0.22698612862547279, "share_under_5": 0.069356872635561104, "first_lang_eng_french_under_19": 1.1349306431273645, "first_lang_eng_french_under_5": 0.34678436317780581, "first_lang_french_under_19": 14.754098360655735, "first_lang_french_under_5": 4.5081967213114753, "know_eng_french_under_19": 49.936948297604033, "know_eng_french_under_5": 15.258511979823457, "know_french_only_under_19": 0.0, "know_french_only_under_5": 0.0, "mother_eng_french_under_19": 4.5397225725094579, "mother_eng_french_under_5": 1.3871374527112232, "mother_french_under_19": 12.484237074401008, "mother_french_under_5": 3.8146279949558641, "mother_french_non_official_under_19": 0.0, "mother_french_non_official_under_5": 0.0 }, "geometry": { "type": "Polygon", "coordinates": [ [ [ -135.0717145147716, 60.727638820941095 ], [ -135.078521770972571, 60.724597774107821 ], [ -135.077563700027525, 60.723930361182603 ], [ -135.076562498449874, 60.724186880224934 ], [ -135.069582744896735, 60.727296026095772 ], [ -135.069301159115213, 60.726779616728344 ], [ -135.069974262152556, 60.724772460736567 ], [ -135.071467251347713, 60.723342212470364 ], [ -135.070964064736557, 60.721309193858055 ], [ -135.071544425172817, 60.720451850881446 ], [ -135.068011027147691, 60.720035845880567 ], [ -135.066503828089566, 60.717911746361871 ], [ -135.060552220240538, 60.715941277431867 ], [ -135.057922162632281, 60.713912698136639 ], [ -135.057545524468338, 60.712387906201847 ], [ -135.056644996479349, 60.711279498678302 ], [ -135.057955802318844, 60.708878162893882 ], [ -135.057632166661023, 60.707471911779791 ], [ -135.055582045069855, 60.706399822756978 ], [ -135.046486209634111, 60.706233563113393 ], [ -135.050357595839642, 60.702896268704805 ], [ -135.055191571296348, 60.702073937625912 ], [ -135.069888667354235, 60.704931167748711 ], [ -135.0706968696378, 60.70590038702241 ], [ -135.074191120978952, 60.703788608873523 ], [ -135.077475735408768, 60.706094176217334 ], [ -135.095800431866735, 60.703354558576159 ], [ -135.099610133681779, 60.712084998148846 ], [ -135.098115665410546, 60.713442561683195 ], [ -135.091002757393539, 60.715961301640576 ], [ -135.095548330856957, 60.719228566020455 ], [ -135.096059037878746, 60.71908064321196 ], [ -135.100619419402221, 60.725400089173888 ], [ -135.100511846158582, 60.726172306099961 ], [ -135.098392946436519, 60.728642896302446 ], [ -135.096368546986525, 60.73215488579936 ], [ -135.091497148489907, 60.734178412206838 ], [ -135.082607732803751, 60.73345439918868 ], [ -135.082632952727607, 60.732877617260009 ], [ -135.081903384108159, 60.732608054945452 ], [ -135.076790061175416, 60.731839909031812 ], [ -135.074522358072244, 60.729946435869579 ], [ -135.071478932196811, 60.728359784493648 ], [ -135.0717145147716, 60.727638820941095 ] ] ] } },
{ "type": "Feature", "properties": { "DAUID": "60010238", "PRUID": "60", "PRNAME": "Yukon", "CDUID": "6001", "CDNAME": "Yukon", "CDTYPE": "TER", "CCSUID": "6001045", "CCSNAME": "Yukon, Unorganized", "CSDUID": "6001060", "CSDNAME": "Whitehorse, Unorganized", "CSDTYPE": "NO", "ERUID": "6010", "ERNAME": "Yukon", "SACCODE": "990", "SACTYPE": "3", "CMAUID": "990", "CMAPUID": "60990", "CMANAME": "Whitehorse", "CMATYPE": "D", "CTUID": null, "CTNAME": null, "ADAUID": "60010015", "ALT_GEO_CODE": "60010238", "province": "Territories", "first_lang_eng_french": 0.0, "first_lang_french": 45.0, "know_eng_french": 100.0, "know_french_only": 0.0, "mother_eng_french": 5.0, "mother_french": 45.0, "mother_french_non_official": 0.0, "pop_0_14": 60.0, "pop_0_4": 25.0, "pop_15_19": 20.0, "pop_2021": 411.0, "pop_under_19": 80.0, "share_under_19": 0.194647201946472, "share_under_5": 0.060827250608272501, "first_lang_eng_french_under_19": 0.0, "first_lang_eng_french_under_5": 0.0, "first_lang_french_under_19": 8.7591240875912408, "first_lang_french_under_5": 2.7372262773722627, "know_eng_french_under_19": 19.464720194647203, "know_eng_french_under_5": 6.0827250608272507, "know_french_only_under_19": 0.0, "know_french_only_under_5": 0.0, "mother_eng_french_under_19": 0.97323600973236002, "mother_eng_french_under_5": 0.30413625304136249, "mother_french_under_19": 8.7591240875912408, "mother_french_under_5": 2.7372262773722627, "mother_french_non_official_under_19": 0.0, "mother_french_non_official_under_5": 0.0 }, "geometry": { "type": "Polygon", "coordinates": [ [ [ -134.471839893588651, 60.819544490148452 ], [ -134.261317405411489, 60.707790459720059 ], [ -134.205595033977943, 60.679319182358157 ], [ -134.333818516104202, 60.531525928919024 ], [ -134.338111133657407, 60.533835951796561 ], [ -134.370867311840925, 60.537972966298042 ], [ -134.401103930724986, 60.55907708028748 ], [ -134.414353540784276, 60.560585394549804 ], [ -134.41904115939596, 60.566314180687058 ], [ -134.433833802389387, 60.567234486379597 ], [ -134.459913112777315, 60.569991268419386 ], [ -134.436524772575382, 60.603906990048365 ], [ -134.364651777457169, 60.617920145418623 ], [ -134.380048507059172, 60.658899637207007 ], [ -134.455734033954059, 60.656213055348516 ], [ -134.449562616440204, 60.628158332693246 ], [ -134.479758107504921, 60.607008555501643 ], [ -134.497732501066224, 60.566904072841069 ], [ -134.502958247427898, 60.568250662298887 ], [ -134.508331586792508, 60.563520372260832 ], [ -134.564145036459394, 60.592907639722 ], [ -134.656772058398587, 60.581522629547273 ], [ -134.687921765409982, 60.585140594809936 ], [ -134.704088110555205, 60.582407347893373 ], [ -134.701295212819957, 60.58104617037435 ], [ -134.683937658574138, 60.579417054416552 ], [ -134.680443894595243, 60.578412120102747 ], [ -134.676398057690363, 60.57631822966291 ], [ -134.681446639705257, 60.576645739779693 ], [ -134.679652574726617, 60.573552827442988 ], [ -134.677356669062306, 60.571419393448913 ], [ -134.663939674979048, 60.565128278883471 ], [ -134.65500666984417, 60.561253699392147 ], [ -134.643853755389273, 60.558782277122177 ], [ -134.639535784705004, 60.556768456985537 ], [ -134.628854593279073, 60.555231571616737 ], [ -134.499971766580245, 60.276393384742647 ], [ -134.726011525192348, 60.240054990347076 ], [ -134.986137695368313, 60.193604064074513 ], [ -134.990462483495349, 60.088461809070068 ], [ -134.986227548996425, 60.000012819862171 ], [ -135.598022451985457, 60.000058645598244 ], [ -135.536453715339576, 60.184158000505711 ], [ -135.482731600294557, 60.360572554651256 ], [ -135.486102936452426, 60.556040205182811 ], [ -135.760617031801615, 60.686992607989737 ], [ -135.941047034097267, 60.774038716662169 ], [ -135.938852536718429, 60.774498121793613 ], [ -135.936215638256584, 60.775998053727498 ], [ -135.930600236786006, 60.782439002851952 ], [ -135.927974597693321, 60.790080186752817 ], [ -135.926542162506109, 60.791365069958857 ], [ -135.923777108875726, 60.792308921243553 ], [ -135.913445799682563, 60.79399578001388 ], [ -135.910700228521733, 60.795648565417743 ], [ -135.911149221642063, 60.796579315638468 ], [ -135.913208935003212, 60.797292610321868 ], [ -135.920623441590351, 60.798921027034552 ], [ -135.926646701599026, 60.802614766014742 ], [ -135.928019222707718, 60.804957743189057 ], [ -135.928540887178713, 60.80837504969336 ], [ -135.927689543961492, 60.810077931679878 ], [ -135.922650444445424, 60.813174391019331 ], [ -135.911409670948075, 60.815441934685758 ], [ -135.900482511217916, 60.816494294007292 ], [ -135.89216037271683, 60.816047000720815 ], [ -135.889512482204537, 60.81536420293881 ], [ -135.885803175674482, 60.813521157107644 ], [ -135.881658019289659, 60.809849183084324 ], [ -135.878130923061718, 60.808579360130381 ], [ -135.872547210990149, 60.808041097348912 ], [ -135.870091271392425, 60.808972834645118 ], [ -135.868385826436025, 60.810474350670034 ], [ -135.867523933852169, 60.81190752876531 ], [ -135.867030200104466, 60.81675921393947 ], [ -135.866033636087423, 60.817977772266829 ], [ -135.860817076593662, 60.820211059212987 ], [ -135.85326285600658, 60.822378214149374 ], [ -135.851526288107664, 60.823457689196815 ], [ -135.848823891905084, 60.826258156484748 ], [ -135.846789014055702, 60.827195804354844 ], [ -135.844606029461573, 60.826706733697911 ], [ -135.839397681937271, 60.824449818111162 ], [ -135.836196440163008, 60.824388965050751 ], [ -135.830280150933305, 60.828124854179634 ], [ -135.830044778180138, 60.830397883951854 ], [ -135.828452565053652, 60.831413317888156 ], [ -135.820481496672812, 60.834012158029822 ], [ -135.820069301891152, 60.834436645079407 ], [ -135.820792115218978, 60.835366008541016 ], [ -135.824164996821168, 60.837051323210311 ], [ -135.824343328769061, 60.838262336843044 ], [ -135.82160779829988, 60.839913190534482 ], [ -135.81958067470751, 60.839781898540721 ], [ -135.817426253652286, 60.838986947128838 ], [ -135.815275262155694, 60.837599351772802 ], [ -135.808487563967645, 60.834704356486256 ], [ -135.806015290195063, 60.835141171222801 ], [ -135.803284343827841, 60.837734386621499 ], [ -135.800813533388521, 60.838242941015032 ], [ -135.791560700510303, 60.83678036674393 ], [ -135.785615555903064, 60.83664465610503 ], [ -135.78222556298806, 60.837185192565066 ], [ -135.7819520678066, 60.838039730516641 ], [ -135.783424519280715, 60.838821284184547 ], [ -135.78750000516925, 60.839219464521456 ], [ -135.790797751759243, 60.840151840345136 ], [ -135.794419988151475, 60.841549086694314 ], [ -135.795771010337063, 60.842609545059844 ], [ -135.795788078600964, 60.844037050006023 ], [ -135.794793093566625, 60.845461543265813 ], [ -135.792892847432739, 60.846747713402785 ], [ -135.790566620871346, 60.847183417748504 ], [ -135.78895729063467, 60.846842693634713 ], [ -135.788803696853506, 60.845838002173835 ], [ -135.784362229277491, 60.84330508879092 ], [ -135.77951692487261, 60.841537576260421 ], [ -135.775720386878561, 60.841272207761463 ], [ -135.76921332096282, 60.838454422617168 ], [ -135.768351375568386, 60.838567080931291 ], [ -135.766750850056667, 60.840102578654829 ], [ -135.76399548070853, 60.840897581440117 ], [ -135.756534988522134, 60.82683641946204 ], [ -135.719125818046734, 60.828001130169177 ], [ -135.716726695512705, 60.833993350549228 ], [ -135.450015293105054, 60.83213271333301 ], [ -135.441804603398367, 60.822449745531785 ], [ -135.440179716680575, 60.815580872588455 ], [ -135.446463977791126, 60.809172756147987 ], [ -135.464920902869636, 60.799863393508801 ], [ -135.437880578035163, 60.785764947270344 ], [ -135.388860676988401, 60.786285838920321 ], [ -135.370381413008943, 60.792586074623479 ], [ -135.272876327580178, 60.791732270117159 ], [ -135.271807548531456, 60.783221017676468 ], [ -135.24699261794666, 60.749285174360779 ], [ -135.178083797341259, 60.663569630369537 ], [ -135.122879175232981, 60.618612677787262 ], [ -135.026418092519037, 60.55364071809629 ], [ -134.980878834662406, 60.557173187954753 ], [ -134.922797472258736, 60.565897677717068 ], [ -134.856728652260472, 60.589822737553675 ], [ -134.861323522115299, 60.645825031860227 ], [ -134.900328952372377, 60.658255879957096 ], [ -134.941441161109708, 60.702974986378024 ], [ -134.964876553765208, 60.749636066738034 ], [ -134.981023997155461, 60.825360099625435 ], [ -134.989672393408625, 61.043602360830619 ], [ -134.98770150036114, 61.249027241976052 ], [ -134.855396438967773, 61.20955413067589 ], [ -134.731947178094202, 61.137716875506264 ], [ -134.676775495017239, 61.035077842761666 ], [ -134.656420795439487, 60.938927738237332 ], [ -134.528403566465755, 60.860145463776249 ], [ -134.479022432577864, 60.836376124074512 ], [ -134.471839893588651, 60.819544490148452 ] ], [ [ -134.891674164433795, 60.487761578454432 ], [ -134.863781996439855, 60.463458867096811 ], [ -134.879627855975912, 60.464047980231761 ], [ -134.879589412201454, 60.468479931068117 ], [ -134.902091126397636, 60.468256380534328 ], [ -134.90234997476901, 60.458897044803209 ], [ -134.901325795908718, 60.457830570223301 ], [ -134.915759497651379, 60.458978005674872 ], [ -134.918340886915018, 60.44799387048171 ], [ -134.922315672288363, 60.447818888513751 ], [ -134.934388533001453, 60.437876146563568 ], [ -134.934797837421939, 60.436015642857043 ], [ -134.934217679012562, 60.433930835185556 ], [ -134.935835798494907, 60.43050954245254 ], [ -134.944251555906021, 60.426084173328 ], [ -134.954490798208042, 60.42201286677205 ], [ -134.967635484441985, 60.414930588978258 ], [ -134.97254881752994, 60.410658682773722 ], [ -134.977982723507949, 60.40478888435171 ], [ -134.985244416886076, 60.400043276516925 ], [ -135.001638620937342, 60.393046479346886 ], [ -135.008873750239871, 60.390779560146832 ], [ -135.013678744045905, 60.388554160378938 ], [ -135.01768374495478, 60.386029451256675 ], [ -135.034678272588991, 60.371483879881353 ], [ -135.041295743886792, 60.362268241833242 ], [ -135.044290325672165, 60.355959530932381 ], [ -135.049261955068602, 60.350564032835109 ], [ -135.050725267714768, 60.339997513757304 ], [ -135.048179678471541, 60.33541642104111 ], [ -135.0479937555493, 60.327457312312198 ], [ -135.054994327844241, 60.322708483423632 ], [ -135.058290226298908, 60.317493847895001 ], [ -135.056397080844846, 60.312408614486202 ], [ -135.054588131734619, 60.303151226489597 ], [ -135.058165600616405, 60.29283212753235 ], [ -135.068948767699567, 60.285589142890849 ], [ -135.075012955067649, 60.277557218898544 ], [ -135.073998659790533, 60.270902323096237 ], [ -135.066217827514578, 60.266718265484734 ], [ -135.064458569338484, 60.266202814028063 ], [ -135.06161904145938, 60.269257581830871 ], [ -135.048955181894513, 60.273931871201867 ], [ -135.04362575833656, 60.276636367994904 ], [ -135.038583858557672, 60.278550438268319 ], [ -135.035838113480025, 60.280822857295981 ], [ -135.031265226100686, 60.282736502397753 ], [ -135.013653619809929, 60.285289484539582 ], [ -135.009639294990365, 60.286717481652104 ], [ -135.004882884937359, 60.286205942669575 ], [ -135.000289363767365, 60.286699864917423 ], [ -134.996961815459258, 60.285415867358203 ], [ -134.992223716799003, 60.285613208043387 ], [ -134.990053895278976, 60.284562524502832 ], [ -134.987504245857281, 60.284059490582976 ], [ -134.984194918064929, 60.284113013727868 ], [ -134.980579289237937, 60.282334723563579 ], [ -134.979567360678061, 60.281194240488205 ], [ -134.977000335316603, 60.280340833450204 ], [ -134.976133237948574, 60.279200371590385 ], [ -134.971379553871714, 60.277829285571869 ], [ -134.96993973746612, 60.309637459933668 ], [ -134.970189056442649, 60.314055109344473 ], [ -134.972468566589413, 60.315402404845386 ], [ -134.976359681189052, 60.316193304945593 ], [ -134.980396177743017, 60.316346599640944 ], [ -134.981536258642365, 60.316912415181065 ], [ -134.98196978283795, 60.318555615844922 ], [ -134.981100522353472, 60.319112189462018 ], [ -134.977353152094679, 60.319255253250873 ], [ -134.974600873123507, 60.320026929826426 ], [ -134.976337459290932, 60.321894851703995 ], [ -134.976752630124082, 60.323600887454788 ], [ -134.976461007382454, 60.326303478024556 ], [ -134.978451719527584, 60.327875109871457 ], [ -134.979031147342766, 60.327875192044708 ], [ -134.981784645471379, 60.325882303569379 ], [ -134.984102351985513, 60.325882601597343 ], [ -134.984373300119586, 60.327238429430281 ], [ -134.983666332581976, 60.328737809361378 ], [ -134.983502075867477, 60.331287780375746 ], [ -134.983936068198119, 60.332643630945057 ], [ -134.987936958409193, 60.336639625838536 ], [ -134.991118553978737, 60.338203244153213 ], [ -134.942082615626418, 60.341584403148119 ], [ -134.937311862510768, 60.351986264487948 ], [ -134.931020402561785, 60.356920694514123 ], [ -134.909211668885405, 60.36236359117548 ], [ -134.893772852829898, 60.370729188414018 ], [ -134.886249738019643, 60.390407263962139 ], [ -134.866324805489853, 60.404587476087514 ], [ -134.858473981370821, 60.401009253110047 ], [ -134.858241024264942, 60.401409310746246 ], [ -134.860340139948562, 60.402848140083073 ], [ -134.857274730925582, 60.402422876934502 ], [ -134.851529657825324, 60.404598437804772 ], [ -134.850785607458192, 60.404570662716466 ], [ -134.850732851259522, 60.404202484402873 ], [ -134.852297127984968, 60.403458999096834 ], [ -134.850142567885769, 60.402316271350898 ], [ -134.848127029451859, 60.40252949369868 ], [ -134.847689675911568, 60.402906109503355 ], [ -134.848141834052626, 60.403247808845634 ], [ -134.845237634399012, 60.403298352045582 ], [ -134.84158124364842, 60.405000002876172 ], [ -134.840573584040158, 60.406920229478644 ], [ -134.840859840857604, 60.407773562708101 ], [ -134.842561669288074, 60.408700389802412 ], [ -134.845197468345702, 60.407931316593327 ], [ -134.846321584589703, 60.40821993360057 ], [ -134.846172704862312, 60.408991939040476 ], [ -134.846606668244902, 60.409351577268588 ], [ -134.845749084251679, 60.410275410199141 ], [ -134.846599317912478, 60.410913868037269 ], [ -134.846596490258463, 60.411506462102672 ], [ -134.844704068546321, 60.41242907604385 ], [ -134.84484691028257, 60.412932046263791 ], [ -134.846717245898077, 60.412862396460355 ], [ -134.8474390854619, 60.413788040022752 ], [ -134.848582545825565, 60.4138611519463 ], [ -134.850310585756461, 60.413153777682467 ], [ -134.851449865897877, 60.414142726133356 ], [ -134.85775944631655, 60.415568298045237 ], [ -134.85842407410712, 60.422786543683358 ], [ -134.854151761499935, 60.428726480672438 ], [ -134.83867102878952, 60.432943813325544 ], [ -134.836224007481746, 60.430245237032004 ], [ -134.835268039946129, 60.430448036819953 ], [ -134.836718067147189, 60.432179700206717 ], [ -134.80277107803937, 60.436099624103527 ], [ -134.810267440598409, 60.444266097645574 ], [ -134.817335979569577, 60.455286002847707 ], [ -134.823402077507353, 60.466375366500628 ], [ -134.822883113160913, 60.475908807667075 ], [ -134.824136452259353, 60.487019649484161 ], [ -134.828528572474596, 60.501527032802798 ], [ -134.832152670699145, 60.52070369853687 ], [ -134.836547133538062, 60.531576547889713 ], [ -134.838361754368009, 60.540559225763708 ], [ -134.83789587012933, 60.548745010153361 ], [ -134.835384039453373, 60.553858396518784 ], [ -134.829094759405933, 60.562401043645671 ], [ -134.814337813766031, 60.573309841403265 ], [ -134.896879340262842, 60.567849291263585 ], [ -134.913062801882091, 60.561451543101185 ], [ -134.925985355806688, 60.55054252328781 ], [ -134.924360267971679, 60.548308584766481 ], [ -134.923658002320394, 60.544600075621133 ], [ -134.921491158025191, 60.54361117693955 ], [ -134.920784295583985, 60.541967679414356 ], [ -134.92012868846146, 60.541611573771689 ], [ -134.920115450443603, 60.53971368259576 ], [ -134.917662003021576, 60.536928845703905 ], [ -134.900267658827602, 60.52182406253641 ], [ -134.892496016725033, 60.51433887880053 ], [ -134.892501917195034, 60.512561129967487 ], [ -134.89438345883309, 60.510775894219243 ], [ -134.908396621131573, 60.500829001175241 ], [ -134.909564456229816, 60.499833165643025 ], [ -134.910007104307084, 60.497759416656081 ], [ -134.908411722626624, 60.495477771779754 ], [ -134.904671512452182, 60.492332640413046 ], [ -134.901927232698398, 60.491046708741912 ], [ -134.894708409285499, 60.489182636170753 ], [ -134.891674164433795, 60.487761578454432 ] ] ] } },
{ "type": "Feature", "properties": { "DAUID": "60010239", "PRUID": "60", "PRNAME": "Yukon", "CDUID": "6001", "CDNAME": "Yukon", "CDTYPE": "TER", "CCSUID": "6001045", "CCSNAME": "Yukon, Unorganized", "CSDUID": "6001059", "CSDNAME": "Macpherson-Grizzly Valley", "CSDTYPE": "NO", "ERUID": "6010", "ERNAME": "Yukon", "SACCODE": "990", "SACTYPE": "3", "CMAUID": "990", "CMAPUID": "60990", "CMANAME": "Whitehorse", "CMATYPE": "D", "CTUID": null, "CTNAME": null, "ADAUID": "60010015", "ALT_GEO_CODE": null, "province": null, "first_lang_eng_french": null, "first_lang_french": null, "know_eng_french": null, "know_french_only": null, "mother_eng_french": null, "mother_french": null, "mother_french_non_official": null, "pop_0_14": null, "pop_0_4": null, "pop_15_19": null, "pop_2021": null, "pop_under_19": null, "share_under_19": null, "share_under_5": null, "first_lang_eng_french_under_19": null, "first_lang_eng_french_under_5": null, "first_lang_french_under_19": null, "first_lang_french_under_5": null, "know_eng_french_under_19": null, "know_eng_french_under_5": null, "know_french_only_under_19": null, "know_french_only_under_5": null, "mother_eng_french_under_19": null, "mother_eng_french_under_5": null, "mother_french_under_19": null, "mother_french_under_5": null, "mother_french_non_official_under_19": null, "mother_french_non_official_under_5": null }, "geometry": { "type": "Polygon", "coordinates": [ [ [ -134.98770150036114, 61.249027241976052 ], [ -134.989672393408625, 61.043602360830619 ], [ -134.981023997155461, 60.825360099625435 ], [ -134.964876553765208, 60.749636066738034 ], [ -135.001681576618267, 60.782967511315832 ], [ -135.080444180262276, 60.839296381880942 ], [ -135.139376814660466, 60.889219765239915 ], [ -135.133535567545124, 60.895911779828971 ], [ -135.13355934809627, 60.897195630298455 ], [ -135.132239168469738, 60.898821960245499 ], [ -135.132246275188237, 60.90053675344749 ], [ -135.133696670917601, 60.903587854479767 ], [ -135.133989039092853, 60.907358343458952 ], [ -135.132069776306793, 60.911337512130586 ], [ -135.125342934438862, 60.916793613524803 ], [ -135.12196512736071, 60.920800897003424 ], [ -135.117929348848492, 60.922693463358577 ], [ -135.118193813555962, 60.922879954816764 ], [ -135.122748693173349, 60.921611396737923 ], [ -135.124643413525661, 60.920551421918283 ], [ -135.127253598076294, 60.916890577426315 ], [ -135.13143490217314, 60.912738568452284 ], [ -135.135066991188438, 60.910652701139483 ], [ -135.172365422770497, 60.91287630363594 ], [ -135.166314068560752, 60.925652276328726 ], [ -135.229729446808392, 60.931608318678244 ], [ -135.493451704157053, 60.902484259777687 ], [ -135.497973675747602, 60.90091066596888 ], [ -135.50218711809606, 60.896917642541737 ], [ -135.502736083298174, 60.895497054824453 ], [ -135.504343415287707, 60.895751396035187 ], [ -135.505303359079932, 60.894688378828249 ], [ -135.507383631645439, 60.894554846013456 ], [ -135.508864975882233, 60.893839965163849 ], [ -135.508637306557603, 60.893427841659197 ], [ -135.510445319036933, 60.892406438129179 ], [ -135.510577941544426, 60.891481178359612 ], [ -135.515863756373079, 60.891317383345466 ], [ -135.516832889050022, 60.89062261504052 ], [ -135.516474592289882, 60.889584645605247 ], [ -135.514790858778838, 60.888771658107011 ], [ -135.514626255219753, 60.887703893763998 ], [ -135.51054800573624, 60.886148217274197 ], [ -135.508021455868715, 60.883670796476892 ], [ -135.507870825316417, 60.882306684058051 ], [ -135.506537912017365, 60.881889735214926 ], [ -135.50607320323968, 60.880463945457272 ], [ -135.504602480526273, 60.879481871851361 ], [ -135.504991797671494, 60.876140492823787 ], [ -135.504112611294516, 60.875281860615502 ], [ -135.504404280221564, 60.873925067156918 ], [ -135.503932729926021, 60.873217545152421 ], [ -135.511384587196801, 60.870495949243377 ], [ -135.512376744141676, 60.869208267372073 ], [ -135.515597987602035, 60.867992878766223 ], [ -135.519665798130148, 60.865633882077915 ], [ -135.519651954754465, 60.864781012589305 ], [ -135.517441640009878, 60.862446202665808 ], [ -135.515675577653752, 60.861384585448434 ], [ -135.515680363182355, 60.858005345313792 ], [ -135.519261552043162, 60.858452784059544 ], [ -135.526549285768596, 60.861139413389296 ], [ -135.531370394208096, 60.861981551506005 ], [ -135.553373495135133, 60.863923766621035 ], [ -135.564002853595184, 60.85868725583807 ], [ -135.568615826768735, 60.858503491015888 ], [ -135.573149492338189, 60.859397852561145 ], [ -135.578054795150081, 60.860512763256416 ], [ -135.581761473271257, 60.862415314879229 ], [ -135.582264338407185, 60.865077014659299 ], [ -135.57870561606191, 60.868963949336539 ], [ -135.579156735296039, 60.870507289642418 ], [ -135.580348981493643, 60.871815686034878 ], [ -135.581964888971044, 60.872400475169123 ], [ -135.583977294326786, 60.872395591373909 ], [ -135.594765647036127, 60.86807725413199 ], [ -135.60290847132751, 60.867587849236244 ], [ -135.606154155304239, 60.868689834662213 ], [ -135.607870102467814, 60.870158224764879 ], [ -135.60816374505464, 60.871457168050476 ], [ -135.604615735382311, 60.873925054671716 ], [ -135.598257014531868, 60.876224549198966 ], [ -135.596626581254611, 60.877431467924744 ], [ -135.596513101680529, 60.878339020724113 ], [ -135.598231370719731, 60.881346207483389 ], [ -135.605808830006822, 60.886442520527254 ], [ -135.608367966367666, 60.887173436526076 ], [ -135.610479660052079, 60.886851600571021 ], [ -135.612361405877465, 60.885774877713708 ], [ -135.613917070064559, 60.882349414430365 ], [ -135.616370426951931, 60.881339597128459 ], [ -135.625290566752227, 60.882198563299355 ], [ -135.633736361115211, 60.884020751545194 ], [ -135.636152648982716, 60.884947192974138 ], [ -135.642264402722446, 60.890292597912755 ], [ -135.647170011988379, 60.892655651372735 ], [ -135.655970915151272, 60.893935217822161 ], [ -135.658774405060143, 60.893797518410608 ], [ -135.660999146909177, 60.893429514625247 ], [ -135.667874966600237, 60.890441390381568 ], [ -135.671117453760473, 60.889664901723087 ], [ -135.673798387694262, 60.889791630656859 ], [ -135.676028812606148, 60.890962023136616 ], [ -135.679216964674396, 60.894121715773615 ], [ -135.681303801211698, 60.895319042258407 ], [ -135.683519418107721, 60.896218117179046 ], [ -135.685788398566984, 60.896325121055717 ], [ -135.688283611805758, 60.895817259578337 ], [ -135.689760656185456, 60.89466971671505 ], [ -135.69088489437911, 60.89320122184494 ], [ -135.690665159540032, 60.891686342298627 ], [ -135.691367939441307, 60.890417786224972 ], [ -135.692912294767467, 60.889628385818298 ], [ -135.695218385402768, 60.8891960415745 ], [ -135.705126286406625, 60.889442434922252 ], [ -135.714063196931249, 60.886177124851137 ], [ -135.724811721253701, 60.885498009304612 ], [ -135.731671640791518, 60.882370932029438 ], [ -135.732459933229563, 60.880218818826883 ], [ -135.733463825698692, 60.879260017451884 ], [ -135.741735636644336, 60.8770522588026 ], [ -135.744177132120825, 60.876980449774386 ], [ -135.751618254394771, 60.878553399561618 ], [ -135.755686829697908, 60.878779031200743 ], [ -135.75593077760854, 60.879741116253321 ], [ -135.75744273831836, 60.881357725697278 ], [ -135.767067398835536, 60.885819601085089 ], [ -135.82392351904133, 60.874316063367409 ], [ -135.829851382143517, 60.859474064407266 ], [ -135.842549473852671, 60.857860685625091 ], [ -135.86251131291732, 60.857068142570412 ], [ -135.901017302226961, 60.849108724570321 ], [ -135.941245514935076, 60.83910578925493 ], [ -135.988710631077083, 60.825533660082741 ], [ -135.984216374261734, 60.890363760280529 ], [ -135.902446283595253, 61.018333581415618 ], [ -135.73084189019707, 61.155679994321019 ], [ -135.550577724156369, 61.231329135741824 ], [ -135.153436156692464, 61.270020938772937 ], [ -134.98770150036114, 61.249027241976052 ] ], [ [ -135.138664943414369, 60.972702422017846 ], [ -135.115815360809052, 60.972099770404085 ], [ -135.116215168112518, 60.98957623865688 ], [ -135.137599536119922, 60.989817542366616 ], [ -135.138664943414369, 60.972702422017846 ] ] ] } },
{ "type": "Feature", "properties": { "DAUID": "60010249", "PRUID": "60", "PRNAME": "Yukon", "CDUID": "6001", "CDNAME": "Yukon", "CDTYPE": "TER", "CCSUID": "6001045", "CCSNAME": "Yukon, Unorganized", "CSDUID": "6001009", "CSDNAME": "Whitehorse", "CSDTYPE": "CY", "ERUID": "6010", "ERNAME": "Yukon", "SACCODE": "990", "SACTYPE": "3", "CMAUID": "990", "CMAPUID": "60990", "CMANAME": "Whitehorse", "CMATYPE": "D", "CTUID": null, "CTNAME": null, "ADAUID": "60010022", "ALT_GEO_CODE": "60010249", "province": "Territories", "first_lang_eng_french": 5.0, "first_lang_french": 25.0, "know_eng_french": 100.0, "know_french_only": 0.0, "mother_eng_french": 5.0, "mother_french": 25.0, "mother_french_non_official": 0.0, "pop_0_14": 160.0, "pop_0_4": 50.0, "pop_15_19": 45.0, "pop_2021": 862.0, "pop_under_19": 205.0, "share_under_19": 0.2378190255220417, "share_under_5": 0.058004640371229599, "first_lang_eng_french_under_19": 1.1890951276102089, "first_lang_eng_french_under_5": 0.29002320185614849, "first_lang_french_under_19": 5.9454756380510441, "first_lang_french_under_5": 1.4501160092807424, "know_eng_french_under_19": 23.781902552204176, "know_eng_french_under_5": 5.8004640371229694, "know_french_only_under_19": 0.0, "know_french_only_under_5": 0.0, "mother_eng_french_under_19": 1.1890951276102089, "mother_eng_french_under_5": 0.29002320185614849, "mother_french_under_19": 5.9454756380510441, "mother_french_under_5": 1.4501160092807424, "mother_french_non_official_under_19": 0.0, "mother_french_non_official_under_5": 0.0 }, "geometry": { "type": "Polygon", "coordinates": [ [ [ -135.033708795474041, 60.705923790139273 ], [ -135.022274506301528, 60.702182194091549 ], [ -135.023720924171528, 60.701095597719473 ], [ -135.026009886297487, 60.700323003823264 ], [ -135.040352228820865, 60.700490097300111 ], [ -135.040593176770614, 60.696715695832523 ], [ -135.038207579396072, 60.694260804557821 ], [ -135.040325586146025, 60.693743646997639 ], [ -135.042956925515341, 60.696472014266057 ], [ -135.042858873218336, 60.697835446863373 ], [ -135.043649996455912, 60.698764671832514 ], [ -135.043267032830045, 60.699544285184416 ], [ -135.043494370639252, 60.701590206475444 ], [ -135.04133527684948, 60.702289002662503 ], [ -135.050164941811687, 60.709273453965302 ], [ -135.048183114050687, 60.711690416830727 ], [ -135.045001494956637, 60.713816136492284 ], [ -135.041695012652468, 60.713214000020116 ], [ -135.035745427074204, 60.708724497149902 ], [ -135.033708795474041, 60.705923790139273 ] ] ] } },
{ "type": "Feature", "properties": { "DAUID": "60010250", "PRUID": "60", "PRNAME": "Yukon", "CDUID": "6001", "CDNAME": "Yukon", "CDTYPE": "TER", "CCSUID": "6001045", "CCSNAME": "Yukon, Unorganized", "CSDUID": "6001009", "CSDNAME": "Whitehorse", "CSDTYPE": "CY", "ERUID": "6010", "ERNAME": "Yukon", "SACCODE": "990", "SACTYPE": "3", "CMAUID": "990", "CMAPUID": "60990", "CMANAME": "Whitehorse", "CMATYPE": "D", "CTUID": null, "CTNAME": null, "ADAUID": "60010022", "ALT_GEO_CODE": "60010250", "province": "Territories", "first_lang_eng_french": 5.0, "first_lang_french": 45.0, "know_eng_french": 160.0, "know_french_only": 5.0, "mother_eng_french": 5.0, "mother_french": 45.0, "mother_french_non_official": 0.0, "pop_0_14": 145.0, "pop_0_4": 40.0, "pop_15_19": 40.0, "pop_2021": 832.0, "pop_under_19": 185.0, "share_under_19": 0.22235576923076919, "share_under_5": 0.048076923076923003, "first_lang_eng_french_under_19": 1.111778846153846, "first_lang_eng_french_under_5": 0.24038461538461539, "first_lang_french_under_19": 10.006009615384617, "first_lang_french_under_5": 2.1634615384615388, "know_eng_french_under_19": 35.576923076923073, "know_eng_french_under_5": 7.6923076923076925, "know_french_only_under_19": 1.111778846153846, "know_french_only_under_5": 0.24038461538461539, "mother_eng_french_under_19": 1.111778846153846, "mother_eng_french_under_5": 0.24038461538461539, "mother_french_under_19": 10.006009615384617, "mother_french_under_5": 2.1634615384615388, "mother_french_non_official_under_19": 0.0, "mother_french_non_official_under_5": 0.0 }, "geometry": { "type": "Polygon", "coordinates": [ [ [ -135.020047919814687, 60.715677361064081 ], [ -135.014621633451299, 60.710766499721302 ], [ -135.01696746094612, 60.710736868290233 ], [ -135.023765594464692, 60.712103002893478 ], [ -135.028113563836598, 60.711255257136962 ], [ -135.028784811404904, 60.710476887209481 ], [ -135.027959810419219, 60.709920496753668 ], [ -135.029205282618534, 60.709462306810309 ], [ -135.025703812026421, 60.706958102100842 ], [ -135.027095786298133, 60.70649990413699 ], [ -135.026509118647198, 60.705979307685681 ], [ -135.031539160177658, 60.705197449552273 ], [ -135.03396548884416, 60.706112291998018 ], [ -135.034810084705896, 60.70782690490924 ], [ -135.041027482765969, 60.712951797704108 ], [ -135.020047919814687, 60.715677361064081 ] ] ] } },
{ "type": "Feature", "properties": { "DAUID": "60010251", "PRUID": "60", "PRNAME": "Yukon", "CDUID": "6001", "CDNAME": "Yukon", "CDTYPE": "TER", "CCSUID": "6001045", "CCSNAME": "Yukon, Unorganized", "CSDUID": "6001009", "CSDNAME": "Whitehorse", "CSDTYPE": "CY", "ERUID": "6010", "ERNAME": "Yukon", "SACCODE": "990", "SACTYPE": "3", "CMAUID": "990", "CMAPUID": "60990", "CMANAME": "Whitehorse", "CMATYPE": "D", "CTUID": null, "CTNAME": null, "ADAUID": "60010022", "ALT_GEO_CODE": "60010251", "province": "Territories", "first_lang_eng_french": 5.0, "first_lang_french": 45.0, "know_eng_french": 210.0, "know_french_only": 0.0, "mother_eng_french": 20.0, "mother_french": 40.0, "mother_french_non_official": 5.0, "pop_0_14": 245.0, "pop_0_4": 60.0, "pop_15_19": 90.0, "pop_2021": 1249.0, "pop_under_19": 335.0, "share_under_19": 0.26821457165732587, "share_under_5": 0.0480384307445956, "first_lang_eng_french_under_19": 1.3410728582866294, "first_lang_eng_french_under_5": 0.24019215372297839, "first_lang_french_under_19": 12.069655724579665, "first_lang_french_under_5": 2.1617293835068057, "know_eng_french_under_19": 56.325060048038431, "know_eng_french_under_5": 10.088070456365092, "know_french_only_under_19": 0.0, "know_french_only_under_5": 0.0, "mother_eng_french_under_19": 5.3642914331465175, "mother_eng_french_under_5": 0.96076861489191356, "mother_french_under_19": 10.728582866293037, "mother_french_under_5": 1.9215372297838271, "mother_french_non_official_under_19": 1.3410728582866294, "mother_french_non_official_under_5": 0.24019215372297839 }, "geometry": { "type": "Polygon", "coordinates": [ [ [ -135.023765594464692, 60.712103002893478 ], [ -135.01696746094612, 60.710736868290233 ], [ -135.014621633451299, 60.710766499721302 ], [ -135.006870081164237, 60.703360508008224 ], [ -135.017385706535492, 60.705882000287588 ], [ -135.018777412550946, 60.704822392287895 ], [ -135.021910712595286, 60.705845411902352 ], [ -135.02297279846195, 60.705288587775264 ], [ -135.024933829766468, 60.706320801951719 ], [ -135.026509118647198, 60.705979307685681 ], [ -135.027095786298133, 60.70649990413699 ], [ -135.025703812026421, 60.706958102100842 ], [ -135.029205282618534, 60.709462306810309 ], [ -135.027959810419219, 60.709920496753668 ], [ -135.028766772210162, 60.710845104130833 ], [ -135.023765594464692, 60.712103002893478 ] ] ] } },
{ "type": "Feature", "properties": { "DAUID": "60010118", "PRUID": "60", "PRNAME": "Yukon", "CDUID": "6001", "CDNAME": "Yukon", "CDTYPE": "TER", "CCSUID": "6001045", "CCSNAME": "Yukon, Unorganized", "CSDUID": "6001043", "CSDNAME": "Old Crow", "CSDTYPE": "SÉ", "ERUID": "6010", "ERNAME": "Yukon", "SACCODE": "000", "SACTYPE": "8", "CMAUID": null, "CMAPUID": null, "CMANAME": null, "CMATYPE": null, "CTUID": null, "CTNAME": null, "ADAUID": "60010002", "ALT_GEO_CODE": "60010118", "province": "Territories", "first_lang_eng_french": 0.0, "first_lang_french": 0.0, "know_eng_french": 5.0, "know_french_only": 0.0, "mother_eng_french": 0.0, "mother_french": 0.0, "mother_french_non_official": 0.0, "pop_0_14": 40.0, "pop_0_4": 10.0, "pop_15_19": 15.0, "pop_2021": 236.0, "pop_under_19": 55.0, "share_under_19": 0.23305084745762711, "share_under_5": 0.042372881355932202, "first_lang_eng_french_under_19": 0.0, "first_lang_eng_french_under_5": 0.0, "first_lang_french_under_19": 0.0, "first_lang_french_under_5": 0.0, "know_eng_french_under_19": 1.1652542372881356, "know_eng_french_under_5": 0.21186440677966101, "know_french_only_under_19": 0.0, "know_french_only_under_5": 0.0, "mother_eng_french_under_19": 0.0, "mother_eng_french_under_5": 0.0, "mother_french_under_19": 0.0, "mother_french_under_5": 0.0, "mother_french_non_official_under_19": 0.0, "mother_french_non_official_under_5": 0.0 }, "geometry": { "type": "Polygon", "coordinates": [ [ [ -139.768347313314138, 67.56077832839884 ], [ -139.788349315843135, 67.553921531189047 ], [ -139.804364075639057, 67.549524001568273 ], [ -139.827566517232412, 67.549376728756727 ], [ -139.836406937370413, 67.548895116768179 ], [ -139.848506278261254, 67.551281998981082 ], [ -139.869342544353572, 67.557989446419683 ], [ -139.877486099743777, 67.564492810591275 ], [ -139.882399852964426, 67.571225091698764 ], [ -139.880067171817473, 67.578983660674893 ], [ -139.854780648396286, 67.587668250244278 ], [ -139.823812492033596, 67.59162491909467 ], [ -139.803401139336898, 67.591378809818082 ], [ -139.785206408916622, 67.586404685677138 ], [ -139.771130282335207, 67.579129577176275 ], [ -139.766398662234565, 67.573891235468849 ], [ -139.765678834357772, 67.569182980035094 ], [ -139.768347313314138, 67.56077832839884 ] ] ] } },
{ "type": "Feature", "properties": { "DAUID": "60010119", "PRUID": "60", "PRNAME": "Yukon", "CDUID": "6001", "CDNAME": "Yukon", "CDTYPE": "TER", "CCSUID": "6001045", "CCSNAME": "Yukon, Unorganized", "CSDUID": "6001045", "CSDNAME": "Yukon, Unorganized", "CSDTYPE": "NO", "ERUID": "6010", "ERNAME": "Yukon", "SACCODE": "000", "SACTYPE": "8", "CMAUID": null, "CMAPUID": null, "CMANAME": null, "CMATYPE": null, "CTUID": null, "CTNAME": null, "ADAUID": "60010001", "ALT_GEO_CODE": null, "province": null, "first_lang_eng_french": null, "first_lang_french": null, "know_eng_french": null, "know_french_only": null, "mother_eng_french": null, "mother_french": null, "mother_french_non_official": null, "pop_0_14": null, "pop_0_4": null, "pop_15_19": null, "pop_2021": null, "pop_under_19": null, "share_under_19": null, "share_under_5": null, "first_lang_eng_french_under_19": null, "first_lang_eng_french_under_5": null, "first_lang_french_under_19": null, "first_lang_french_under_5": null, "know_eng_french_under_19": null, "know_eng_french_under_5": null, "know_french_only_under_19": null, "know_french_only_under_5": null, "mother_eng_french_under_19": null, "mother_eng_french_under_5": null, "mother_french_under_19": null, "mother_french_under_5": null, "mother_french_non_official_under_19": null, "mother_french_non_official_under_5": null }, "geometry": { "type": "MultiPolygon", "coordinates": [ [ [ [ -136.476076649271278, 68.868195537486088 ], [ -136.468599584320174, 68.868754831997705 ], [ -136.467409929081384, 68.595667366413835 ], [ -136.465323506583587, 68.303473675418331 ], [ -136.458349032327334, 67.812912039896716 ], [ -136.448772699876457, 67.64947145927384 ], [ -136.41621270940206, 67.640143968188795 ], [ -136.378039113266283, 67.639208112281636 ], [ -136.359379846403783, 67.628352452799191 ], [ -136.289893115879721, 67.634233375730318 ], [ -136.279267610032747, 67.621126837244176 ], [ -136.241353578448809, 67.610886539540189 ], [ -136.199979759997262, 67.561662094949071 ], [ -136.218361749532107, 67.531381047377749 ], [ -136.218714875320728, 67.513403074361449 ], [ -136.169919739113965, 67.50384397306405 ], [ -136.2021247385903, 67.481877380443436 ], [ -136.178667688613018, 67.457729566707513 ], [ -136.204267661838458, 67.439305585671221 ], [ -136.201545280191908, 67.418460456716687 ], [ -136.222053607307828, 67.405471620836494 ], [ -136.18720781128016, 67.393396120623663 ], [ -136.168875957752874, 67.377975114426036 ], [ -136.140034340359563, 67.366441189863252 ], [ -136.146187907988605, 67.345377281075969 ], [ -136.135510377559115, 67.329988992472479 ], [ -136.08655748151196, 67.30070614957576 ], [ -136.110823572828849, 67.288744891508088 ], [ -136.127236191373953, 67.273499617799757 ], [ -136.137496071974226, 67.232634158596468 ], [ -136.235096074765636, 67.172542379709228 ], [ -136.221287865876434, 67.153901064538488 ], [ -136.191524657302068, 67.143903836764792 ], [ -136.232449549580792, 67.106696675253446 ], [ -136.200315877272999, 67.061423002938426 ], [ -136.216264763748995, 67.050977770402426 ], [ -136.181790987213617, 67.034681174826858 ], [ -136.164413575525089, 67.000000059976088 ], [ -133.829634968022305, 67.000000115773716 ], [ -133.846883301410855, 66.983665105355854 ], [ -133.901258704811028, 66.981850060338644 ], [ -133.954866156809118, 66.984237915638175 ], [ -134.014209639520999, 66.985841037463643 ], [ -134.067203063216937, 66.975204552260877 ], [ -134.117847032277496, 66.95691748616494 ], [ -134.091709250389698, 66.936910391890962 ], [ -134.000687580005547, 66.909414658063199 ], [ -133.943290134929214, 66.90526296003128 ], [ -133.890467059629202, 66.883499185650649 ], [ -133.889531855238289, 66.869099662701927 ], [ -133.850280213503112, 66.854947526613515 ], [ -133.853261082233814, 66.841915057696511 ], [ -133.83302509743956, 66.825961013566086 ], [ -133.78747145782404, 66.81707239854876 ], [ -133.759663914352728, 66.801026959051669 ], [ -133.775931159949153, 66.765208947239756 ], [ -133.803803663617174, 66.743191014437301 ], [ -133.832177910014565, 66.733888857995467 ], [ -133.846330128745308, 66.722796297582647 ], [ -133.805293961175238, 66.705434882595313 ], [ -133.762075584424053, 66.692401196076389 ], [ -133.748066570180242, 66.678963612745619 ], [ -133.762065869944195, 66.664208391299141 ], [ -133.793368468826174, 66.649443201151186 ], [ -133.76205391729988, 66.634433134015424 ], [ -133.717583278399132, 66.62500195232488 ], [ -133.696485957171575, 66.595487717163437 ], [ -133.676774562790399, 66.583179853008843 ], [ -133.637253030329958, 66.576376827378155 ], [ -133.582365856705906, 66.562251974127733 ], [ -133.588187400605165, 66.549978971805587 ], [ -133.690053046565737, 66.527902242327343 ], [ -133.693442359553245, 66.50348549630688 ], [ -133.609827329273912, 66.436065247231696 ], [ -133.639316502288864, 66.430020611105007 ], [ -133.68164182947271, 66.433412666203637 ], [ -133.734190841003198, 66.440356617457894 ], [ -133.766378768762252, 66.417767934085063 ], [ -133.764960412662703, 66.391916610355992 ], [ -133.768069494105532, 66.366183517804217 ], [ -133.811318397192991, 66.341215002184342 ], [ -133.835423560235427, 66.317217725941944 ], [ -133.821909689241181, 66.303036487306088 ], [ -133.785759880379231, 66.295380238540432 ], [ -133.626228241518021, 66.298617072472609 ], [ -133.580511211571434, 66.286136589166048 ], [ -133.553533961470237, 66.257008916845962 ], [ -133.566323999838687, 66.235886303806055 ], [ -133.567959353222705, 66.208993389127684 ], [ -133.55547353104717, 66.188050359288383 ], [ -133.548914250751324, 66.169986805255306 ], [ -133.571165099194445, 66.149793790602715 ], [ -133.601686588184634, 66.134336341947133 ], [ -133.657854175091785, 66.12180553952247 ], [ -133.679605031573146, 66.097641349346333 ], [ -133.690705924823163, 66.071173285774179 ], [ -133.681254713729345, 66.05914565034476 ], [ -133.638091112320751, 66.060302706876072 ], [ -133.598556208922446, 66.056515301408751 ], [ -133.603035527069551, 66.038200357586831 ], [ -133.62205151935035, 66.015706375942969 ], [ -133.633023010441121, 65.999817468194649 ], [ -133.634419066500271, 65.994696573205587 ], [ -133.784204796564495, 65.99581425800578 ], [ -133.975594973975973, 65.996270834990597 ], [ -134.215675391186124, 65.999018183131696 ], [ -134.213639502989651, 65.989056418625808 ], [ -134.226664136750287, 65.985370583208734 ], [ -134.259008242513431, 65.982490537765145 ], [ -134.26031125230557, 65.979176787535295 ], [ -134.254137237210955, 65.975363785726557 ], [ -134.251310330148698, 65.971443482680158 ], [ -134.251960453601242, 65.968097919388129 ], [ -134.254021383375033, 65.96361444255534 ], [ -134.253919496929171, 65.961828487060288 ], [ -134.258242831813902, 65.957650422600906 ], [ -134.263257737806583, 65.954615024928444 ], [ -134.285873546019815, 65.957592787952919 ], [ -134.291291918553526, 65.957339708983326 ], [ -134.295459523353827, 65.958570084224917 ], [ -134.300887890348747, 65.957957838572298 ], [ -134.308218710169996, 65.95856519267258 ], [ -134.311903387142877, 65.958160038521612 ], [ -134.314549356435521, 65.95710416851945 ], [ -134.317535696833943, 65.953230484290742 ], [ -134.320462491705825, 65.952623934475625 ], [ -134.324831922136894, 65.949085640153896 ], [ -134.329585159186934, 65.947099666217994 ], [ -134.337402489477171, 65.945346654085881 ], [ -134.347300964524521, 65.945056955622249 ], [ -134.357621839222844, 65.946917254930185 ], [ -134.370852084226044, 65.950279836754419 ], [ -134.378171189502837, 65.950971961705875 ], [ -134.385284039057098, 65.950205333528899 ], [ -134.390663387675261, 65.948929325392825 ], [ -134.398488531835483, 65.946406958529593 ], [ -134.404868696388831, 65.942366766631395 ], [ -134.408865176086096, 65.941535357913494 ], [ -134.417161962324343, 65.94099439639308 ], [ -134.420264444420155, 65.941824071516905 ], [ -134.424859759383821, 65.944002851099128 ], [ -134.420504867252021, 65.947543977263877 ], [ -134.417807791300874, 65.950397325917734 ], [ -134.417780179497498, 65.955593215334005 ], [ -134.418764783732456, 65.957258994284942 ], [ -134.422297471872781, 65.960239022375433 ], [ -134.429465892069743, 65.962199296293434 ], [ -134.434316449696155, 65.962770989553647 ], [ -134.440146152642143, 65.962111103202943 ], [ -134.444700817875685, 65.960794075489446 ], [ -134.451862333895178, 65.959856284089128 ], [ -134.464976400967544, 65.959285608262292 ], [ -134.470881697859056, 65.959820902983012 ], [ -134.483135249651923, 65.962274808598053 ], [ -134.488325309754771, 65.96533126703271 ], [ -134.502656387962929, 65.968946336672431 ], [ -134.513053508639615, 65.969861894020127 ], [ -134.517732801444339, 65.969570893844562 ], [ -134.522054862452904, 65.968325982962355 ], [ -134.526661621515871, 65.966072163400071 ], [ -134.523948437225641, 65.962366959552 ], [ -134.519024383579051, 65.959835472507763 ], [ -134.516899605798244, 65.957009601898946 ], [ -134.508839001789966, 65.952285575800161 ], [ -134.508293506468021, 65.947574618276519 ], [ -134.499337849218961, 65.937185242708196 ], [ -134.504717128091158, 65.935139020380575 ], [ -134.512598099551127, 65.934573550193903 ], [ -134.52156398513165, 65.935336555613347 ], [ -134.52734734472719, 65.938504914692288 ], [ -134.532300712266164, 65.942400646008394 ], [ -134.535687534918878, 65.947415135962245 ], [ -134.541055996689238, 65.951329913380178 ], [ -134.55338634403472, 65.955740891380444 ], [ -134.557684267705639, 65.95679385908295 ], [ -134.561941933794998, 65.957248559782059 ], [ -134.567672683337662, 65.956920199140427 ], [ -134.571578005698399, 65.955654642432222 ], [ -134.574617582952072, 65.953752332896357 ], [ -134.575095450306435, 65.951304537530717 ], [ -134.577428713446665, 65.945962195982332 ], [ -134.582862692642607, 65.942212543804885 ], [ -134.5865768077349, 65.941619201305741 ], [ -134.593581168273886, 65.941945667828833 ], [ -134.608435599402213, 65.946299309714632 ], [ -134.618572009299669, 65.947749604754691 ], [ -134.627461163133233, 65.947310227220939 ], [ -134.639502657727917, 65.948293781404018 ], [ -134.649752337462019, 65.950471040467548 ], [ -134.654321764320343, 65.952811201905121 ], [ -134.653073390646796, 65.955053005031132 ], [ -134.649078739272312, 65.956656948071014 ], [ -134.641835940865775, 65.957173812032408 ], [ -134.625798602580119, 65.957027504437576 ], [ -134.60189593867031, 65.961113244547875 ], [ -134.59256662944756, 65.964597114197815 ], [ -134.589574201068416, 65.966331605921738 ], [ -134.587818710153186, 65.968123635410024 ], [ -134.586610979845375, 65.970196729402645 ], [ -134.585055397497769, 65.97574570968051 ], [ -134.586322680895307, 65.977934036033943 ], [ -134.590254427978948, 65.979565034009653 ], [ -134.595200367433222, 65.980561661686664 ], [ -134.599285270692292, 65.980155375293364 ], [ -134.603787972832009, 65.979001877337751 ], [ -134.608420929282829, 65.978876336879054 ], [ -134.619505385519687, 65.981093864842578 ], [ -134.640224760457983, 65.983245011341012 ], [ -134.649857682996242, 65.983178842453469 ], [ -134.659587643001146, 65.982009464595549 ], [ -134.666736824489078, 65.983360676554256 ], [ -134.67266682769943, 65.985719973052269 ], [ -134.677194797220835, 65.988993871580348 ], [ -134.678929904532879, 65.991032235740107 ], [ -134.683648784986246, 65.992866961586898 ], [ -134.691401071584096, 65.993563289395851 ], [ -134.706456886709333, 65.992038967989103 ], [ -134.720403527182469, 65.993017170821574 ], [ -134.735500548054887, 65.992854387594818 ], [ -134.746376808218486, 65.992072450986171 ], [ -134.751885249296549, 65.990279478256468 ], [ -134.753310170918553, 65.988130425822533 ], [ -134.752992222018435, 65.985476425041838 ], [ -134.748871226127477, 65.979924630147863 ], [ -134.748324432680988, 65.977345313247739 ], [ -134.74910688539191, 65.975252201362892 ], [ -134.751034954424711, 65.973551840569826 ], [ -134.756446304469335, 65.972861366598835 ], [ -134.767954472140559, 65.97355452956586 ], [ -134.780380143346775, 65.975480416493951 ], [ -134.788359184884627, 65.976097187828785 ], [ -134.804865763360397, 65.9737783279474 ], [ -134.813391081132238, 65.970842637470312 ], [ -134.818614615862344, 65.968524011903128 ], [ -134.824912458503121, 65.964933996414402 ], [ -134.827338491124891, 65.962914799492552 ], [ -134.826826082474668, 65.957868618572832 ], [ -134.828608544675831, 65.955139349312461 ], [ -134.832866347722188, 65.953287735500865 ], [ -134.845594217994631, 65.949433062873837 ], [ -134.866244687484937, 65.946358357479411 ], [ -134.871918657044944, 65.944654454444901 ], [ -134.875437556182931, 65.942428303044707 ], [ -134.876205993872134, 65.93956819806003 ], [ -134.879540298434534, 65.937248581059336 ], [ -134.884387173456304, 65.935507317672233 ], [ -134.889835200145967, 65.935410287368313 ], [ -134.906564795153656, 65.937968202682498 ], [ -134.916620633116395, 65.940137217586482 ], [ -134.922220500288404, 65.942599497787128 ], [ -134.928547815896138, 65.943902126450425 ], [ -134.934454582334553, 65.943653551475848 ], [ -134.936982246547359, 65.945127649106396 ], [ -134.94225765200332, 65.946468090832425 ], [ -134.951553164177994, 65.946028530523549 ], [ -134.95923329049657, 65.943814633770401 ], [ -134.970684408560942, 65.93759611294486 ], [ -134.977073573735623, 65.934728684494317 ], [ -134.985528032874583, 65.932718106940996 ], [ -134.99444394000011, 65.931323239391546 ], [ -135.022420113336835, 65.931955855256589 ], [ -135.030649257411227, 65.930784249390314 ], [ -135.057238554243639, 65.923562673068304 ], [ -135.065940877913363, 65.915771789347119 ], [ -135.072938305424884, 65.90731068093713 ], [ -135.098383878403865, 65.893523433447157 ], [ -135.106980526440111, 65.890066644950394 ], [ -135.124585110903439, 65.881935774286944 ], [ -135.133910421444654, 65.878849690697223 ], [ -135.144132373607277, 65.874695578429169 ], [ -135.159846863405079, 65.862097635376429 ], [ -135.184713326650325, 65.855082208313817 ], [ -135.202865301384151, 65.852753946719048 ], [ -135.214589164206814, 65.852404141404634 ], [ -135.232126643336159, 65.850429294437589 ], [ -135.281224808867648, 65.847663071244853 ], [ -135.31145787553109, 65.840983723795162 ], [ -135.321710389646967, 65.838182110276634 ], [ -135.326635465337745, 65.835921902910442 ], [ -135.331174892266432, 65.832709594916949 ], [ -135.333885762265055, 65.829335360605327 ], [ -135.338297095791319, 65.826627978024447 ], [ -135.345666249133757, 65.823704147824714 ], [ -135.349714515060782, 65.823278203501189 ], [ -135.358045802387608, 65.824817801055488 ], [ -135.361918722724567, 65.826766140771326 ], [ -135.369388430450357, 65.828439165642195 ], [ -135.377854661877336, 65.827771475804255 ], [ -135.382439048070211, 65.826856637182416 ], [ -135.390326955427639, 65.826844700361946 ], [ -135.405026552584786, 65.829497036124209 ], [ -135.409069955234031, 65.830770588535785 ], [ -135.413256910806297, 65.832305173526663 ], [ -135.424071227411559, 65.838111755285652 ], [ -135.429508650225131, 65.842164237473156 ], [ -135.435052860010757, 65.844944957287282 ], [ -135.443860277296693, 65.8521978882535 ], [ -135.451975919802095, 65.857210171264228 ], [ -135.456559400556813, 65.85969518644761 ], [ -135.463879615254058, 65.862037292784592 ], [ -135.471849273251962, 65.863852788590748 ], [ -135.48431502359972, 65.865554226098141 ], [ -135.494539153725157, 65.865376961603999 ], [ -135.505666473245611, 65.863194751889978 ], [ -135.522431414096616, 65.863452496500557 ], [ -135.528442406204846, 65.866078150269573 ], [ -135.532993957787994, 65.868729344883761 ], [ -135.535777697691742, 65.87181887459937 ], [ -135.540568403630402, 65.879496948291703 ], [ -135.543702797006006, 65.882005149147844 ], [ -135.551860644454962, 65.884376415479906 ], [ -135.559562475570488, 65.885198084021908 ], [ -135.567178050003463, 65.88465520895052 ], [ -135.582506308140893, 65.882296806396354 ], [ -135.587585874177307, 65.88105561894568 ], [ -135.590211251937859, 65.878780224043851 ], [ -135.598301813006657, 65.87451350790225 ], [ -135.603855198451555, 65.873886170794435 ], [ -135.624413401991603, 65.873944647355842 ], [ -135.637604349589992, 65.875704702630486 ], [ -135.64285083870206, 65.87548887953858 ], [ -135.647394228819536, 65.874734690098677 ], [ -135.65585388207208, 65.87498657182239 ], [ -135.661366023384204, 65.874525626031428 ], [ -135.66610852693077, 65.872928586526299 ], [ -135.673184556300072, 65.872248643074357 ], [ -135.692350319690206, 65.875507577728698 ], [ -135.703509219479827, 65.87908627069001 ], [ -135.708438231193327, 65.880216009439906 ], [ -135.713526425017591, 65.880671705958534 ], [ -135.719291294703311, 65.87980353056021 ], [ -135.725849558282249, 65.877756212406354 ], [ -135.743178597814023, 65.875631410574073 ], [ -135.749151551476757, 65.874080278285717 ], [ -135.759802692834057, 65.869396518066083 ], [ -135.770301353041361, 65.868021701237168 ], [ -135.776819499466171, 65.867681106912755 ], [ -135.792011889479028, 65.868443252690938 ], [ -135.802234885833684, 65.868245761754949 ], [ -135.818602620168633, 65.867520778164263 ], [ -135.829470215773085, 65.866326441125452 ], [ -135.836468613491689, 65.866596986381083 ], [ -135.853635880070669, 65.868704379874828 ], [ -135.869029413961698, 65.87312163523265 ], [ -135.872574451885839, 65.87487276981112 ], [ -135.878552532553073, 65.876887127559868 ], [ -135.900547043877509, 65.875179155702554 ], [ -135.910124326556826, 65.876904704111084 ], [ -135.915837268769735, 65.880097326758289 ], [ -135.917843705237829, 65.88314852453324 ], [ -135.91865280801062, 65.885984119437552 ], [ -135.920813409294198, 65.88836119635927 ], [ -135.927843132085769, 65.89126332183487 ], [ -135.933158035994978, 65.89257011305736 ], [ -135.945518594295208, 65.89397385655171 ], [ -135.959685206705757, 65.893830059000322 ], [ -135.976926900036517, 65.892951051938198 ], [ -136.00154687747974, 65.893451997237847 ], [ -136.027443166605138, 65.892891992941585 ], [ -136.042247837648517, 65.888940560755898 ], [ -136.057909683005619, 65.885784516438605 ], [ -136.065140400611114, 65.885968174375961 ], [ -136.069299440308583, 65.886887284435858 ], [ -136.075220793031434, 65.889231181618698 ], [ -136.079418073086515, 65.8899814744411 ], [ -136.087700381047199, 65.891052659074361 ], [ -136.093321121942211, 65.891005468212867 ], [ -136.099577212630038, 65.889961859715072 ], [ -136.111669788874991, 65.885054454195256 ], [ -136.118824274296486, 65.884637997257826 ], [ -136.134701606866287, 65.882332272159829 ], [ -136.141888853583765, 65.880811407467036 ], [ -136.151661583964483, 65.879809690277398 ], [ -136.157672636442754, 65.878469735504837 ], [ -136.156634248825981, 65.877485020227809 ], [ -136.159621458950255, 65.875215173407241 ], [ -136.16590783829875, 65.874000262739557 ], [ -136.180295498571269, 65.875629099258845 ], [ -136.188948060383808, 65.87594377361593 ], [ -136.198232024093613, 65.87526132026349 ], [ -136.204892130757543, 65.874228413597493 ], [ -136.211285525946863, 65.872505894517886 ], [ -136.231055292249437, 65.872285724803177 ], [ -136.242222258798705, 65.873452684506603 ], [ -136.250116244456791, 65.872462310354564 ], [ -136.25571833385743, 65.870539748338587 ], [ -136.261290844219019, 65.869720345194935 ], [ -136.27492227299922, 65.870038889946414 ], [ -136.289817588552665, 65.86929699090598 ], [ -136.308478365437168, 65.87085385916393 ], [ -136.32550463251772, 65.869844575568948 ], [ -136.335820621521293, 65.868171364173449 ], [ -136.354072822034937, 65.863295084040686 ], [ -136.360819111366823, 65.860814840176005 ], [ -136.366363965849786, 65.858122161350693 ], [ -136.373484193751665, 65.855824497920608 ], [ -136.381373612224309, 65.855294842023923 ], [ -136.385703529569014, 65.854427562655516 ], [ -136.388997983136647, 65.854543134283844 ], [ -136.391739617795054, 65.85531875275791 ], [ -136.397211175133464, 65.855935149911318 ], [ -136.401517833431001, 65.856170805025371 ], [ -136.408247877994086, 65.855726639196178 ], [ -136.419573996416631, 65.852130021486346 ], [ -136.423958944115725, 65.84998963965657 ], [ -136.424685961931431, 65.848486132102011 ], [ -136.423424463630255, 65.84657359680412 ], [ -136.415301540569317, 65.840769366730328 ], [ -136.411759902581707, 65.838861986856017 ], [ -136.412251226631895, 65.836500899311261 ], [ -136.419230385151593, 65.832837550718466 ], [ -136.423485238033351, 65.832306525590184 ], [ -136.433960516688074, 65.832756424561751 ], [ -136.442106678217272, 65.832445216428894 ], [ -136.451131174772399, 65.830890080293685 ], [ -136.469548538690248, 65.829999285749025 ], [ -136.494967367791475, 65.82981456426252 ], [ -136.503905168392038, 65.825620747631902 ], [ -136.510094567186599, 65.824729275721779 ], [ -136.515665765659918, 65.824835476423132 ], [ -136.522900251649588, 65.823894419062725 ], [ -136.539733551026728, 65.824639737295882 ], [ -136.543351112533202, 65.826206871263352 ], [ -136.547928820333823, 65.827127221875244 ], [ -136.556722359761437, 65.825643271651359 ], [ -136.559547409592966, 65.825851366263919 ], [ -136.561448730715568, 65.826522995555166 ], [ -136.561832354019458, 65.827434439376972 ], [ -136.560433526477823, 65.829997321486161 ], [ -136.560831452041896, 65.830782975382121 ], [ -136.562052193147082, 65.831416659120833 ], [ -136.572840863871534, 65.832051099733704 ], [ -136.576818609666276, 65.831220484139962 ], [ -136.578205480878182, 65.830272899150813 ], [ -136.577559476021804, 65.828305268005394 ], [ -136.572972217369681, 65.823811584496013 ], [ -136.575450746374685, 65.822466909524209 ], [ -136.578200021702713, 65.821971953812238 ], [ -136.592728461768132, 65.822970200001748 ], [ -136.600917478122682, 65.82091050727054 ], [ -136.610885023980529, 65.820716239416356 ], [ -136.63243086708286, 65.823646987482462 ], [ -136.636834911405089, 65.824407645157748 ], [ -136.640646021307958, 65.825820688140027 ], [ -136.644189084815565, 65.826114758751686 ], [ -136.648567590269806, 65.82578050619334 ], [ -136.654060865660313, 65.824061026472705 ], [ -136.656519812295528, 65.823837002074811 ], [ -136.658742359135687, 65.821982202775757 ], [ -136.663515392146252, 65.821670166236089 ], [ -136.667881319729617, 65.823184184725136 ], [ -136.668286244554622, 65.823691328071376 ], [ -136.665627823800264, 65.828611280084345 ], [ -136.663412206253469, 65.83057380668869 ], [ -136.665331439365275, 65.831136279123825 ], [ -136.672977366384032, 65.83221963085775 ], [ -136.677762059326, 65.832059593432405 ], [ -136.67902125268526, 65.830888118186138 ], [ -136.67848449763656, 65.8290362990262 ], [ -136.678900001817397, 65.828358670985509 ], [ -136.68122455456421, 65.827749833216501 ], [ -136.683837245729762, 65.827864712619217 ], [ -136.687377590801333, 65.82944115460468 ], [ -136.687367700714475, 65.830625858998943 ], [ -136.685831695598779, 65.832913316626673 ], [ -136.686369181062787, 65.834433033944592 ], [ -136.697972965583944, 65.835067671015082 ], [ -136.712462970723664, 65.836943590403791 ], [ -136.725059208497925, 65.836021477631618 ], [ -136.726694174011357, 65.836236393600586 ], [ -136.729156569901846, 65.837357352347141 ], [ -136.737926533198731, 65.836531186629713 ], [ -136.755406882443452, 65.838521671571158 ], [ -136.757324400388143, 65.837736838133793 ], [ -136.757888740151373, 65.837021389242096 ], [ -136.757901877850912, 65.834328848655431 ], [ -136.756816954260842, 65.833192550255148 ], [ -136.759428084423945, 65.831349690695134 ], [ -136.764782798857993, 65.830570123321507 ], [ -136.775692837236136, 65.833836457710234 ], [ -136.779514815928565, 65.834007501084997 ], [ -136.781721768483692, 65.833622838687418 ], [ -136.785286635353401, 65.832612087168727 ], [ -136.786646561758516, 65.831384645674717 ], [ -136.785847601603365, 65.82965286718337 ], [ -136.787359885900315, 65.828414655504119 ], [ -136.790918850855462, 65.827017901467144 ], [ -136.793809992533454, 65.82640968740769 ], [ -136.801181909614655, 65.826018016073036 ], [ -136.809835782646729, 65.822379929690101 ], [ -136.811734461836551, 65.821989511183943 ], [ -136.81420827929179, 65.821996107936656 ], [ -136.820345064319525, 65.823350256762581 ], [ -136.827749828058359, 65.82374669231956 ], [ -136.836488758067901, 65.826271780392076 ], [ -136.842223814794238, 65.827181150250382 ], [ -136.845660525639857, 65.827175678834948 ], [ -136.855776295618028, 65.825069978516041 ], [ -136.858794352914458, 65.823211460912148 ], [ -136.862351845305312, 65.822764336642066 ], [ -136.864405210536518, 65.82210213021807 ], [ -136.868102576226335, 65.819965912663676 ], [ -136.869885230897864, 65.819800545000874 ], [ -136.875908195781392, 65.820758987787059 ], [ -136.878220874378854, 65.822157667695336 ], [ -136.882298478525115, 65.827932379136612 ], [ -136.886391451537747, 65.829111609822306 ], [ -136.890507810162319, 65.829114696094948 ], [ -136.898983444907117, 65.827663572174387 ], [ -136.908288984497631, 65.825313097440301 ], [ -136.915811298375047, 65.825201215581259 ], [ -136.925648078640904, 65.828228120966031 ], [ -136.931661595121682, 65.830755181776553 ], [ -136.937966338928533, 65.831608972529878 ], [ -136.948501356629947, 65.832220242817542 ], [ -136.960944200292545, 65.834296292986906 ], [ -136.981866834657836, 65.833838506522937 ], [ -136.984056061724118, 65.834680764846709 ], [ -136.988300897142665, 65.833782036315341 ], [ -136.993915754241641, 65.83361031674292 ], [ -137.000738422698277, 65.834351183920717 ], [ -136.999358809740158, 65.827564331939257 ], [ -136.9992185294563, 65.766150834125469 ], [ -136.997659417867794, 65.654486856078634 ], [ -136.996580812329171, 65.526575027378584 ], [ -136.994272995810235, 65.367543182329499 ], [ -136.993884575964529, 65.23490884601047 ], [ -136.991638253400879, 64.89155486898855 ], [ -136.99173144317021, 64.491040433348417 ], [ -136.992624272245536, 64.320678600973366 ], [ -136.988189620233015, 64.047191114776652 ], [ -136.986857859295839, 63.998736174965089 ], [ -136.797579115524371, 63.832026686856452 ], [ -136.729440222809757, 63.767865830189322 ], [ -136.604206880959367, 63.648436828420117 ], [ -136.415115000082807, 63.465797204167771 ], [ -136.43126586531784, 63.460286683719801 ], [ -136.472532616851566, 63.442678063499066 ], [ -136.501109427691915, 63.4293649815964 ], [ -136.515390418383248, 63.42654827670944 ], [ -136.534555362256071, 63.419189456619286 ], [ -136.565159665780584, 63.413157419696383 ], [ -136.578190170622378, 63.407888372861585 ], [ -136.588777486058575, 63.405230622892191 ], [ -136.59643385147811, 63.402111119612051 ], [ -136.599622582284013, 63.400405750861609 ], [ -136.600923745603922, 63.3982456964496 ], [ -136.603712764855118, 63.397280844908479 ], [ -136.624868341684532, 63.392589223172472 ], [ -136.634422096953585, 63.389526811223817 ], [ -136.644860989780568, 63.386929334452269 ], [ -136.645434411789722, 63.385799266601794 ], [ -136.650867238416112, 63.399608031716745 ], [ -136.750789830430421, 63.394488514488714 ], [ -136.729048526715331, 63.340223231087798 ], [ -136.645267749421407, 63.344657855003639 ], [ -136.640409779018597, 63.343648445300865 ], [ -136.635459456775635, 63.341631581214081 ], [ -136.633254851224251, 63.340103819512407 ], [ -136.631699787402141, 63.338047904202895 ], [ -136.631585133399227, 63.336729617488849 ], [ -136.63009601776713, 63.333362286402021 ], [ -136.625322303548359, 63.328057490165136 ], [ -136.62217768443341, 63.325768263632717 ], [ -136.622185795820684, 63.325202598545062 ], [ -136.61964889877089, 63.323768191977408 ], [ -136.618414725508472, 63.322058616217099 ], [ -136.619481527326826, 63.316525637117969 ], [ -136.619106809881714, 63.31447415893912 ], [ -136.61362260031089, 63.304939919228346 ], [ -136.613518958701292, 63.303801004243532 ], [ -136.611128477662987, 63.300659155146789 ], [ -136.611014597440118, 63.299690932300727 ], [ -136.608635183814471, 63.296378352813406 ], [ -136.604791370302365, 63.288961808083471 ], [ -136.603283517108764, 63.288386294834595 ], [ -136.600774350111266, 63.285936859558994 ], [ -136.599760975439267, 63.28564303141016 ], [ -136.597364357350074, 63.283416687866506 ], [ -136.595997805615212, 63.281421157281805 ], [ -136.590982539092181, 63.277249117157595 ], [ -136.585690902362785, 63.274552189643316 ], [ -136.58151742172646, 63.273691920492823 ], [ -136.575316343097029, 63.274757104883726 ], [ -136.572140369955122, 63.274639594992422 ], [ -136.566986539430587, 63.272236705766602 ], [ -136.565742154232908, 63.270239567048272 ], [ -136.56449646062012, 63.269319650472845 ], [ -136.564493050099571, 63.268520743704514 ], [ -136.559497957592896, 63.262749511018271 ], [ -136.556146595798026, 63.257498768101385 ], [ -136.554928169629022, 63.254477885759101 ], [ -136.553295945761562, 63.252646463924599 ], [ -136.539474134139681, 63.24520218308303 ], [ -136.539489558349828, 63.244744207800586 ], [ -136.537975166741887, 63.243602539214734 ], [ -136.535854828153902, 63.240797730978301 ], [ -136.533995881334533, 63.237657909692118 ], [ -136.533895689515361, 63.236518932034279 ], [ -136.529912154458088, 63.231211588824628 ], [ -136.526601514828769, 63.229200416857431 ], [ -136.520235783909669, 63.227365499378202 ], [ -136.515460897569625, 63.224732377854863 ], [ -136.51459021250065, 63.22330536471096 ], [ -136.514852864881647, 63.22262031571718 ], [ -136.517784062565795, 63.220461534895826 ], [ -136.519716866822478, 63.218241564111295 ], [ -136.521034374909306, 63.214537982717545 ], [ -136.521082878636861, 63.209402675337238 ], [ -136.518612962965364, 63.205919116106706 ], [ -136.510344899036596, 63.201051972087576 ], [ -136.508849166510458, 63.199057026818451 ], [ -136.508864444468202, 63.198204057634257 ], [ -136.512065019454923, 63.195530846406946 ], [ -136.511822742614896, 63.19393552094585 ], [ -136.510595368352199, 63.191363254622402 ], [ -136.510261851824026, 63.188395430736797 ], [ -136.510649737985517, 63.186685715966341 ], [ -136.514988006158148, 63.182994888248388 ], [ -136.515663780174066, 63.180716518128868 ], [ -136.514167552373635, 63.178317689221387 ], [ -136.507538820365568, 63.174249846551035 ], [ -136.506667927179819, 63.173163894564695 ], [ -136.506696857599451, 63.171808081407484 ], [ -136.502231292999937, 63.168426208419014 ], [ -136.499130544272703, 63.164150057732655 ], [ -136.498405973293302, 63.162039154667369 ], [ -136.496907080814196, 63.159927433757247 ], [ -136.491933258786815, 63.155868363725588 ], [ -136.487950021195473, 63.151358892570983 ], [ -136.487363422410283, 63.148043591479279 ], [ -136.487072455002647, 63.140811251227042 ], [ -136.486108157773856, 63.138639981258969 ], [ -136.485470078632261, 63.13818884319123 ], [ -136.485494223015309, 63.137497374212302 ], [ -136.48485885808401, 63.137100060669219 ], [ -136.484874814048624, 63.136247103937599 ], [ -136.484242290108256, 63.135903601051908 ], [ -136.484266146490313, 63.134817153347342 ], [ -136.482427745435302, 63.131057096319473 ], [ -136.482206447207574, 63.128662577162899 ], [ -136.482598779628404, 63.127410698836592 ], [ -136.486732489496347, 63.12292386361937 ], [ -136.487236335062079, 63.118430129274628 ], [ -136.485921230555221, 63.114422247858322 ], [ -136.483452310937139, 63.110713683187889 ], [ -136.480392203881593, 63.10472214771174 ], [ -136.477537649492461, 63.101583075837723 ], [ -136.472183266521768, 63.097581218648891 ], [ -136.470297277244754, 63.096721065164722 ], [ -136.468195078828757, 63.094714051525145 ], [ -136.465321482526321, 63.093118961549749 ], [ -136.459471413863071, 63.088251020396044 ], [ -136.453909337278816, 63.081575500654701 ], [ -136.448083458349629, 63.076311866293814 ], [ -136.43090846149039, 63.064008543458129 ], [ -136.430925600986399, 63.063550562293507 ], [ -136.428814827346685, 63.061668773311119 ], [ -136.427606647246108, 63.058413378549432 ], [ -136.426383752249876, 63.056872715414578 ], [ -136.425766025272139, 63.055164342780344 ], [ -136.425822106413023, 63.051456327945075 ], [ -136.427156114293894, 63.047187870928035 ], [ -136.43154549178243, 63.039504229901006 ], [ -136.439747567632651, 63.036225270539575 ], [ -136.445459767971528, 63.031804274074737 ], [ -136.446247750795521, 63.030153437915018 ], [ -136.446866165101113, 63.029868829685917 ], [ -136.448055149736632, 63.026741678084129 ], [ -136.448224177075446, 63.022978612557367 ], [ -136.449124802081968, 63.021613858371062 ], [ -136.452309010069996, 63.018888134938393 ], [ -136.45762084255918, 63.016050655651888 ], [ -136.462075819013876, 63.011507225658796 ], [ -136.465986549431818, 63.009527716409764 ], [ -136.480708202513625, 63.005747646635854 ], [ -136.4885854675762, 63.000000056530453 ], [ -136.491743780473684, 62.999078423386479 ], [ -136.496313412676301, 62.995385435190812 ], [ -136.505783633907953, 62.990275691171014 ], [ -136.507050475441588, 62.989193901235467 ], [ -136.507323706354612, 62.987602029950963 ], [ -136.50466315880746, 62.980008794707942 ], [ -136.503973141922188, 62.974647831745088 ], [ -136.502259883716505, 62.970482698455314 ], [ -136.502289647438261, 62.968372747592689 ], [ -136.504822024347732, 62.966218233021387 ], [ -136.505951513117935, 62.965936879009277 ], [ -136.507870829207548, 62.963375880115244 ], [ -136.508035805926653, 62.960070508461968 ], [ -136.505298309661924, 62.949398955052814 ], [ -136.505374866171593, 62.942449793470232 ], [ -136.507082997847505, 62.936578454683151 ], [ -136.50713909852422, 62.932304708659458 ], [ -136.509557978325972, 62.928777768173653 ], [ -136.51019472742405, 62.926607457103238 ], [ -136.510348036563471, 62.924612858619753 ], [ -136.508559046738696, 62.918168403927417 ], [ -136.508589852058378, 62.915322295701465 ], [ -136.509742765031774, 62.912473172366411 ], [ -136.510817397937132, 62.907344649162148 ], [ -136.51056280235224, 62.8974275317549 ], [ -136.503261240643781, 62.882414821060522 ], [ -136.498060736466044, 62.87800846757186 ], [ -136.490380862028502, 62.873143442098481 ], [ -136.488183567356231, 62.870518362983887 ], [ -136.487576526963693, 62.868235593610407 ], [ -136.487984129287128, 62.866579474438424 ], [ -136.503754273789468, 62.852084376960647 ], [ -136.510536655381287, 62.848340102056405 ], [ -136.51279944581907, 62.847265486159813 ], [ -136.524313913869889, 62.844672577076366 ], [ -136.543409649273883, 62.838288706455707 ], [ -136.557359176233689, 62.858210870027264 ], [ -136.64675421642761, 62.845416731184422 ], [ -136.60416370821153, 62.783647880827438 ], [ -136.583311256022455, 62.786469213741029 ], [ -136.580854596783041, 62.780331715121434 ], [ -136.581661403921373, 62.778647692604949 ], [ -136.584936293999931, 62.776569798720175 ], [ -136.607694867036855, 62.770578214968346 ], [ -136.612926701081705, 62.768076351944636 ], [ -136.621059673065815, 62.763125898450561 ], [ -136.623300925527445, 62.76256136390753 ], [ -136.637616549426752, 62.76144366671101 ], [ -136.641342990872744, 62.760825641886562 ], [ -136.645962338750309, 62.75901197958369 ], [ -136.64946208267321, 62.756448202464078 ], [ -136.650982718455964, 62.754571939333047 ], [ -136.653857363957343, 62.75275157863225 ], [ -136.655999434720144, 62.749045441928004 ], [ -136.661727258434098, 62.745754805826678 ], [ -136.667898269540359, 62.736811596608128 ], [ -136.671383853835778, 62.734076805892983 ], [ -136.676989163957444, 62.731810438598401 ], [ -136.693534609038551, 62.72857737552178 ], [ -136.697536076800475, 62.726706537168376 ], [ -136.708368726206743, 62.720164919222988 ], [ -136.708368447241753, 62.719482601173823 ], [ -136.709121440059278, 62.719311835047407 ], [ -136.710254798620099, 62.717601203783438 ], [ -136.710269434607966, 62.714808862804702 ], [ -136.710881661366074, 62.714235790021064 ], [ -136.715241706935501, 62.712530643835365 ], [ -136.716878906139726, 62.710077584038515 ], [ -136.719989828606174, 62.708091285254483 ], [ -136.723465409450029, 62.706666047394073 ], [ -136.72584537149811, 62.704562861286689 ], [ -136.727732314336009, 62.699377303641882 ], [ -136.728491680446751, 62.694304332199408 ], [ -136.729002715511285, 62.694019711635825 ], [ -136.729005124198636, 62.693391218354279 ], [ -136.737070332234794, 62.691289485794947 ], [ -136.740553106692943, 62.689702098104526 ], [ -136.7415537715776, 62.688441734357149 ], [ -136.748022586791222, 62.683495156663774 ], [ -136.757097627844132, 62.679054320970735 ], [ -136.757102650789449, 62.678479648430873 ], [ -136.758971395785238, 62.677055634560141 ], [ -136.762099373783997, 62.671189548640058 ], [ -136.763960508935071, 62.669648837839858 ], [ -136.818547403141508, 62.650985899668235 ], [ -136.832069791707454, 62.644318431117455 ], [ -136.831828079514963, 62.642615686482799 ], [ -136.830961012725822, 62.642160153262175 ], [ -136.830588819526781, 62.641186387681074 ], [ -136.827866840836521, 62.638169262015793 ], [ -136.82725200994247, 62.633885583688922 ], [ -136.827761367853896, 62.630754471304584 ], [ -136.828743400151239, 62.628649694146844 ], [ -136.831226070643083, 62.626534279979353 ], [ -136.836435344595685, 62.624374089948518 ], [ -136.840887957148709, 62.623229246921213 ], [ -136.845480795233584, 62.619640282476205 ], [ -136.846470164513647, 62.617993170830751 ], [ -136.846712592638312, 62.616562394033672 ], [ -136.844866543628626, 62.613830326290973 ], [ -136.844875381443842, 62.612402625264018 ], [ -136.84705280963243, 62.609806096138954 ], [ -136.844578518005932, 62.60730677885892 ], [ -136.844263044448809, 62.605676867224417 ], [ -136.845131359040352, 62.604596967458242 ], [ -136.847600454298941, 62.603567803364747 ], [ -136.855399695985142, 62.603967449100352 ], [ -136.857488209312464, 62.603401046259222 ], [ -136.858238555249471, 62.602313664243496 ], [ -136.857627427673748, 62.596898767976846 ], [ -136.85477801179789, 62.595877078123578 ], [ -136.847366806180901, 62.591027928248259 ], [ -136.846738371795453, 62.590003696951918 ], [ -136.843409637025388, 62.588458400873265 ], [ -136.833165877789213, 62.580871458733355 ], [ -136.82043344008909, 62.572606947950433 ], [ -136.812422485728149, 62.566668471555275 ], [ -136.810076520010483, 62.565531679202273 ], [ -136.807853450143682, 62.563531302897687 ], [ -136.789978431447196, 62.551667343590616 ], [ -136.789970356322954, 62.551209530167512 ], [ -136.779863769251023, 62.544820284844079 ], [ -136.77987526464014, 62.54436222785786 ], [ -136.774567376226145, 62.541107711070495 ], [ -136.772975306304858, 62.53951183267025 ], [ -136.765717741979785, 62.535805844882624 ], [ -136.753624662404775, 62.532142331422804 ], [ -136.750304044333092, 62.530540926645763 ], [ -136.71885853831597, 62.503260330193285 ], [ -136.715164442297407, 62.501150970108803 ], [ -136.71037379777195, 62.499548750696015 ], [ -136.7034989530367, 62.493734096605316 ], [ -136.687125770445078, 62.48223434753141 ], [ -136.687002253865614, 62.476265347234964 ], [ -136.685876769501277, 62.475228488733528 ], [ -136.674003393015397, 62.468287651455242 ], [ -136.661565952997933, 62.457375229602434 ], [ -136.654597131359964, 62.452313590655031 ], [ -136.651179334907198, 62.449207170149883 ], [ -136.647775394293603, 62.448120747706589 ], [ -136.645570803159131, 62.445390496487207 ], [ -136.637181150935191, 62.440820637309947 ], [ -136.635155935103285, 62.439219357031419 ], [ -136.632752769399559, 62.433169345080067 ], [ -136.632464916881617, 62.430021414754115 ], [ -136.626688447314052, 62.422098420338976 ], [ -136.624774866029782, 62.420379000554071 ], [ -136.62055454665537, 62.407149530138135 ], [ -136.613008172298152, 62.402514623347784 ], [ -136.603977804099145, 62.396136727947166 ], [ -136.58701440452387, 62.391841992639073 ], [ -136.581837592385426, 62.391254477083976 ], [ -136.580348049368894, 62.391621517376791 ], [ -136.573095744946983, 62.39018633285194 ], [ -136.565041099670424, 62.390043635891736 ], [ -136.558424174125975, 62.390764257548604 ], [ -136.553393645473392, 62.390371556672754 ], [ -136.540113919641982, 62.386793187040702 ], [ -136.53444395221851, 62.384467642066582 ], [ -136.515490186754363, 62.38254744290461 ], [ -136.503376896831355, 62.38037433346544 ], [ -136.492767219694684, 62.374775681803143 ], [ -136.4882067386024, 62.37326236022858 ], [ -136.485495169699419, 62.372770603033921 ], [ -136.479329053676395, 62.373967458628378 ], [ -136.472299679671409, 62.372946675700277 ], [ -136.459120514298093, 62.367492292285768 ], [ -136.448866619207649, 62.364089079653112 ], [ -136.436749206565139, 62.36126999044027 ], [ -136.42242150248012, 62.358652025350601 ], [ -136.416580497965725, 62.355668162734233 ], [ -136.41295492928765, 62.352526920470247 ], [ -136.409074641118991, 62.350115368891636 ], [ -136.404441146702169, 62.348106331832085 ], [ -136.368796976790719, 62.337374191158908 ], [ -136.332850466681919, 62.324463442084891 ], [ -136.317646771107263, 62.318413853605918 ], [ -136.315566818599422, 62.31806545849544 ], [ -136.289434017289722, 62.307582172904148 ], [ -136.285441451077901, 62.304881045167924 ], [ -136.284628435790353, 62.303003293337696 ], [ -136.284550255932146, 62.300265882606212 ], [ -136.28221920681068, 62.294434090448618 ], [ -136.282380372170934, 62.292331872509706 ], [ -136.284503180477316, 62.290570628918651 ], [ -136.288582881457273, 62.288593719265144 ], [ -136.290035680929577, 62.286955324369039 ], [ -136.294393888908388, 62.285648955566863 ], [ -136.310575578728674, 62.284976564581505 ], [ -136.324062882629704, 62.283098057530907 ], [ -136.325661961198307, 62.282642914493216 ], [ -136.326928743444768, 62.280772470157665 ], [ -136.336138114567859, 62.278529573286413 ], [ -136.340849000430211, 62.275692131525538 ], [ -136.34334297898684, 62.272849074041623 ], [ -136.341599905949153, 62.267883333637485 ], [ -136.338854506844598, 62.264624011004997 ], [ -136.332596641082318, 62.259010364191028 ], [ -136.321356430332344, 62.250813492129787 ], [ -136.317773651354258, 62.246807637473999 ], [ -136.316633868979125, 62.242302718020717 ], [ -136.318218002406837, 62.236263706188097 ], [ -136.317172195936593, 62.233463652202595 ], [ -136.31560829273036, 62.231575231538685 ], [ -136.315647368399851, 62.230264138622921 ], [ -136.317762895731619, 62.227595653215978 ], [ -136.317783355539007, 62.226742583452911 ], [ -136.317310219874628, 62.225597937132932 ], [ -136.314293665067083, 62.223471914539203 ], [ -136.310580492720703, 62.219467122603938 ], [ -136.308802721473597, 62.216611061474623 ], [ -136.308823510909406, 62.215758000525206 ], [ -136.308226583241492, 62.215296784330889 ], [ -136.307408995828808, 62.212844619239426 ], [ -136.301766734865026, 62.207744546334837 ], [ -136.295747835020478, 62.204129066979419 ], [ -136.287151686206471, 62.199989660635815 ], [ -136.270924238982872, 62.193469016496557 ], [ -136.264765317082379, 62.190481960442789 ], [ -136.263915010802521, 62.189906156614619 ], [ -136.262787749522118, 62.185454587879327 ], [ -136.261978880602356, 62.184025540632959 ], [ -136.262628257453258, 62.181631590885893 ], [ -136.269308025503364, 62.176929161070255 ], [ -136.270696321232521, 62.175228662263322 ], [ -136.270720420587651, 62.173513717073064 ], [ -136.269641267878654, 62.170677714906731 ], [ -136.265337387120951, 62.166479658562089 ], [ -136.264861389481638, 62.161977258800981 ], [ -136.265982413437456, 62.160781964930749 ], [ -136.270665221462338, 62.158009896617436 ], [ -136.275956301309975, 62.156031059710955 ], [ -136.292071253766835, 62.154508090234835 ], [ -136.294558389503663, 62.152527725753309 ], [ -136.295183439891048, 62.150986712614745 ], [ -136.295246410672547, 62.148418500433912 ], [ -136.294297823114704, 62.146425345175203 ], [ -136.28843745534607, 62.141263964407877 ], [ -136.27892550014684, 62.134536341741935 ], [ -136.276597280496844, 62.129783490626025 ], [ -136.27286311749873, 62.126478837262034 ], [ -136.275465523909418, 62.125684992627122 ], [ -136.325147331788628, 62.125542257114702 ], [ -136.324863025745969, 62.067459691734165 ], [ -136.279799396381293, 62.067506016463412 ], [ -136.279207315298379, 62.067050110248111 ], [ -136.275044397885921, 62.062240589044514 ], [ -136.273686065118682, 62.057674469951976 ], [ -136.273731619837577, 62.055106408511648 ], [ -136.274224263573387, 62.054536268975916 ], [ -136.27436604319513, 62.047415610183172 ], [ -136.27390682387778, 62.046495125477477 ], [ -136.273300351897205, 62.040683124263154 ], [ -136.272822165736102, 62.040220687768986 ], [ -136.272490056201519, 62.038221712845761 ], [ -136.269343536761795, 62.031993137826703 ], [ -136.264251333081262, 62.02536041652494 ], [ -136.264268303460881, 62.024848521959527 ], [ -136.25868571904752, 62.018776688745938 ], [ -136.252018767501909, 62.012759370015047 ], [ -136.247004717960607, 62.00880068060907 ], [ -136.237417053928624, 62.003168133768092 ], [ -136.23528049988559, 62.001337857244081 ], [ -136.233982385036654, 62.000000122326433 ], [ -136.23356198409283, 61.998507291896345 ], [ -136.210206029339844, 61.978182067769247 ], [ -136.204441419340355, 61.970870792775422 ], [ -136.19845782959942, 61.967143307435244 ], [ -136.188325634800862, 61.954294118888377 ], [ -136.186010090712784, 61.949160857901333 ], [ -136.183400863690508, 61.946759312222568 ], [ -136.181407971102146, 61.944020243603255 ], [ -136.177555290166794, 61.937517443216308 ], [ -136.164848110084336, 61.926582852693642 ], [ -136.163565923562743, 61.924923841656032 ], [ -136.144300403961665, 61.910433640850677 ], [ -136.141130694308288, 61.906608516564411 ], [ -136.136873809857633, 61.900134911144121 ], [ -136.131996151146694, 61.894321636932176 ], [ -136.12924979895007, 61.892602518733611 ], [ -136.127024312348823, 61.890035194046284 ], [ -136.124717255904699, 61.885753754333891 ], [ -136.124429208406127, 61.882048320594734 ], [ -136.123616018907285, 61.881139242874347 ], [ -136.115269997809804, 61.876538730509871 ], [ -136.102959715819935, 61.856276578826034 ], [ -136.101757212674471, 61.852955494408818 ], [ -136.096139909927388, 61.84677883995213 ], [ -136.094476992525557, 61.84170173166671 ], [ -136.09338409648214, 61.839816145219487 ], [ -136.091136130385024, 61.837490809954822 ], [ -136.086987242777099, 61.834570035136807 ], [ -136.070549781129756, 61.826107382543462 ], [ -136.06360962939695, 61.821421061842607 ], [ -136.056648272899821, 61.815504620985152 ], [ -136.04740077055132, 61.803671046941993 ], [ -136.036082270429915, 61.791511357299868 ], [ -136.030111054732032, 61.783655939144005 ], [ -136.02724158661681, 61.778344696850638 ], [ -136.021864930732335, 61.772271035618687 ], [ -136.01270346793649, 61.765129877329166 ], [ -136.004139087861716, 61.759321400712039 ], [ -135.9999904021075, 61.75465639100603 ], [ -135.997307273002349, 61.753688379625487 ], [ -135.987576740615395, 61.746756193857223 ], [ -135.972763538132313, 61.737606100753588 ], [ -135.963207228393173, 61.730455531037464 ], [ -135.947421828460932, 61.717494059766381 ], [ -135.935898996147131, 61.704968643382948 ], [ -135.930196575586706, 61.702745094799134 ], [ -135.926876880509468, 61.700505232866171 ], [ -135.925402756524647, 61.697373022531089 ], [ -135.914861097212309, 61.685512557111196 ], [ -135.910517636389585, 61.678565884360907 ], [ -135.909410675244658, 61.665340203318472 ], [ -135.907479148494701, 61.661304099151295 ], [ -135.905390962507994, 61.646729251251337 ], [ -135.903009786291761, 61.644042694895028 ], [ -135.893041575924457, 61.63935892511779 ], [ -135.88829712059362, 61.636454109060956 ], [ -135.881589433778032, 61.628175213354098 ], [ -135.872967202364805, 61.615401428613183 ], [ -135.86724192519759, 61.609584430791124 ], [ -135.857290603626723, 61.603551347798721 ], [ -135.84682456153817, 61.593705239803128 ], [ -135.843009600691687, 61.589222041163822 ], [ -135.840603044717, 61.583841279215278 ], [ -135.836272676461249, 61.576227871559759 ], [ -135.832485427682485, 61.572641977610246 ], [ -135.8291399598005, 61.567940059468683 ], [ -135.82900654970399, 61.554474369499168 ], [ -135.821760988494134, 61.539516456022355 ], [ -135.819401795250684, 61.535643287097308 ], [ -135.80236580738719, 61.522663996371371 ], [ -135.79857045230753, 61.519086187661607 ], [ -135.784791019454161, 61.501156892095764 ], [ -135.778114701510759, 61.488841810012183 ], [ -135.775236100105587, 61.480320412427425 ], [ -135.770479872257198, 61.472464939798698 ], [ -135.769945814995765, 61.46527680324867 ], [ -135.771752684351839, 61.455633476993384 ], [ -135.767916915549677, 61.446883894984012 ], [ -135.762258541957181, 61.441726519648924 ], [ -135.75001380439204, 61.433903063955505 ], [ -135.729790043051565, 61.423616711983762 ], [ -135.72367049345516, 61.419124588184282 ], [ -135.715684821704485, 61.414875421403892 ], [ -135.708181312909318, 61.411969965514885 ], [ -135.690360194989012, 61.406603057350132 ], [ -135.673448367663127, 61.393607249456728 ], [ -135.671894989129811, 61.363979429797268 ], [ -135.669536366369385, 61.360390993446906 ], [ -135.662489138318819, 61.355245333976427 ], [ -135.649854115076494, 61.348294671213978 ], [ -135.625968000566246, 61.336412505432769 ], [ -135.621290832664783, 61.332376022864352 ], [ -135.61519862373936, 61.325661444408084 ], [ -135.609125179476905, 61.323632890926085 ], [ -135.600718221885415, 61.321632386441088 ], [ -135.592305854392436, 61.320277769702493 ], [ -135.574554574115751, 61.315802277503771 ], [ -135.567079755177588, 61.312440102058893 ], [ -135.55400056670922, 61.30458470591573 ], [ -135.541867150795525, 61.300324366435639 ], [ -135.535792181013903, 61.297637191051805 ], [ -135.526933268579427, 61.292473754479055 ], [ -135.503612478970325, 61.276537037538851 ], [ -135.473337793686312, 61.259004778837891 ], [ -135.450820075209805, 61.241169603876585 ], [ -135.550577724156369, 61.231329135741824 ], [ -135.73084189019707, 61.155679994321019 ], [ -135.902446283595253, 61.018333581415618 ], [ -135.984216374261734, 60.890363760280529 ], [ -135.988710631077083, 60.825533660082741 ], [ -136.005734504565623, 60.820195154775746 ], [ -136.004529357034841, 60.813790926202032 ], [ -136.023630322358571, 60.814645312511779 ], [ -136.025763811791904, 60.808390518730597 ], [ -136.02451132002318, 60.802219780398538 ], [ -136.004036346758227, 60.797187784047189 ], [ -136.00193936033881, 60.765995680758252 ], [ -135.995914499463851, 60.766724198877483 ], [ -135.993610154612014, 60.76759427507708 ], [ -135.98868288317027, 60.770324338311042 ], [ -135.986983690513398, 60.771782438032041 ], [ -135.986114908813022, 60.772785489978624 ], [ -135.98630117837601, 60.774068090200508 ], [ -135.988845786902829, 60.776805922766378 ], [ -135.989649097660617, 60.778443145065722 ], [ -135.989557946702661, 60.779655968543437 ], [ -135.987947053303259, 60.781014648456129 ], [ -135.985056452684773, 60.781969694814329 ], [ -135.978602810616877, 60.781720576768471 ], [ -135.972054647729948, 60.77713506910623 ], [ -135.968445531999805, 60.778014140127119 ], [ -135.964245916078539, 60.780028709937611 ], [ -135.9588991426956, 60.781772969288141 ], [ -135.956846713803543, 60.781922307565416 ], [ -135.955083468653243, 60.781297351308559 ], [ -135.953882477549854, 60.779815403954331 ], [ -135.953351659520166, 60.775545232591561 ], [ -135.952157351048896, 60.774278732854242 ], [ -135.947595494070185, 60.773368228045413 ], [ -135.941047034097267, 60.774038716662169 ], [ -135.760617031801615, 60.686992607989737 ], [ -135.486102936452426, 60.556040205182811 ], [ -135.482731600294557, 60.360572554651256 ], [ -135.536453715339576, 60.184158000505711 ], [ -135.598022451985457, 60.000058645598244 ], [ -139.056793771162546, 60.000043199279574 ], [ -139.177019186028048, 60.082859842722556 ], [ -139.048517699286322, 60.325894284657252 ], [ -139.052068169385961, 60.353726372179715 ], [ -139.680062474449869, 60.335720822319317 ], [ -139.971679236103824, 60.183882282024179 ], [ -140.447975841424466, 60.307960170845547 ], [ -140.517084149116187, 60.220162704795293 ], [ -140.997970942035721, 60.308041435832784 ], [ -140.99720605642861, 60.774019095588152 ], [ -140.997955690997827, 61.219015551241149 ], [ -140.999408409118928, 61.710803615505682 ], [ -141.001070967212229, 62.081975000205986 ], [ -140.99956210577858, 62.356148557986245 ], [ -140.998931347911423, 62.570418169906553 ], [ -141.001109842159423, 62.7809810730623 ], [ -141.000552963180837, 62.873249035105481 ], [ -141.001356360305181, 62.873472336387287 ], [ -141.000548104395932, 62.8740496187663 ], [ -141.000475324768587, 62.886065236464098 ], [ -141.00084564753152, 62.886711106015731 ], [ -141.000468506384294, 62.887192196225207 ], [ -140.999782160748083, 63.000000016555781 ], [ -141.003570504001686, 63.321496747121941 ], [ -141.00377983536228, 63.755036542786634 ], [ -141.003223982854109, 64.203424198961287 ], [ -141.004444074655026, 64.48119445861856 ], [ -140.998703237754, 64.682248724591375 ], [ -141.001611558960775, 64.855355855316134 ], [ -141.00787757708116, 65.091199175636376 ], [ -141.006903036161958, 65.293736290122567 ], [ -141.007182238452202, 65.568867586099287 ], [ -141.008203324434191, 65.752124750976932 ], [ -141.004274366856123, 66.341950004356107 ], [ -141.005273689345643, 66.514764399651384 ], [ -141.002947729050646, 66.85796323178451 ], [ -141.00486831231126, 67.059681199864556 ], [ -141.008933357249987, 67.265735574965518 ], [ -141.012554341366041, 67.624270738715992 ], [ -141.014143290741572, 67.862767313897137 ], [ -141.013176805232348, 68.017108324316354 ], [ -141.013418719011753, 68.855301521904408 ], [ -141.014267388963617, 69.036869121843267 ], [ -141.015961062500054, 69.172213738555584 ], [ -141.015931365014239, 69.287485714420768 ], [ -141.018073157627839, 69.502875492190569 ], [ -141.012845421058017, 69.630150810056435 ], [ -141.011432860480909, 69.647455303562367 ], [ -140.965461684139001, 69.641389310461477 ], [ -140.951839294543504, 69.640318951860579 ], [ -140.907951638513964, 69.634867074618697 ], [ -140.890760706553408, 69.633189236044842 ], [ -140.871795786768359, 69.631580169732985 ], [ -140.847260049867629, 69.631829553659458 ], [ -140.84185546429066, 69.631600591733431 ], [ -140.841577077302816, 69.630954656323496 ], [ -140.847609778817457, 69.629722476589819 ], [ -140.856057899071828, 69.629003235910943 ], [ -140.863102516152111, 69.626300662142484 ], [ -140.869622714223169, 69.624888740310226 ], [ -140.870354355026393, 69.623086788035735 ], [ -140.871286530668527, 69.622127947413503 ], [ -140.875362860016821, 69.620319425296458 ], [ -140.874130071982364, 69.619932937892457 ], [ -140.874056648872681, 69.619296177237544 ], [ -140.881108373433591, 69.618942394484392 ], [ -140.886560459541414, 69.619385434780057 ], [ -140.891354849472066, 69.617666667698671 ], [ -140.897938303019771, 69.618226618636513 ], [ -140.895434185709291, 69.619955906552605 ], [ -140.89555727239204, 69.621085895712952 ], [ -140.896426176379038, 69.622314968206325 ], [ -140.899789003987337, 69.624047676869381 ], [ -140.899578759058301, 69.624980183001568 ], [ -140.898445094515324, 69.625248569325407 ], [ -140.898287470784396, 69.625912068305411 ], [ -140.905643607073074, 69.626965377281394 ], [ -140.912515525515744, 69.627022757563068 ], [ -140.909070873994494, 69.626016627644631 ], [ -140.901792315532447, 69.624918660257464 ], [ -140.902931348328536, 69.623457573866574 ], [ -140.901131190434199, 69.62319651382164 ], [ -140.898669770057921, 69.621302936327069 ], [ -140.898675638984201, 69.620065418257852 ], [ -140.899887298078625, 69.619563926795308 ], [ -140.901481266011189, 69.619833854097337 ], [ -140.90155354162718, 69.620892065451841 ], [ -140.903146748709105, 69.621359283381878 ], [ -140.909578736537384, 69.621568959116203 ], [ -140.911614204219347, 69.620924334386231 ], [ -140.911797720168636, 69.620108359301241 ], [ -140.91020456191265, 69.619605384063661 ], [ -140.906243732121169, 69.619271520031205 ], [ -140.906142821407258, 69.618814098087142 ], [ -140.907817447021813, 69.618285908125486 ], [ -140.907924526042763, 69.617317460293151 ], [ -140.906022810141565, 69.616859105612775 ], [ -140.893960571757049, 69.616206551358033 ], [ -140.892574914661594, 69.61549726567155 ], [ -140.893379982691954, 69.613982218594998 ], [ -140.891453895091615, 69.61337124989096 ], [ -140.890611087736943, 69.61219596561601 ], [ -140.888454122109749, 69.611531008477414 ], [ -140.881408608699189, 69.611230451116455 ], [ -140.878544974958544, 69.612761962266475 ], [ -140.874151525786175, 69.611942785608676 ], [ -140.866302667807531, 69.612618519648265 ], [ -140.864781008743364, 69.613263045413717 ], [ -140.8651109714217, 69.613962753348403 ], [ -140.870280619528359, 69.61405633400247 ], [ -140.871230261671116, 69.614406790013149 ], [ -140.870733711265586, 69.615697759013869 ], [ -140.87273743060868, 69.616165515991284 ], [ -140.883899128741376, 69.616720307014575 ], [ -140.888587957208529, 69.615440968077635 ], [ -140.891107716998221, 69.615675711790288 ], [ -140.890899496968075, 69.616159832401507 ], [ -140.88822171392701, 69.616597569238479 ], [ -140.885564383370024, 69.618012730030827 ], [ -140.868842563303787, 69.617848567416047 ], [ -140.868711540767947, 69.618234084948625 ], [ -140.870174590115653, 69.618791159175444 ], [ -140.87019756325023, 69.619248514120542 ], [ -140.865845011979133, 69.619935756867449 ], [ -140.862467321172858, 69.621036153730088 ], [ -140.86151112587666, 69.621681072452958 ], [ -140.860391036751395, 69.623760674119794 ], [ -140.858969043396115, 69.624745974072255 ], [ -140.850032901222136, 69.625590493500454 ], [ -140.841574503054431, 69.624381376271614 ], [ -140.840260784420508, 69.621115982170153 ], [ -140.838417337935823, 69.619903663986463 ], [ -140.836772167470997, 69.6163419851123 ], [ -140.836055884059249, 69.615821198737791 ], [ -140.833500676941981, 69.616894911106073 ], [ -140.830813017135881, 69.615188491405675 ], [ -140.823930027336587, 69.613854497113564 ], [ -140.820046836196838, 69.613742949723843 ], [ -140.816837517459362, 69.613049128012037 ], [ -140.809633052648621, 69.613319449761747 ], [ -140.80584340705289, 69.614256891026997 ], [ -140.800958820968958, 69.613955479010826 ], [ -140.790318031545894, 69.615718662293887 ], [ -140.783450468349855, 69.615629608818693 ], [ -140.779627468732173, 69.617149347592573 ], [ -140.776803212943406, 69.616607703565379 ], [ -140.773919980133087, 69.616792355845391 ], [ -140.773864136724484, 69.617204801761829 ], [ -140.776555308435121, 69.618167772717371 ], [ -140.777288860926063, 69.619370366963622 ], [ -140.779516587316436, 69.620404474615142 ], [ -140.788170922441253, 69.622101057693499 ], [ -140.826287166451522, 69.627613192995284 ], [ -140.831887647302864, 69.628963790231197 ], [ -140.831807448572107, 69.629340366657217 ], [ -140.83095784491033, 69.62935749025948 ], [ -140.819571595839506, 69.62733738905564 ], [ -140.809078902099401, 69.626366737000694 ], [ -140.743582228077486, 69.615208170866609 ], [ -140.704372303352017, 69.610088645750722 ], [ -140.66462212820187, 69.606178914113059 ], [ -140.64769719131624, 69.604953012566995 ], [ -140.622124491939474, 69.604343740049629 ], [ -140.593959296459388, 69.602236085215182 ], [ -140.567361030394636, 69.599186163751014 ], [ -140.542304226416718, 69.597714550932082 ], [ -140.533792722944725, 69.597880428055987 ], [ -140.532640665443097, 69.597671107237531 ], [ -140.532521782337454, 69.597231361855364 ], [ -140.53686028417502, 69.596292303765139 ], [ -140.538008768234562, 69.595479242339266 ], [ -140.537844987140545, 69.59473447816535 ], [ -140.535544243522907, 69.594172399817126 ], [ -140.535224794474743, 69.59349896941491 ], [ -140.539340822960696, 69.592110854313518 ], [ -140.534058754390884, 69.591585718376237 ], [ -140.53117209438966, 69.591981556089422 ], [ -140.530963032908829, 69.593308255190507 ], [ -140.533369138460415, 69.594919921076652 ], [ -140.533307366476635, 69.595395045868571 ], [ -140.527386930783962, 69.595809636788999 ], [ -140.526556642811158, 69.596166110179524 ], [ -140.52642734027134, 69.597358473900215 ], [ -140.525727260762807, 69.59763459722204 ], [ -140.519067404402847, 69.597750967975813 ], [ -140.506670933712797, 69.596954218062081 ], [ -140.491096806377811, 69.596882774988231 ], [ -140.46854771248033, 69.594098542649732 ], [ -140.446785889437592, 69.592892243576557 ], [ -140.419309105568061, 69.59026537415113 ], [ -140.38887141708588, 69.588986999093308 ], [ -140.307147813065711, 69.590323949500373 ], [ -140.263844908051141, 69.593474494122972 ], [ -140.238051645468403, 69.593220709287863 ], [ -140.22705155641188, 69.593952741055062 ], [ -140.219580541355384, 69.593740266195937 ], [ -140.192293802076136, 69.596280146556055 ], [ -140.160072201714286, 69.601895286470366 ], [ -140.138609090079427, 69.606230449881167 ], [ -140.124305928508107, 69.607612435080298 ], [ -140.122624058574161, 69.607236329004849 ], [ -140.122973940639383, 69.606233604272376 ], [ -140.119611031446425, 69.607337816235116 ], [ -140.116003220616193, 69.607516960362247 ], [ -140.08887027283825, 69.606947516448173 ], [ -140.078713916680101, 69.607504291295498 ], [ -140.063209895546947, 69.60917991994333 ], [ -140.055484367629163, 69.609398560982228 ], [ -140.053112890637635, 69.608937333114184 ], [ -140.022663355586701, 69.611137894790318 ], [ -139.999999977310921, 69.611888922107866 ], [ -139.987159668362921, 69.613456546130891 ], [ -139.938398756920094, 69.613177020453136 ], [ -139.907219557153155, 69.615191755084979 ], [ -139.888034011385855, 69.614559891200614 ], [ -139.852858441559107, 69.61086226383253 ], [ -139.842598001218562, 69.60938667259407 ], [ -139.835033677512627, 69.608959871762579 ], [ -139.788250275225977, 69.601225192684012 ], [ -139.771401124662646, 69.599134611643862 ], [ -139.74732372830843, 69.59455124916154 ], [ -139.715507573995154, 69.587208137615178 ], [ -139.703246329528241, 69.585171411102408 ], [ -139.688587958995328, 69.581626945080387 ], [ -139.678551258433657, 69.578600537654737 ], [ -139.664446480580779, 69.575784699261504 ], [ -139.641374356384972, 69.573113593442642 ], [ -139.635903757599351, 69.571922919658533 ], [ -139.618223649362221, 69.56936241898606 ], [ -139.607555116711808, 69.568389846370508 ], [ -139.574820114201117, 69.563022472953975 ], [ -139.565811475695284, 69.562249207517738 ], [ -139.522300147149537, 69.556406436410057 ], [ -139.522076344631103, 69.555561357335662 ], [ -139.522832581882142, 69.554643860613936 ], [ -139.528680597705346, 69.554298463273568 ], [ -139.539324428191748, 69.55510530102454 ], [ -139.542549235625899, 69.55672884871538 ], [ -139.558767078867589, 69.559760495149106 ], [ -139.568884123917542, 69.56005884089204 ], [ -139.574408083017858, 69.561888942110755 ], [ -139.595332040159207, 69.564524869067057 ], [ -139.607420626230322, 69.566908777998634 ], [ -139.623926802574772, 69.569308709428057 ], [ -139.639896698939879, 69.570913526796957 ], [ -139.666084312478006, 69.57587791699342 ], [ -139.677131075777538, 69.577477604475334 ], [ -139.693945208887811, 69.581397929861808 ], [ -139.70752302077895, 69.583705138711338 ], [ -139.71675358593933, 69.586571488358118 ], [ -139.755495717575087, 69.594582587139399 ], [ -139.761357054427322, 69.59633727205275 ], [ -139.787390602167932, 69.599613765046612 ], [ -139.78502666133474, 69.597785620547455 ], [ -139.783664535952653, 69.595524900227744 ], [ -139.77922194208773, 69.595000706569465 ], [ -139.774172848896427, 69.593404789815722 ], [ -139.753410166030534, 69.589365595633566 ], [ -139.75063356052874, 69.58763269807578 ], [ -139.744279395961428, 69.587757674013275 ], [ -139.737499098110163, 69.585529368605464 ], [ -139.726316787817183, 69.58390567162391 ], [ -139.720103997115984, 69.581689786700295 ], [ -139.718535842327412, 69.579570508263856 ], [ -139.712509070145984, 69.57898812613935 ], [ -139.707772310678109, 69.577042752086754 ], [ -139.700817443137936, 69.575690699218228 ], [ -139.699910204185812, 69.574562801072005 ], [ -139.692635999590891, 69.571737070886769 ], [ -139.689714084318325, 69.5716524130642 ], [ -139.685717480984181, 69.570671697340671 ], [ -139.67900419658028, 69.570450732769643 ], [ -139.671227136041949, 69.56917199051226 ], [ -139.66928625933997, 69.569417362708236 ], [ -139.66413090190224, 69.568104412917904 ], [ -139.660879689117536, 69.568366577677963 ], [ -139.655162311937232, 69.566205911160324 ], [ -139.659945434110767, 69.564843378578402 ], [ -139.659742722098684, 69.564393352087592 ], [ -139.657730789597991, 69.563732119176535 ], [ -139.65759620072609, 69.56219730522966 ], [ -139.657085704095039, 69.561744893089752 ], [ -139.655596139270671, 69.561760366386494 ], [ -139.652348369076975, 69.563610015187464 ], [ -139.650873580656253, 69.56379596421759 ], [ -139.646759502058273, 69.563100456235276 ], [ -139.64085054415736, 69.560767399776466 ], [ -139.636017535792149, 69.562102126793448 ], [ -139.635311597909521, 69.562706560962127 ], [ -139.635370731274008, 69.563388699459551 ], [ -139.636574546512804, 69.564232270400439 ], [ -139.6366416576559, 69.565192530555819 ], [ -139.627750708043266, 69.566136581944036 ], [ -139.625566964028081, 69.565366003127522 ], [ -139.625170926476301, 69.564340360828041 ], [ -139.622983935355279, 69.563623514871722 ], [ -139.622932215028044, 69.562833765267953 ], [ -139.624627455367772, 69.561618284366602 ], [ -139.63056329869454, 69.560705104140027 ], [ -139.630519117518617, 69.560193497203869 ], [ -139.628372726460015, 69.559647462425758 ], [ -139.622649991604135, 69.559647328981285 ], [ -139.61702245985029, 69.560553721436818 ], [ -139.615672099870892, 69.561987164395404 ], [ -139.613602514564747, 69.562634512948691 ], [ -139.611507096931291, 69.562886978521419 ], [ -139.605747498070855, 69.562258134539746 ], [ -139.603770009090027, 69.561883574009229 ], [ -139.604519536006137, 69.560624836520049 ], [ -139.598264895230614, 69.560512046665181 ], [ -139.596746704983019, 69.559791264593471 ], [ -139.596520510688919, 69.558937320595319 ], [ -139.593693260041618, 69.558223944949162 ], [ -139.593262419520613, 69.556973692882934 ], [ -139.586517589335358, 69.554201480510017 ], [ -139.584720792624438, 69.55421385532766 ], [ -139.582712174724378, 69.553551764068288 ], [ -139.584756640171946, 69.552509904556373 ], [ -139.584972114109291, 69.551193100303067 ], [ -139.595425515457777, 69.549438598803377 ], [ -139.599818269935582, 69.549339261474756 ], [ -139.603152097126952, 69.548172963472339 ], [ -139.607009835352926, 69.54762073039555 ], [ -139.610268949851417, 69.54759286094648 ], [ -139.610979153009964, 69.547320446249117 ], [ -139.61071696976623, 69.54701336915133 ], [ -139.613082223779998, 69.546135198275735 ], [ -139.62061230603922, 69.544302179457176 ], [ -139.617514488169576, 69.542636257860707 ], [ -139.60371062485612, 69.547083146061667 ], [ -139.597264136600472, 69.548000245703761 ], [ -139.592351921701578, 69.547422586555101 ], [ -139.591132193185189, 69.546470938612657 ], [ -139.591573035575806, 69.546008065304974 ], [ -139.59463486769161, 69.5454676279615 ], [ -139.596164715566317, 69.544430458310245 ], [ -139.593361567656814, 69.543771067569722 ], [ -139.593281791363239, 69.543034901313163 ], [ -139.594511694610929, 69.541878753638898 ], [ -139.595195374845503, 69.540449074601739 ], [ -139.598943194277382, 69.538425102063727 ], [ -139.599856802365508, 69.537391945484885 ], [ -139.600367637997721, 69.535853245264576 ], [ -139.601288611759969, 69.535098200170168 ], [ -139.601642973615611, 69.532813764112817 ], [ -139.59791177440519, 69.533429679522655 ], [ -139.598679502261234, 69.535014496911614 ], [ -139.597905928044753, 69.535474714338775 ], [ -139.592448403719402, 69.536605882982315 ], [ -139.589373819522308, 69.538913229137933 ], [ -139.586821731587634, 69.53951152028236 ], [ -139.581889659126716, 69.538879560102998 ], [ -139.581201936969507, 69.538425485600101 ], [ -139.580958057843247, 69.537463744889948 ], [ -139.580112525647877, 69.537071168903665 ], [ -139.571645588151938, 69.537944004772967 ], [ -139.568722511940592, 69.537184547259784 ], [ -139.562567932468539, 69.534541753506929 ], [ -139.559740800451891, 69.534653024093643 ], [ -139.559632247219923, 69.535504263322991 ], [ -139.569600587402789, 69.539389347060975 ], [ -139.569854972977879, 69.540952164924448 ], [ -139.569084678647442, 69.541735219282458 ], [ -139.569874917157506, 69.543338315706265 ], [ -139.569753671849156, 69.544001078405387 ], [ -139.568942946321357, 69.544236626684338 ], [ -139.566466013023444, 69.543696072799577 ], [ -139.565903801638711, 69.542902128022675 ], [ -139.564226359141088, 69.542296346595748 ], [ -139.562826820825251, 69.543280480298321 ], [ -139.56278013835032, 69.544356490739489 ], [ -139.560860830923588, 69.5450582711387 ], [ -139.555701250954883, 69.545509069521756 ], [ -139.546555519073195, 69.545361489614393 ], [ -139.530897265185672, 69.542952257863163 ], [ -139.528957246926012, 69.543196072797173 ], [ -139.528501208310473, 69.543488228557692 ], [ -139.528692989845808, 69.544054950106585 ], [ -139.527749328042205, 69.544351964738752 ], [ -139.526602768430138, 69.544243663951306 ], [ -139.522940832478326, 69.543423391601323 ], [ -139.521223100985651, 69.542305566940541 ], [ -139.522973350725522, 69.539611458577809 ], [ -139.522601742009329, 69.539052161115961 ], [ -139.522915792753906, 69.538588385038352 ], [ -139.522475563163226, 69.537167406229585 ], [ -139.51986220978867, 69.534920747570467 ], [ -139.520595877990957, 69.533949241999338 ], [ -139.525111296977059, 69.531287475826375 ], [ -139.52625660595146, 69.529171248241454 ], [ -139.525309420079566, 69.527297516852585 ], [ -139.525430446561614, 69.52479592637421 ], [ -139.523880059222336, 69.523500130547973 ], [ -139.52159452269251, 69.522834971290365 ], [ -139.517790348415389, 69.524865811249711 ], [ -139.515358376433568, 69.527051770137675 ], [ -139.517261626702435, 69.528799125479409 ], [ -139.517375882706403, 69.530109699209405 ], [ -139.515454448752365, 69.532685716369613 ], [ -139.514349957686846, 69.53308894065475 ], [ -139.51467113618412, 69.533262096917099 ], [ -139.513634882266587, 69.534527042440331 ], [ -139.514094624172031, 69.536396690011685 ], [ -139.518775040003476, 69.537665313460693 ], [ -139.518804712100206, 69.538347268520184 ], [ -139.516107206327604, 69.541383141717532 ], [ -139.517135127390759, 69.543939338781996 ], [ -139.512073320178047, 69.545923536725709 ], [ -139.509238780632643, 69.545379132571966 ], [ -139.510043445810737, 69.547081317226755 ], [ -139.50891181260954, 69.547125494911711 ], [ -139.506409169748963, 69.54660179698179 ], [ -139.503313251775637, 69.544296942294039 ], [ -139.501629905173587, 69.543798156059751 ], [ -139.500997806200957, 69.544034909930716 ], [ -139.50154258954214, 69.54687410678828 ], [ -139.50110042239848, 69.547327780221721 ], [ -139.497581125737952, 69.548499560363936 ], [ -139.495082610362914, 69.547554138380079 ], [ -139.493851405309698, 69.548646850949154 ], [ -139.492233870583988, 69.548668791218645 ], [ -139.490630861732171, 69.547031397214937 ], [ -139.487637014611067, 69.546207179575489 ], [ -139.487253895939631, 69.545459362812409 ], [ -139.488493288545016, 69.542438193345291 ], [ -139.490463438509977, 69.540320365903341 ], [ -139.491369720280261, 69.537287343974512 ], [ -139.493814427437684, 69.537155945178128 ], [ -139.49399164095766, 69.53755215681916 ], [ -139.492887422267756, 69.540125999949353 ], [ -139.49163751865413, 69.540761058453725 ], [ -139.491358182463983, 69.541449351067712 ], [ -139.491959062615933, 69.542746221052511 ], [ -139.49513753447323, 69.543858972436539 ], [ -139.496888701007833, 69.543389649716531 ], [ -139.494143287340279, 69.541589970834551 ], [ -139.494233309104175, 69.540675801242529 ], [ -139.498055154093038, 69.539560520850074 ], [ -139.498491804598302, 69.538819764044803 ], [ -139.498002243013161, 69.536662765108545 ], [ -139.498745110117028, 69.535574799504886 ], [ -139.498829058352982, 69.532552626356576 ], [ -139.498333509526162, 69.530117492959292 ], [ -139.498679257137582, 69.529573297024399 ], [ -139.496926660990681, 69.528984136808333 ], [ -139.494823390863445, 69.529010878459147 ], [ -139.493394946881978, 69.529644409882394 ], [ -139.493098328038769, 69.53203684376814 ], [ -139.491839047877932, 69.532447572075554 ], [ -139.489484350628032, 69.53167374177869 ], [ -139.485246938028212, 69.531430759054473 ], [ -139.477874611308295, 69.529500892528787 ], [ -139.476377112876747, 69.530375878271997 ], [ -139.476301896359985, 69.531792509337649 ], [ -139.477433984628419, 69.533892389647107 ], [ -139.475831675963889, 69.53407576118569 ], [ -139.474473842795618, 69.53334631857534 ], [ -139.473963812557002, 69.530794335196603 ], [ -139.474252580404197, 69.53033939718712 ], [ -139.473378448810422, 69.529658991473781 ], [ -139.470454798724774, 69.529687251475281 ], [ -139.470504759008264, 69.530423230670706 ], [ -139.471533089653775, 69.531096006542668 ], [ -139.471951933206356, 69.532409313988396 ], [ -139.470372701335179, 69.532987517608873 ], [ -139.467602303307132, 69.533017070348023 ], [ -139.464962150302796, 69.532303208098625 ], [ -139.459230325464745, 69.529678300612673 ], [ -139.457593076586647, 69.529636946950077 ], [ -139.457124701628913, 69.530090287309832 ], [ -139.458819209122026, 69.53076007323078 ], [ -139.459193363381871, 69.531615523074024 ], [ -139.456046969925211, 69.532951214951851 ], [ -139.450419506018505, 69.533852220587676 ], [ -139.447181962236527, 69.535725174305171 ], [ -139.447349767728696, 69.538005084739893 ], [ -139.449921933321036, 69.538243202943903 ], [ -139.451169064007132, 69.537662232515757 ], [ -139.45154527504755, 69.536006074527862 ], [ -139.454972857657822, 69.533982261836314 ], [ -139.457693846281046, 69.533216923940387 ], [ -139.465504300055954, 69.53332158142679 ], [ -139.469154530591283, 69.534250612523678 ], [ -139.47170669674756, 69.535483921868789 ], [ -139.475136823447855, 69.538070365238241 ], [ -139.476585636830038, 69.540047459871928 ], [ -139.475628324674943, 69.542326472585884 ], [ -139.477248547326354, 69.544421647844231 ], [ -139.479790284719797, 69.545825171842722 ], [ -139.479524616985685, 69.546675010706693 ], [ -139.47794393960865, 69.547262262520775 ], [ -139.474368144882504, 69.547410468381145 ], [ -139.469763756015482, 69.546876882629874 ], [ -139.468159819175497, 69.547069143002332 ], [ -139.467880307246816, 69.547748430127797 ], [ -139.466110187371953, 69.548109661416916 ], [ -139.462949918481797, 69.547113107234395 ], [ -139.46272919852467, 69.546259017933679 ], [ -139.46188473647004, 69.545874841158181 ], [ -139.460408463825786, 69.545718312443611 ], [ -139.458309742749009, 69.546013789900556 ], [ -139.456453584973048, 69.547567171706021 ], [ -139.450426945096098, 69.549675662742118 ], [ -139.446393910321603, 69.550106329738 ], [ -139.437419954017798, 69.547236615296583 ], [ -139.433472394569208, 69.545102248100889 ], [ -139.432650891214706, 69.545112829348938 ], [ -139.430933663791507, 69.546146942580492 ], [ -139.429333965760776, 69.546276096971511 ], [ -139.416999631873352, 69.54485517754712 ], [ -139.394903515590528, 69.543335025847568 ], [ -139.390404570156733, 69.542800277917422 ], [ -139.385434867097842, 69.540691254789252 ], [ -139.376883231573856, 69.539508687806162 ], [ -139.372349776953314, 69.539780482929004 ], [ -139.371832893240878, 69.539497586395242 ], [ -139.37255287370931, 69.53812284523508 ], [ -139.368380785493741, 69.536684555614102 ], [ -139.367608616977321, 69.535044736112184 ], [ -139.363343356310764, 69.534502461564401 ], [ -139.358703120088791, 69.535508487159888 ], [ -139.349753647359535, 69.535872704844579 ], [ -139.341801544596223, 69.53394951611152 ], [ -139.337399276958109, 69.53353090828972 ], [ -139.334730344380915, 69.532581518562367 ], [ -139.333510642015568, 69.53145754620445 ], [ -139.33421133172186, 69.530028932973977 ], [ -139.333871174970511, 69.52946054240121 ], [ -139.327973105389106, 69.526551538188031 ], [ -139.322466504212201, 69.524552106630367 ], [ -139.312877438649167, 69.52235164088863 ], [ -139.308659670692094, 69.520283478804515 ], [ -139.306935612898883, 69.51875968622366 ], [ -139.303280121827044, 69.517369650063543 ], [ -139.295521659006482, 69.515724219368167 ], [ -139.292784713317303, 69.513750813258923 ], [ -139.290448563865681, 69.512857782928734 ], [ -139.28296232951871, 69.512640773996452 ], [ -139.276876413376101, 69.51189005572779 ], [ -139.27405422805839, 69.511000979780732 ], [ -139.273994939989507, 69.510148189798798 ], [ -139.275038438178541, 69.508319485710317 ], [ -139.27291332579091, 69.505777685864672 ], [ -139.263734585191401, 69.502152071212819 ], [ -139.256331832304653, 69.500956891060554 ], [ -139.243598164002577, 69.499860325429765 ], [ -139.219898624752176, 69.503235439005863 ], [ -139.205610080475083, 69.50328642751208 ], [ -139.200337481945979, 69.502361953905648 ], [ -139.200166032791401, 69.501965456015171 ], [ -139.202672322282751, 69.500466194875742 ], [ -139.20293255696987, 69.499500008496682 ], [ -139.202829364644401, 69.4976778198901 ], [ -139.201527516559139, 69.497027462366816 ], [ -139.194593796928871, 69.501261970628789 ], [ -139.18274574722804, 69.501524710266807 ], [ -139.172222669689319, 69.502455448814857 ], [ -139.15891817880302, 69.502674435638554 ], [ -139.15167445301654, 69.504149858495481 ], [ -139.150377699871058, 69.504046421264249 ], [ -139.148157835419397, 69.502183743044753 ], [ -139.144812336868284, 69.500614123000773 ], [ -139.133786375010175, 69.498190900733107 ], [ -139.133372747866417, 69.496769004414972 ], [ -139.133426083773287, 69.492041698817786 ], [ -139.130407650913583, 69.487631357639287 ], [ -139.123280520209818, 69.485177372292441 ], [ -139.118680684031347, 69.481628970428005 ], [ -139.112329047212256, 69.478536930015537 ], [ -139.109026151446244, 69.477424553625966 ], [ -139.09683643518116, 69.4770586213493 ], [ -139.090772055656743, 69.476247679140428 ], [ -139.08746588987438, 69.475188670164869 ], [ -139.083403105559796, 69.475161976738022 ], [ -139.075799430982386, 69.47270970480416 ], [ -139.070427996133049, 69.469330832260567 ], [ -139.070033908125509, 69.468312682212172 ], [ -139.070663041624755, 69.467853125655694 ], [ -139.07489028376898, 69.468025478557024 ], [ -139.07515901754229, 69.467023614706051 ], [ -139.074647156445508, 69.466461747181469 ], [ -139.072345749631523, 69.465906974974786 ], [ -139.069129135692691, 69.466436557326631 ], [ -139.065799550431933, 69.465098747159914 ], [ -139.061759048391451, 69.465412682852204 ], [ -139.064177383000555, 69.468068249989358 ], [ -139.07235158993123, 69.47495039662418 ], [ -139.075365383514566, 69.476410164596913 ], [ -139.075739136795818, 69.477374249072582 ], [ -139.079721456332607, 69.481733478157182 ], [ -139.086705007110282, 69.484582477261171 ], [ -139.087259087019191, 69.486113698297615 ], [ -139.084137698843364, 69.488124949322795 ], [ -139.084512078321865, 69.489089013691554 ], [ -139.087364952248976, 69.490950515534308 ], [ -139.091529078231474, 69.492458473940104 ], [ -139.098563448026795, 69.499407444635622 ], [ -139.100091025431681, 69.500366089880387 ], [ -139.106840054667856, 69.501910776436603 ], [ -139.113382683719948, 69.502322553449673 ], [ -139.116059877867144, 69.500987837831374 ], [ -139.118837535448279, 69.501421523288897 ], [ -139.118557039199885, 69.501992664164902 ], [ -139.11084987008698, 69.503757485773207 ], [ -139.108082806226577, 69.503781338036461 ], [ -139.099292827248519, 69.500707293521771 ], [ -139.085845423605377, 69.49249489137128 ], [ -139.081204195118573, 69.488316976374804 ], [ -139.079400612012051, 69.48503147494354 ], [ -139.07514119393079, 69.481189543321108 ], [ -139.072863272339589, 69.478078160638958 ], [ -139.062627349374367, 69.469100730318445 ], [ -139.057744332698888, 69.466004954821372 ], [ -139.055143122375995, 69.463122956212743 ], [ -139.04179037180964, 69.456271487107657 ], [ -139.039927330753301, 69.454572823891084 ], [ -139.032404678842369, 69.450531455846431 ], [ -139.026871984514514, 69.445982935732275 ], [ -139.019782671195429, 69.441452409321329 ], [ -139.011971173791181, 69.437864321972171 ], [ -139.006367279191608, 69.43306306386917 ], [ -138.998949901958639, 69.430779793539855 ], [ -138.992807523671246, 69.427972612295747 ], [ -138.983206077923342, 69.42235273841986 ], [ -138.985531511505997, 69.421760630561735 ], [ -138.985153142864306, 69.420625770470039 ], [ -138.988331214083786, 69.419639754739251 ], [ -138.989418175499281, 69.418378321111518 ], [ -138.989288816750815, 69.4162145736166 ], [ -138.990009781381275, 69.414500298641144 ], [ -138.996441543566164, 69.41360556666227 ], [ -138.999643529478504, 69.412619643618015 ], [ -139.000900324438504, 69.411988114209038 ], [ -139.00116848188722, 69.411022232245614 ], [ -139.000837761515413, 69.410740278962223 ], [ -139.000007415253606, 69.410623074821046 ], [ -138.996062810069304, 69.412470731498274 ], [ -138.988825620491212, 69.413257446142879 ], [ -138.985968712313507, 69.414363818273543 ], [ -138.985196030824767, 69.414991870250262 ], [ -138.98494986231114, 69.416532187380938 ], [ -138.985289995304868, 69.416984733437175 ], [ -138.98452537474347, 69.418070443654457 ], [ -138.979694958515068, 69.420903383781649 ], [ -138.976517251066383, 69.419709047647885 ], [ -138.971513482803061, 69.416788671186339 ], [ -138.960783513691183, 69.412697472795188 ], [ -138.946905949591212, 69.406639416756846 ], [ -138.936212250591865, 69.403067442764822 ], [ -138.909319848372945, 69.392643138534879 ], [ -138.896572866024513, 69.389366838457732 ], [ -138.896209609181767, 69.388913840595166 ], [ -138.899962146683009, 69.389345061742219 ], [ -138.904583019178489, 69.388180633856891 ], [ -138.90617515589571, 69.387257745689752 ], [ -138.907006184013682, 69.384468390465642 ], [ -138.907780847998453, 69.383831713130547 ], [ -138.913710071741178, 69.382548233006275 ], [ -138.91398172961857, 69.381582504388518 ], [ -138.91301125704382, 69.378457428844655 ], [ -138.915080086817312, 69.377594032206488 ], [ -138.914181325378195, 69.375833626696362 ], [ -138.914629368695046, 69.37514814943178 ], [ -138.920048765600598, 69.373580201543177 ], [ -138.920818827142796, 69.372719139349755 ], [ -138.918820654569686, 69.371537758299212 ], [ -138.918810111637214, 69.370855736609784 ], [ -138.924384488230032, 69.369513841707885 ], [ -138.925130939195014, 69.368365334252076 ], [ -138.92479801435266, 69.367858903435547 ], [ -138.925020722908442, 69.36580692170709 ], [ -138.923876862244271, 69.365533041194851 ], [ -138.919422004520499, 69.367148512377497 ], [ -138.919158915330229, 69.368293822556041 ], [ -138.917564334112399, 69.368472085792916 ], [ -138.912641479686414, 69.367022245673411 ], [ -138.912945842672201, 69.366505499735069 ], [ -138.918101621080694, 69.36659434996082 ], [ -138.922888559858563, 69.364964925107245 ], [ -138.928148136858965, 69.363969095636378 ], [ -138.928609685915688, 69.363400365734279 ], [ -138.928841076230356, 69.36151894960615 ], [ -138.929926400091091, 69.36054497553971 ], [ -138.927603755812527, 69.359305969823822 ], [ -138.925849277161035, 69.359832315050483 ], [ -138.925036828891706, 69.359553427837866 ], [ -138.92344110818712, 69.356313279846532 ], [ -138.925251246230403, 69.354145702768562 ], [ -138.925217271722062, 69.353176287705978 ], [ -138.923502679563171, 69.350912704103095 ], [ -138.923777304788786, 69.350171264982436 ], [ -138.926269046532468, 69.348047743497517 ], [ -138.926539636576621, 69.347081969769619 ], [ -138.924060304357113, 69.345903861257639 ], [ -138.920040985810601, 69.346205607285583 ], [ -138.916745061235474, 69.344802227564841 ], [ -138.915568878331044, 69.343558869387905 ], [ -138.91293219200449, 69.342441507901952 ], [ -138.908310262190241, 69.343722684363499 ], [ -138.901685139466906, 69.343642609817536 ], [ -138.901705566667999, 69.344217086974723 ], [ -138.904156943348681, 69.344883782335998 ], [ -138.911072426430479, 69.34433021712789 ], [ -138.912724995871883, 69.345112773245802 ], [ -138.913270768396671, 69.346303689660402 ], [ -138.915567271635524, 69.347264439210107 ], [ -138.915296102204707, 69.348230194422385 ], [ -138.919063774473187, 69.349226500711595 ], [ -138.920734156760403, 69.350359121137359 ], [ -138.921458525426516, 69.352341708573277 ], [ -138.921208583592147, 69.353881967140154 ], [ -138.919679625078004, 69.355765759903662 ], [ -138.91378152175983, 69.360755316461493 ], [ -138.908698887112024, 69.362551399209536 ], [ -138.908757569086617, 69.363521099647272 ], [ -138.910122102081317, 69.364928268222187 ], [ -138.90856090461935, 69.366075867119946 ], [ -138.908614390173682, 69.367099367733843 ], [ -138.911713644915523, 69.367935221872372 ], [ -138.911734346245254, 69.368509709239888 ], [ -138.909396042067357, 69.370060684874119 ], [ -138.904272539599845, 69.370940992900273 ], [ -138.901091735866373, 69.371988202876508 ], [ -138.897613928225496, 69.373991813856605 ], [ -138.897660751650278, 69.375078030779974 ], [ -138.900484889005838, 69.376655464842102 ], [ -138.899781891774069, 69.378647824140785 ], [ -138.897984895280359, 69.381676670406662 ], [ -138.890361716538251, 69.384392568387312 ], [ -138.890074112888726, 69.385250440226201 ], [ -138.89076344641191, 69.386272676924932 ], [ -138.892415865022343, 69.38734250877954 ], [ -138.890819610431151, 69.387520527521573 ], [ -138.872786853120061, 69.382392625185119 ], [ -138.845855296588383, 69.376228360822054 ], [ -138.828306992382068, 69.370527372925721 ], [ -138.807542237722345, 69.364774923482756 ], [ -138.801625614149145, 69.362420963625127 ], [ -138.793942983702237, 69.360187870658393 ], [ -138.748830755005713, 69.350348065079558 ], [ -138.740649919958145, 69.347379233786853 ], [ -138.719258400325117, 69.340764029879296 ], [ -138.712274192021852, 69.335682854340874 ], [ -138.71184550521437, 69.333012135004338 ], [ -138.710494530695541, 69.331136808895735 ], [ -138.712734129564751, 69.326293907599762 ], [ -138.71026149736943, 69.324942164198177 ], [ -138.707393758576416, 69.322050744897609 ], [ -138.69738318141512, 69.316865931203324 ], [ -138.687712875457578, 69.312815686141889 ], [ -138.679426431166974, 69.310802447700809 ], [ -138.670457078614731, 69.307604073192365 ], [ -138.652968200273705, 69.300404316295285 ], [ -138.636065249886855, 69.291658228318923 ], [ -138.626793640469572, 69.288569945668016 ], [ -138.618997162156234, 69.286614180701378 ], [ -138.614264552165622, 69.284700353468878 ], [ -138.613445167327541, 69.283854485968419 ], [ -138.615016911822892, 69.283391589739722 ], [ -138.617452815766967, 69.283828982916603 ], [ -138.621023240295813, 69.284784496878984 ], [ -138.623499004465117, 69.286478672249046 ], [ -138.625597744825313, 69.286758767270157 ], [ -138.625861161466048, 69.285048414044866 ], [ -138.632182067074837, 69.281716102468479 ], [ -138.632477596784412, 69.280634320841529 ], [ -138.637459775252239, 69.280729405014398 ], [ -138.642902508841416, 69.279852464487774 ], [ -138.648640554672056, 69.278117938179093 ], [ -138.65377979184882, 69.277927515600126 ], [ -138.655032990208213, 69.277352257261356 ], [ -138.655631900608142, 69.276265615100485 ], [ -138.655288123430267, 69.275695618134165 ], [ -138.653663890105435, 69.275251811258514 ], [ -138.645366821890519, 69.276996539340189 ], [ -138.639365776838588, 69.279750386803968 ], [ -138.636944257316372, 69.279878817369337 ], [ -138.635801923986861, 69.279432470181959 ], [ -138.635305923738116, 69.278636000792247 ], [ -138.635734562558696, 69.277493238949432 ], [ -138.642050777021183, 69.274169512121347 ], [ -138.645558437396971, 69.272898203941111 ], [ -138.650458894696641, 69.272094446105143 ], [ -138.644416182424408, 69.272451903987999 ], [ -138.63199850529449, 69.276203724532962 ], [ -138.63230979456435, 69.276369520002419 ], [ -138.631999216665946, 69.276661382289177 ], [ -138.62885305675195, 69.278089970470774 ], [ -138.629176911646738, 69.278372608306157 ], [ -138.628861200248963, 69.278942570731047 ], [ -138.622038878513678, 69.281765347150852 ], [ -138.618995514175623, 69.281552969213124 ], [ -138.618527639308383, 69.282120832850893 ], [ -138.616607632126062, 69.282525135709292 ], [ -138.612575921371928, 69.282541299698764 ], [ -138.608371214131552, 69.281828095158943 ], [ -138.604781850546345, 69.280136207446915 ], [ -138.604420381821939, 69.279278690283434 ], [ -138.610779392827823, 69.281134520195764 ], [ -138.611730467291125, 69.281013053044703 ], [ -138.612040459946684, 69.280730172273834 ], [ -138.607976291009408, 69.279435603459774 ], [ -138.607646178150333, 69.278982339945486 ], [ -138.609864095132991, 69.278402805308318 ], [ -138.607568546799854, 69.277159578643889 ], [ -138.607567822011191, 69.276477565429062 ], [ -138.607066176268887, 69.276201420469263 ], [ -138.607832085000354, 69.27500054450941 ], [ -138.611058417905667, 69.27515284547043 ], [ -138.61214076624259, 69.274297332506194 ], [ -138.610181298025651, 69.272995999325801 ], [ -138.609666401297829, 69.271920981487071 ], [ -138.606560804047376, 69.27090882837048 ], [ -138.605565189058609, 69.270060456447595 ], [ -138.601987383576613, 69.265075242579755 ], [ -138.598046360831177, 69.261098919826708 ], [ -138.596334403101366, 69.258266278508017 ], [ -138.595959930274631, 69.256618847019809 ], [ -138.598672473988216, 69.250635106848691 ], [ -138.5985060010577, 69.246190709223555 ], [ -138.599080580173393, 69.244197521997265 ], [ -138.598402510116159, 69.242779198796768 ], [ -138.592681510875167, 69.240070153140522 ], [ -138.592667855821702, 69.239280262920559 ], [ -138.596678653063634, 69.23892335504955 ], [ -138.604155937889971, 69.237178675410945 ], [ -138.610062956439378, 69.236363184177179 ], [ -138.611643860757511, 69.235326151875796 ], [ -138.611277621232773, 69.234746764005862 ], [ -138.609365431612986, 69.234657450432493 ], [ -138.607639870974538, 69.235629643460598 ], [ -138.603642764410608, 69.236328001452137 ], [ -138.603009875704942, 69.236103849613727 ], [ -138.603312842242559, 69.235650377001249 ], [ -138.6053549961822, 69.234790307377565 ], [ -138.605354876199073, 69.234332634424888 ], [ -138.602400998168378, 69.234058327431967 ], [ -138.600560823420125, 69.235378833015446 ], [ -138.599277420746574, 69.235549438266574 ], [ -138.594747128210912, 69.234436410187442 ], [ -138.589939980204889, 69.234683428336282 ], [ -138.585195658515971, 69.236411910453029 ], [ -138.577382784673688, 69.238204908699529 ], [ -138.57532615654236, 69.239181118496688 ], [ -138.575021899597829, 69.23986783871355 ], [ -138.576186070721548, 69.240996971086844 ], [ -138.575109967072393, 69.242704863731433 ], [ -138.576248214071541, 69.243160569060223 ], [ -138.578336552460371, 69.243037320113828 ], [ -138.580563819795771, 69.242574973977085 ], [ -138.581487864940584, 69.241546959261129 ], [ -138.582640168967345, 69.241877179102318 ], [ -138.583114409088978, 69.242162024639697 ], [ -138.583037976566516, 69.24444033818223 ], [ -138.583550882963209, 69.245515409549967 ], [ -138.591316313681943, 69.246907188549386 ], [ -138.59292421014149, 69.247468063342254 ], [ -138.593265459463453, 69.24781381973591 ], [ -138.592803612346017, 69.248327862189441 ], [ -138.572664611737594, 69.246475486329714 ], [ -138.557893354375807, 69.246644106949034 ], [ -138.53915567037933, 69.248316495104376 ], [ -138.527491808472774, 69.250294712474187 ], [ -138.51352688067206, 69.25068650161127 ], [ -138.497816264581928, 69.2521647062146 ], [ -138.494923727580073, 69.252006109736598 ], [ -138.48701008850071, 69.250616762424073 ], [ -138.483780772489752, 69.249654336603612 ], [ -138.483756834688279, 69.249205279154012 ], [ -138.489186013052205, 69.24821633571004 ], [ -138.49609206354296, 69.248020468276678 ], [ -138.506739861888775, 69.244109160777015 ], [ -138.512375423969274, 69.23930843342832 ], [ -138.513151794376881, 69.237829874403829 ], [ -138.512613350303667, 69.236125960864712 ], [ -138.510961938885146, 69.234423948987029 ], [ -138.506560799001306, 69.232224536986493 ], [ -138.49807742031615, 69.232765833232179 ], [ -138.491374006042975, 69.234095459335251 ], [ -138.487363104292854, 69.234225566863032 ], [ -138.481536339594612, 69.233000863030142 ], [ -138.467856931587477, 69.225818461620463 ], [ -138.464437415590396, 69.223273301600088 ], [ -138.456505302985107, 69.220850054057436 ], [ -138.455183490336736, 69.219834376577566 ], [ -138.454801076958205, 69.217270964409124 ], [ -138.452661457824661, 69.214609790384074 ], [ -138.448077808155716, 69.211894486989209 ], [ -138.447559753626223, 69.211141929419597 ], [ -138.444526097396647, 69.210082835088926 ], [ -138.443400639878178, 69.210200768991271 ], [ -138.443250200669837, 69.211051137081796 ], [ -138.447890682803433, 69.216504699339836 ], [ -138.450002547613224, 69.217460322442733 ], [ -138.45037162298101, 69.219054301552532 ], [ -138.451526112664652, 69.220417580621046 ], [ -138.459651744091133, 69.224423440752375 ], [ -138.457399490665807, 69.224659503132969 ], [ -138.454174225205406, 69.223705500294585 ], [ -138.449390060118219, 69.224406648243104 ], [ -138.448907406006072, 69.224857226666643 ], [ -138.448630846209483, 69.226567286929352 ], [ -138.44785581286385, 69.227139185051541 ], [ -138.441354635861074, 69.230175050427988 ], [ -138.43700967891607, 69.230137490261583 ], [ -138.436512391153173, 69.229851889123196 ], [ -138.436076460175258, 69.225187519899009 ], [ -138.436509940372673, 69.222797705320019 ], [ -138.434708394462689, 69.221783688588985 ], [ -138.434039310182698, 69.220813455613566 ], [ -138.434316904280081, 69.21910340030017 ], [ -138.433801649221806, 69.217686709138661 ], [ -138.431515818031272, 69.215642332524595 ], [ -138.424817823352555, 69.21117169820414 ], [ -138.39915574614642, 69.210687761276318 ], [ -138.38918948598436, 69.209522958124552 ], [ -138.386493992788246, 69.210720670462749 ], [ -138.387643998184416, 69.212084339760196 ], [ -138.387660393881276, 69.213000028705949 ], [ -138.38640702206493, 69.213968290864685 ], [ -138.384183619636758, 69.215226991021595 ], [ -138.378924551728744, 69.216717753004517 ], [ -138.3640453389784, 69.218752685137886 ], [ -138.356235909791195, 69.220203788927464 ], [ -138.352893230637676, 69.221292376399902 ], [ -138.349373282716982, 69.221758870489225 ], [ -138.343415365707301, 69.221487705992729 ], [ -138.334071614795505, 69.219350997894665 ], [ -138.32149857481005, 69.215745554487484 ], [ -138.30870988489491, 69.210035510676761 ], [ -138.307067259861327, 69.208609688782147 ], [ -138.306067932024604, 69.206682313985056 ], [ -138.30534846253866, 69.201680705895171 ], [ -138.304040057596268, 69.200825507851917 ], [ -138.30002853982171, 69.20038573503129 ], [ -138.292010175991464, 69.20069076588355 ], [ -138.290721142167143, 69.200293529347263 ], [ -138.290716875724542, 69.1997190182813 ], [ -138.293855446272715, 69.196411496273939 ], [ -138.294749109526293, 69.193284093527751 ], [ -138.294565451591609, 69.191916929356495 ], [ -138.29342527230682, 69.190732184958208 ], [ -138.292148535278244, 69.19044286604732 ], [ -138.292329622052421, 69.192438282301964 ], [ -138.289853039611387, 69.196312680764791 ], [ -138.287159197149208, 69.198478273369972 ], [ -138.287179289831073, 69.19973517356361 ], [ -138.288337041057474, 69.200983032104105 ], [ -138.293157558381779, 69.201821754729167 ], [ -138.297325226969917, 69.201411445581812 ], [ -138.302144610981941, 69.20185495965228 ], [ -138.302947719160727, 69.202711219242332 ], [ -138.301732216206602, 69.205384847088851 ], [ -138.30337690814406, 69.208623803112545 ], [ -138.305349370653715, 69.210036880702063 ], [ -138.308562482014537, 69.211226936825994 ], [ -138.320085657205453, 69.217572536698086 ], [ -138.332828532624717, 69.220830673560542 ], [ -138.342552362750951, 69.222757877157122 ], [ -138.353386586810274, 69.222430823122764 ], [ -138.364068293396741, 69.219605675037457 ], [ -138.369364241160696, 69.219704470966334 ], [ -138.371810157777674, 69.221007254695365 ], [ -138.373162603859896, 69.224249912471905 ], [ -138.37952937929748, 69.228897097053547 ], [ -138.384544104096079, 69.230301493541546 ], [ -138.399014567231291, 69.231731854130302 ], [ -138.402587121487983, 69.234002469679808 ], [ -138.405015451216286, 69.234846749142307 ], [ -138.411934394836891, 69.234941677230097 ], [ -138.414363230580932, 69.235785810991771 ], [ -138.413080869985379, 69.236358946582143 ], [ -138.405366825234125, 69.235929023857878 ], [ -138.404562709443411, 69.236096414229053 ], [ -138.404266916009391, 69.236666368567711 ], [ -138.414742232577794, 69.238340352143723 ], [ -138.419276690056023, 69.240203169043056 ], [ -138.422539590926249, 69.242127654540056 ], [ -138.429839527929715, 69.245009698514309 ], [ -138.430521637907248, 69.246087855948758 ], [ -138.429087553121491, 69.24665884105255 ], [ -138.420204132144505, 69.244749307382705 ], [ -138.417333066411601, 69.246124412641564 ], [ -138.416055414621837, 69.246015531834075 ], [ -138.405201791635307, 69.242182033701894 ], [ -138.404396352702378, 69.242358400210406 ], [ -138.404420955699635, 69.243211387650021 ], [ -138.407697775303944, 69.245647943445732 ], [ -138.40805779629676, 69.247295746185316 ], [ -138.411314357363722, 69.249274193636026 ], [ -138.411820304482461, 69.250125407930355 ], [ -138.411545524171828, 69.252006007762517 ], [ -138.407881012940322, 69.25344086476295 ], [ -138.407598405031109, 69.254746955614053 ], [ -138.405523658200082, 69.256008174019556 ], [ -138.403406273196737, 69.25487245779523 ], [ -138.400182261777928, 69.254312388550886 ], [ -138.399856849740218, 69.253858746434332 ], [ -138.400634981888487, 69.252434466415792 ], [ -138.400285867007057, 69.251756087487863 ], [ -138.396201047884603, 69.249091821349907 ], [ -138.392855949352253, 69.249337524640396 ], [ -138.391221402739887, 69.248828163147209 ], [ -138.390408346910732, 69.247801727717416 ], [ -138.390015992294138, 69.244959717083191 ], [ -138.389186360576133, 69.244283010421384 ], [ -138.379484648642091, 69.241012711989171 ], [ -138.378194455053801, 69.24101106797697 ], [ -138.381630801454662, 69.243567267471889 ], [ -138.386827534758595, 69.246221817752655 ], [ -138.388017758067321, 69.248950264734049 ], [ -138.392876876168799, 69.250639197277181 ], [ -138.393378894114107, 69.251095529800295 ], [ -138.392786489585916, 69.251391729442815 ], [ -138.396296998208044, 69.252512720299478 ], [ -138.396955089329509, 69.25335729365321 ], [ -138.396640095776547, 69.253873084434218 ], [ -138.397005873308302, 69.255467177787665 ], [ -138.401061173891549, 69.257332195727159 ], [ -138.406198020582281, 69.263287965136954 ], [ -138.406053024903656, 69.264712772719292 ], [ -138.403894235216768, 69.268360032636281 ], [ -138.397141818964656, 69.27481014452664 ], [ -138.393676950330445, 69.277495279729933 ], [ -138.389201063063183, 69.279097082041233 ], [ -138.387916887948307, 69.27881739474347 ], [ -138.388369909805249, 69.277792133106345 ], [ -138.387872087571878, 69.277506382542711 ], [ -138.382393110647882, 69.277127332252377 ], [ -138.377927704173601, 69.27884568888652 ], [ -138.378755364086032, 69.279127495399038 ], [ -138.38162693550953, 69.278435043607729 ], [ -138.385162125402701, 69.278542416388902 ], [ -138.385646935593911, 69.278935674523282 ], [ -138.380909940503415, 69.281852628104247 ], [ -138.380797840287102, 69.283619016098797 ], [ -138.381780676524585, 69.284926283586216 ], [ -138.385700816871406, 69.287525509147102 ], [ -138.390249473153915, 69.289335362852839 ], [ -138.391888586739526, 69.290464005946077 ], [ -138.391582596883268, 69.291320970414148 ], [ -138.388404793385149, 69.293489822487189 ], [ -138.388781889070998, 69.295200759691866 ], [ -138.389920386479446, 69.296276976258412 ], [ -138.39203416522335, 69.296838378539945 ], [ -138.396534548539137, 69.296538195415366 ], [ -138.417084076964414, 69.287997110398948 ], [ -138.423470799744223, 69.286099984393573 ], [ -138.426643972581815, 69.283930479507006 ], [ -138.433478445826267, 69.281231945059488 ], [ -138.435396055409655, 69.279806506398771 ], [ -138.437303939113605, 69.280175841590832 ], [ -138.43669300184709, 69.28105526242436 ], [ -138.433856037430786, 69.282538886100369 ], [ -138.427473919061072, 69.284840296475949 ], [ -138.409631783036644, 69.292857687589503 ], [ -138.405173317361204, 69.294298640091952 ], [ -138.399282587339542, 69.297100074897727 ], [ -138.394068242124717, 69.298484513944885 ], [ -138.3893507916533, 69.298898038427922 ], [ -138.383214480284551, 69.298455324238532 ], [ -138.371390219802294, 69.295763043823499 ], [ -138.364890366943683, 69.293106259487544 ], [ -138.355125330472447, 69.288128601990906 ], [ -138.34048104364129, 69.279978907999677 ], [ -138.33820633872395, 69.278274505741763 ], [ -138.332278848881288, 69.271864545738836 ], [ -138.326726192861145, 69.267784762110026 ], [ -138.323239298534844, 69.262785358410483 ], [ -138.316870445619259, 69.256942353245449 ], [ -138.311872956284788, 69.248023872121948 ], [ -138.30694392636147, 69.242463094558275 ], [ -138.306746405965384, 69.241607335291292 ], [ -138.301973759482422, 69.235420520553973 ], [ -138.297348933810071, 69.227862616618367 ], [ -138.283405652521623, 69.21236716564826 ], [ -138.259407437844686, 69.196665838989986 ], [ -138.232943797363816, 69.185346138839236 ], [ -138.22067306817047, 69.178263993111344 ], [ -138.199385017070995, 69.16761447266758 ], [ -138.16720381295741, 69.15521214184848 ], [ -138.154848445146371, 69.1511932538574 ], [ -138.149529470022543, 69.148699511799265 ], [ -138.122589964080817, 69.141464568278025 ], [ -138.106574904592208, 69.136483017473239 ], [ -138.074534629524123, 69.129010502827938 ], [ -138.038535051503885, 69.121939288298506 ], [ -138.026546461695034, 69.119227548035468 ], [ -138.01694373556208, 69.116385820075735 ], [ -138.003057022093685, 69.113612437681383 ], [ -137.980658529386972, 69.106920597079338 ], [ -137.972359092211008, 69.103222306212857 ], [ -137.967057908329252, 69.099364077065403 ], [ -137.967077232309094, 69.098394220665085 ], [ -137.969794172630088, 69.098221545512388 ], [ -137.9721805102796, 69.099131814862417 ], [ -137.973146929511415, 69.101063095085493 ], [ -137.979886197502026, 69.105497666285203 ], [ -137.981940872628826, 69.106180152250744 ], [ -137.985763194619551, 69.106176553104021 ], [ -137.988616278543617, 69.103496577923181 ], [ -137.988154941444833, 69.101960535346407 ], [ -137.986553268235014, 69.100543058568363 ], [ -137.983522029720348, 69.099518533583677 ], [ -137.984300999024924, 69.098777819291413 ], [ -137.98731340457914, 69.097639168154188 ], [ -137.987002769566971, 69.096100496974003 ], [ -137.985392460845674, 69.094799888910856 ], [ -137.98189355855817, 69.093657767182947 ], [ -137.97471509333937, 69.093548987745294 ], [ -137.969757456597762, 69.094801876229766 ], [ -137.96512931165779, 69.095151238162103 ], [ -137.945233001785311, 69.094308927737032 ], [ -137.941235357808893, 69.093740155181152 ], [ -137.92639370533638, 69.089702972267318 ], [ -137.908539217740014, 69.08658645338673 ], [ -137.894722630491685, 69.082807560658807 ], [ -137.899263268215435, 69.081240738161981 ], [ -137.905155869991631, 69.080781959793867 ], [ -137.911199004330541, 69.079189335009261 ], [ -137.919512220023222, 69.078617113857987 ], [ -137.925541275331966, 69.079187637906273 ], [ -137.930039208793232, 69.081453807050096 ], [ -137.940406316932808, 69.084014361464739 ], [ -137.941506613641337, 69.083789011629392 ], [ -137.941986053290208, 69.082308552423981 ], [ -137.943102322309443, 69.081454552638888 ], [ -137.951360292896425, 69.079912227660841 ], [ -137.952648435473009, 69.078660188477841 ], [ -137.952960970813848, 69.077810951522224 ], [ -137.94047713124337, 69.0725674900402 ], [ -137.939897687726813, 69.072927517172815 ], [ -137.940376176851373, 69.075370044914763 ], [ -137.943869417801693, 69.077069593664817 ], [ -137.945165806924592, 69.078492619184516 ], [ -137.944674752239962, 69.078949907326034 ], [ -137.9359285350981, 69.08059902216489 ], [ -137.93273308881129, 69.079809877915139 ], [ -137.930821441159736, 69.078101021855417 ], [ -137.923163486192664, 69.076804418712257 ], [ -137.918067066684273, 69.076630897839081 ], [ -137.903257505333954, 69.0783993450964 ], [ -137.899278064126207, 69.077937058836326 ], [ -137.894823200943193, 69.078057189758837 ], [ -137.888763489036592, 69.080672866897089 ], [ -137.874089074530019, 69.076808129855053 ], [ -137.862915671638603, 69.075675494271863 ], [ -137.820702308039074, 69.068664461032384 ], [ -137.773920293197648, 69.059437518867369 ], [ -137.732922777811496, 69.0490021594551 ], [ -137.679397556025378, 69.037057586926608 ], [ -137.66861633597324, 69.034147391290304 ], [ -137.642462114896205, 69.025075104719917 ], [ -137.630099283139089, 69.022043404055651 ], [ -137.57873083288041, 69.011839765279646 ], [ -137.569856669687283, 69.010456535691674 ], [ -137.56161995198562, 69.009592840645425 ], [ -137.558754447869973, 69.009707535481738 ], [ -137.544646542873409, 69.007853765205667 ], [ -137.537841747320982, 69.006366332421536 ], [ -137.521967559680007, 69.00478824585133 ], [ -137.472461083921701, 69.002307202471457 ], [ -137.466138732378255, 69.001267701758763 ], [ -137.459617785259411, 68.999118027890503 ], [ -137.442453091239543, 68.998430727672755 ], [ -137.439587888325292, 68.997861390682502 ], [ -137.438016977804523, 68.996779946131682 ], [ -137.435638552657537, 68.99631129536192 ], [ -137.425792118758523, 68.996855123501888 ], [ -137.407256351688261, 68.995268416668196 ], [ -137.388521431710188, 68.995046567857344 ], [ -137.382999877664389, 68.993490336837596 ], [ -137.377457979308417, 68.993127763118196 ], [ -137.374307842221526, 68.99244464861961 ], [ -137.368325771075121, 68.990311065372126 ], [ -137.359296676555147, 68.989834667313858 ], [ -137.358178767769999, 68.989437271162416 ], [ -137.369135972148712, 68.989474229145983 ], [ -137.373080614404955, 68.989877173509058 ], [ -137.380188569068281, 68.991779576520216 ], [ -137.379571662255529, 68.990468962801359 ], [ -137.381003500941318, 68.99029647577116 ], [ -137.385409956658719, 68.992649064333335 ], [ -137.391406240798318, 68.993740880371789 ], [ -137.394891575829774, 68.99336005176464 ], [ -137.39839268373521, 68.993813534821513 ], [ -137.404474353839504, 68.99155636532447 ], [ -137.410048342127141, 68.990840725225141 ], [ -137.411611437391855, 68.991410958436063 ], [ -137.406050085219618, 68.992243156090098 ], [ -137.407144961745729, 68.992649520227246 ], [ -137.419054158720684, 68.992454493843056 ], [ -137.419835512325193, 68.992963956221871 ], [ -137.418398163568895, 68.993540676943923 ], [ -137.410778182551638, 68.994079071517064 ], [ -137.412818034946355, 68.994660533405792 ], [ -137.428212567017567, 68.995438723384183 ], [ -137.429318409714682, 68.994579435230904 ], [ -137.44356489524921, 68.996727667886233 ], [ -137.448513496965234, 68.996235092564916 ], [ -137.450867118827006, 68.997377018290393 ], [ -137.45435900371632, 68.997955120873982 ], [ -137.461022161250639, 68.997805505626246 ], [ -137.455680579931283, 68.99522588846547 ], [ -137.456316833653148, 68.994202638908561 ], [ -137.459221227258041, 68.991989078762444 ], [ -137.459274888371738, 68.990678054376332 ], [ -137.458467731215791, 68.990393521113148 ], [ -137.457198323582276, 68.990672034156944 ], [ -137.455569435961252, 68.99221209539833 ], [ -137.452512806672388, 68.993512402300823 ], [ -137.449197368084498, 68.993389406767292 ], [ -137.437064431824211, 68.989308972075165 ], [ -137.429610033710219, 68.988158696608636 ], [ -137.419360700175844, 68.985459250867322 ], [ -137.414601826126699, 68.984700938915211 ], [ -137.407038048118977, 68.982294874335366 ], [ -137.400262457505164, 68.981142771074431 ], [ -137.389720143074641, 68.977521403336127 ], [ -137.376294333701054, 68.973778041784783 ], [ -137.367604654641809, 68.972678240151311 ], [ -137.356605449407112, 68.968666432999186 ], [ -137.338936071661323, 68.964844177915268 ], [ -137.319468102910463, 68.962857275354935 ], [ -137.310746702185099, 68.962813993263168 ], [ -137.296002200481581, 68.963452564667179 ], [ -137.283289519062521, 68.964663935603539 ], [ -137.281681776455457, 68.964093173132113 ], [ -137.279790871511437, 68.964647873569461 ], [ -137.275518136554922, 68.964633066933132 ], [ -137.269871750169187, 68.962680192447706 ], [ -137.267692106325825, 68.960914445517446 ], [ -137.267761742262024, 68.958921405209381 ], [ -137.269655255462453, 68.958636023203653 ], [ -137.270060454542687, 68.96063172070582 ], [ -137.271522631241055, 68.960522543692278 ], [ -137.271542094797638, 68.959499316763726 ], [ -137.27201778155046, 68.959268629978553 ], [ -137.273120565023191, 68.9597923833593 ], [ -137.272780728782323, 68.960128919291705 ], [ -137.273518820196131, 68.961958667216322 ], [ -137.273210259957352, 68.962115313187141 ], [ -137.275566799691774, 68.962927445787571 ], [ -137.276362147991733, 68.962647658459289 ], [ -137.276229916937979, 68.961850764022842 ], [ -137.274841386997451, 68.96025402378892 ], [ -137.274892866196467, 68.958090711533245 ], [ -137.276069243330198, 68.956666196706436 ], [ -137.27894470655167, 68.955254885918222 ], [ -137.27508149027048, 68.952174646907849 ], [ -137.268352919661311, 68.949132435147135 ], [ -137.245122948166255, 68.9406276766003 ], [ -137.228319684798549, 68.936065163788669 ], [ -137.212330317951029, 68.930593175737044 ], [ -137.205477337584767, 68.92914748731144 ], [ -137.189757802720436, 68.928802676469346 ], [ -137.181321717563691, 68.929736316773273 ], [ -137.158244558580066, 68.934480518576805 ], [ -137.150755622358957, 68.935696713749422 ], [ -137.141702188637908, 68.936223374732577 ], [ -137.136010329633706, 68.935917876201017 ], [ -137.130464185474324, 68.93634614526178 ], [ -137.12827127191602, 68.935592861898243 ], [ -137.127812790278568, 68.934459023254348 ], [ -137.126737767695431, 68.933655888741043 ], [ -137.123453385275496, 68.932440611289294 ], [ -137.121284323540181, 68.931929222605731 ], [ -137.113202464800423, 68.932173097937863 ], [ -137.112555584515121, 68.932450292053858 ], [ -137.112844169667454, 68.932859455403531 ], [ -137.119115943283219, 68.935320989635045 ], [ -137.125614226364576, 68.939861206138232 ], [ -137.116133035051462, 68.940728673206038 ], [ -137.115397584994639, 68.941289217156111 ], [ -137.11285055563269, 68.941787361955136 ], [ -137.093558581240018, 68.940926353513859 ], [ -137.09036611344149, 68.941741268441334 ], [ -137.085619759629424, 68.941942894285546 ], [ -137.084368482492891, 68.941374968840563 ], [ -137.084539429363701, 68.940807596433345 ], [ -137.085980782519499, 68.939955510067179 ], [ -137.084128597744041, 68.939098827523893 ], [ -137.082062074242742, 68.939141998179281 ], [ -137.080599092912792, 68.940559596430106 ], [ -137.077402520171745, 68.941056133822798 ], [ -137.076675410259412, 68.939692159629885 ], [ -137.077771571471686, 68.938350860019426 ], [ -137.077867176332234, 68.937246063895287 ], [ -137.077123277903979, 68.935702844844087 ], [ -137.078438759299843, 68.934574203140713 ], [ -137.079263925833544, 68.933272071103005 ], [ -137.079143216980924, 68.932519843053882 ], [ -137.078070881368348, 68.931725376166597 ], [ -137.075385299532599, 68.93154272055061 ], [ -137.075339563416946, 68.932117535599389 ], [ -137.076728862471839, 68.933365762502547 ], [ -137.076713091828907, 68.933994044009779 ], [ -137.073607820382477, 68.937046641200808 ], [ -137.072557075952147, 68.939670464948165 ], [ -137.069775199172312, 68.941929444300925 ], [ -137.068166788736335, 68.942603938174571 ], [ -137.064546127756898, 68.942306826973407 ], [ -137.061339856939185, 68.94297367839637 ], [ -137.058671124712248, 68.942449592441889 ], [ -137.055948134275695, 68.942948981526058 ], [ -137.05425746460034, 68.942340435472545 ], [ -137.044437894510423, 68.942324612294769 ], [ -137.035805002036483, 68.939888576756744 ], [ -137.037422633683235, 68.93903482259995 ], [ -137.020799260735828, 68.938389100538657 ], [ -137.015498303026504, 68.936612443143787 ], [ -137.012625617225552, 68.937660256144767 ], [ -137.00941696788567, 68.937760873848404 ], [ -137.007379486019602, 68.937300353221588 ], [ -137.005541836765076, 68.935742819404766 ], [ -137.007232458817697, 68.933488802912919 ], [ -137.007611391298155, 68.931896237785892 ], [ -137.00541508166134, 68.926933416646463 ], [ -137.005048406839251, 68.92454208507651 ], [ -137.003673762966486, 68.923678962474298 ], [ -136.99845986655626, 68.923085152724056 ], [ -136.989606053369073, 68.919160097765328 ], [ -136.988367163136047, 68.918133759981359 ], [ -136.987238615617429, 68.915006604176554 ], [ -136.982746455683554, 68.912708170023677 ], [ -136.981961135841715, 68.912008479935864 ], [ -136.983127669306555, 68.910665751002696 ], [ -136.981327695293743, 68.909910484873237 ], [ -136.966627306493791, 68.908803533002398 ], [ -136.962316040615974, 68.909346712953095 ], [ -136.958353002118656, 68.909042361375995 ], [ -136.947885345426272, 68.909835242591555 ], [ -136.935473218079295, 68.908630811922251 ], [ -136.926780580283264, 68.905887241045292 ], [ -136.924817189158546, 68.905835558304531 ], [ -136.917095829426643, 68.902100487881398 ], [ -136.913473746715681, 68.901683622996501 ], [ -136.908008953360792, 68.900111996152788 ], [ -136.904191995790285, 68.900029096412382 ], [ -136.903023997837039, 68.898319508343405 ], [ -136.901187414642465, 68.896940375944084 ], [ -136.900892159025261, 68.895822170324152 ], [ -136.901540598318235, 68.895013735003275 ], [ -136.895325010730147, 68.893318226503069 ], [ -136.89187961297884, 68.892907915806347 ], [ -136.891931435432269, 68.891767888567912 ], [ -136.888867016321285, 68.889693481866971 ], [ -136.883961619728836, 68.889667079315757 ], [ -136.878241183439116, 68.887074573562913 ], [ -136.875111116839463, 68.886552788907053 ], [ -136.873173644004083, 68.885712802917254 ], [ -136.868526678194172, 68.885198641068897 ], [ -136.866067245756796, 68.883476093640454 ], [ -136.865334072895962, 68.882452367768735 ], [ -136.865079867605431, 68.880911974595932 ], [ -136.863278012607992, 68.879307804989509 ], [ -136.863203121466114, 68.878170892024826 ], [ -136.860811910944818, 68.878036356276795 ], [ -136.86126551429021, 68.878154488470855 ], [ -136.855674803043598, 68.879713829973241 ], [ -136.849310910496285, 68.880366237928612 ], [ -136.847323000945437, 68.879499598983671 ], [ -136.847449739183872, 68.876546493634109 ], [ -136.845953161816027, 68.874705572995339 ], [ -136.843409148100335, 68.87328724780977 ], [ -136.840738105235602, 68.872478015783756 ], [ -136.837207870830895, 68.876020338615646 ], [ -136.832674698574721, 68.874741386716863 ], [ -136.829525078156763, 68.874550968237642 ], [ -136.82666584647643, 68.875164841489322 ], [ -136.821476888532601, 68.874673170492684 ], [ -136.810359944134404, 68.869202395413524 ], [ -136.796393282912362, 68.864389061410193 ], [ -136.793820939946698, 68.862092547859007 ], [ -136.792585281079454, 68.861567277952261 ], [ -136.78990884812228, 68.861667215558214 ], [ -136.784577326517194, 68.85719256255247 ], [ -136.784107367079542, 68.857529440916935 ], [ -136.787018489692997, 68.862505057706201 ], [ -136.786219867756216, 68.862773622454981 ], [ -136.779176679908232, 68.86142990777752 ], [ -136.778024671400033, 68.860091589646842 ], [ -136.774960788484606, 68.859033264944586 ], [ -136.768627473715725, 68.860678620643398 ], [ -136.766572618989358, 68.860780696751007 ], [ -136.762394234465432, 68.859496254991029 ], [ -136.760870605822447, 68.858462353760572 ], [ -136.759593463146501, 68.858341008488637 ], [ -136.75519252428856, 68.858314688113452 ], [ -136.751335523961217, 68.859825782436673 ], [ -136.733165782875204, 68.860442472898711 ], [ -136.722450514510001, 68.860084771042352 ], [ -136.712043409037221, 68.862746654859322 ], [ -136.710945041722425, 68.862685946201836 ], [ -136.709545229388652, 68.861514381922703 ], [ -136.699668858628854, 68.860100716235479 ], [ -136.687123736080366, 68.862573921189892 ], [ -136.682268414051748, 68.864757147008049 ], [ -136.667718631613297, 68.864990081216277 ], [ -136.66580542205017, 68.865663730168549 ], [ -136.663653976740051, 68.867470039326591 ], [ -136.639649109741839, 68.8748671060807 ], [ -136.638952470752656, 68.877030685082204 ], [ -136.636881820811084, 68.88064801562669 ], [ -136.63446007929096, 68.881541473199974 ], [ -136.629993498567984, 68.882032829797538 ], [ -136.623860732950334, 68.881858197967844 ], [ -136.620459691950089, 68.882976077520269 ], [ -136.612531354228196, 68.883769025217475 ], [ -136.606262134916363, 68.88514701702664 ], [ -136.597960238883587, 68.88422933723686 ], [ -136.597620344308922, 68.884690038862388 ], [ -136.598187490640584, 68.88565359357186 ], [ -136.597386355267389, 68.885930216656021 ], [ -136.593458006798613, 68.885626129864917 ], [ -136.590257363381795, 68.886445496462073 ], [ -136.587560948940393, 68.886318133255756 ], [ -136.561081261239281, 68.880247443322233 ], [ -136.542203194900452, 68.878849592773108 ], [ -136.523300377921828, 68.878140613754368 ], [ -136.515154653085631, 68.876867699798822 ], [ -136.510384922573479, 68.875124914091714 ], [ -136.501379016796676, 68.869938787993135 ], [ -136.497394218601102, 68.868368139014066 ], [ -136.490514614266885, 68.866993228287129 ], [ -136.486506822820786, 68.865431511438288 ], [ -136.481299715299286, 68.862651175699909 ], [ -136.480881050121894, 68.861964084194796 ], [ -136.481390364359669, 68.861403466035696 ], [ -136.482995269820094, 68.861245944766466 ], [ -136.489590668106047, 68.861753495288298 ], [ -136.493561988772001, 68.860938243092036 ], [ -136.498753205330047, 68.86126039397702 ], [ -136.502665815283677, 68.862149858067085 ], [ -136.509324394851262, 68.861750052370354 ], [ -136.513797081202455, 68.860642808826242 ], [ -136.525121365970364, 68.856181884844418 ], [ -136.526606337710007, 68.854652504960342 ], [ -136.526408861745551, 68.853227922596588 ], [ -136.520552666411447, 68.850795481556275 ], [ -136.511216506857977, 68.848671896429394 ], [ -136.497787145497654, 68.844018297740817 ], [ -136.483239983662742, 68.842244037763251 ], [ -136.487077358273012, 68.843923918585446 ], [ -136.498204239074454, 68.845046250522799 ], [ -136.505744505789153, 68.847832330802433 ], [ -136.521754994537787, 68.851663866962724 ], [ -136.524052741111063, 68.852926105441753 ], [ -136.524471840577547, 68.853962950298737 ], [ -136.523911263442329, 68.855205950480496 ], [ -136.519505905485858, 68.857272750448729 ], [ -136.508898559720961, 68.860605552709146 ], [ -136.501010449372245, 68.86082784099311 ], [ -136.492850421167816, 68.859966700521241 ], [ -136.489646172615551, 68.860730356472288 ], [ -136.480960246556492, 68.860546053386997 ], [ -136.479343951088453, 68.861277734300941 ], [ -136.47898572206401, 68.862240711206482 ], [ -136.484138061684348, 68.865694391458902 ], [ -136.481826813350949, 68.866817916066537 ], [ -136.476076649271278, 68.868195537486088 ] ], [ [ -136.477682390978146, 60.776507438922529 ], [ -136.471484610533679, 60.776100278590874 ], [ -136.463056567887264, 60.77704871404211 ], [ -136.456412818315357, 60.778947299535908 ], [ -136.453411334616106, 60.781873242165538 ], [ -136.452698313277466, 60.785541997238496 ], [ -136.453665090541364, 60.788517715407494 ], [ -136.455401134016824, 60.791105853506842 ], [ -136.460369922224316, 60.794399394031984 ], [ -136.467820694830493, 60.796880102768888 ], [ -136.474410035926013, 60.798028567548712 ], [ -136.48334005748535, 60.797366676136186 ], [ -136.488099571283414, 60.796456661108436 ], [ -136.493454891756073, 60.793893484439643 ], [ -136.496634687780784, 60.790821504346994 ], [ -136.497696280904051, 60.788272612920416 ], [ -136.496816289739314, 60.784767223493816 ], [ -136.493123070912389, 60.781298824464329 ], [ -136.487390347220611, 60.778813917048289 ], [ -136.477682390978146, 60.776507438922529 ] ], [ [ -136.999357740717812, 60.287720624207033 ], [ -136.992120013992832, 60.287447404118311 ], [ -136.983982395535719, 60.289348338564885 ], [ -136.976612371723462, 60.292562937651866 ], [ -136.972718160486295, 60.295788558691733 ], [ -136.971892422748084, 60.299050176936078 ], [ -136.972774458552266, 60.302256108847807 ], [ -136.97516648399656, 60.305117674070765 ], [ -136.981508742051687, 60.308610607960418 ], [ -136.987231528871206, 60.310875049235214 ], [ -136.994154487513953, 60.312180558465755 ], [ -137.001483473574694, 60.311894720476531 ], [ -137.009427134967581, 60.309704036678575 ], [ -137.015560275851584, 60.306641779980978 ], [ -137.018091010564149, 60.30384560936433 ], [ -137.019946611088471, 60.29857458483999 ], [ -137.018363725571731, 60.294098032743506 ], [ -137.014026148496498, 60.291244584681735 ], [ -137.007550721291636, 60.289153755998292 ], [ -136.999357740717812, 60.287720624207033 ] ], [ [ -137.8637748857156, 60.909753240518448 ], [ -137.852654994622299, 60.909709244894181 ], [ -137.84336575915296, 60.910854144093889 ], [ -137.836067297709405, 60.913277215221527 ], [ -137.830662912823698, 60.916387880123708 ], [ -137.829757497985298, 60.920728064644933 ], [ -137.831725945142836, 60.924862212262184 ], [ -137.836209720188776, 60.92823317509685 ], [ -137.843434713062663, 60.931771577167758 ], [ -137.850575572506642, 60.933291025661248 ], [ -137.859253686760809, 60.933596793356209 ], [ -137.870515471770801, 60.931922330572625 ], [ -137.8765101040172, 60.929583814967081 ], [ -137.880838010105208, 60.926774757112106 ], [ -137.884320869645279, 60.923142183848256 ], [ -137.884473350520551, 60.919913010609648 ], [ -137.881235891540967, 60.915531574260562 ], [ -137.872780397983405, 60.911496123317548 ], [ -137.8637748857156, 60.909753240518448 ] ], [ [ -139.45493092281211, 64.104301182926292 ], [ -139.447735380108014, 64.091524375934256 ], [ -139.382394847750845, 64.100324997748672 ], [ -139.405869604205833, 64.126528109455876 ], [ -139.468121555020531, 64.114561531636483 ], [ -139.45493092281211, 64.104301182926292 ] ], [ [ -139.789480093345588, 67.55361112745797 ], [ -139.768347313314138, 67.56077832839884 ], [ -139.765678834357772, 67.569182980035094 ], [ -139.766398662234565, 67.573891235468849 ], [ -139.771130282335207, 67.579129577176275 ], [ -139.785206408916622, 67.586404685677138 ], [ -139.803401139336898, 67.591378809818082 ], [ -139.823812492033596, 67.59162491909467 ], [ -139.854780648396286, 67.587668250244278 ], [ -139.880067171817473, 67.578983660674893 ], [ -139.882399852964426, 67.571225091698764 ], [ -139.877486099743777, 67.564492810591275 ], [ -139.869342544353572, 67.557989446419683 ], [ -139.848506278261254, 67.551281998981082 ], [ -139.836406937370413, 67.548895116768179 ], [ -139.827566517232412, 67.549376728756727 ], [ -139.804364075639057, 67.549524001568273 ], [ -139.789480093345588, 67.55361112745797 ] ], [ [ -138.865089690039866, 61.264266589163292 ], [ -138.769740913211706, 61.220945160734324 ], [ -138.729674358625118, 61.239314378011841 ], [ -138.827016157525009, 61.282798272677184 ], [ -138.865089690039866, 61.264266589163292 ] ], [ [ -140.878393554612785, 62.354436871086904 ], [ -140.856460101341895, 62.359753739058434 ], [ -140.844908690284569, 62.363815641235853 ], [ -140.835609607296846, 62.369799081699746 ], [ -140.832593965017935, 62.37458430531769 ], [ -140.83489246948352, 62.380568230741325 ], [ -140.838103913339864, 62.385978526420082 ], [ -140.841184769440446, 62.389978862057426 ], [ -140.847485953861678, 62.393836314813214 ], [ -140.859449193638255, 62.399390997057637 ], [ -140.869337733419854, 62.402941071033474 ], [ -140.879105650610427, 62.40474912299613 ], [ -140.901591446500817, 62.405565084745959 ], [ -140.912505651616158, 62.405057843227837 ], [ -140.925427144355865, 62.403153918216731 ], [ -140.935559123496517, 62.398910205276344 ], [ -140.941368063526426, 62.395798319845575 ], [ -140.950360472405833, 62.387650944820926 ], [ -140.95290831657428, 62.379959539634996 ], [ -140.949016748511923, 62.372724459532058 ], [ -140.937102132457056, 62.365354705795838 ], [ -140.926725692154832, 62.360397446745395 ], [ -140.917035519848412, 62.356438439518044 ], [ -140.895362424898195, 62.353641226617356 ], [ -140.878393554612785, 62.354436871086904 ] ], [ [ -139.094344453713035, 61.363380441118643 ], [ -138.976941285044717, 61.313678734755591 ], [ -138.925221213524367, 61.339258955761714 ], [ -139.03952799439034, 61.388775215089417 ], [ -139.094344453713035, 61.363380441118643 ] ], [ [ -137.510467489030788, 60.742705672652022 ], [ -137.49640245783155, 60.739615109845651 ], [ -137.493858988792084, 60.742858641424284 ], [ -137.477406126297382, 60.741284735853604 ], [ -137.451349807399907, 60.740640304878305 ], [ -137.452402542234722, 60.792808312689523 ], [ -137.514708921387353, 60.79313484033397 ], [ -137.509121621555693, 60.796964555731783 ], [ -137.505598976205818, 60.798270966614204 ], [ -137.512309661428873, 60.800747834379031 ], [ -137.517936275745086, 60.800229048945901 ], [ -137.521570100835561, 60.799217647856651 ], [ -137.52329269340305, 60.798215133162699 ], [ -137.523012404985565, 60.795588464795991 ], [ -137.524004175581354, 60.793943934447398 ], [ -137.526017926356872, 60.79337606890202 ], [ -137.532602738849846, 60.793207076378231 ], [ -137.539193684624706, 60.794043702975401 ], [ -137.544879821047431, 60.793666525665948 ], [ -137.55088314083136, 60.794504738398409 ], [ -137.555678577208056, 60.793560138065018 ], [ -137.565887014813057, 60.793886382068017 ], [ -137.572734341498176, 60.792865996773642 ], [ -137.579438554283513, 60.790985629710974 ], [ -137.581296649851424, 60.788497560698858 ], [ -137.581135643188844, 60.786497468036664 ], [ -137.580725384354395, 60.786188845586771 ], [ -137.590032166891291, 60.77305653971645 ], [ -137.585783753241742, 60.772896389491301 ], [ -137.579467248813017, 60.771260358684493 ], [ -137.558461695243295, 60.764466719469446 ], [ -137.546728383457236, 60.757893295594073 ], [ -137.541605342145886, 60.756767566612204 ], [ -137.543386632895874, 60.753485971967997 ], [ -137.538951828452667, 60.751832891460388 ], [ -137.518325288582048, 60.748954720091525 ], [ -137.512803670152437, 60.743734379173659 ], [ -137.510467489030788, 60.742705672652022 ] ], [ [ -139.415783323294335, 64.089982310873879 ], [ -139.458421530631597, 64.090306969451731 ], [ -139.456536156675014, 64.089489475611032 ], [ -139.449376600859921, 64.08874915553973 ], [ -139.446506283406762, 64.087614515253449 ], [ -139.445211297214911, 64.086191457920933 ], [ -139.443409606266755, 64.08282415203243 ], [ -139.452132455421264, 64.082052858537438 ], [ -139.450862190187735, 64.08060926573647 ], [ -139.445881917436424, 64.079104977827157 ], [ -139.44457741638243, 64.07806729967082 ], [ -139.445643580672851, 64.076458584127465 ], [ -139.448083412623959, 64.075075654980822 ], [ -139.458366941688013, 64.051944567789249 ], [ -139.467212340754912, 64.048681079586743 ], [ -139.469808409429788, 64.04691324212537 ], [ -139.474975699314115, 64.040065039480325 ], [ -139.477419410619774, 64.033556188973577 ], [ -139.487929383229073, 64.029267718406928 ], [ -139.487931146691977, 64.027246887181917 ], [ -139.479141291971644, 64.02284054912694 ], [ -139.470633411790601, 64.024374319007535 ], [ -139.46127004419904, 64.024553725768399 ], [ -139.454731871962679, 64.026198742376891 ], [ -139.449858848184732, 64.028226319645199 ], [ -139.279478405236716, 64.024452484334006 ], [ -139.277724107321092, 64.050669168767428 ], [ -139.37797937011311, 64.053788067145518 ], [ -139.377106145299933, 64.058448714011803 ], [ -139.411446112578062, 64.069186882307918 ], [ -139.415783323294335, 64.089982310873879 ] ] ], [ [ [ -139.198358347897369, 69.616291361206621 ], [ -139.165052308395133, 69.62769797639767 ], [ -139.132912934774168, 69.637433389173722 ], [ -139.12841493691954, 69.638488914954067 ], [ -139.115554167867401, 69.640001950004489 ], [ -139.090819085151992, 69.639151422424931 ], [ -139.083558673879622, 69.63823790614687 ], [ -139.05629384487861, 69.633245849328063 ], [ -139.03697501606004, 69.632976865595495 ], [ -139.027441640418203, 69.631900987642396 ], [ -139.015541341241402, 69.629703265377501 ], [ -138.996216645353172, 69.629259214969096 ], [ -138.988980618344954, 69.628162573317283 ], [ -138.975726010052426, 69.62483404320119 ], [ -138.967502437367131, 69.623859649064485 ], [ -138.963356693128105, 69.622519584191792 ], [ -138.931931504662401, 69.615261190177534 ], [ -138.92342588218176, 69.611957589532281 ], [ -138.900701071728122, 69.604410387901169 ], [ -138.892098240524092, 69.602180658660814 ], [ -138.879936299384156, 69.596964561277176 ], [ -138.875237396527893, 69.594314613400428 ], [ -138.869602065735791, 69.592299147206148 ], [ -138.861177758591452, 69.586830968367877 ], [ -138.847305258814913, 69.579626544749104 ], [ -138.845235920783836, 69.576963185595389 ], [ -138.845457237212059, 69.574516424760219 ], [ -138.846700618264947, 69.573141009508134 ], [ -138.848951377196187, 69.572217625843379 ], [ -138.85864303005377, 69.570344632464014 ], [ -138.885535001155517, 69.570070592528424 ], [ -138.902588608655577, 69.568499410832374 ], [ -138.914796114713454, 69.56814290323301 ], [ -138.917411559459367, 69.568183034199905 ], [ -138.918237918019827, 69.568399217694363 ], [ -138.918253726785764, 69.569027458591322 ], [ -138.915360333766728, 69.569728717049642 ], [ -138.908057904489937, 69.570341389989593 ], [ -138.906470014681275, 69.571605414525905 ], [ -138.906900539437174, 69.573763879191887 ], [ -138.907768162242718, 69.574608679399105 ], [ -138.914007319994994, 69.575427853258105 ], [ -138.946956013041927, 69.575799603525056 ], [ -138.958918616049829, 69.57669318550343 ], [ -138.975525645562328, 69.576302931399951 ], [ -138.990258502995886, 69.573709439913699 ], [ -139.004503263199013, 69.568606052112372 ], [ -139.028101381105245, 69.558610043151191 ], [ -139.037119791897453, 69.553481025309466 ], [ -139.04652508016926, 69.54659750062163 ], [ -139.058403170487168, 69.540656092578573 ], [ -139.066257675586684, 69.535189813733425 ], [ -139.081707565984829, 69.526155391294566 ], [ -139.091343101164853, 69.518401961287935 ], [ -139.093801178364032, 69.515827100497887 ], [ -139.09860745590791, 69.514201854620055 ], [ -139.09942802585519, 69.514479919784762 ], [ -139.097738237809551, 69.516201964185086 ], [ -139.094270348190776, 69.51832626275359 ], [ -139.093246124983949, 69.520046576308189 ], [ -139.094103813048548, 69.521060737548822 ], [ -139.098248584546525, 69.522281200761384 ], [ -139.107275678717997, 69.526829097896865 ], [ -139.127144149259692, 69.532318429649905 ], [ -139.130862618679316, 69.53200837433495 ], [ -139.134844654362269, 69.530732139432189 ], [ -139.135691937893142, 69.53101031847487 ], [ -139.138690423519336, 69.535142184276495 ], [ -139.141686235754463, 69.536367239858393 ], [ -139.155316863330398, 69.538261084061702 ], [ -139.168645445080699, 69.543111125854381 ], [ -139.170257654895323, 69.545550226549096 ], [ -139.171958374697141, 69.54695854679855 ], [ -139.186130425399313, 69.552255588973779 ], [ -139.193418705292288, 69.551631294032802 ], [ -139.201496780612359, 69.550153644535655 ], [ -139.204414471456829, 69.550237454459605 ], [ -139.21133628549893, 69.548765410883505 ], [ -139.212033103324245, 69.549328731081289 ], [ -139.21178052348202, 69.550815319148185 ], [ -139.214672103267134, 69.55244170724049 ], [ -139.216110793034801, 69.554878549085501 ], [ -139.214620468521957, 69.557052245421517 ], [ -139.214988806321742, 69.557558383749551 ], [ -139.214868731504822, 69.561145533036637 ], [ -139.21578847896231, 69.56273381626535 ], [ -139.225047694959045, 69.567152013970883 ], [ -139.230981330515448, 69.571150318491547 ], [ -139.232655914733925, 69.571705499677293 ], [ -139.241684600165968, 69.572774273852446 ], [ -139.252575878153351, 69.572120873586258 ], [ -139.257623316637222, 69.574467713167664 ], [ -139.259357807011583, 69.575875447310935 ], [ -139.259947106485612, 69.577469138941822 ], [ -139.258358791769723, 69.578045423423688 ], [ -139.252294763740906, 69.577751728445378 ], [ -139.248231226947723, 69.578123759538457 ], [ -139.245261282371928, 69.577690330639271 ], [ -139.24283534663752, 69.577827453761813 ], [ -139.239631319505378, 69.578988379091527 ], [ -139.238641775317689, 69.581328769780598 ], [ -139.241865121234952, 69.588358440058826 ], [ -139.240852061201991, 69.590357731952068 ], [ -139.242357528230684, 69.590803452656061 ], [ -139.24604513100968, 69.590033031723181 ], [ -139.24650108469865, 69.589176417389879 ], [ -139.248684364358979, 69.587628375716534 ], [ -139.259734939394605, 69.58196138007311 ], [ -139.262232376493387, 69.580003668894648 ], [ -139.267626031632773, 69.577805482182953 ], [ -139.269275849107288, 69.575516303807902 ], [ -139.279092541153744, 69.570993218343631 ], [ -139.278748117721818, 69.570487450716897 ], [ -139.277409162325114, 69.570214128073658 ], [ -139.270074597720196, 69.57009692672942 ], [ -139.269204668745374, 69.569424483066243 ], [ -139.269678576179444, 69.568962686933986 ], [ -139.271265892856746, 69.568386311465517 ], [ -139.279470076355324, 69.569175865176646 ], [ -139.284963413808612, 69.568557008660179 ], [ -139.290207209439018, 69.566240071835566 ], [ -139.294555977041227, 69.562900584203803 ], [ -139.301599077381979, 69.558582466756846 ], [ -139.310112741593116, 69.554125811760571 ], [ -139.311657068765385, 69.553091146288068 ], [ -139.314845335863453, 69.549426024659496 ], [ -139.317893895168197, 69.548827462281849 ], [ -139.320093535306256, 69.549889175335267 ], [ -139.319365520767747, 69.551317492070851 ], [ -139.314361154618268, 69.554265494490096 ], [ -139.312066796881311, 69.556674394041096 ], [ -139.305656232362423, 69.560819628919816 ], [ -139.281205242868083, 69.573140040493939 ], [ -139.265541886032565, 69.583221117130634 ], [ -139.258426042717645, 69.586980976527514 ], [ -139.241056434183378, 69.593490605754084 ], [ -139.216336920885198, 69.609343355126612 ], [ -139.198358347897369, 69.616291361206621 ] ] ], [ [ [ -136.468599584320174, 68.868754831997705 ], [ -136.468609665590236, 68.871048791713932 ], [ -136.490371588613442, 68.874108198617961 ], [ -136.506617989297666, 68.879706408006896 ], [ -136.51647200659653, 68.881215727146596 ], [ -136.537228867546617, 68.882796859016096 ], [ -136.538280069319313, 68.883603702030953 ], [ -136.538270202458534, 68.884177901893892 ], [ -136.540569691482858, 68.885045236652658 ], [ -136.543705762805018, 68.885061684868063 ], [ -136.546534448524966, 68.885663976136186 ], [ -136.549126993970788, 68.887156468240036 ], [ -136.549095278708762, 68.888125608482454 ], [ -136.545203381244647, 68.889407904063447 ], [ -136.544216987332874, 68.89025112774867 ], [ -136.544287249212886, 68.891614056061059 ], [ -136.54489244934075, 68.892084018796382 ], [ -136.545396915854781, 68.896457169138614 ], [ -136.54445028982181, 68.899300515142954 ], [ -136.5437979167599, 68.899584537689904 ], [ -136.542899711160857, 68.901341982397724 ], [ -136.541938772755827, 68.90184406669718 ], [ -136.538894283927959, 68.902104799235801 ], [ -136.527770937987555, 68.900760615030109 ], [ -136.527867029643687, 68.901791400935778 ], [ -136.526569058342233, 68.902466848182073 ], [ -136.524448627118005, 68.903131711394835 ], [ -136.520972067799676, 68.903270438147629 ], [ -136.510460324741359, 68.90175817544575 ], [ -136.503991076999313, 68.901824342952864 ], [ -136.500108386129369, 68.900378439136787 ], [ -136.498442966956674, 68.897109816130737 ], [ -136.496898682422881, 68.896360886038579 ], [ -136.492595325954568, 68.896775413512202 ], [ -136.490108910464528, 68.896079540387191 ], [ -136.49348558122955, 68.892632155049142 ], [ -136.494378224620704, 68.891108295511117 ], [ -136.494487096201567, 68.889402911861964 ], [ -136.493061532557846, 68.88671526462106 ], [ -136.49153153988118, 68.885795728810109 ], [ -136.486071801143055, 68.884892586123655 ], [ -136.483758833996831, 68.883791421847704 ], [ -136.474037744246516, 68.883140251766278 ], [ -136.472919913311614, 68.882791095086446 ], [ -136.474553510415802, 68.88229254895289 ], [ -136.478028538607703, 68.882549485395955 ], [ -136.478350244141438, 68.88215196966523 ], [ -136.470233851062147, 68.880553718509148 ], [ -136.46865190512068, 68.880629427026349 ], [ -136.46860965700148, 68.871048828825764 ], [ -136.468599584320174, 68.868754831997705 ] ], [ [ -136.54147073413489, 68.899058394539068 ], [ -136.536106949768424, 68.896388683924457 ], [ -136.535117447870846, 68.896837174407082 ], [ -136.539108878283429, 68.898747809894758 ], [ -136.540966983830657, 68.899332049807768 ], [ -136.54147073413489, 68.899058394539068 ] ], [ [ -136.542417719684778, 68.896215063327276 ], [ -136.537335667207628, 68.894009330509135 ], [ -136.535407907227182, 68.894564967193688 ], [ -136.54037531017633, 68.896197635030063 ], [ -136.542417719684778, 68.896215063327276 ] ], [ [ -136.505816211074119, 68.900471613409096 ], [ -136.502829026386706, 68.897546641831539 ], [ -136.503158444569038, 68.897265648597468 ], [ -136.50287496972868, 68.896756819646399 ], [ -136.502129084498591, 68.896404572166588 ], [ -136.501130995259729, 68.896736314220618 ], [ -136.500762196732211, 68.897537959269457 ], [ -136.502552810663133, 68.899710991205026 ], [ -136.50406895145062, 68.900406301901967 ], [ -136.505816211074119, 68.900471613409096 ] ], [ [ -136.522811152619653, 68.894175659881796 ], [ -136.520270748368631, 68.894153482987903 ], [ -136.522579256046413, 68.895146564062358 ], [ -136.522544103749993, 68.895720992973693 ], [ -136.524237816168807, 68.896459394195531 ], [ -136.528917033929304, 68.897529855113518 ], [ -136.526977128349102, 68.895753095246462 ], [ -136.522811152619653, 68.894175659881796 ] ], [ [ -136.521376694477539, 68.891775364345349 ], [ -136.522784534175003, 68.891619233263356 ], [ -136.522981298970791, 68.891222776521545 ], [ -136.519454019655598, 68.889146154884244 ], [ -136.517404302607218, 68.889011922073379 ], [ -136.515507171126018, 68.889288966420068 ], [ -136.515164157732897, 68.889731583841908 ], [ -136.521376694477539, 68.891775364345349 ] ], [ [ -136.53344690750896, 68.888177516558471 ], [ -136.521737823289101, 68.885806604077047 ], [ -136.514976792377951, 68.885176148033466 ], [ -136.513050783175117, 68.885390616367118 ], [ -136.516916318692523, 68.886612119494387 ], [ -136.524645212869899, 68.887197992899402 ], [ -136.536308679339157, 68.889255129225191 ], [ -136.53344690750896, 68.888177516558471 ] ], [ [ -136.505619332087633, 68.882944687389724 ], [ -136.521629589138342, 68.884955361763716 ], [ -136.522894575390552, 68.884899186421578 ], [ -136.506830290581348, 68.881364125182955 ], [ -136.50464546280844, 68.881060478809999 ], [ -136.502861094718241, 68.881892571213498 ], [ -136.505619332087633, 68.882944687389724 ] ], [ [ -136.503870829919293, 68.890899172072793 ], [ -136.506474850611426, 68.887108487105451 ], [ -136.506678805014246, 68.886084024540878 ], [ -136.505776742238709, 68.885625537090334 ], [ -136.503085876853163, 68.885936345233503 ], [ -136.501117977273424, 68.887003273661435 ], [ -136.49755764354353, 68.891017593824046 ], [ -136.497102593842442, 68.893120718639878 ], [ -136.498319058896556, 68.893809730166126 ], [ -136.503870829919293, 68.890899172072793 ] ] ], [ [ [ -136.637285534975689, 68.915712043707856 ], [ -136.628205774176109, 68.913879181081228 ], [ -136.625492757991992, 68.913914057133894 ], [ -136.624375181983282, 68.914301472421357 ], [ -136.624658382235197, 68.914765278397354 ], [ -136.628132046561745, 68.915584403897284 ], [ -136.630409685476138, 68.916737844036319 ], [ -136.630381268918256, 68.917366075728097 ], [ -136.628752610782669, 68.91791991126226 ], [ -136.617363169833368, 68.918234644674996 ], [ -136.609692648642067, 68.919320945774771 ], [ -136.602603363197005, 68.919154461547237 ], [ -136.600724902452981, 68.918678722914123 ], [ -136.599687126692288, 68.917423546456618 ], [ -136.596434770979528, 68.916207071015833 ], [ -136.590643839950388, 68.915023208043991 ], [ -136.584013277097057, 68.914977297007908 ], [ -136.572794983018554, 68.917332824251844 ], [ -136.569530631043307, 68.916277431041792 ], [ -136.568545971295322, 68.914339833686142 ], [ -136.567442347897128, 68.913883478019329 ], [ -136.566208414985681, 68.913697458110008 ], [ -136.563477033106722, 68.914529918695422 ], [ -136.561386911133297, 68.914567009177389 ], [ -136.553723189256317, 68.910806484228189 ], [ -136.544052305793514, 68.908579905943427 ], [ -136.542359457602061, 68.90787757527535 ], [ -136.542377328805316, 68.907419894737032 ], [ -136.543202221404499, 68.906748604732357 ], [ -136.547195311977788, 68.906156202997835 ], [ -136.550109699986962, 68.90509808630074 ], [ -136.551288398981939, 68.903795579154632 ], [ -136.55142253688561, 68.901802825852428 ], [ -136.550741457648542, 68.900257090642526 ], [ -136.550798991819818, 68.898946836999116 ], [ -136.556403839302646, 68.897577016802003 ], [ -136.565288820570345, 68.897190612698296 ], [ -136.583979528289603, 68.899206786922235 ], [ -136.593792782547723, 68.901680957227669 ], [ -136.611504583364962, 68.905210449595486 ], [ -136.616422389398963, 68.906733786484324 ], [ -136.616858582576754, 68.907249977513928 ], [ -136.616787872531887, 68.908668055893358 ], [ -136.618329246466914, 68.909308324625101 ], [ -136.628774253331017, 68.912465304079234 ], [ -136.636954251020541, 68.913257143172558 ], [ -136.640047023378202, 68.914312933151834 ], [ -136.641689530789023, 68.915965743200942 ], [ -136.641508058005513, 68.916541633489956 ], [ -136.639580254897908, 68.917089475306383 ], [ -136.637681599527838, 68.916686081420934 ], [ -136.637285534975689, 68.915712043707856 ] ] ], [ [ [ -138.436283496180351, 69.232863989643832 ], [ -138.433040221918816, 69.231631113539024 ], [ -138.428231995321539, 69.231873629263333 ], [ -138.427449798412283, 69.232499179220767 ], [ -138.431169066314055, 69.234196972475829 ], [ -138.431850968032393, 69.235275128335275 ], [ -138.429447364933139, 69.236136817735314 ], [ -138.423999405485034, 69.236432516267229 ], [ -138.418668926676531, 69.235311787711751 ], [ -138.418982064913138, 69.234804920013005 ], [ -138.420267814418082, 69.234626681815456 ], [ -138.423503293459845, 69.235069917168516 ], [ -138.425864162795875, 69.233929451304164 ], [ -138.421499409536921, 69.232347530624949 ], [ -138.419408647074619, 69.232064976542247 ], [ -138.418939245620379, 69.233036233003787 ], [ -138.415895942008262, 69.233107354877021 ], [ -138.414962994450349, 69.234358820626909 ], [ -138.413532095970567, 69.234480985840321 ], [ -138.404660756815673, 69.233369529498574 ], [ -138.400118498177761, 69.230536880826278 ], [ -138.390794509493503, 69.230055076780729 ], [ -138.382877899192636, 69.228597902568097 ], [ -138.38044813984996, 69.22735836696846 ], [ -138.378656351616144, 69.22565282424533 ], [ -138.376969281954189, 69.222243574114401 ], [ -138.374505992013127, 69.219405873660648 ], [ -138.37465089825281, 69.218833666802965 ], [ -138.386434308804638, 69.21584448461924 ], [ -138.388979086209417, 69.214644494754509 ], [ -138.390513306202791, 69.211966245980463 ], [ -138.392432271351481, 69.211555495813045 ], [ -138.403190716175402, 69.21180761438282 ], [ -138.410596061759946, 69.212636984868467 ], [ -138.424925809270718, 69.215382509790885 ], [ -138.429157766633267, 69.217420076791328 ], [ -138.430793864779531, 69.219400977530384 ], [ -138.431156506994995, 69.22082439850017 ], [ -138.429952177423218, 69.223956604308938 ], [ -138.428354394159356, 69.224641792165684 ], [ -138.424470718362443, 69.223067109017364 ], [ -138.422887874906849, 69.223411431708229 ], [ -138.422413764841536, 69.224212083935498 ], [ -138.423759674655059, 69.226081006170119 ], [ -138.42375975106313, 69.22693361119272 ], [ -138.425254897848475, 69.228185470364224 ], [ -138.430913514732197, 69.230154530904457 ], [ -138.436554891201496, 69.230992303458265 ], [ -138.442384506568203, 69.233241710074466 ], [ -138.444329227718981, 69.234984701923764 ], [ -138.444699371093094, 69.236138934558653 ], [ -138.44441096658494, 69.236655189686118 ], [ -138.445253454998124, 69.23852543186851 ], [ -138.444955474804146, 69.239553098859076 ], [ -138.444003029538152, 69.240122358215288 ], [ -138.442389955880429, 69.240071559001308 ], [ -138.433991292656827, 69.237712192150227 ], [ -138.433164030568605, 69.236578030291867 ], [ -138.436008747907351, 69.234977944983569 ], [ -138.436617477910858, 69.233892075806338 ], [ -138.436283496180351, 69.232863989643832 ] ] ], [ [ [ -139.419514489602506, 69.554897702991838 ], [ -139.421530579052444, 69.555741177232676 ], [ -139.418292068536772, 69.556160420018841 ], [ -139.407674256648875, 69.555741135821179 ], [ -139.383067949628526, 69.553344502918648 ], [ -139.368727887799338, 69.550959752372606 ], [ -139.337350436510405, 69.547354026638132 ], [ -139.33206545057854, 69.546379706492417 ], [ -139.330387029017743, 69.545538403160194 ], [ -139.335255374166138, 69.545270859263582 ], [ -139.338914391182385, 69.546373172299326 ], [ -139.344827938579328, 69.547182788245863 ], [ -139.352981596772338, 69.547223928262071 ], [ -139.359858816282838, 69.547853711529953 ], [ -139.37882521824497, 69.551098514318738 ], [ -139.395190476195154, 69.552155513259194 ], [ -139.402974464796017, 69.553733781122645 ], [ -139.419514489602506, 69.554897702991838 ] ] ], [ [ [ -137.264419184890585, 68.9876450145902 ], [ -137.262490434822155, 68.98882813299015 ], [ -137.250142784629645, 68.993280402713225 ], [ -137.229969841444984, 68.99831848724105 ], [ -137.207728453004847, 68.999540288315615 ], [ -137.204226145250999, 68.999540600123652 ], [ -137.201379317310654, 68.998841470197718 ], [ -137.20299310594902, 68.998219460040019 ], [ -137.214268511863366, 68.998154618017566 ], [ -137.227326006035412, 68.996665952102546 ], [ -137.230861942005163, 68.995767415407514 ], [ -137.233454626278558, 68.993956846413923 ], [ -137.238859830839772, 68.993984859833716 ], [ -137.25890518156163, 68.986542437706106 ], [ -137.262865113256879, 68.986391369035118 ], [ -137.264424056672482, 68.986962954592002 ], [ -137.264419184890585, 68.9876450145902 ] ] ], [ [ [ -136.998386552711366, 68.932471106636626 ], [ -136.993331868616849, 68.932557171011894 ], [ -136.98812570620774, 68.931792474363462 ], [ -136.976131940864406, 68.927346991853256 ], [ -136.974893267173201, 68.926320556637748 ], [ -136.975096737877408, 68.925528632091257 ], [ -136.977813775023293, 68.92496779062806 ], [ -136.98806080749327, 68.925808689559744 ], [ -136.988884130986008, 68.925538876020056 ], [ -136.988108697155639, 68.924955758281826 ], [ -136.989221186155419, 68.924574901697696 ], [ -136.994724511843856, 68.92533608435474 ], [ -136.997057403268997, 68.926322657085592 ], [ -137.000916272714704, 68.929014012451361 ], [ -137.001009940912326, 68.930322870953418 ], [ -137.000474341489166, 68.93156735033007 ], [ -136.998386552711366, 68.932471106636626 ] ] ], [ [ [ -138.58664695327667, 69.266835950123124 ], [ -138.582953567454638, 69.26179480195961 ], [ -138.582745720938988, 69.260024019224076 ], [ -138.58396804609032, 69.257914281473035 ], [ -138.58298088558692, 69.252228933142092 ], [ -138.587253313802506, 69.250224674336152 ], [ -138.588057319904379, 69.250505130154323 ], [ -138.588222044135193, 69.251072777222276 ], [ -138.587291563276267, 69.251930249003024 ], [ -138.585810325089227, 69.255463250184107 ], [ -138.586323261476906, 69.256313945762116 ], [ -138.588444428647904, 69.25750121670238 ], [ -138.589641424866755, 69.259716544466656 ], [ -138.589711520940057, 69.261593064696584 ], [ -138.592454717474169, 69.262429991180994 ], [ -138.59387456354267, 69.266523910091777 ], [ -138.596022808840814, 69.268393456682091 ], [ -138.596891971401874, 69.26992213587441 ], [ -138.602502577165211, 69.274621590593171 ], [ -138.605450368560867, 69.275918787662206 ], [ -138.605482875227466, 69.27677175185687 ], [ -138.604684681492898, 69.276886332137664 ], [ -138.601895136950645, 69.275761825365649 ], [ -138.593977088359338, 69.269253420586566 ], [ -138.590928441027785, 69.264544510031726 ], [ -138.589452341566385, 69.263698317916337 ], [ -138.58767911511643, 69.263476149886415 ], [ -138.59238060653027, 69.269715763758271 ], [ -138.599334912687908, 69.27577116057455 ], [ -138.60258683335195, 69.277296964564869 ], [ -138.602625639237232, 69.277862878628625 ], [ -138.601820468721741, 69.278040156811002 ], [ -138.599367236006941, 69.277081783511534 ], [ -138.593307073499574, 69.273237471141741 ], [ -138.58664695327667, 69.266835950123124 ] ] ], [ [ [ -139.57465381197099, 69.544355037944456 ], [ -139.577361144706316, 69.543363517467824 ], [ -139.58030500720244, 69.543441261589749 ], [ -139.586471152388327, 69.545204456306749 ], [ -139.588231653612866, 69.546896039412019 ], [ -139.591268622137562, 69.548292884803118 ], [ -139.578143779522293, 69.551263280900073 ], [ -139.574679537397998, 69.550894226723315 ], [ -139.573085050860414, 69.549033440764461 ], [ -139.573272051318753, 69.547384532864683 ], [ -139.57465381197099, 69.544355037944456 ] ] ], [ [ [ -139.490605613666247, 69.557561987651198 ], [ -139.440952364781992, 69.558238674727647 ], [ -139.436012542568079, 69.55771018052296 ], [ -139.434187699413116, 69.55704799457429 ], [ -139.435120064971244, 69.556580922972572 ], [ -139.449004147692108, 69.556910939795301 ], [ -139.459564340846583, 69.556367388194516 ], [ -139.479006057193345, 69.557210315170153 ], [ -139.496050996195493, 69.556030183211192 ], [ -139.505729617703111, 69.554857335408343 ], [ -139.509509772816642, 69.555104876883689 ], [ -139.505821993678524, 69.556104945765341 ], [ -139.490605613666247, 69.557561987651198 ] ] ], [ [ [ -136.479263640683229, 68.8950796349732 ], [ -136.476844125341728, 68.896577509257042 ], [ -136.474091487287353, 68.895815941957608 ], [ -136.473771478379774, 68.894463405085062 ], [ -136.472239546688229, 68.893884583924034 ], [ -136.468616133075699, 68.89430080481489 ], [ -136.468706775987272, 68.89304494048487 ], [ -136.47103744317198, 68.893024813688498 ], [ -136.474756047562778, 68.891682983503827 ], [ -136.474806490505017, 68.890946946441659 ], [ -136.471706332224755, 68.889610240010057 ], [ -136.468689245659561, 68.889076647061074 ], [ -136.468681046684651, 68.88721951081537 ], [ -136.47333255527613, 68.886375751936967 ], [ -136.473896746960435, 68.885132943618842 ], [ -136.475185342565652, 68.884682215154868 ], [ -136.478971107519357, 68.885115855332515 ], [ -136.477488064348364, 68.886007840761195 ], [ -136.477447595584323, 68.88651951428271 ], [ -136.478507270992651, 68.887111341163546 ], [ -136.475282887713377, 68.888386206766498 ], [ -136.47489199210915, 68.88924179182554 ], [ -136.477850255247461, 68.889942778583304 ], [ -136.478284994726721, 68.89086298558442 ], [ -136.479824697579971, 68.891558279968436 ], [ -136.47942761252142, 68.89269202404563 ], [ -136.48049992522246, 68.893095355134591 ], [ -136.482919251213161, 68.892428443163652 ], [ -136.484932373707693, 68.893128550640753 ], [ -136.484725732493445, 68.893758280724839 ], [ -136.482463380836009, 68.894540491158892 ], [ -136.479263640683229, 68.8950796349732 ] ] ], [ [ [ -138.432227415305334, 69.243860574645666 ], [ -138.420689177429097, 69.238321618814993 ], [ -138.420651204496977, 69.237576156871512 ], [ -138.43047778945305, 69.238117611776829 ], [ -138.432086011526735, 69.23885057501397 ], [ -138.43406499528902, 69.24072878687798 ], [ -138.436840225793162, 69.242080329763795 ], [ -138.438480052943277, 69.243836779858029 ], [ -138.437891387628014, 69.244537046987446 ], [ -138.435296913497893, 69.244651101491982 ], [ -138.432227415305334, 69.243860574645666 ] ] ], [ [ [ -139.479044607843178, 69.533592472093545 ], [ -139.479562645980252, 69.531713269561322 ], [ -139.480835530234543, 69.531473180721605 ], [ -139.48861464422302, 69.533101427608941 ], [ -139.487297433312932, 69.535054481167734 ], [ -139.487211611758823, 69.535905892136284 ], [ -139.484898136080432, 69.537805435457159 ], [ -139.483761154557925, 69.53793012555488 ], [ -139.480930836872176, 69.536990616411046 ], [ -139.480254090961495, 69.534607636913051 ], [ -139.479044607843178, 69.533592472093545 ] ] ], [ [ [ -139.325306355631312, 69.54261922337804 ], [ -139.315967635021963, 69.542018155426717 ], [ -139.313322991589814, 69.541409557900252 ], [ -139.311628516278745, 69.540460250391959 ], [ -139.316179309301475, 69.540306827616021 ], [ -139.325216171598214, 69.54147908123484 ], [ -139.326557084945335, 69.542039152411562 ], [ -139.325306355631312, 69.54261922337804 ] ] ], [ [ [ -138.437106972354314, 69.277983095496992 ], [ -138.442961386699238, 69.274542742136703 ], [ -138.444561371927108, 69.274081772045548 ], [ -138.445687988063412, 69.274197163895579 ], [ -138.445862877463611, 69.274648464897169 ], [ -138.445407411122545, 69.275503304096802 ], [ -138.439831763737573, 69.278086281211614 ], [ -138.438733256801044, 69.278375145925793 ], [ -138.437106972354314, 69.277983095496992 ] ] ], [ [ [ -138.599913620218757, 69.269398776409972 ], [ -138.601211879213508, 69.269111697724597 ], [ -138.604476464322829, 69.271203008001009 ], [ -138.60857123089346, 69.272892944671824 ], [ -138.607456448777725, 69.273353130353925 ], [ -138.603412954643858, 69.27280355193102 ], [ -138.601772088961184, 69.272062900359103 ], [ -138.600103541190208, 69.270200093356564 ], [ -138.599913620218757, 69.269398776409972 ] ] ], [ [ [ -138.619347151880362, 69.282966679803522 ], [ -138.62095579886909, 69.282396552883625 ], [ -138.629449122339452, 69.28144533960392 ], [ -138.6254964856372, 69.283517865343185 ], [ -138.623101328854972, 69.284095193993139 ], [ -138.619702591784716, 69.283653592691977 ], [ -138.619347151880362, 69.282966679803522 ] ] ], [ [ [ -139.111018089547684, 69.483842782725915 ], [ -139.1043055928304, 69.485707754337923 ], [ -139.1029731417824, 69.485154970546191 ], [ -139.105838495161066, 69.484280015258904 ], [ -139.108190209173216, 69.482556119086524 ], [ -139.110632351454058, 69.482995305556926 ], [ -139.111018089547684, 69.483842782725915 ] ] ], [ [ [ -138.454552115475025, 69.268189307994732 ], [ -138.458021999105227, 69.266248021504524 ], [ -138.460440970558977, 69.266355393732411 ], [ -138.458568486893853, 69.268068927156619 ], [ -138.455687149372807, 69.269094491812112 ], [ -138.453772627341806, 69.269218865244923 ], [ -138.454552115475025, 69.268189307994732 ] ] ], [ [ [ -138.920380414433964, 69.363275006943582 ], [ -138.925912643487322, 69.36102639216999 ], [ -138.926425409053024, 69.361247851029859 ], [ -138.926806641912634, 69.362840502812119 ], [ -138.924103514495954, 69.363705408671592 ], [ -138.92056500337381, 69.363734800818733 ], [ -138.920380414433964, 69.363275006943582 ] ] ], [ [ [ -139.488790613006358, 69.535327545455587 ], [ -139.491290470110016, 69.534048464393663 ], [ -139.492797250337134, 69.534492050844705 ], [ -139.490718713376282, 69.53706644411632 ], [ -139.489749229017235, 69.537363048435751 ], [ -139.488932496220059, 69.537311119085473 ], [ -139.488218978853894, 69.536524564522864 ], [ -139.488790613006358, 69.535327545455587 ] ] ], [ [ [ -136.541478474144128, 68.904171657780708 ], [ -136.542005127684632, 68.903153183348323 ], [ -136.543617493977422, 68.902708004613061 ], [ -136.54473040981074, 68.902599227102883 ], [ -136.54674647217189, 68.903298603293294 ], [ -136.546690779522237, 68.903927076513256 ], [ -136.544130302273373, 68.904703828738775 ], [ -136.541478474144128, 68.904171657780708 ] ] ], [ [ [ -139.48033598779341, 69.542116287700665 ], [ -139.482069985282806, 69.541530375394473 ], [ -139.483247759179221, 69.541917335915457 ], [ -139.483753246590936, 69.544191155570772 ], [ -139.481469080492019, 69.544216177027849 ], [ -139.480056285062744, 69.542804561185164 ], [ -139.48033598779341, 69.542116287700665 ] ] ] ] } },
{ "type": "Feature", "properties": { "DAUID": "60010120", "PRUID": "60", "PRNAME": "Yukon", "CDUID": "6001", "CDNAME": "Yukon", "CDTYPE": "TER", "CCSUID": "6001045", "CCSNAME": "Yukon, Unorganized", "CSDUID": "6001049", "CSDNAME": "Destruction Bay", "CSDTYPE": "SÉ", "ERUID": "6010", "ERNAME": "Yukon", "SACCODE": "000", "SACTYPE": "8", "CMAUID": null, "CMAPUID": null, "CMANAME": null, "CMATYPE": null, "CTUID": null, "CTNAME": null, "ADAUID": "60010010", "ALT_GEO_CODE": "60010120", "province": "Territories", "first_lang_eng_french": 0.0, "first_lang_french": 0.0, "know_eng_french": 5.0, "know_french_only": 0.0, "mother_eng_french": 0.0, "mother_french": 0.0, "mother_french_non_official": 0.0, "pop_0_14": 5.0, "pop_0_4": 0.0, "pop_15_19": 0.0, "pop_2021": 40.0, "pop_under_19": 5.0, "share_under_19": 0.125, "share_under_5": 0.0, "first_lang_eng_french_under_19": 0.0, "first_lang_eng_french_under_5": 0.0, "first_lang_french_under_19": 0.0, "first_lang_french_under_5": 0.0, "know_eng_french_under_19": 0.625, "know_eng_french_under_5": 0.0, "know_french_only_under_19": 0.0, "know_french_only_under_5": 0.0, "mother_eng_french_under_19": 0.0, "mother_eng_french_under_5": 0.0, "mother_french_under_19": 0.0, "mother_french_under_5": 0.0, "mother_french_non_official_under_19": 0.0, "mother_french_non_official_under_5": 0.0 }, "geometry": { "type": "Polygon", "coordinates": [ [ [ -138.729674358625118, 61.239314378011841 ], [ -138.769740913211706, 61.220945160734324 ], [ -138.865089690039866, 61.264266589163292 ], [ -138.827016157525009, 61.282798272677184 ], [ -138.729674358625118, 61.239314378011841 ] ] ] } },
{ "type": "Feature", "properties": { "DAUID": "60010121", "PRUID": "60", "PRNAME": "Yukon", "CDUID": "6001", "CDNAME": "Yukon", "CDTYPE": "TER", "CCSUID": "6001045", "CCSNAME": "Yukon, Unorganized", "CSDUID": "6001042", "CSDNAME": "Beaver Creek", "CSDTYPE": "SÉ", "ERUID": "6010", "ERNAME": "Yukon", "SACCODE": "000", "SACTYPE": "8", "CMAUID": null, "CMAPUID": null, "CMANAME": null, "CMATYPE": null, "CTUID": null, "CTNAME": null, "ADAUID": "60010004", "ALT_GEO_CODE": "60010121", "province": "Territories", "first_lang_eng_french": 0.0, "first_lang_french": 5.0, "know_eng_french": 10.0, "know_french_only": 0.0, "mother_eng_french": 0.0, "mother_french": 5.0, "mother_french_non_official": 0.0, "pop_0_14": 5.0, "pop_0_4": 5.0, "pop_15_19": 0.0, "pop_2021": 78.0, "pop_under_19": 5.0, "share_under_19": 0.064102564102564097, "share_under_5": 0.064102564102564097, "first_lang_eng_french_under_19": 0.0, "first_lang_eng_french_under_5": 0.0, "first_lang_french_under_19": 0.32051282051282048, "first_lang_french_under_5": 0.32051282051282048, "know_eng_french_under_19": 0.64102564102564097, "know_eng_french_under_5": 0.64102564102564097, "know_french_only_under_19": 0.0, "know_french_only_under_5": 0.0, "mother_eng_french_under_19": 0.0, "mother_eng_french_under_5": 0.0, "mother_french_under_19": 0.32051282051282048, "mother_french_under_5": 0.32051282051282048, "mother_french_non_official_under_19": 0.0, "mother_french_non_official_under_5": 0.0 }, "geometry": { "type": "Polygon", "coordinates": [ [ [ -140.835609607296846, 62.369799081699746 ], [ -140.844908690284569, 62.363815641235853 ], [ -140.856460101341895, 62.359753739058434 ], [ -140.866363158289886, 62.356922542219223 ], [ -140.878393554612785, 62.354436871086904 ], [ -140.895362424898195, 62.353641226617356 ], [ -140.917035519848412, 62.356438439518044 ], [ -140.926725692154832, 62.360397446745395 ], [ -140.937102132457056, 62.365354705795838 ], [ -140.949016748511923, 62.372724459532058 ], [ -140.95290831657428, 62.379959539634996 ], [ -140.950360472405833, 62.387650944820926 ], [ -140.941368063526426, 62.395798319845575 ], [ -140.935559123496517, 62.398910205276344 ], [ -140.925427144355865, 62.403153918216731 ], [ -140.912505651616158, 62.405057843227837 ], [ -140.901591446500817, 62.405565084745959 ], [ -140.879105650610427, 62.40474912299613 ], [ -140.869337733419854, 62.402941071033474 ], [ -140.859449193638255, 62.399390997057637 ], [ -140.847485953861678, 62.393836314813214 ], [ -140.841184769440446, 62.389978862057426 ], [ -140.838103913339864, 62.385978526420082 ], [ -140.83489246948352, 62.380568230741325 ], [ -140.832593965017935, 62.37458430531769 ], [ -140.835609607296846, 62.369799081699746 ] ] ] } },
{ "type": "Feature", "properties": { "DAUID": "60010122", "PRUID": "60", "PRNAME": "Yukon", "CDUID": "6001", "CDNAME": "Yukon", "CDTYPE": "TER", "CCSUID": "6001045", "CCSNAME": "Yukon, Unorganized", "CSDUID": "6001016", "CSDNAME": "Klukshu", "CSDTYPE": "S-É", "ERUID": "6010", "ERNAME": "Yukon", "SACCODE": "000", "SACTYPE": "8", "CMAUID": null, "CMAPUID": null, "CMANAME": null, "CMATYPE": null, "CTUID": null, "CTNAME": null, "ADAUID": "60010017", "ALT_GEO_CODE": null, "province": null, "first_lang_eng_french": null, "first_lang_french": null, "know_eng_french": null, "know_french_only": null, "mother_eng_french": null, "mother_french": null, "mother_french_non_official": null, "pop_0_14": null, "pop_0_4": null, "pop_15_19": null, "pop_2021": null, "pop_under_19": null, "share_under_19": null, "share_under_5": null, "first_lang_eng_french_under_19": null, "first_lang_eng_french_under_5": null, "first_lang_french_under_19": null, "first_lang_french_under_5": null, "know_eng_french_under_19": null, "know_eng_french_under_5": null, "know_french_only_under_19": null, "know_french_only_under_5": null, "mother_eng_french_under_19": null, "mother_eng_french_under_5": null, "mother_french_under_19": null, "mother_french_under_5": null, "mother_french_non_official_under_19": null, "mother_french_non_official_under_5": null }, "geometry": { "type": "Polygon", "coordinates": [ [ [ -136.976612371723462, 60.292562937651866 ], [ -136.983982395535719, 60.289348338564885 ], [ -136.992120013992832, 60.287447404118311 ], [ -136.999357740717812, 60.287720624207033 ], [ -137.007550721291636, 60.289153755998292 ], [ -137.014026148496498, 60.291244584681735 ], [ -137.018363725571731, 60.294098032743506 ], [ -137.019946611088471, 60.29857458483999 ], [ -137.018091010564149, 60.30384560936433 ], [ -137.015560275851584, 60.306641779980978 ], [ -137.009427134967581, 60.309704036678575 ], [ -137.001483473574694, 60.311894720476531 ], [ -136.994154487513953, 60.312180558465755 ], [ -136.987231528871206, 60.310875049235214 ], [ -136.981508742051687, 60.308610607960418 ], [ -136.97516648399656, 60.305117674070765 ], [ -136.972774458552266, 60.302256108847807 ], [ -136.971892422748084, 60.299050176936078 ], [ -136.972718160486295, 60.295788558691733 ], [ -136.976612371723462, 60.292562937651866 ] ] ] } },
{ "type": "Feature", "properties": { "DAUID": "60010123", "PRUID": "60", "PRNAME": "Yukon", "CDUID": "6001", "CDNAME": "Yukon", "CDTYPE": "TER", "CCSUID": "6001045", "CCSNAME": "Yukon, Unorganized", "CSDUID": "6001031", "CSDNAME": "Moosehide Creek 2", "CSDTYPE": "SG", "ERUID": "6010", "ERNAME": "Yukon", "SACCODE": "000", "SACTYPE": "8", "CMAUID": null, "CMAPUID": null, "CMANAME": null, "CMATYPE": null, "CTUID": null, "CTNAME": null, "ADAUID": "60010003", "ALT_GEO_CODE": "60010123", "province": "Territories", "first_lang_eng_french": null, "first_lang_french": null, "know_eng_french": null, "know_french_only": null, "mother_eng_french": null, "mother_french": null, "mother_french_non_official": null, "pop_0_14": null, "pop_0_4": null, "pop_15_19": null, "pop_2021": 0.0, "pop_under_19": null, "share_under_19": null, "share_under_5": null, "first_lang_eng_french_under_19": null, "first_lang_eng_french_under_5": null, "first_lang_french_under_19": null, "first_lang_french_under_5": null, "know_eng_french_under_19": null, "know_eng_french_under_5": null, "know_french_only_under_19": null, "know_french_only_under_5": null, "mother_eng_french_under_19": null, "mother_eng_french_under_5": null, "mother_french_under_19": null, "mother_french_under_5": null, "mother_french_non_official_under_19": null, "mother_french_non_official_under_5": null }, "geometry": { "type": "Polygon", "coordinates": [ [ [ -139.405869604205833, 64.126528109455876 ], [ -139.382394847750845, 64.100324997748672 ], [ -139.447735380108014, 64.091524375934256 ], [ -139.452392888321526, 64.100505623820922 ], [ -139.45493092281211, 64.104301182926292 ], [ -139.468121555020531, 64.114561531636483 ], [ -139.405869604205833, 64.126528109455876 ] ] ] } },
{ "type": "Feature", "properties": { "DAUID": "60010124", "PRUID": "60", "PRNAME": "Yukon", "CDUID": "6001", "CDNAME": "Yukon", "CDTYPE": "TER", "CCSUID": "6001045", "CCSNAME": "Yukon, Unorganized", "CSDUID": "6001018", "CSDNAME": "Haines Junction", "CSDTYPE": "VL", "ERUID": "6010", "ERNAME": "Yukon", "SACCODE": "000", "SACTYPE": "8", "CMAUID": null, "CMAPUID": null, "CMANAME": null, "CMATYPE": null, "CTUID": null, "CTNAME": null, "ADAUID": "60010013", "ALT_GEO_CODE": null, "province": null, "first_lang_eng_french": null, "first_lang_french": null, "know_eng_french": null, "know_french_only": null, "mother_eng_french": null, "mother_french": null, "mother_french_non_official": null, "pop_0_14": null, "pop_0_4": null, "pop_15_19": null, "pop_2021": null, "pop_under_19": null, "share_under_19": null, "share_under_5": null, "first_lang_eng_french_under_19": null, "first_lang_eng_french_under_5": null, "first_lang_french_under_19": null, "first_lang_french_under_5": null, "know_eng_french_under_19": null, "know_eng_french_under_5": null, "know_french_only_under_19": null, "know_french_only_under_5": null, "mother_eng_french_under_19": null, "mother_eng_french_under_5": null, "mother_french_under_19": null, "mother_french_under_5": null, "mother_french_non_official_under_19": null, "mother_french_non_official_under_5": null }, "geometry": { "type": "Polygon", "coordinates": [ [ [ -137.526017926356872, 60.79337606890202 ], [ -137.524004175581354, 60.793943934447398 ], [ -137.523012404985565, 60.795588464795991 ], [ -137.52329269340305, 60.798215133162699 ], [ -137.521570100835561, 60.799217647856651 ], [ -137.517936275745086, 60.800229048945901 ], [ -137.512309661428873, 60.800747834379031 ], [ -137.505598976205818, 60.798270966614204 ], [ -137.509121621555693, 60.796964555731783 ], [ -137.514708921387353, 60.79313484033397 ], [ -137.452402542234722, 60.792808312689523 ], [ -137.451349807399907, 60.740640304878305 ], [ -137.477406126297382, 60.741284735853604 ], [ -137.493858988792084, 60.742858641424284 ], [ -137.49640245783155, 60.739615109845651 ], [ -137.506843751366773, 60.741685007142237 ], [ -137.512803670152437, 60.743734379173659 ], [ -137.518325288582048, 60.748954720091525 ], [ -137.538951828452667, 60.751832891460388 ], [ -137.543386632895874, 60.753485971967997 ], [ -137.541605342145886, 60.756767566612204 ], [ -137.546728383457236, 60.757893295594073 ], [ -137.558461695243295, 60.764466719469446 ], [ -137.579467248813017, 60.771260358684493 ], [ -137.585783753241742, 60.772896389491301 ], [ -137.590032166891291, 60.77305653971645 ], [ -137.580725384354395, 60.786188845586771 ], [ -137.581135643188844, 60.786497468036664 ], [ -137.581296649851424, 60.788497560698858 ], [ -137.579438554283513, 60.790985629710974 ], [ -137.572734341498176, 60.792865996773642 ], [ -137.565887014813057, 60.793886382068017 ], [ -137.555678577208056, 60.793560138065018 ], [ -137.55088314083136, 60.794504738398409 ], [ -137.544879821047431, 60.793666525665948 ], [ -137.539193684624706, 60.794043702975401 ], [ -137.532602738849846, 60.793207076378231 ], [ -137.526017926356872, 60.79337606890202 ] ] ] } },
{ "type": "Feature", "properties": { "DAUID": "60010125", "PRUID": "60", "PRNAME": "Yukon", "CDUID": "6001", "CDNAME": "Yukon", "CDTYPE": "TER", "CCSUID": "6001045", "CCSNAME": "Yukon, Unorganized", "CSDUID": "6001019", "CSDNAME": "Kloo Lake", "CSDTYPE": "S-É", "ERUID": "6010", "ERNAME": "Yukon", "SACCODE": "000", "SACTYPE": "8", "CMAUID": null, "CMAPUID": null, "CMANAME": null, "CMATYPE": null, "CTUID": null, "CTNAME": null, "ADAUID": "60010012", "ALT_GEO_CODE": null, "province": null, "first_lang_eng_french": null, "first_lang_french": null, "know_eng_french": null, "know_french_only": null, "mother_eng_french": null, "mother_french": null, "mother_french_non_official": null, "pop_0_14": null, "pop_0_4": null, "pop_15_19": null, "pop_2021": null, "pop_under_19": null, "share_under_19": null, "share_under_5": null, "first_lang_eng_french_under_19": null, "first_lang_eng_french_under_5": null, "first_lang_french_under_19": null, "first_lang_french_under_5": null, "know_eng_french_under_19": null, "know_eng_french_under_5": null, "know_french_only_under_19": null, "know_french_only_under_5": null, "mother_eng_french_under_19": null, "mother_eng_french_under_5": null, "mother_french_under_19": null, "mother_french_under_5": null, "mother_french_non_official_under_19": null, "mother_french_non_official_under_5": null }, "geometry": { "type": "Polygon", "coordinates": [ [ [ -137.830662912823698, 60.916387880123708 ], [ -137.836067297709405, 60.913277215221527 ], [ -137.84336575915296, 60.910854144093889 ], [ -137.852654994622299, 60.909709244894181 ], [ -137.8637748857156, 60.909753240518448 ], [ -137.872780397983405, 60.911496123317548 ], [ -137.881235891540967, 60.915531574260562 ], [ -137.884473350520551, 60.919913010609648 ], [ -137.884320869645279, 60.923142183848256 ], [ -137.880838010105208, 60.926774757112106 ], [ -137.8765101040172, 60.929583814967081 ], [ -137.870515471770801, 60.931922330572625 ], [ -137.859253686760809, 60.933596793356209 ], [ -137.850575572506642, 60.933291025661248 ], [ -137.843434713062663, 60.931771577167758 ], [ -137.836209720188776, 60.92823317509685 ], [ -137.831725945142836, 60.924862212262184 ], [ -137.829757497985298, 60.920728064644933 ], [ -137.830662912823698, 60.916387880123708 ] ] ] } },
{ "type": "Feature", "properties": { "DAUID": "60010126", "PRUID": "60", "PRNAME": "Yukon", "CDUID": "6001", "CDNAME": "Yukon", "CDTYPE": "TER", "CCSUID": "6001045", "CCSNAME": "Yukon, Unorganized", "CSDUID": "6001039", "CSDNAME": "Burwash Landing", "CSDTYPE": "SÉ", "ERUID": "6010", "ERNAME": "Yukon", "SACCODE": "000", "SACTYPE": "8", "CMAUID": null, "CMAPUID": null, "CMANAME": null, "CMATYPE": null, "CTUID": null, "CTNAME": null, "ADAUID": "60010009", "ALT_GEO_CODE": "60010126", "province": "Territories", "first_lang_eng_french": 0.0, "first_lang_french": 5.0, "know_eng_french": 5.0, "know_french_only": 0.0, "mother_eng_french": 0.0, "mother_french": 5.0, "mother_french_non_official": 0.0, "pop_0_14": 5.0, "pop_0_4": 0.0, "pop_15_19": 0.0, "pop_2021": 64.0, "pop_under_19": 5.0, "share_under_19": 0.078125, "share_under_5": 0.0, "first_lang_eng_french_under_19": 0.0, "first_lang_eng_french_under_5": 0.0, "first_lang_french_under_19": 0.390625, "first_lang_french_under_5": 0.0, "know_eng_french_under_19": 0.390625, "know_eng_french_under_5": 0.0, "know_french_only_under_19": 0.0, "know_french_only_under_5": 0.0, "mother_eng_french_under_19": 0.0, "mother_eng_french_under_5": 0.0, "mother_french_under_19": 0.390625, "mother_french_under_5": 0.0, "mother_french_non_official_under_19": 0.0, "mother_french_non_official_under_5": 0.0 }, "geometry": { "type": "Polygon", "coordinates": [ [ [ -138.925221213524367, 61.339258955761714 ], [ -138.976941285044717, 61.313678734755591 ], [ -139.094344453713035, 61.363380441118643 ], [ -139.03952799439034, 61.388775215089417 ], [ -138.925221213524367, 61.339258955761714 ] ] ] } },
{ "type": "Feature", "properties": { "DAUID": "60010127", "PRUID": "60", "PRNAME": "Yukon", "CDUID": "6001", "CDNAME": "Yukon", "CDTYPE": "TER", "CCSUID": "6001045", "CCSNAME": "Yukon, Unorganized", "CSDUID": "6001038", "CSDNAME": "Champagne Landing 10", "CSDTYPE": "S-É", "ERUID": "6010", "ERNAME": "Yukon", "SACCODE": "000", "SACTYPE": "8", "CMAUID": null, "CMAPUID": null, "CMANAME": null, "CMATYPE": null, "CTUID": null, "CTNAME": null, "ADAUID": "60010016", "ALT_GEO_CODE": null, "province": null, "first_lang_eng_french": null, "first_lang_french": null, "know_eng_french": null, "know_french_only": null, "mother_eng_french": null, "mother_french": null, "mother_french_non_official": null, "pop_0_14": null, "pop_0_4": null, "pop_15_19": null, "pop_2021": null, "pop_under_19": null, "share_under_19": null, "share_under_5": null, "first_lang_eng_french_under_19": null, "first_lang_eng_french_under_5": null, "first_lang_french_under_19": null, "first_lang_french_under_5": null, "know_eng_french_under_19": null, "know_eng_french_under_5": null, "know_french_only_under_19": null, "know_french_only_under_5": null, "mother_eng_french_under_19": null, "mother_eng_french_under_5": null, "mother_french_under_19": null, "mother_french_under_5": null, "mother_french_non_official_under_19": null, "mother_french_non_official_under_5": null }, "geometry": { "type": "Polygon", "coordinates": [ [ [ -136.453411334616106, 60.781873242165538 ], [ -136.456412818315357, 60.778947299535908 ], [ -136.463056567887264, 60.77704871404211 ], [ -136.471484610533679, 60.776100278590874 ], [ -136.479270863274337, 60.776611753798505 ], [ -136.487390347220611, 60.778813917048289 ], [ -136.493123070912389, 60.781298824464329 ], [ -136.496816289739314, 60.784767223493816 ], [ -136.497696280904051, 60.788272612920416 ], [ -136.496634687780784, 60.790821504346994 ], [ -136.493454891756073, 60.793893484439643 ], [ -136.488099571283414, 60.796456661108436 ], [ -136.48334005748535, 60.797366676136186 ], [ -136.474410035926013, 60.798028567548712 ], [ -136.467820694830493, 60.796880102768888 ], [ -136.460369922224316, 60.794399394031984 ], [ -136.455401134016824, 60.791105853506842 ], [ -136.453665090541364, 60.788517715407494 ], [ -136.452698313277466, 60.785541997238496 ], [ -136.453411334616106, 60.781873242165538 ] ] ] } },
{ "type": "Feature", "properties": { "DAUID": "60010128", "PRUID": "60", "PRNAME": "Yukon", "CDUID": "6001", "CDNAME": "Yukon", "CDTYPE": "TER", "CCSUID": "6001045", "CCSNAME": "Yukon, Unorganized", "CSDUID": "6001041", "CSDNAME": "Pelly Crossing", "CSDTYPE": "SÉ", "ERUID": "6010", "ERNAME": "Yukon", "SACCODE": "000", "SACTYPE": "8", "CMAUID": null, "CMAPUID": null, "CMANAME": null, "CMATYPE": null, "CTUID": null, "CTNAME": null, "ADAUID": "60010008", "ALT_GEO_CODE": "60010128", "province": "Territories", "first_lang_eng_french": 0.0, "first_lang_french": 0.0, "know_eng_french": 5.0, "know_french_only": 0.0, "mother_eng_french": 0.0, "mother_french": 10.0, "mother_french_non_official": 0.0, "pop_0_14": 65.0, "pop_0_4": 15.0, "pop_15_19": 15.0, "pop_2021": 316.0, "pop_under_19": 80.0, "share_under_19": 0.25316455696202528, "share_under_5": 0.047468354430379701, "first_lang_eng_french_under_19": 0.0, "first_lang_eng_french_under_5": 0.0, "first_lang_french_under_19": 0.0, "first_lang_french_under_5": 0.0, "know_eng_french_under_19": 1.2658227848101269, "know_eng_french_under_5": 0.23734177215189869, "know_french_only_under_19": 0.0, "know_french_only_under_5": 0.0, "mother_eng_french_under_19": 0.0, "mother_eng_french_under_5": 0.0, "mother_french_under_19": 2.5316455696202533, "mother_french_under_5": 0.4746835443037975, "mother_french_non_official_under_19": 0.0, "mother_french_non_official_under_5": 0.0 }, "geometry": { "type": "Polygon", "coordinates": [ [ [ -136.557359176233689, 62.858210870027264 ], [ -136.513762503469593, 62.795852654021111 ], [ -136.60416370821153, 62.783647880827438 ], [ -136.64675421642761, 62.845416731184422 ], [ -136.557359176233689, 62.858210870027264 ] ] ] } },
{ "type": "Feature", "properties": { "DAUID": "60010130", "PRUID": "60", "PRNAME": "Yukon", "CDUID": "6001", "CDNAME": "Yukon", "CDTYPE": "TER", "CCSUID": "6001045", "CCSNAME": "Yukon, Unorganized", "CSDUID": "6001036", "CSDNAME": "Tagish", "CSDTYPE": "SÉ", "ERUID": "6010", "ERNAME": "Yukon", "SACCODE": "000", "SACTYPE": "8", "CMAUID": null, "CMAPUID": null, "CMANAME": null, "CMATYPE": null, "CTUID": null, "CTNAME": null, "ADAUID": "60010024", "ALT_GEO_CODE": "60010130", "province": "Territories", "first_lang_eng_french": 0.0, "first_lang_french": 5.0, "know_eng_french": 20.0, "know_french_only": 0.0, "mother_eng_french": 0.0, "mother_french": 5.0, "mother_french_non_official": 0.0, "pop_0_14": 25.0, "pop_0_4": 10.0, "pop_15_19": 10.0, "pop_2021": 311.0, "pop_under_19": 35.0, "share_under_19": 0.112540192926045, "share_under_5": 0.032154340836012797, "first_lang_eng_french_under_19": 0.0, "first_lang_eng_french_under_5": 0.0, "first_lang_french_under_19": 0.56270096463022512, "first_lang_french_under_5": 0.16077170418006431, "know_eng_french_under_19": 2.2508038585209005, "know_eng_french_under_5": 0.64308681672025725, "know_french_only_under_19": 0.0, "know_french_only_under_5": 0.0, "mother_eng_french_under_19": 0.0, "mother_eng_french_under_5": 0.0, "mother_french_under_19": 0.56270096463022512, "mother_french_under_5": 0.16077170418006431, "mother_french_non_official_under_19": 0.0, "mother_french_non_official_under_5": 0.0 }, "geometry": { "type": "Polygon", "coordinates": [ [ [ -134.24186243023928, 60.328409919361121 ], [ -134.22550501620853, 60.257694980767923 ], [ -134.269449179924237, 60.239844105355125 ], [ -134.292199652407589, 60.241130913185039 ], [ -134.302861714992076, 60.226247944550877 ], [ -134.328419368474243, 60.22095435613442 ], [ -134.33403400715622, 60.225004032337232 ], [ -134.329115228443499, 60.263792417626128 ], [ -134.341243265181731, 60.326171556583787 ], [ -134.24186243023928, 60.328409919361121 ] ] ] } },
{ "type": "Feature", "properties": { "DAUID": "60010131", "PRUID": "60", "PRNAME": "Yukon", "CDUID": "6001", "CDNAME": "Yukon", "CDTYPE": "TER", "CCSUID": "6001045", "CCSNAME": "Yukon, Unorganized", "CSDUID": "6001046", "CSDNAME": "Swift River", "CSDTYPE": "SÉ", "ERUID": "6010", "ERNAME": "Yukon", "SACCODE": "000", "SACTYPE": "8", "CMAUID": null, "CMAPUID": null, "CMANAME": null, "CMATYPE": null, "CTUID": null, "CTNAME": null, "ADAUID": "60010030", "ALT_GEO_CODE": null, "province": null, "first_lang_eng_french": null, "first_lang_french": null, "know_eng_french": null, "know_french_only": null, "mother_eng_french": null, "mother_french": null, "mother_french_non_official": null, "pop_0_14": null, "pop_0_4": null, "pop_15_19": null, "pop_2021": null, "pop_under_19": null, "share_under_19": null, "share_under_5": null, "first_lang_eng_french_under_19": null, "first_lang_eng_french_under_5": null, "first_lang_french_under_19": null, "first_lang_french_under_5": null, "know_eng_french_under_19": null, "know_eng_french_under_5": null, "know_french_only_under_19": null, "know_french_only_under_5": null, "mother_eng_french_under_19": null, "mother_eng_french_under_5": null, "mother_french_under_19": null, "mother_french_under_5": null, "mother_french_non_official_under_19": null, "mother_french_non_official_under_5": null }, "geometry": { "type": "Polygon", "coordinates": [ [ [ -130.986274806308131, 60.016132402919546 ], [ -130.98598397347061, 60.000013028181783 ], [ -131.103628622957473, 60.000059723249379 ], [ -131.102152467447837, 60.007063062599101 ], [ -131.097809875985973, 60.019140520711602 ], [ -131.091892271364856, 60.023929057221721 ], [ -131.081666133415581, 60.02907441163994 ], [ -131.064574546764845, 60.034387169972071 ], [ -131.043176831591865, 60.037485327346438 ], [ -131.027833315450465, 60.03751404944849 ], [ -131.001972554987447, 60.031997876793291 ], [ -130.990271242324496, 60.024369022496415 ], [ -130.986274806308131, 60.016132402919546 ] ] ] } },
{ "type": "Feature", "properties": { "DAUID": "60010132", "PRUID": "60", "PRNAME": "Yukon", "CDUID": "6001", "CDNAME": "Yukon", "CDTYPE": "TER", "CCSUID": "6001045", "CCSNAME": "Yukon, Unorganized", "CSDUID": "6001057", "CSDNAME": "Teslin", "CSDTYPE": "TL", "ERUID": "6010", "ERNAME": "Yukon", "SACCODE": "000", "SACTYPE": "8", "CMAUID": null, "CMAPUID": null, "CMANAME": null, "CMATYPE": null, "CTUID": null, "CTNAME": null, "ADAUID": "60010027", "ALT_GEO_CODE": "60010132", "province": "Territories", "first_lang_eng_french": null, "first_lang_french": null, "know_eng_french": null, "know_french_only": null, "mother_eng_french": null, "mother_french": null, "mother_french_non_official": null, "pop_0_14": null, "pop_0_4": null, "pop_15_19": null, "pop_2021": 0.0, "pop_under_19": null, "share_under_19": null, "share_under_5": null, "first_lang_eng_french_under_19": null, "first_lang_eng_french_under_5": null, "first_lang_french_under_19": null, "first_lang_french_under_5": null, "know_eng_french_under_19": null, "know_eng_french_under_5": null, "know_french_only_under_19": null, "know_french_only_under_5": null, "mother_eng_french_under_19": null, "mother_eng_french_under_5": null, "mother_french_under_19": null, "mother_french_under_5": null, "mother_french_non_official_under_19": null, "mother_french_non_official_under_5": null }, "geometry": { "type": "Polygon", "coordinates": [ [ [ -132.739354453087742, 60.234089993290539 ], [ -132.73741406028401, 60.231380699847627 ], [ -132.73697229762837, 60.229405989909473 ], [ -132.732704319875239, 60.226090415512644 ], [ -132.731159776251928, 60.222048832286696 ], [ -132.727574692030146, 60.216714713562368 ], [ -132.726355822428673, 60.213460107046757 ], [ -132.726509179933686, 60.209420573154723 ], [ -132.727540745431355, 60.205207456065715 ], [ -132.727345078549092, 60.19994931900289 ], [ -132.728714094951869, 60.198939787243503 ], [ -132.740093782706879, 60.197715034284784 ], [ -132.746417898666493, 60.19626872745711 ], [ -132.753770727387746, 60.193752663799977 ], [ -132.755803533709923, 60.191460647019532 ], [ -132.757865915040867, 60.190298921999592 ], [ -132.796943819112926, 60.196617868169312 ], [ -132.808633064692685, 60.23428031726975 ], [ -132.762931205041866, 60.26719042152525 ], [ -132.745490175377086, 60.2573021085988 ], [ -132.739354453087742, 60.234089993290539 ] ] ] } }
]
}
