{
"type": "FeatureCollection",
"name": "11_Prince_Edward_Island",
"crs": { "type": "name", "properties": { "name": "urn:ogc:def:crs:OGC:1.3:CRS84" } },
"features": [
{ "type": "Feature", "properties": { "CSDUID": "1101001", "CSDNAME": "Lot 64", "PRUID": "11", "PRNAME": "Prince Edward Island", "pop_2021": 0.0, "pop_under_19": 0.0, "pop_0_4": 0.0, "pop_15_19": 0.0, "first_lang_eng_french": 0.0, "first_lang_french": 0.0, "know_eng_french": 0.0, "know_french_only": 0.0, "mother_eng_french": 0.0, "mother_french": 0.0, "mother_french_non_official": 0.0, "first_lang_eng_french_under_19": 0.0, "first_lang_eng_french_under_5": 0.0, "first_lang_french_under_19": 0.0, "first_lang_french_under_5": 0.0, "know_eng_french_under_19": 0.0, "know_eng_french_under_5": 0.0, "know_french_only_under_19": 0.0, "know_french_only_under_5": 0.0, "mother_eng_french_under_19": 0.0, "mother_eng_french_under_5": 0.0, "mother_french_under_19": 0.0, "mother_french_under_5": 0.0, "mother_french_non_official_under_19": 0.0, "mother_french_non_official_under_5": 0.0, "share_under_19": 0.0, "share_under_5": 0.0 }, "geometry": { "type": "Polygon", "coordinates": [ [ [ -62.688482889903867, 46.012630509073169 ], [ -62.664215385062398, 46.011895796630981 ], [ -62.65912638682223, 46.012602979665331 ], [ -62.657895493254152, 46.010726978120083 ], [ -62.656645164284299, 46.010565026286557 ], [ -62.6493506410864, 46.012311541812586 ], [ -62.634319020151878, 46.013665222069257 ], [ -62.630393337327469, 46.011752888524008 ], [ -62.622755483065013, 46.012386467253009 ], [ -62.624556738790183, 46.006815273426049 ], [ -62.623414524657051, 46.006041693810552 ], [ -62.605076898244917, 46.007649273644645 ], [ -62.606154462725549, 46.011469313350048 ], [ -62.601949258253406, 46.011321466753031 ], [ -62.602412213677511, 46.013363679152732 ], [ -62.605020314215217, 46.015697576746597 ], [ -62.608878869545194, 46.016198543296404 ], [ -62.603927827450924, 46.01694052938096 ], [ -62.599256409296721, 46.018945302633895 ], [ -62.587001674576079, 46.020398214013625 ], [ -62.584010556227135, 46.02129279631113 ], [ -62.573568513768492, 46.024414810697742 ], [ -62.542047022627784, 46.031933111183641 ], [ -62.535655697140221, 46.031124273655116 ], [ -62.53481832417409, 46.027423278002345 ], [ -62.53341784386317, 46.02691719556897 ], [ -62.532604360281859, 46.02532081293549 ], [ -62.533390390986781, 46.024036993546666 ], [ -62.533273004202833, 46.02570156454933 ], [ -62.533852243368429, 46.024425871856586 ], [ -62.536728325162166, 46.02349254046684 ], [ -62.535929143455419, 46.021725241087445 ], [ -62.534064854629307, 46.022185665143923 ], [ -62.530751620643564, 46.021344092315985 ], [ -62.522882928329764, 46.022931575254567 ], [ -62.522027361736626, 46.021832850641793 ], [ -62.514907543553861, 46.019195614673905 ], [ -62.512965347189436, 46.019433601969979 ], [ -62.50935858111913, 46.018239125968087 ], [ -62.508568160832525, 46.017047705436632 ], [ -62.510064618646325, 46.015126960268418 ], [ -62.50261797345685, 46.011755502245492 ], [ -62.497933648546521, 46.012437419135075 ], [ -62.493943894648758, 46.01488917517905 ], [ -62.482863686565985, 46.015792660625443 ], [ -62.480037347620566, 46.016978608315775 ], [ -62.479877811937321, 46.019629833587089 ], [ -62.478216146124886, 46.021659946710948 ], [ -62.473443094136819, 46.018971797856722 ], [ -62.463267073244559, 46.017611202927043 ], [ -62.459335435756451, 46.016340738817554 ], [ -62.454195742910535, 46.017802346524626 ], [ -62.453630865030973, 46.015223202256813 ], [ -62.453041283796537, 46.015147859569701 ], [ -62.454667085436583, 46.012312055484493 ], [ -62.454448950896989, 46.010000308425283 ], [ -62.457265268475311, 46.003230652404746 ], [ -62.463599781460481, 46.000923879864267 ], [ -62.466317360554548, 45.997141090420811 ], [ -62.467833296362443, 45.996672031220029 ], [ -62.47078362724632, 45.993940965923663 ], [ -62.48387287723385, 45.988749737285779 ], [ -62.491669116968119, 45.983384450739408 ], [ -62.502368369099763, 45.978031314727673 ], [ -62.504968193812147, 45.976017528422204 ], [ -62.516935909593307, 45.972918585565616 ], [ -62.522099001429936, 45.972940292337753 ], [ -62.531155341839089, 45.970502698054808 ], [ -62.563460627609487, 45.965905459274381 ], [ -62.623486951883862, 45.96432790243292 ], [ -62.636406152640347, 45.962344636047163 ], [ -62.643181527134047, 45.962365987530156 ], [ -62.663218466654591, 45.959051643627269 ], [ -62.667632689449036, 45.959064573724135 ], [ -62.688482889903867, 46.012630509073169 ] ], [ [ -62.582133091391952, 46.016107294938813 ], [ -62.581843464032211, 46.016096616383479 ], [ -62.584010556227135, 46.02129279631113 ], [ -62.582133091391952, 46.016107294938813 ] ], [ [ -62.542753124651739, 46.002318436359261 ], [ -62.536108162052933, 46.002143910565756 ], [ -62.537578108371974, 45.999042094465658 ], [ -62.536371800206318, 45.999676186543809 ], [ -62.530379276186494, 45.9920644057649 ], [ -62.52606318055679, 45.992863934206568 ], [ -62.517340404811762, 45.999434645202214 ], [ -62.512976573894214, 46.001048500118998 ], [ -62.521461512616469, 46.016967405841051 ], [ -62.52767692555247, 46.018446317519917 ], [ -62.542088483715489, 46.01326891659847 ], [ -62.546951614009906, 46.012302174094962 ], [ -62.547431978644028, 46.011628237814179 ], [ -62.545400075775795, 46.006747973576296 ], [ -62.542753124651739, 46.002318436359261 ] ], [ [ -62.610843482255646, 45.967354703967061 ], [ -62.562866907899867, 45.969188290578458 ], [ -62.562491880882078, 45.969251717022772 ], [ -62.610843482255646, 45.967354703967061 ] ], [ [ -62.581319512012918, 46.016077298282333 ], [ -62.569749803182368, 46.018752513231078 ], [ -62.581769742527335, 46.016093898272977 ], [ -62.581319512012918, 46.016077298282333 ] ] ] } },
{ "type": "Feature", "properties": { "CSDUID": "1101002", "CSDNAME": "Murray Harbour", "PRUID": "11", "PRNAME": "Prince Edward Island", "pop_2021": 282.0, "pop_under_19": 45.0, "pop_0_4": 10.0, "pop_15_19": 10.0, "first_lang_eng_french": 0.0, "first_lang_french": 0.0, "know_eng_french": 10.0, "know_french_only": 0.0, "mother_eng_french": 0.0, "mother_french": 0.0, "mother_french_non_official": 0.0, "first_lang_eng_french_under_19": 0.0, "first_lang_eng_french_under_5": 0.0, "first_lang_french_under_19": 0.0, "first_lang_french_under_5": 0.0, "know_eng_french_under_19": 1.5957446808510638, "know_eng_french_under_5": 0.3546099290780142, "know_french_only_under_19": 0.0, "know_french_only_under_5": 0.0, "mother_eng_french_under_19": 0.0, "mother_eng_french_under_5": 0.0, "mother_french_under_19": 0.0, "mother_french_under_5": 0.0, "mother_french_non_official_under_19": 0.0, "mother_french_non_official_under_5": 0.0, "share_under_19": 0.15957446808510639, "share_under_5": 0.035460992907801421 }, "geometry": { "type": "Polygon", "coordinates": [ [ [ -62.521541069906014, 46.016702580087724 ], [ -62.512976573894214, 46.001048500118998 ], [ -62.517340404811762, 45.999434645202214 ], [ -62.52606318055679, 45.992863934206568 ], [ -62.531047512680679, 45.992454198938503 ], [ -62.536371800206318, 45.999676186543809 ], [ -62.537578108371974, 45.999042094465658 ], [ -62.536108162052933, 46.002143910565756 ], [ -62.542753124651739, 46.002318436359261 ], [ -62.547431978644028, 46.011628237814179 ], [ -62.52767692555247, 46.018446317519917 ], [ -62.521541069906014, 46.016702580087724 ] ] ] } },
{ "type": "Feature", "properties": { "CSDUID": "1101004", "CSDNAME": "Murray River", "PRUID": "11", "PRNAME": "Prince Edward Island", "pop_2021": 337.0, "pop_under_19": 60.0, "pop_0_4": 10.0, "pop_15_19": 15.0, "first_lang_eng_french": 0.0, "first_lang_french": 5.0, "know_eng_french": 25.0, "know_french_only": 0.0, "mother_eng_french": 0.0, "mother_french": 5.0, "mother_french_non_official": 0.0, "first_lang_eng_french_under_19": 0.0, "first_lang_eng_french_under_5": 0.0, "first_lang_french_under_19": 0.89020771513353125, "first_lang_french_under_5": 0.14836795252225521, "know_eng_french_under_19": 4.4510385756676563, "know_eng_french_under_5": 0.74183976261127604, "know_french_only_under_19": 0.0, "know_french_only_under_5": 0.0, "mother_eng_french_under_19": 0.0, "mother_eng_french_under_5": 0.0, "mother_french_under_19": 0.89020771513353125, "mother_french_under_5": 0.14836795252225521, "mother_french_non_official_under_19": 0.0, "mother_french_non_official_under_5": 0.0, "share_under_19": 0.17804154302670624, "share_under_5": 0.02967359050445104 }, "geometry": { "type": "Polygon", "coordinates": [ [ [ -62.61572109583075, 46.020084750997881 ], [ -62.610198665404674, 46.016543915833289 ], [ -62.605020314215217, 46.015697576746597 ], [ -62.602412213677511, 46.013363679152732 ], [ -62.601949258253406, 46.011321466753031 ], [ -62.606154462725549, 46.011469313350048 ], [ -62.605076898244917, 46.007649273644645 ], [ -62.622247980565014, 46.006085603133307 ], [ -62.624556738790183, 46.006815273426049 ], [ -62.620356400735467, 46.01943776533934 ], [ -62.61572109583075, 46.020084750997881 ] ] ] } },
{ "type": "Feature", "properties": { "CSDUID": "1101006", "CSDNAME": "Lot 63", "PRUID": "11", "PRNAME": "Prince Edward Island", "pop_2021": 0.0, "pop_under_19": 0.0, "pop_0_4": 0.0, "pop_15_19": 0.0, "first_lang_eng_french": 0.0, "first_lang_french": 0.0, "know_eng_french": 0.0, "know_french_only": 0.0, "mother_eng_french": 0.0, "mother_french": 0.0, "mother_french_non_official": 0.0, "first_lang_eng_french_under_19": 0.0, "first_lang_eng_french_under_5": 0.0, "first_lang_french_under_19": 0.0, "first_lang_french_under_5": 0.0, "know_eng_french_under_19": 0.0, "know_eng_french_under_5": 0.0, "know_french_only_under_19": 0.0, "know_french_only_under_5": 0.0, "mother_eng_french_under_19": 0.0, "mother_eng_french_under_5": 0.0, "mother_french_under_19": 0.0, "mother_french_under_5": 0.0, "mother_french_non_official_under_19": 0.0, "mother_french_non_official_under_5": 0.0, "share_under_19": 0.0, "share_under_5": 0.0 }, "geometry": { "type": "MultiPolygon", "coordinates": [ [ [ [ -62.493365984470707, 46.023803573809346 ], [ -62.497239650393588, 46.024063688957888 ], [ -62.501322354417951, 46.022632499817846 ], [ -62.501880299932751, 46.023804999878223 ], [ -62.501142232933944, 46.02542182561929 ], [ -62.497491268181264, 46.02766490478291 ], [ -62.496043181273151, 46.027766544842777 ], [ -62.492822540432464, 46.026717266634428 ], [ -62.493365984470707, 46.023803573809346 ] ] ], [ [ [ -62.514908430855144, 46.036560460152508 ], [ -62.517093746443678, 46.036407710025436 ], [ -62.518201944846837, 46.035287354698802 ], [ -62.514634235548044, 46.033931217517647 ], [ -62.51395720836743, 46.034504357766167 ], [ -62.510652602105353, 46.034103231734711 ], [ -62.508292188916315, 46.032149045406854 ], [ -62.509041873781207, 46.030667207638054 ], [ -62.512162829637923, 46.028421489241765 ], [ -62.509880143243038, 46.027925722798948 ], [ -62.509250028334691, 46.029048048035925 ], [ -62.5049321413846, 46.029290438002214 ], [ -62.503437088586843, 46.027420880268487 ], [ -62.510038424121397, 46.026099331967444 ], [ -62.510852457458725, 46.027560867066462 ], [ -62.514593161976592, 46.029763882959962 ], [ -62.515025261488233, 46.033545857246487 ], [ -62.516825378561599, 46.03457950289576 ], [ -62.522194924573967, 46.035304123547341 ], [ -62.521458479374211, 46.036786078699059 ], [ -62.519222781439289, 46.036785688001508 ], [ -62.515989728925113, 46.038527112404459 ], [ -62.516022946504499, 46.040642307352527 ], [ -62.514078447571727, 46.036889951637534 ], [ -62.514438960789178, 46.035568433290493 ], [ -62.514908430855144, 46.036560460152508 ] ] ], [ [ [ -62.505411885483348, 46.032001604813608 ], [ -62.505971806307684, 46.032976061206199 ], [ -62.50555380002131, 46.034927332491478 ], [ -62.502319151989127, 46.033932256745338 ], [ -62.502097046689606, 46.03276124180406 ], [ -62.505411885483348, 46.032001604813608 ] ] ], [ [ [ -62.45230299633463, 46.093411220735177 ], [ -62.449948089291532, 46.089556826163751 ], [ -62.452118951438521, 46.085868173347123 ], [ -62.452844509276119, 46.081821529407392 ], [ -62.457145538013336, 46.077143933444198 ], [ -62.461049958829484, 46.075938369112897 ], [ -62.463174034530226, 46.074274303010846 ], [ -62.463196826742873, 46.073257385977087 ], [ -62.465834846031143, 46.070578694320126 ], [ -62.467668882600854, 46.066771138909971 ], [ -62.468137549810322, 46.06310623703525 ], [ -62.470555033835012, 46.058369299078585 ], [ -62.470361164543007, 46.052013097547018 ], [ -62.473958491514075, 46.051965796221246 ], [ -62.477769934354058, 46.050032250229066 ], [ -62.483875500532982, 46.03012432818722 ], [ -62.483531205667184, 46.022697517910629 ], [ -62.485390425267589, 46.021436832494558 ], [ -62.486755693354993, 46.023288050394676 ], [ -62.485620675595641, 46.025866054403224 ], [ -62.485634103779283, 46.031383306131744 ], [ -62.484486640716391, 46.032494165154368 ], [ -62.481757030470156, 46.045262239540058 ], [ -62.492412903896032, 46.04888318428295 ], [ -62.492231482423044, 46.050340414011977 ], [ -62.494001185844731, 46.050474251680413 ], [ -62.494939227506713, 46.052503483295574 ], [ -62.495444702684608, 46.05093965202402 ], [ -62.496909393418889, 46.050496091766291 ], [ -62.495962134868819, 46.049474897331571 ], [ -62.496779460107859, 46.04914549024457 ], [ -62.504401433968063, 46.04818876822155 ], [ -62.514028892551508, 46.044017976982332 ], [ -62.51697752904775, 46.043814452284686 ], [ -62.518367094868374, 46.044540339908821 ], [ -62.515291065710116, 46.04452734251948 ], [ -62.518254231246623, 46.045628915536959 ], [ -62.520545705114863, 46.045197521778782 ], [ -62.518755772556673, 46.044433974228497 ], [ -62.519909715796608, 46.042521775900006 ], [ -62.520688375126007, 46.04293575183258 ], [ -62.535429797202092, 46.039337646989544 ], [ -62.536914153840847, 46.036685297650898 ], [ -62.535655697140221, 46.031124273655116 ], [ -62.542047022627784, 46.031933111183641 ], [ -62.573568513768492, 46.024414810697742 ], [ -62.587001674576079, 46.020398214013625 ], [ -62.599256409296721, 46.018945302633895 ], [ -62.603927827450924, 46.01694052938096 ], [ -62.608878869545194, 46.016198543296404 ], [ -62.61572109583075, 46.020084750997881 ], [ -62.620356400735467, 46.01943776533934 ], [ -62.622755483065013, 46.012386467253009 ], [ -62.626620685408611, 46.011589259593741 ], [ -62.630393337327469, 46.011752888524008 ], [ -62.634319020151878, 46.013665222069257 ], [ -62.6493506410864, 46.012311541812586 ], [ -62.656645164284299, 46.010565026286557 ], [ -62.657895493254152, 46.010726978120083 ], [ -62.65912638682223, 46.012602979665331 ], [ -62.664215385062398, 46.011895796630981 ], [ -62.688482889903867, 46.012630509073169 ], [ -62.705183588015231, 46.05408315472603 ], [ -62.616440535355508, 46.071600281696853 ], [ -62.538768869193959, 46.087637329980787 ], [ -62.530041966771563, 46.090138446542767 ], [ -62.529188568973851, 46.08969601794611 ], [ -62.4876868602393, 46.098470250429791 ], [ -62.46531406122746, 46.101188794678855 ], [ -62.448852622123034, 46.104734894073665 ], [ -62.448535787627016, 46.104067362208042 ], [ -62.451491594656453, 46.10218254559458 ], [ -62.452648987801787, 46.100280030552383 ], [ -62.452419762758161, 46.096417913818364 ], [ -62.451246180983965, 46.096296652382165 ], [ -62.452770939331693, 46.09621780855003 ], [ -62.45230299633463, 46.093411220735177 ] ], [ [ -62.521801109964017, 46.05699310095725 ], [ -62.520429719117914, 46.051137195228677 ], [ -62.520230078659232, 46.050968347201533 ], [ -62.521801109964017, 46.05699310095725 ] ], [ [ -62.519782470232776, 46.050589777645847 ], [ -62.519210582693809, 46.050106097717737 ], [ -62.518847040007337, 46.050096287306658 ], [ -62.519782470232776, 46.050589777645847 ] ], [ [ -62.507951387559537, 46.050753640608242 ], [ -62.514832246261328, 46.049987945759661 ], [ -62.514067187774849, 46.049967300210923 ], [ -62.507951387559537, 46.050753640608242 ] ], [ [ -62.492123082752741, 46.054140938585213 ], [ -62.490619095035299, 46.054194398300183 ], [ -62.488824232351959, 46.054528653420718 ], [ -62.492123082752741, 46.054140938585213 ] ], [ [ -62.486533980899353, 46.054955164196414 ], [ -62.486371601430328, 46.054985403929791 ], [ -62.486175958918274, 46.055244953034183 ], [ -62.486533980899353, 46.054955164196414 ] ], [ [ -62.485145339599164, 46.05661222397358 ], [ -62.484944996738854, 46.056878008794165 ], [ -62.482189990836254, 46.062553702322724 ], [ -62.485145339599164, 46.05661222397358 ] ], [ [ -62.465504678809111, 46.077993304542375 ], [ -62.46537535727731, 46.078231543409494 ], [ -62.482189990836254, 46.062553702322724 ], [ -62.465504678809111, 46.077993304542375 ] ], [ [ -62.459941104326568, 46.090553318073972 ], [ -62.459897491319246, 46.090666297707187 ], [ -62.459978541932458, 46.090823750642635 ], [ -62.459941104326568, 46.090553318073972 ] ] ] ] } },
{ "type": "Feature", "properties": { "CSDUID": "1101008", "CSDNAME": "Lot 61", "PRUID": "11", "PRNAME": "Prince Edward Island", "pop_2021": 0.0, "pop_under_19": 0.0, "pop_0_4": 0.0, "pop_15_19": 0.0, "first_lang_eng_french": 0.0, "first_lang_french": 0.0, "know_eng_french": 0.0, "know_french_only": 0.0, "mother_eng_french": 0.0, "mother_french": 0.0, "mother_french_non_official": 0.0, "first_lang_eng_french_under_19": 0.0, "first_lang_eng_french_under_5": 0.0, "first_lang_french_under_19": 0.0, "first_lang_french_under_5": 0.0, "know_eng_french_under_19": 0.0, "know_eng_french_under_5": 0.0, "know_french_only_under_19": 0.0, "know_french_only_under_5": 0.0, "mother_eng_french_under_19": 0.0, "mother_eng_french_under_5": 0.0, "mother_french_under_19": 0.0, "mother_french_under_5": 0.0, "mother_french_non_official_under_19": 0.0, "mother_french_non_official_under_5": 0.0, "share_under_19": 0.0, "share_under_5": 0.0 }, "geometry": { "type": "Polygon", "coordinates": [ [ [ -62.532553492097023, 46.088971910904853 ], [ -62.705183588015231, 46.05408315472603 ], [ -62.721743608053423, 46.095424307671337 ], [ -62.580110579534455, 46.122788806399562 ], [ -62.545226211342225, 46.130372362958987 ], [ -62.546583525438962, 46.128042796378139 ], [ -62.548800457582828, 46.12761954452602 ], [ -62.548678458137267, 46.126710050329649 ], [ -62.544876155685657, 46.124741959822899 ], [ -62.541655080364279, 46.119832995988524 ], [ -62.541271774029703, 46.117940007380867 ], [ -62.540177981049432, 46.11747894715694 ], [ -62.53950978957738, 46.117898316541151 ], [ -62.54030372755863, 46.11891854163855 ], [ -62.536187488839467, 46.12053096301694 ], [ -62.532125584090529, 46.123340450531856 ], [ -62.532712515365915, 46.124341867979396 ], [ -62.53188271540666, 46.124509481687454 ], [ -62.531633828902699, 46.123329420876935 ], [ -62.526460165658833, 46.121391087474535 ], [ -62.522445178185414, 46.121707382983587 ], [ -62.515916242224236, 46.120878909110274 ], [ -62.512131855907377, 46.118522770065383 ], [ -62.511254082726154, 46.116799977123229 ], [ -62.513853964339162, 46.118431113058755 ], [ -62.515141047861228, 46.117770569957564 ], [ -62.515831610747547, 46.115766448917881 ], [ -62.515085531617878, 46.113774248957348 ], [ -62.516419268178431, 46.113680887081678 ], [ -62.518493274885365, 46.111799603875902 ], [ -62.519077366395443, 46.110110043100356 ], [ -62.520994144302698, 46.108426062375507 ], [ -62.521395886418652, 46.105367683754906 ], [ -62.520176628891583, 46.108692637948671 ], [ -62.517921792328842, 46.11055517004975 ], [ -62.517665425811984, 46.111760120300708 ], [ -62.514798154003152, 46.112603001606978 ], [ -62.514063517165866, 46.113733903487031 ], [ -62.512497155322187, 46.113790225836162 ], [ -62.50739249943652, 46.111545305749232 ], [ -62.500000018852809, 46.111296319096368 ], [ -62.500000005567607, 46.110541112902382 ], [ -62.502224751930001, 46.110604911364803 ], [ -62.500873355731223, 46.109788989362158 ], [ -62.497272959271406, 46.110124232706795 ], [ -62.495674578340648, 46.109442175455392 ], [ -62.494836291295329, 46.110554485535673 ], [ -62.496277238298525, 46.11146985611304 ], [ -62.49828768293721, 46.11666281167723 ], [ -62.498086055832317, 46.118911958843533 ], [ -62.495950395353475, 46.1203515833271 ], [ -62.486882827746932, 46.121184277118672 ], [ -62.485330920534572, 46.119665270704679 ], [ -62.479651212378002, 46.118073525239815 ], [ -62.469122383432762, 46.121717637243151 ], [ -62.468319916635593, 46.124198456170134 ], [ -62.46931081790656, 46.137879042193397 ], [ -62.468754470364807, 46.140865571093229 ], [ -62.469880883319959, 46.140870815004504 ], [ -62.471961220444065, 46.13848838733248 ], [ -62.469735036527602, 46.136717410735216 ], [ -62.469403441531384, 46.134458478742047 ], [ -62.475351612898301, 46.13552502237593 ], [ -62.483697313326154, 46.135210158015084 ], [ -62.492157099166128, 46.133151031347488 ], [ -62.497332927479633, 46.133416905747026 ], [ -62.501204558985393, 46.131885862266998 ], [ -62.50852799470772, 46.135202627196833 ], [ -62.507982469171118, 46.136856310768017 ], [ -62.499599460805733, 46.14187799010702 ], [ -62.498399228616478, 46.141437720753387 ], [ -62.496999221745369, 46.142555646080353 ], [ -62.497760363217594, 46.14570903904125 ], [ -62.499275696754765, 46.146443314670542 ], [ -62.500696899479699, 46.145678568438612 ], [ -62.499409454968585, 46.144122259200763 ], [ -62.500083968648148, 46.143990212401441 ], [ -62.501484669501949, 46.14626149022078 ], [ -62.498878082368194, 46.147218460903531 ], [ -62.493691319176484, 46.146550042048972 ], [ -62.489259207488473, 46.147129467623373 ], [ -62.481817789280484, 46.149259878931446 ], [ -62.477614942430527, 46.148655732916644 ], [ -62.466529535572839, 46.144725475200289 ], [ -62.467577371537025, 46.140797302950361 ], [ -62.467795819901731, 46.128873130999366 ], [ -62.466605309339904, 46.123467493082984 ], [ -62.45671312467838, 46.113286702695433 ], [ -62.454774094810382, 46.107823359607906 ], [ -62.449422892461683, 46.104912262951139 ], [ -62.46531406122746, 46.101188794678855 ], [ -62.4876868602393, 46.098470250429791 ], [ -62.529188568973851, 46.08969601794611 ], [ -62.530041966771563, 46.090138446542767 ], [ -62.532553492097023, 46.088971910904853 ] ], [ [ -62.575850412180017, 46.09098439675607 ], [ -62.575594083391024, 46.091034313649125 ], [ -62.584301588236322, 46.111094898300372 ], [ -62.575850412180017, 46.09098439675607 ] ] ] } },
{ "type": "Feature", "properties": { "CSDUID": "1101009", "CSDNAME": "Lot 59", "PRUID": "11", "PRNAME": "Prince Edward Island", "pop_2021": 0.0, "pop_under_19": 0.0, "pop_0_4": 0.0, "pop_15_19": 0.0, "first_lang_eng_french": 0.0, "first_lang_french": 0.0, "know_eng_french": 0.0, "know_french_only": 0.0, "mother_eng_french": 0.0, "mother_french": 0.0, "mother_french_non_official": 0.0, "first_lang_eng_french_under_19": 0.0, "first_lang_eng_french_under_5": 0.0, "first_lang_french_under_19": 0.0, "first_lang_french_under_5": 0.0, "know_eng_french_under_19": 0.0, "know_eng_french_under_5": 0.0, "know_french_only_under_19": 0.0, "know_french_only_under_5": 0.0, "mother_eng_french_under_19": 0.0, "mother_eng_french_under_5": 0.0, "mother_french_under_19": 0.0, "mother_french_under_5": 0.0, "mother_french_non_official_under_19": 0.0, "mother_french_non_official_under_5": 0.0, "share_under_19": 0.0, "share_under_5": 0.0 }, "geometry": { "type": "Polygon", "coordinates": [ [ [ -62.721743608053423, 46.095424307671337 ], [ -62.738520958908218, 46.136799849077782 ], [ -62.651404324135058, 46.155461926820948 ], [ -62.64959360614219, 46.154190419088366 ], [ -62.64891763755913, 46.154895234822327 ], [ -62.648142398330137, 46.15403201880823 ], [ -62.648351947928958, 46.154783773221638 ], [ -62.647588355644686, 46.154986088327995 ], [ -62.647098593839324, 46.154283733741906 ], [ -62.632689408487082, 46.161193411057546 ], [ -62.632384899389912, 46.16200362183374 ], [ -62.633380980291307, 46.161904758134803 ], [ -62.636078887357819, 46.166565290644009 ], [ -62.638476994872669, 46.167080395305092 ], [ -62.633807766707783, 46.167217265384423 ], [ -62.629241642629381, 46.166210343080181 ], [ -62.619568990017342, 46.169678879827693 ], [ -62.612170017347438, 46.174311610853287 ], [ -62.582293490801504, 46.177262438724235 ], [ -62.556152540652086, 46.176643382710488 ], [ -62.548619409543299, 46.172270402228747 ], [ -62.547700217755775, 46.173461808982921 ], [ -62.546948311228292, 46.17194681985923 ], [ -62.54355349766427, 46.170466283982663 ], [ -62.542857213366545, 46.168510491482756 ], [ -62.54001106432893, 46.166510063090406 ], [ -62.536117792850014, 46.165828323176697 ], [ -62.534627889736385, 46.164328249933881 ], [ -62.532354861918535, 46.163535958046836 ], [ -62.529125000082622, 46.164080701950589 ], [ -62.527025863146612, 46.161147019985272 ], [ -62.525131949012618, 46.159978146112593 ], [ -62.525087523618829, 46.159122947914412 ], [ -62.52924055188074, 46.155090082623595 ], [ -62.530661432877295, 46.150955862786688 ], [ -62.534543055690548, 46.148271707255361 ], [ -62.535988552367307, 46.145766544348881 ], [ -62.537102089938067, 46.145771063101137 ], [ -62.535597375830903, 46.147627971818686 ], [ -62.542237057466522, 46.149571789444998 ], [ -62.544851808385829, 46.148124213932107 ], [ -62.543990046635692, 46.1474187703041 ], [ -62.546817703948285, 46.14683600120177 ], [ -62.547255272300504, 46.145586715079666 ], [ -62.546589870995803, 46.144621064278859 ], [ -62.547602034117794, 46.142771057434238 ], [ -62.546317195126313, 46.141559941727564 ], [ -62.533844056541511, 46.140573745683078 ], [ -62.530799359745984, 46.139292276787565 ], [ -62.528776229539076, 46.136655917048934 ], [ -62.52981819125278, 46.132880151477814 ], [ -62.533043255893411, 46.132686363570031 ], [ -62.53548858360756, 46.131310301602682 ], [ -62.53499162178845, 46.13037225042094 ], [ -62.536024672804032, 46.130673450933237 ], [ -62.536338247847638, 46.131871744462586 ], [ -62.540819867262478, 46.13156583251449 ], [ -62.587124762355359, 46.121455344455477 ], [ -62.721743608053423, 46.095424307671337 ] ], [ [ -62.581462788878277, 46.137364999728746 ], [ -62.581324610519218, 46.137429196724533 ], [ -62.63187968883669, 46.127224294427393 ], [ -62.581462788878277, 46.137364999728746 ] ], [ [ -62.551853513381985, 46.148592907082239 ], [ -62.550888615504597, 46.146222095796105 ], [ -62.553077215468385, 46.152593705629442 ], [ -62.551853513381985, 46.148592907082239 ] ], [ [ -62.554461285403036, 46.131916807574335 ], [ -62.550918612018052, 46.137753106329399 ], [ -62.550930820512086, 46.137799941274103 ], [ -62.554461285403036, 46.131916807574335 ] ], [ [ -62.630669981172481, 46.161015806129242 ], [ -62.62252659599892, 46.162675727709662 ], [ -62.63123539347955, 46.161065533104576 ], [ -62.630669981172481, 46.161015806129242 ] ] ] } },
{ "type": "Feature", "properties": { "CSDUID": "1101011", "CSDNAME": "Lot 66", "PRUID": "11", "PRNAME": "Prince Edward Island", "pop_2021": 0.0, "pop_under_19": 0.0, "pop_0_4": 0.0, "pop_15_19": 0.0, "first_lang_eng_french": 0.0, "first_lang_french": 0.0, "know_eng_french": 0.0, "know_french_only": 0.0, "mother_eng_french": 0.0, "mother_french": 0.0, "mother_french_non_official": 0.0, "first_lang_eng_french_under_19": 0.0, "first_lang_eng_french_under_5": 0.0, "first_lang_french_under_19": 0.0, "first_lang_french_under_5": 0.0, "know_eng_french_under_19": 0.0, "know_eng_french_under_5": 0.0, "know_french_only_under_19": 0.0, "know_french_only_under_5": 0.0, "mother_eng_french_under_19": 0.0, "mother_eng_french_under_5": 0.0, "mother_french_under_19": 0.0, "mother_french_under_5": 0.0, "mother_french_non_official_under_19": 0.0, "mother_french_non_official_under_5": 0.0, "share_under_19": 0.0, "share_under_5": 0.0 }, "geometry": { "type": "Polygon", "coordinates": [ [ [ -62.775947047232478, 46.277678865147877 ], [ -62.735441893177516, 46.181118352666537 ], [ -62.719440967986849, 46.141005718294288 ], [ -62.738520958908218, 46.136799849077782 ], [ -62.794560836591629, 46.274095216234628 ], [ -62.775947047232478, 46.277678865147877 ] ] ] } },
{ "type": "Feature", "properties": { "CSDUID": "1101014", "CSDNAME": "Lot 51", "PRUID": "11", "PRNAME": "Prince Edward Island", "pop_2021": 0.0, "pop_under_19": 0.0, "pop_0_4": 0.0, "pop_15_19": 0.0, "first_lang_eng_french": 0.0, "first_lang_french": 0.0, "know_eng_french": 0.0, "know_french_only": 0.0, "mother_eng_french": 0.0, "mother_french": 0.0, "mother_french_non_official": 0.0, "first_lang_eng_french_under_19": 0.0, "first_lang_eng_french_under_5": 0.0, "first_lang_french_under_19": 0.0, "first_lang_french_under_5": 0.0, "know_eng_french_under_19": 0.0, "know_eng_french_under_5": 0.0, "know_french_only_under_19": 0.0, "know_french_only_under_5": 0.0, "mother_eng_french_under_19": 0.0, "mother_eng_french_under_5": 0.0, "mother_french_under_19": 0.0, "mother_french_under_5": 0.0, "mother_french_non_official_under_19": 0.0, "mother_french_non_official_under_5": 0.0, "share_under_19": 0.0, "share_under_5": 0.0 }, "geometry": { "type": "Polygon", "coordinates": [ [ [ -62.667753963404785, 46.16068863243116 ], [ -62.656636764812632, 46.161384789486171 ], [ -62.655176791644948, 46.160804395880831 ], [ -62.651232356914399, 46.155761359450061 ], [ -62.654603598275045, 46.154375704145714 ], [ -62.719440967986849, 46.141005718294288 ], [ -62.735441893177516, 46.181118352666537 ], [ -62.775947047232478, 46.277678865147877 ], [ -62.742945053344677, 46.28424616604083 ], [ -62.753501590096619, 46.311019224346836 ], [ -62.7329633539157, 46.31481520524455 ], [ -62.691928828527992, 46.211780281855589 ], [ -62.670798490423358, 46.161389936367399 ], [ -62.667753963404785, 46.16068863243116 ] ], [ [ -62.698866904036933, 46.165058914082579 ], [ -62.698427590829468, 46.16503502300737 ], [ -62.713107204097533, 46.169091514192438 ], [ -62.698866904036933, 46.165058914082579 ] ] ] } },
{ "type": "Feature", "properties": { "CSDUID": "1101016", "CSDNAME": "Lot 52", "PRUID": "11", "PRNAME": "Prince Edward Island", "pop_2021": 0.0, "pop_under_19": 0.0, "pop_0_4": 0.0, "pop_15_19": 0.0, "first_lang_eng_french": 0.0, "first_lang_french": 0.0, "know_eng_french": 0.0, "know_french_only": 0.0, "mother_eng_french": 0.0, "mother_french": 0.0, "mother_french_non_official": 0.0, "first_lang_eng_french_under_19": 0.0, "first_lang_eng_french_under_5": 0.0, "first_lang_french_under_19": 0.0, "first_lang_french_under_5": 0.0, "know_eng_french_under_19": 0.0, "know_eng_french_under_5": 0.0, "know_french_only_under_19": 0.0, "know_french_only_under_5": 0.0, "mother_eng_french_under_19": 0.0, "mother_eng_french_under_5": 0.0, "mother_french_under_19": 0.0, "mother_french_under_5": 0.0, "mother_french_non_official_under_19": 0.0, "mother_french_non_official_under_5": 0.0, "share_under_19": 0.0, "share_under_5": 0.0 }, "geometry": { "type": "Polygon", "coordinates": [ [ [ -62.633892503353408, 46.228693655939452 ], [ -62.612170017347438, 46.174311610853287 ], [ -62.619568990017342, 46.169678879827693 ], [ -62.629241642629381, 46.166210343080181 ], [ -62.633807766707783, 46.167217265384423 ], [ -62.638476994872669, 46.167080395305092 ], [ -62.644723219309036, 46.169043453849063 ], [ -62.646036589224927, 46.170280554247441 ], [ -62.645985379307731, 46.172206420550445 ], [ -62.648086513391483, 46.173850902115426 ], [ -62.650446000344175, 46.173588153210304 ], [ -62.652940119117467, 46.175015263050661 ], [ -62.659537568087977, 46.176428249179814 ], [ -62.663016660284704, 46.175975198404821 ], [ -62.660399321078138, 46.167783881645043 ], [ -62.666127836766584, 46.16707352165561 ], [ -62.664115395545885, 46.161781067893592 ], [ -62.658444701848296, 46.161841837616706 ], [ -62.654478021669341, 46.161242078466898 ], [ -62.651523482630026, 46.162163299211549 ], [ -62.654082042463614, 46.159820069130255 ], [ -62.651346903606402, 46.156505742593602 ], [ -62.655176791644948, 46.160804395880831 ], [ -62.656636764812632, 46.161384789486171 ], [ -62.667753963404785, 46.16068863243116 ], [ -62.670794886117498, 46.161381417059872 ], [ -62.691928828527992, 46.211780281855589 ], [ -62.7329633539157, 46.31481520524455 ], [ -62.673071164461, 46.326496987941496 ], [ -62.646621285498334, 46.260338927986488 ], [ -62.641445510443774, 46.244813406707969 ], [ -62.646478234295628, 46.244581837888958 ], [ -62.644111898360705, 46.239682799509573 ], [ -62.641047290016708, 46.240222199255342 ], [ -62.640455179153996, 46.237538400766546 ], [ -62.641273089821937, 46.23145689741601 ], [ -62.633892503353408, 46.228693655939452 ] ] ] } },
{ "type": "Feature", "properties": { "CSDUID": "1101018", "CSDNAME": "Montague", "PRUID": "11", "PRNAME": "Prince Edward Island", "pop_2021": 2027.0, "pop_under_19": 395.0, "pop_0_4": 90.0, "pop_15_19": 110.0, "first_lang_eng_french": 5.0, "first_lang_french": 15.0, "know_eng_french": 165.0, "know_french_only": 0.0, "mother_eng_french": 15.0, "mother_french": 15.0, "mother_french_non_official": 0.0, "first_lang_eng_french_under_19": 1.1869436201780417, "first_lang_eng_french_under_5": 0.33382789317507422, "first_lang_french_under_19": 2.9006273499908035, "first_lang_french_under_5": 0.74193184966612735, "know_eng_french_under_19": 33.508490919230844, "know_eng_french_under_5": 7.2388648271676894, "know_french_only_under_19": 0.0, "know_french_only_under_5": 0.0, "mother_eng_french_under_19": 1.5926640926640927, "mother_eng_french_under_5": 0.5791505791505791, "mother_french_under_19": 2.9006273499908035, "mother_french_under_5": 0.74193184966612735, "mother_french_non_official_under_19": 0.0, "mother_french_non_official_under_5": 0.0, "share_under_19": 0.19486926492353232, "share_under_5": 0.044400592007893439 }, "geometry": { "type": "Polygon", "coordinates": [ [ [ -62.647098593839324, 46.154283733741906 ], [ -62.648351947928958, 46.154783773221638 ], [ -62.648142398330137, 46.15403201880823 ], [ -62.651404324135058, 46.155461926820948 ], [ -62.653867731303329, 46.154752359999357 ], [ -62.651232356914399, 46.155761359450061 ], [ -62.652086280092341, 46.157950993243652 ], [ -62.654082042463614, 46.159820069130255 ], [ -62.651523482630026, 46.162163299211549 ], [ -62.654478021669341, 46.161242078466898 ], [ -62.664115395545885, 46.161781067893592 ], [ -62.666127836766584, 46.16707352165561 ], [ -62.660410373955287, 46.167818473117784 ], [ -62.663016660284704, 46.175975198404821 ], [ -62.659537568087977, 46.176428249179814 ], [ -62.652940119117467, 46.175015263050661 ], [ -62.650446000344175, 46.173588153210304 ], [ -62.648086513391483, 46.173850902115426 ], [ -62.645985379307731, 46.172206420550445 ], [ -62.645728462325025, 46.16984758616092 ], [ -62.644723219309036, 46.169043453849063 ], [ -62.643237007409013, 46.1689035606746 ], [ -62.636078887357819, 46.166565290644009 ], [ -62.633380980291307, 46.161904758134803 ], [ -62.632384899389912, 46.16200362183374 ], [ -62.633276692681399, 46.160520195961048 ], [ -62.647098593839324, 46.154283733741906 ] ], [ [ -62.64801988744432, 46.168054694712296 ], [ -62.648966619044607, 46.167877594199723 ], [ -62.643237007409013, 46.1689035606746 ], [ -62.64801988744432, 46.168054694712296 ] ], [ [ -62.649362864065779, 46.166369323804588 ], [ -62.648431208180206, 46.166525899830397 ], [ -62.649388308197231, 46.166432668579013 ], [ -62.649362864065779, 46.166369323804588 ] ], [ [ -62.649329312256661, 46.166285794453856 ], [ -62.64863790494109, 46.164564492214637 ], [ -62.648058354608594, 46.16416233276815 ], [ -62.649329312256661, 46.166285794453856 ] ] ] } },
{ "type": "Feature", "properties": { "CSDUID": "1101019", "CSDNAME": "Lot 53", "PRUID": "11", "PRNAME": "Prince Edward Island", "pop_2021": 0.0, "pop_under_19": 0.0, "pop_0_4": 0.0, "pop_15_19": 0.0, "first_lang_eng_french": 0.0, "first_lang_french": 0.0, "know_eng_french": 0.0, "know_french_only": 0.0, "mother_eng_french": 0.0, "mother_french": 0.0, "mother_french_non_official": 0.0, "first_lang_eng_french_under_19": 0.0, "first_lang_eng_french_under_5": 0.0, "first_lang_french_under_19": 0.0, "first_lang_french_under_5": 0.0, "know_eng_french_under_19": 0.0, "know_eng_french_under_5": 0.0, "know_french_only_under_19": 0.0, "know_french_only_under_5": 0.0, "mother_eng_french_under_19": 0.0, "mother_eng_french_under_5": 0.0, "mother_french_under_19": 0.0, "mother_french_under_5": 0.0, "mother_french_non_official_under_19": 0.0, "mother_french_non_official_under_5": 0.0, "share_under_19": 0.0, "share_under_5": 0.0 }, "geometry": { "type": "Polygon", "coordinates": [ [ [ -62.586049399443219, 46.276201612030846 ], [ -62.567785486093634, 46.225633821707596 ], [ -62.583786845111604, 46.222141892222012 ], [ -62.580692372977225, 46.216661771087352 ], [ -62.578368696798755, 46.20853673760287 ], [ -62.572528638883817, 46.195474749473362 ], [ -62.558622698396945, 46.183580199308516 ], [ -62.559304504257938, 46.183299614323126 ], [ -62.557896412059335, 46.181475745293952 ], [ -62.561798633582853, 46.179920018703839 ], [ -62.556152540652086, 46.176643382710488 ], [ -62.582293490801504, 46.177262438724235 ], [ -62.612170017347438, 46.174311610853287 ], [ -62.633892503353408, 46.228693655939452 ], [ -62.612852668781976, 46.221942281557261 ], [ -62.609787913052784, 46.226400932531028 ], [ -62.611279843724766, 46.232482798894686 ], [ -62.609042443637982, 46.232551457969713 ], [ -62.603072688534937, 46.230132143339944 ], [ -62.599835516517786, 46.229804355034595 ], [ -62.598117222056835, 46.230906850579096 ], [ -62.603017244358057, 46.24199437746811 ], [ -62.633065293157173, 46.244867894070467 ], [ -62.641445510443774, 46.244813406707969 ], [ -62.649733305283718, 46.269172312515565 ], [ -62.673071164461, 46.326496987941496 ], [ -62.610340361714762, 46.338723722533253 ], [ -62.595143705896078, 46.297935946985632 ], [ -62.586049399443219, 46.276201612030846 ] ] ] } },
{ "type": "Feature", "properties": { "CSDUID": "1101021", "CSDNAME": "Cardigan", "PRUID": "11", "PRNAME": "Prince Edward Island", "pop_2021": 254.0, "pop_under_19": 55.0, "pop_0_4": 10.0, "pop_15_19": 15.0, "first_lang_eng_french": 0.0, "first_lang_french": 0.0, "know_eng_french": 15.0, "know_french_only": 0.0, "mother_eng_french": 0.0, "mother_french": 5.0, "mother_french_non_official": 0.0, "first_lang_eng_french_under_19": 0.0, "first_lang_eng_french_under_5": 0.0, "first_lang_french_under_19": 0.0, "first_lang_french_under_5": 0.0, "know_eng_french_under_19": 3.2480314960629921, "know_eng_french_under_5": 0.59055118110236215, "know_french_only_under_19": 0.0, "know_french_only_under_5": 0.0, "mother_eng_french_under_19": 0.0, "mother_eng_french_under_5": 0.0, "mother_french_under_19": 1.0826771653543308, "mother_french_under_5": 0.1968503937007873, "mother_french_non_official_under_19": 0.0, "mother_french_non_official_under_5": 0.0, "share_under_19": 0.21653543307086615, "share_under_5": 0.03937007874015748 }, "geometry": { "type": "Polygon", "coordinates": [ [ [ -62.603017244358057, 46.24199437746811 ], [ -62.598117222056835, 46.230906850579096 ], [ -62.599835516517786, 46.229804355034595 ], [ -62.603072688534937, 46.230132143339944 ], [ -62.609042443637982, 46.232551457969713 ], [ -62.611279843724766, 46.232482798894686 ], [ -62.609787913052784, 46.226400932531028 ], [ -62.612852668781976, 46.221942281557261 ], [ -62.641273089821937, 46.23145689741601 ], [ -62.640455179153996, 46.237538400766546 ], [ -62.641047290016708, 46.240222199255342 ], [ -62.644111898360705, 46.239682799509573 ], [ -62.646478234295628, 46.244581837888958 ], [ -62.633065293157173, 46.244867894070467 ], [ -62.603017244358057, 46.24199437746811 ] ] ] } },
{ "type": "Feature", "properties": { "CSDUID": "1101022", "CSDNAME": "Kings, Royalty", "PRUID": "11", "PRNAME": "Prince Edward Island", "pop_2021": 0.0, "pop_under_19": 0.0, "pop_0_4": 0.0, "pop_15_19": 0.0, "first_lang_eng_french": 0.0, "first_lang_french": 0.0, "know_eng_french": 0.0, "know_french_only": 0.0, "mother_eng_french": 0.0, "mother_french": 0.0, "mother_french_non_official": 0.0, "first_lang_eng_french_under_19": 0.0, "first_lang_eng_french_under_5": 0.0, "first_lang_french_under_19": 0.0, "first_lang_french_under_5": 0.0, "know_eng_french_under_19": 0.0, "know_eng_french_under_5": 0.0, "know_french_only_under_19": 0.0, "know_french_only_under_5": 0.0, "mother_eng_french_under_19": 0.0, "mother_eng_french_under_5": 0.0, "mother_french_under_19": 0.0, "mother_french_under_5": 0.0, "mother_french_non_official_under_19": 0.0, "mother_french_non_official_under_5": 0.0, "share_under_19": 0.0, "share_under_5": 0.0 }, "geometry": { "type": "Polygon", "coordinates": [ [ [ -62.567787408984884, 46.225639305767508 ], [ -62.528518836082988, 46.211341352676328 ], [ -62.514575940537398, 46.205171829004463 ], [ -62.518017519274395, 46.201947461154745 ], [ -62.51670688125941, 46.196195143416077 ], [ -62.515421795625898, 46.194947696366746 ], [ -62.511926982911682, 46.194446813943571 ], [ -62.503488034355925, 46.188911449780328 ], [ -62.499256534951918, 46.180124057257807 ], [ -62.495952731011783, 46.17734644873844 ], [ -62.496625279997986, 46.174918617049656 ], [ -62.501348260870131, 46.17288348329982 ], [ -62.521622206923865, 46.17340065094352 ], [ -62.522006037874576, 46.173960253686388 ], [ -62.521107132064991, 46.17453251069815 ], [ -62.521309056750319, 46.173660336915965 ], [ -62.514894782149113, 46.173831296844085 ], [ -62.51369327610675, 46.174924203638497 ], [ -62.51386763305095, 46.175716960090099 ], [ -62.51214937833047, 46.176636642103581 ], [ -62.512096747376752, 46.178193441165512 ], [ -62.514232346420222, 46.178436537527283 ], [ -62.517701027409636, 46.175886192793442 ], [ -62.519868442383391, 46.178424346241215 ], [ -62.524943972228009, 46.180828783393224 ], [ -62.52013907387947, 46.187260270159392 ], [ -62.535215495438386, 46.192986885464173 ], [ -62.542442790663912, 46.183627327536946 ], [ -62.545596206894132, 46.183542526327471 ], [ -62.550176190337304, 46.187055520119586 ], [ -62.558622698396945, 46.183580199308516 ], [ -62.572528638883817, 46.195474749473362 ], [ -62.578368696798755, 46.20853673760287 ], [ -62.580692372977225, 46.216661771087352 ], [ -62.583786845111604, 46.222141892222012 ], [ -62.567787408984884, 46.225639305767508 ] ] ] } },
{ "type": "Feature", "properties": { "CSDUID": "1101024", "CSDNAME": "Georgetown", "PRUID": "11", "PRNAME": "Prince Edward Island", "pop_2021": 544.0, "pop_under_19": 120.0, "pop_0_4": 20.0, "pop_15_19": 40.0, "first_lang_eng_french": 0.0, "first_lang_french": 0.0, "know_eng_french": 25.0, "know_french_only": 0.0, "mother_eng_french": 0.0, "mother_french": 0.0, "mother_french_non_official": 0.0, "first_lang_eng_french_under_19": 0.0, "first_lang_eng_french_under_5": 0.0, "first_lang_french_under_19": 0.0, "first_lang_french_under_5": 0.0, "know_eng_french_under_19": 5.5147058823529411, "know_eng_french_under_5": 0.91911764705882359, "know_french_only_under_19": 0.0, "know_french_only_under_5": 0.0, "mother_eng_french_under_19": 0.0, "mother_eng_french_under_5": 0.0, "mother_french_under_19": 0.0, "mother_french_under_5": 0.0, "mother_french_non_official_under_19": 0.0, "mother_french_non_official_under_5": 0.0, "share_under_19": 0.22058823529411764, "share_under_5": 0.036764705882352942 }, "geometry": { "type": "Polygon", "coordinates": [ [ [ -62.524943972228009, 46.180828783393224 ], [ -62.531451788645313, 46.179894419192578 ], [ -62.53128018340076, 46.178741706467257 ], [ -62.530328557624529, 46.178761925034379 ], [ -62.531328707404938, 46.178291556921891 ], [ -62.53197943965165, 46.179879502356123 ], [ -62.532318255540368, 46.179326601388517 ], [ -62.533225066012498, 46.180073038543739 ], [ -62.535663949321339, 46.179740593999448 ], [ -62.536616413707755, 46.178952459127956 ], [ -62.535851457800447, 46.176491377237966 ], [ -62.536396577748818, 46.176376595062706 ], [ -62.537186977336539, 46.178891769014236 ], [ -62.542442790663912, 46.183627327536946 ], [ -62.535215495438386, 46.192986885464173 ], [ -62.52013907387947, 46.187260270159392 ], [ -62.524943972228009, 46.180828783393224 ] ] ] } },
{ "type": "Feature", "properties": { "CSDUID": "1101026", "CSDNAME": "Lot 54", "PRUID": "11", "PRNAME": "Prince Edward Island", "pop_2021": 0.0, "pop_under_19": 0.0, "pop_0_4": 0.0, "pop_15_19": 0.0, "first_lang_eng_french": 0.0, "first_lang_french": 0.0, "know_eng_french": 0.0, "know_french_only": 0.0, "mother_eng_french": 0.0, "mother_french": 0.0, "mother_french_non_official": 0.0, "first_lang_eng_french_under_19": 0.0, "first_lang_eng_french_under_5": 0.0, "first_lang_french_under_19": 0.0, "first_lang_french_under_5": 0.0, "know_eng_french_under_19": 0.0, "know_eng_french_under_5": 0.0, "know_french_only_under_19": 0.0, "know_french_only_under_5": 0.0, "mother_eng_french_under_19": 0.0, "mother_eng_french_under_5": 0.0, "mother_french_under_19": 0.0, "mother_french_under_5": 0.0, "mother_french_non_official_under_19": 0.0, "mother_french_non_official_under_5": 0.0, "share_under_19": 0.0, "share_under_5": 0.0 }, "geometry": { "type": "Polygon", "coordinates": [ [ [ -62.493280498742585, 46.227953796179733 ], [ -62.48867210102992, 46.213884806890654 ], [ -62.491036104663003, 46.215433794709497 ], [ -62.506712479006872, 46.20944550229369 ], [ -62.509923671833228, 46.209529593385888 ], [ -62.514575940537398, 46.205171829004463 ], [ -62.528518836082988, 46.211341352676328 ], [ -62.567787408984884, 46.225639305767508 ], [ -62.586049399443219, 46.276201612030846 ], [ -62.595143705896078, 46.297935946985632 ], [ -62.610340361714762, 46.338723722533253 ], [ -62.544161956783853, 46.352340101208739 ], [ -62.53717059931386, 46.335058791264899 ], [ -62.537018895233949, 46.333015310882971 ], [ -62.520791079538192, 46.293941094787371 ], [ -62.51683199167384, 46.28241550201124 ], [ -62.503963309821877, 46.254172596693735 ], [ -62.495792484545042, 46.232617895255167 ], [ -62.493280498742585, 46.227953796179733 ] ] ] } },
{ "type": "Feature", "properties": { "CSDUID": "1101028", "CSDNAME": "Lot 55", "PRUID": "11", "PRNAME": "Prince Edward Island", "pop_2021": 0.0, "pop_under_19": 0.0, "pop_0_4": 0.0, "pop_15_19": 0.0, "first_lang_eng_french": 0.0, "first_lang_french": 0.0, "know_eng_french": 0.0, "know_french_only": 0.0, "mother_eng_french": 0.0, "mother_french": 0.0, "mother_french_non_official": 0.0, "first_lang_eng_french_under_19": 0.0, "first_lang_eng_french_under_5": 0.0, "first_lang_french_under_19": 0.0, "first_lang_french_under_5": 0.0, "know_eng_french_under_19": 0.0, "know_eng_french_under_5": 0.0, "know_french_only_under_19": 0.0, "know_french_only_under_5": 0.0, "mother_eng_french_under_19": 0.0, "mother_eng_french_under_5": 0.0, "mother_french_under_19": 0.0, "mother_french_under_5": 0.0, "mother_french_non_official_under_19": 0.0, "mother_french_non_official_under_5": 0.0, "share_under_19": 0.0, "share_under_5": 0.0 }, "geometry": { "type": "MultiPolygon", "coordinates": [ [ [ [ -62.401170013711187, 46.182589209154891 ], [ -62.398138197285597, 46.180197273839951 ], [ -62.397992567966341, 46.179296491192183 ], [ -62.40304547238226, 46.178107993890166 ], [ -62.405580209621874, 46.180947217527383 ], [ -62.40520137584349, 46.183636282262199 ], [ -62.40679211718713, 46.185120542853973 ], [ -62.421290336077583, 46.188974890108433 ], [ -62.431311354739634, 46.189853194180408 ], [ -62.431800206188797, 46.190197625910876 ], [ -62.431105506133221, 46.192219195522448 ], [ -62.433636584818117, 46.195615767747064 ], [ -62.433328614818258, 46.196577238738769 ], [ -62.424662055705937, 46.198675978903637 ], [ -62.418832565748538, 46.198394486695122 ], [ -62.418010091242984, 46.198957313082893 ], [ -62.419050120753241, 46.203579609108552 ], [ -62.418549316627399, 46.204360075912007 ], [ -62.417128456804882, 46.202660840124643 ], [ -62.414499633541141, 46.196329352532601 ], [ -62.408724072508079, 46.193464607141514 ], [ -62.402181986030328, 46.188444545994024 ], [ -62.401170013711187, 46.182589209154891 ] ] ], [ [ [ -62.434417477844725, 46.252703415156695 ], [ -62.430695770223473, 46.253093802348396 ], [ -62.427837886619066, 46.256244761481312 ], [ -62.423338463434504, 46.257473720839577 ], [ -62.422242584618772, 46.256362778706766 ], [ -62.420893438164157, 46.251414989466333 ], [ -62.421637712215166, 46.244785782953947 ], [ -62.419203802703279, 46.24088928847813 ], [ -62.418822350578964, 46.238516014810422 ], [ -62.419737618004305, 46.234300154252331 ], [ -62.418539376999504, 46.233120643270013 ], [ -62.416877969500348, 46.227971580553074 ], [ -62.413335831865901, 46.225626649816938 ], [ -62.411287545950515, 46.223601969630558 ], [ -62.410595735670334, 46.221008565507248 ], [ -62.409018751141545, 46.220356777756606 ], [ -62.412211488451447, 46.221093132305811 ], [ -62.409213912311991, 46.220063255729734 ], [ -62.41027547731246, 46.220308456449061 ], [ -62.411163448397147, 46.217453306547796 ], [ -62.409126648286417, 46.213941802758804 ], [ -62.409961385858914, 46.212263102693953 ], [ -62.421321606668002, 46.211925164169784 ], [ -62.428660593228287, 46.20929807926008 ], [ -62.433513322941138, 46.21013223505615 ], [ -62.437258075387867, 46.209034729506897 ], [ -62.44179251686311, 46.209308949007742 ], [ -62.443267467895929, 46.208308142811823 ], [ -62.464651510412452, 46.208860283240227 ], [ -62.471006367250332, 46.207215855110995 ], [ -62.474318205597299, 46.210099560341149 ], [ -62.47904971098454, 46.211420050398317 ], [ -62.485716667341428, 46.212037274558888 ], [ -62.48867210102992, 46.213884806890654 ], [ -62.493280498742585, 46.227953796179733 ], [ -62.495792484545042, 46.232617895255167 ], [ -62.503963309821877, 46.254172596693735 ], [ -62.51683199167384, 46.28241550201124 ], [ -62.520791079538192, 46.293941094787371 ], [ -62.537018895233949, 46.333015310882971 ], [ -62.53717059931386, 46.335058791264899 ], [ -62.54783273159493, 46.361637939723948 ], [ -62.489159784439046, 46.37331558674564 ], [ -62.462010307798423, 46.310328874485023 ], [ -62.440511857430934, 46.25641582764338 ], [ -62.434417477844725, 46.252703415156695 ] ] ] ] } },
{ "type": "Feature", "properties": { "CSDUID": "1101029", "CSDNAME": "Lot 56", "PRUID": "11", "PRNAME": "Prince Edward Island", "pop_2021": 0.0, "pop_under_19": 0.0, "pop_0_4": 0.0, "pop_15_19": 0.0, "first_lang_eng_french": 0.0, "first_lang_french": 0.0, "know_eng_french": 0.0, "know_french_only": 0.0, "mother_eng_french": 0.0, "mother_french": 0.0, "mother_french_non_official": 0.0, "first_lang_eng_french_under_19": 0.0, "first_lang_eng_french_under_5": 0.0, "first_lang_french_under_19": 0.0, "first_lang_french_under_5": 0.0, "know_eng_french_under_19": 0.0, "know_eng_french_under_5": 0.0, "know_french_only_under_19": 0.0, "know_french_only_under_5": 0.0, "mother_eng_french_under_19": 0.0, "mother_eng_french_under_5": 0.0, "mother_french_under_19": 0.0, "mother_french_under_5": 0.0, "mother_french_non_official_under_19": 0.0, "mother_french_non_official_under_5": 0.0, "share_under_19": 0.0, "share_under_5": 0.0 }, "geometry": { "type": "Polygon", "coordinates": [ [ [ -62.409925767989755, 46.389064988188373 ], [ -62.374514987408112, 46.303593364030029 ], [ -62.375999991170751, 46.302496377974528 ], [ -62.37594778764371, 46.301280094132061 ], [ -62.374174971264942, 46.300542417071256 ], [ -62.373332693205946, 46.299250835515686 ], [ -62.373625164190891, 46.292961499258105 ], [ -62.371871075328329, 46.28739892860812 ], [ -62.366699304914221, 46.285579420159017 ], [ -62.366252227779192, 46.283821951607685 ], [ -62.364606219727257, 46.283596823061529 ], [ -62.357491398088214, 46.277041122799481 ], [ -62.360825936798385, 46.274908829694624 ], [ -62.374948605881592, 46.273788570969941 ], [ -62.37580427830946, 46.274298628360391 ], [ -62.374701093242933, 46.271430575665143 ], [ -62.376598253663758, 46.266643956499308 ], [ -62.376211087225556, 46.264166883825467 ], [ -62.378472993682557, 46.261515209584367 ], [ -62.379757668952244, 46.256905193661332 ], [ -62.377322572684768, 46.254245984141981 ], [ -62.376639353548811, 46.25156926433062 ], [ -62.378620867511252, 46.253020036181724 ], [ -62.381818539836054, 46.253631380931822 ], [ -62.383619711014013, 46.256143084191955 ], [ -62.383140327418701, 46.25723850817964 ], [ -62.385580766560523, 46.259869698086611 ], [ -62.39076721294235, 46.260437070705478 ], [ -62.394280231016587, 46.262290637000966 ], [ -62.405456699366844, 46.263014565996727 ], [ -62.409481029106246, 46.26429774291632 ], [ -62.409351976137465, 46.265440057441602 ], [ -62.414099235748459, 46.267821690415438 ], [ -62.41777664712771, 46.267363479131873 ], [ -62.417648697957098, 46.268415812773668 ], [ -62.421862163140119, 46.270337786846838 ], [ -62.421394129724028, 46.27411538563917 ], [ -62.422622462345117, 46.275795597269848 ], [ -62.422070780395082, 46.272714824972113 ], [ -62.423221286380411, 46.271697821416062 ], [ -62.42518307142312, 46.271500688906997 ], [ -62.425555086732537, 46.270674571261061 ], [ -62.423646924550326, 46.269476969700641 ], [ -62.423398136724281, 46.268449718714471 ], [ -62.420692046668663, 46.267860046835345 ], [ -62.420731556588841, 46.266573260450585 ], [ -62.419263870660011, 46.265467833093687 ], [ -62.417506084813688, 46.26602586876114 ], [ -62.416990954862278, 46.261391914648144 ], [ -62.420723359141995, 46.258872312788917 ], [ -62.423766430054343, 46.258536452918527 ], [ -62.423338463434504, 46.257473720839577 ], [ -62.427837886619066, 46.256244761481312 ], [ -62.430695770223473, 46.253093802348396 ], [ -62.434417477844725, 46.252703415156695 ], [ -62.440511857430934, 46.25641582764338 ], [ -62.462010307798423, 46.310328874485023 ], [ -62.489159784439046, 46.37331558674564 ], [ -62.409925767989755, 46.389064988188373 ] ] ] } },
{ "type": "Feature", "properties": { "CSDUID": "1101031", "CSDNAME": "Lot 43", "PRUID": "11", "PRNAME": "Prince Edward Island", "pop_2021": 0.0, "pop_under_19": 0.0, "pop_0_4": 0.0, "pop_15_19": 0.0, "first_lang_eng_french": 0.0, "first_lang_french": 0.0, "know_eng_french": 0.0, "know_french_only": 0.0, "mother_eng_french": 0.0, "mother_french": 0.0, "mother_french_non_official": 0.0, "first_lang_eng_french_under_19": 0.0, "first_lang_eng_french_under_5": 0.0, "first_lang_french_under_19": 0.0, "first_lang_french_under_5": 0.0, "know_eng_french_under_19": 0.0, "know_eng_french_under_5": 0.0, "know_french_only_under_19": 0.0, "know_french_only_under_5": 0.0, "mother_eng_french_under_19": 0.0, "mother_eng_french_under_5": 0.0, "mother_french_under_19": 0.0, "mother_french_under_5": 0.0, "mother_french_non_official_under_19": 0.0, "mother_french_non_official_under_5": 0.0, "share_under_19": 0.0, "share_under_5": 0.0 }, "geometry": { "type": "MultiPolygon", "coordinates": [ [ [ [ -62.353869888800531, 46.316800252197808 ], [ -62.355669435726384, 46.315091440077957 ], [ -62.35719613846944, 46.314488048505368 ], [ -62.356038689191593, 46.31683049267869 ], [ -62.353869888800531, 46.316800252197808 ] ] ], [ [ [ -62.334681071994005, 46.351348539214875 ], [ -62.338789278563297, 46.353496402335431 ], [ -62.340545671407313, 46.353353552592225 ], [ -62.341518555367315, 46.352432183003252 ], [ -62.344983861598855, 46.352848061372569 ], [ -62.352016902825049, 46.351628172689495 ], [ -62.355186251833594, 46.352897066448755 ], [ -62.357194592267334, 46.352323389893073 ], [ -62.359656117109594, 46.353003168075396 ], [ -62.362590490047232, 46.35103062332157 ], [ -62.364249435999746, 46.351871123715178 ], [ -62.36437817149217, 46.353824402806566 ], [ -62.367196889082301, 46.354181689075915 ], [ -62.366737488702505, 46.354566135759264 ], [ -62.367899784902988, 46.356099984636089 ], [ -62.371459000770543, 46.355597277887924 ], [ -62.373360062938055, 46.357147013064129 ], [ -62.371774104325063, 46.355454557007491 ], [ -62.369329965739816, 46.354593493049606 ], [ -62.36840468276587, 46.35176484782324 ], [ -62.367224496224296, 46.35154234062307 ], [ -62.36589776863849, 46.349384034223014 ], [ -62.362819360306688, 46.349231914306401 ], [ -62.357235902821358, 46.345474741887529 ], [ -62.352400293083875, 46.344475477050914 ], [ -62.348797051118339, 46.342583042910356 ], [ -62.342148777639316, 46.343237983389791 ], [ -62.338837210712278, 46.341976910827675 ], [ -62.337002143125943, 46.340058332630178 ], [ -62.337018785179467, 46.338681445533481 ], [ -62.340274095756364, 46.338115286045259 ], [ -62.344505927695756, 46.334116682899364 ], [ -62.347024290679087, 46.328768856412822 ], [ -62.350265694060738, 46.329209085003107 ], [ -62.349244806973033, 46.332226783138005 ], [ -62.351348467871119, 46.333597312399455 ], [ -62.357380624694692, 46.33246275918922 ], [ -62.359886810714542, 46.333240847260512 ], [ -62.362181655345609, 46.331426709402137 ], [ -62.359831160412106, 46.329445302007606 ], [ -62.357036798812338, 46.328926868412999 ], [ -62.354589743649427, 46.326838872451177 ], [ -62.35173821400501, 46.327546574730583 ], [ -62.35139399606085, 46.328561836879949 ], [ -62.34978323290489, 46.3285561308711 ], [ -62.348250836421698, 46.327142970406641 ], [ -62.34378662267693, 46.326903680423861 ], [ -62.341784906553166, 46.32591120126132 ], [ -62.34262300790526, 46.324269055748765 ], [ -62.34819890688167, 46.324021971411881 ], [ -62.352689952387543, 46.315524620944231 ], [ -62.353756956194715, 46.315359655256593 ], [ -62.351290114393905, 46.320772596062113 ], [ -62.352186377318688, 46.32418463664488 ], [ -62.352791329345322, 46.321273490743522 ], [ -62.35330149183109, 46.32192415921844 ], [ -62.355483888844695, 46.321124160514906 ], [ -62.355283266632554, 46.31989602637497 ], [ -62.360621426599558, 46.319259181419589 ], [ -62.366627891092961, 46.319922610855208 ], [ -62.366315000396526, 46.318894884897212 ], [ -62.367887978539905, 46.318786581875933 ], [ -62.367634545750434, 46.318236203722009 ], [ -62.359819680347094, 46.315609744692843 ], [ -62.355833188978508, 46.313310402915569 ], [ -62.353548200475103, 46.313234492418708 ], [ -62.353929285169833, 46.315063624581981 ], [ -62.35277129457527, 46.313032097675574 ], [ -62.349213164410031, 46.311886917205243 ], [ -62.345728483127218, 46.308951063555888 ], [ -62.334052769395242, 46.306840692084023 ], [ -62.332028218483032, 46.304596912703524 ], [ -62.342282967337447, 46.30494436087433 ], [ -62.34591977004871, 46.30379523444487 ], [ -62.347075933559161, 46.302667856010721 ], [ -62.350470217765036, 46.302237202154522 ], [ -62.354273324132251, 46.30237573957475 ], [ -62.359184607242661, 46.304365345222038 ], [ -62.365316568038281, 46.304138540234774 ], [ -62.368904005440257, 46.30271842844256 ], [ -62.370457850092713, 46.304238963221152 ], [ -62.374514987408112, 46.303593364030029 ], [ -62.412921908286542, 46.396470001230291 ], [ -62.416622071498537, 46.395751608478186 ], [ -62.447583664057596, 46.470731436302529 ], [ -62.424752524788694, 46.471308428675627 ], [ -62.420099293214882, 46.47037597752184 ], [ -62.416838303616451, 46.468469305032663 ], [ -62.410254998673174, 46.467697754976584 ], [ -62.38894942630143, 46.468653110269038 ], [ -62.377375094529711, 46.446473299537658 ], [ -62.334681071994005, 46.351348539214875 ] ] ] ] } },
{ "type": "Feature", "properties": { "CSDUID": "1101032", "CSDNAME": "Lot 44", "PRUID": "11", "PRNAME": "Prince Edward Island", "pop_2021": 0.0, "pop_under_19": 0.0, "pop_0_4": 0.0, "pop_15_19": 0.0, "first_lang_eng_french": 0.0, "first_lang_french": 0.0, "know_eng_french": 0.0, "know_french_only": 0.0, "mother_eng_french": 0.0, "mother_french": 0.0, "mother_french_non_official": 0.0, "first_lang_eng_french_under_19": 0.0, "first_lang_eng_french_under_5": 0.0, "first_lang_french_under_19": 0.0, "first_lang_french_under_5": 0.0, "know_eng_french_under_19": 0.0, "know_eng_french_under_5": 0.0, "know_french_only_under_19": 0.0, "know_french_only_under_5": 0.0, "mother_eng_french_under_19": 0.0, "mother_eng_french_under_5": 0.0, "mother_french_under_19": 0.0, "mother_french_under_5": 0.0, "mother_french_non_official_under_19": 0.0, "mother_french_non_official_under_5": 0.0, "share_under_19": 0.0, "share_under_5": 0.0 }, "geometry": { "type": "Polygon", "coordinates": [ [ [ -62.279314130353512, 46.356331957243697 ], [ -62.279557968723267, 46.350636611509678 ], [ -62.274032813546562, 46.346821734284973 ], [ -62.273087642853852, 46.344592760375861 ], [ -62.270983759416453, 46.34448937555053 ], [ -62.270382587665928, 46.343765563515198 ], [ -62.280359028780055, 46.339112871941772 ], [ -62.281650944279768, 46.336709019388479 ], [ -62.279919167582655, 46.334016188384275 ], [ -62.280448518665629, 46.333281519313829 ], [ -62.288117247021461, 46.333050545091695 ], [ -62.293654162312855, 46.333903870860212 ], [ -62.295807581222505, 46.336194102021302 ], [ -62.30196884853035, 46.340092814273859 ], [ -62.306385944962415, 46.341199680904452 ], [ -62.308042990943015, 46.34375666604867 ], [ -62.315118931354299, 46.34635521356698 ], [ -62.315597535164137, 46.348617036211863 ], [ -62.318127637935994, 46.350000138400311 ], [ -62.333416907698776, 46.350648270307858 ], [ -62.334681071994005, 46.351348539214875 ], [ -62.377375094529711, 46.446473299537658 ], [ -62.38894942630143, 46.468653110269038 ], [ -62.374952234289914, 46.468203244258383 ], [ -62.36987625561629, 46.470137306109898 ], [ -62.367354428944026, 46.469700400992274 ], [ -62.360802297475963, 46.470851914627524 ], [ -62.357427221229706, 46.469870033265863 ], [ -62.356812000842012, 46.469020620053598 ], [ -62.353203700814014, 46.469054267992895 ], [ -62.349262287350989, 46.47080485607195 ], [ -62.34788704895238, 46.470347027409638 ], [ -62.346754788443455, 46.471357532189906 ], [ -62.344181073628064, 46.470910805727989 ], [ -62.336614913170415, 46.47184812738854 ], [ -62.332343626441983, 46.470689326395203 ], [ -62.313843431743067, 46.472805809249998 ], [ -62.280344645487418, 46.391954170919099 ], [ -62.265388945689125, 46.357834996535473 ], [ -62.278372588560849, 46.357302854540542 ], [ -62.279314130353512, 46.356331957243697 ] ], [ [ -62.286064607183349, 46.364799426748213 ], [ -62.286130487716342, 46.364906500427551 ], [ -62.290990113076319, 46.368113691228963 ], [ -62.286064607183349, 46.364799426748213 ] ] ] } },
{ "type": "Feature", "properties": { "CSDUID": "1101034", "CSDNAME": "Lot 45", "PRUID": "11", "PRNAME": "Prince Edward Island", "pop_2021": 0.0, "pop_under_19": 0.0, "pop_0_4": 0.0, "pop_15_19": 0.0, "first_lang_eng_french": 0.0, "first_lang_french": 0.0, "know_eng_french": 0.0, "know_french_only": 0.0, "mother_eng_french": 0.0, "mother_french": 0.0, "mother_french_non_official": 0.0, "first_lang_eng_french_under_19": 0.0, "first_lang_eng_french_under_5": 0.0, "first_lang_french_under_19": 0.0, "first_lang_french_under_5": 0.0, "know_eng_french_under_19": 0.0, "know_eng_french_under_5": 0.0, "know_french_only_under_19": 0.0, "know_french_only_under_5": 0.0, "mother_eng_french_under_19": 0.0, "mother_eng_french_under_5": 0.0, "mother_french_under_19": 0.0, "mother_french_under_5": 0.0, "mother_french_non_official_under_19": 0.0, "mother_french_non_official_under_5": 0.0, "share_under_19": 0.0, "share_under_5": 0.0 }, "geometry": { "type": "Polygon", "coordinates": [ [ [ -62.24751073542599, 46.47774297035599 ], [ -62.228535872958908, 46.429837729150691 ], [ -62.194843788434405, 46.34957595170345 ], [ -62.198633473091114, 46.35103407770049 ], [ -62.206551644032146, 46.349928329137178 ], [ -62.209472336418131, 46.348373584631901 ], [ -62.209801351098299, 46.344478923657242 ], [ -62.216068928244525, 46.346034053412339 ], [ -62.219793826880981, 46.345465525066913 ], [ -62.22239586242987, 46.346176247926536 ], [ -62.228056050052409, 46.344756619440275 ], [ -62.23012956528494, 46.34516658831879 ], [ -62.231787449071206, 46.346491730043297 ], [ -62.236720707176566, 46.346713116985484 ], [ -62.237154862321418, 46.347418626755825 ], [ -62.234526368530545, 46.353011538795833 ], [ -62.235318653962153, 46.365705591002971 ], [ -62.251347963887277, 46.362338967835171 ], [ -62.256529796567484, 46.360046999554534 ], [ -62.256960285918979, 46.360895803428249 ], [ -62.25875668679393, 46.360233963350218 ], [ -62.259116962535437, 46.361382755629393 ], [ -62.260305125139702, 46.361130885583535 ], [ -62.265388945689125, 46.357834996535473 ], [ -62.280344645487418, 46.391954170919099 ], [ -62.313843431743067, 46.472805809249998 ], [ -62.311563311170268, 46.472096069372363 ], [ -62.309597311308188, 46.473056185208748 ], [ -62.297281460199883, 46.474556098720811 ], [ -62.296392086529295, 46.473821675042124 ], [ -62.291896896305715, 46.473910923811992 ], [ -62.28819565245459, 46.475048893164519 ], [ -62.282718823348553, 46.47449271265355 ], [ -62.273880841870479, 46.475930886239858 ], [ -62.259539832070487, 46.475829932281364 ], [ -62.251333266954973, 46.477711430894807 ], [ -62.24751073542599, 46.47774297035599 ] ] ] } },
{ "type": "Feature", "properties": { "CSDUID": "1101036", "CSDNAME": "Souris", "PRUID": "11", "PRNAME": "Prince Edward Island", "pop_2021": 1079.0, "pop_under_19": 205.0, "pop_0_4": 35.0, "pop_15_19": 55.0, "first_lang_eng_french": 0.0, "first_lang_french": 20.0, "know_eng_french": 75.0, "know_french_only": 0.0, "mother_eng_french": 5.0, "mother_french": 20.0, "mother_french_non_official": 0.0, "first_lang_eng_french_under_19": 0.0, "first_lang_eng_french_under_5": 0.0, "first_lang_french_under_19": 3.4188696314975884, "first_lang_french_under_5": 0.63925159746115867, "know_eng_french_under_19": 14.194965058876328, "know_eng_french_under_5": 2.4314534225204625, "know_french_only_under_19": 0.0, "know_french_only_under_5": 0.0, "mother_eng_french_under_19": 0.70202808112324488, "mother_eng_french_under_5": 0.15600624024960999, "mother_french_under_19": 3.4188696314975884, "mother_french_under_5": 0.63925159746115867, "mother_french_non_official_under_19": 0.0, "mother_french_non_official_under_5": 0.0, "share_under_19": 0.18999073215940684, "share_under_5": 0.032437442075996289 }, "geometry": { "type": "Polygon", "coordinates": [ [ [ -62.234601839411084, 46.35225543235066 ], [ -62.237154862321418, 46.347418626755825 ], [ -62.236720707176566, 46.346713116985484 ], [ -62.239071837897427, 46.34544492537222 ], [ -62.238989526339125, 46.342317701197132 ], [ -62.239878831734217, 46.34190963127768 ], [ -62.24647914482464, 46.344374700638831 ], [ -62.24809913684124, 46.346471628715925 ], [ -62.254910060203393, 46.347434645953278 ], [ -62.247514077836151, 46.347233837655146 ], [ -62.251269803225078, 46.347631173130701 ], [ -62.248141585602482, 46.347894172455526 ], [ -62.248676983457862, 46.348763898631432 ], [ -62.249752822353599, 46.34825327703031 ], [ -62.24896855685504, 46.348977847735576 ], [ -62.249816622639614, 46.349864123167976 ], [ -62.250614897663503, 46.349473091247589 ], [ -62.250414301631594, 46.348640597216651 ], [ -62.252403938572556, 46.349870319317809 ], [ -62.251488062174602, 46.349567453875537 ], [ -62.250411241579762, 46.35051665136433 ], [ -62.250547397314769, 46.351559872614779 ], [ -62.251886261633523, 46.352636868303136 ], [ -62.254031638263875, 46.352578881488363 ], [ -62.258527383410851, 46.355560059846745 ], [ -62.264517467436882, 46.356678716244147 ], [ -62.274533535813497, 46.355140757237542 ], [ -62.277325810032011, 46.35630141318201 ], [ -62.27648055222334, 46.357313049402798 ], [ -62.274729477666021, 46.357031941585511 ], [ -62.272208573701654, 46.357951924563324 ], [ -62.26448803577216, 46.357902520549743 ], [ -62.262939533657168, 46.359962498714296 ], [ -62.259116962535437, 46.361382755629393 ], [ -62.25875668679393, 46.360233963350218 ], [ -62.256960285918979, 46.360895803428249 ], [ -62.255548803541913, 46.358582711070639 ], [ -62.256370856018592, 46.360180083726071 ], [ -62.251347963887277, 46.362338967835171 ], [ -62.235318653962153, 46.365705591002971 ], [ -62.234601839411084, 46.35225543235066 ] ] ] } },
{ "type": "Feature", "properties": { "CSDUID": "1101038", "CSDNAME": "Lot 46", "PRUID": "11", "PRNAME": "Prince Edward Island", "pop_2021": 0.0, "pop_under_19": 0.0, "pop_0_4": 0.0, "pop_15_19": 0.0, "first_lang_eng_french": 0.0, "first_lang_french": 0.0, "know_eng_french": 0.0, "know_french_only": 0.0, "mother_eng_french": 0.0, "mother_french": 0.0, "mother_french_non_official": 0.0, "first_lang_eng_french_under_19": 0.0, "first_lang_eng_french_under_5": 0.0, "first_lang_french_under_19": 0.0, "first_lang_french_under_5": 0.0, "know_eng_french_under_19": 0.0, "know_eng_french_under_5": 0.0, "know_french_only_under_19": 0.0, "know_french_only_under_5": 0.0, "mother_eng_french_under_19": 0.0, "mother_eng_french_under_5": 0.0, "mother_french_under_19": 0.0, "mother_french_under_5": 0.0, "mother_french_non_official_under_19": 0.0, "mother_french_non_official_under_5": 0.0, "share_under_19": 0.0, "share_under_5": 0.0 }, "geometry": { "type": "Polygon", "coordinates": [ [ [ -62.16677113244716, 46.484168303425704 ], [ -62.141635786679288, 46.420398681702437 ], [ -62.127883266495196, 46.389270173543707 ], [ -62.126882691805825, 46.38672271201915 ], [ -62.127667991708691, 46.386262003547962 ], [ -62.125748283444949, 46.385131305283892 ], [ -62.119744572468583, 46.372710745946122 ], [ -62.133349482837424, 46.367477586383927 ], [ -62.145236349223588, 46.368053046561862 ], [ -62.157166084622162, 46.366701619240267 ], [ -62.163750821528389, 46.364581012904168 ], [ -62.171512609084132, 46.360236615608535 ], [ -62.172635545581329, 46.358183788319494 ], [ -62.170953089077457, 46.355975637397606 ], [ -62.171102304583968, 46.353843768497612 ], [ -62.174494477345483, 46.352995312317212 ], [ -62.176117362318742, 46.351387058164235 ], [ -62.179775515065565, 46.351854346743096 ], [ -62.182816699361446, 46.350121159041628 ], [ -62.18319052450552, 46.34771186045316 ], [ -62.191421700819745, 46.34828335536676 ], [ -62.194843788434405, 46.34957595170345 ], [ -62.228535872958908, 46.429837729150691 ], [ -62.24751073542599, 46.47774297035599 ], [ -62.239258205958436, 46.479503668547714 ], [ -62.222453125068981, 46.479471645477481 ], [ -62.213232440671554, 46.481082514792504 ], [ -62.21235855501218, 46.482957431407549 ], [ -62.210720124102274, 46.481839176973772 ], [ -62.206376312884579, 46.482214110656265 ], [ -62.20447656344875, 46.483838829921559 ], [ -62.201358053653742, 46.482377161010007 ], [ -62.196220326238652, 46.483574117849408 ], [ -62.194952931738797, 46.482053274197753 ], [ -62.189157281082117, 46.482804288225502 ], [ -62.186622916527618, 46.481517345060006 ], [ -62.175590541534653, 46.482221342703632 ], [ -62.16677113244716, 46.484168303425704 ] ] ] } },
{ "type": "Feature", "properties": { "CSDUID": "1101039", "CSDNAME": "Lot 47", "PRUID": "11", "PRNAME": "Prince Edward Island", "pop_2021": 0.0, "pop_under_19": 0.0, "pop_0_4": 0.0, "pop_15_19": 0.0, "first_lang_eng_french": 0.0, "first_lang_french": 0.0, "know_eng_french": 0.0, "know_french_only": 0.0, "mother_eng_french": 0.0, "mother_french": 0.0, "mother_french_non_official": 0.0, "first_lang_eng_french_under_19": 0.0, "first_lang_eng_french_under_5": 0.0, "first_lang_french_under_19": 0.0, "first_lang_french_under_5": 0.0, "know_eng_french_under_19": 0.0, "know_eng_french_under_5": 0.0, "know_french_only_under_19": 0.0, "know_french_only_under_5": 0.0, "mother_eng_french_under_19": 0.0, "mother_eng_french_under_5": 0.0, "mother_french_under_19": 0.0, "mother_french_under_5": 0.0, "mother_french_non_official_under_19": 0.0, "mother_french_non_official_under_5": 0.0, "share_under_19": 0.0, "share_under_5": 0.0 }, "geometry": { "type": "MultiPolygon", "coordinates": [ [ [ [ -62.060699110486134, 46.404702986659593 ], [ -62.061225944575035, 46.405085310206211 ], [ -62.058668638804519, 46.405514276683782 ], [ -62.060699110486134, 46.404702986659593 ] ] ], [ [ [ -61.972047687148191, 46.454005955616985 ], [ -61.970709676739986, 46.451761990275202 ], [ -61.973450045086544, 46.450058704390663 ], [ -61.974881511683414, 46.448019596293761 ], [ -61.984907925591791, 46.444464160580722 ], [ -61.985851432187069, 46.444993704432413 ], [ -61.987638303207603, 46.441851438388298 ], [ -62.001265784471855, 46.433466543741474 ], [ -62.00561172695334, 46.429976498133229 ], [ -62.041967635294924, 46.412728361076766 ], [ -62.055780758874484, 46.407002420024469 ], [ -62.058820571983638, 46.406514494800668 ], [ -62.056129016956774, 46.407932260447367 ], [ -62.052096521526707, 46.411642825705648 ], [ -62.050044447600037, 46.411427795179087 ], [ -62.042234931932505, 46.413810570485481 ], [ -62.037899086107203, 46.416195111735632 ], [ -62.036776542155707, 46.417868616914852 ], [ -62.031644816417888, 46.418131285047586 ], [ -62.018626037293423, 46.424257121111431 ], [ -62.011642926678206, 46.429704806345967 ], [ -62.011020886202658, 46.430995387080529 ], [ -62.008235672011537, 46.431700255380676 ], [ -62.010336466400041, 46.43285240396655 ], [ -62.009617108840281, 46.43232420203725 ], [ -62.018612560782458, 46.430808793032135 ], [ -62.023506645709297, 46.428618769669228 ], [ -62.034791862603882, 46.420461796987205 ], [ -62.044406014026727, 46.417644640477683 ], [ -62.046983599421765, 46.415344221393937 ], [ -62.050051891643321, 46.415495732317929 ], [ -62.049116824255044, 46.41464199391342 ], [ -62.049566839152355, 46.414204741624729 ], [ -62.057072829592023, 46.41129697612179 ], [ -62.055913934248856, 46.410594414207161 ], [ -62.061712735418723, 46.406286257559778 ], [ -62.061552050122039, 46.405033980700011 ], [ -62.063270823384933, 46.403428103817738 ], [ -62.081103589338198, 46.394321052895656 ], [ -62.091970642098389, 46.386119065355878 ], [ -62.107736713377165, 46.377324404843016 ], [ -62.107692935978861, 46.379389958983957 ], [ -62.110078682528162, 46.382634491777281 ], [ -62.109143722883417, 46.384949171702019 ], [ -62.104708308422694, 46.388172443543588 ], [ -62.095921398895356, 46.391019233061456 ], [ -62.09425171935942, 46.391312033322841 ], [ -62.093718609780701, 46.39051580716928 ], [ -62.088747296080648, 46.393815225700628 ], [ -62.088299988772008, 46.394900638411954 ], [ -62.082330715944877, 46.395608872490563 ], [ -62.081514961022648, 46.396160299743379 ], [ -62.081939191823302, 46.396460711861401 ], [ -62.077050168935919, 46.398662304040428 ], [ -62.08128743316729, 46.398093417318627 ], [ -62.082985734922971, 46.396883092976303 ], [ -62.088902370152425, 46.396219392239935 ], [ -62.090414835233396, 46.395223463327063 ], [ -62.089535978230643, 46.394100499632422 ], [ -62.092273653710812, 46.392160322986683 ], [ -62.101488027510179, 46.390235137038715 ], [ -62.106988310448983, 46.387929273914764 ], [ -62.109117844807734, 46.385740939591926 ], [ -62.113385406469817, 46.387232082045735 ], [ -62.119073657279898, 46.386531367380492 ], [ -62.117828899339393, 46.386317859155774 ], [ -62.118987207947434, 46.385602984165047 ], [ -62.123740606914929, 46.386249917446911 ], [ -62.123372856955818, 46.385382974958723 ], [ -62.115525795125407, 46.384674011222607 ], [ -62.110737581119061, 46.382135172983588 ], [ -62.108415285781462, 46.37897284972761 ], [ -62.107949329517993, 46.377333870697292 ], [ -62.109867127336024, 46.376237284627024 ], [ -62.119744572468583, 46.372710745946122 ], [ -62.125748283444949, 46.385131305283892 ], [ -62.127667991708691, 46.386262003547962 ], [ -62.126882691805825, 46.38672271201915 ], [ -62.127883266495196, 46.389270173543707 ], [ -62.147178108007083, 46.433783180101237 ], [ -62.16677113244716, 46.484168303425704 ], [ -62.164839952125988, 46.485779176457015 ], [ -62.162971544126769, 46.482723647030284 ], [ -62.1588131989961, 46.482027183772566 ], [ -62.150031395004888, 46.482916218685055 ], [ -62.146637878320362, 46.484141896310284 ], [ -62.143632546761701, 46.483867438178194 ], [ -62.142455546347264, 46.481662704893829 ], [ -62.139378061754883, 46.480190654734457 ], [ -62.12635593204228, 46.479839920859433 ], [ -62.122640908061733, 46.478353533932612 ], [ -62.11601171861232, 46.478248514060368 ], [ -62.113955218910171, 46.476531663827679 ], [ -62.10576309655054, 46.474037986946001 ], [ -62.089059945157636, 46.473465194011098 ], [ -62.081002104126718, 46.470826826287343 ], [ -62.068374843234729, 46.468228798410117 ], [ -62.059063069298283, 46.468794486819945 ], [ -62.049713658235042, 46.467151256059843 ], [ -62.033245929985526, 46.467409208521545 ], [ -62.022500281416924, 46.466696897373289 ], [ -62.015909571081252, 46.463823483496625 ], [ -62.006384075435392, 46.462670147528662 ], [ -61.988486601091012, 46.46424118632045 ], [ -61.986799117585868, 46.460428383813046 ], [ -61.98300721345398, 46.45774881520142 ], [ -61.972047687148191, 46.454005955616985 ] ] ] ] } },
{ "type": "Feature", "properties": { "CSDUID": "1101041", "CSDNAME": "Lot 42", "PRUID": "11", "PRNAME": "Prince Edward Island", "pop_2021": 0.0, "pop_under_19": 0.0, "pop_0_4": 0.0, "pop_15_19": 0.0, "first_lang_eng_french": 0.0, "first_lang_french": 0.0, "know_eng_french": 0.0, "know_french_only": 0.0, "mother_eng_french": 0.0, "mother_french": 0.0, "mother_french_non_official": 0.0, "first_lang_eng_french_under_19": 0.0, "first_lang_eng_french_under_5": 0.0, "first_lang_french_under_19": 0.0, "first_lang_french_under_5": 0.0, "know_eng_french_under_19": 0.0, "know_eng_french_under_5": 0.0, "know_french_only_under_19": 0.0, "know_french_only_under_5": 0.0, "mother_eng_french_under_19": 0.0, "mother_eng_french_under_5": 0.0, "mother_french_under_19": 0.0, "mother_french_under_5": 0.0, "mother_french_non_official_under_19": 0.0, "mother_french_non_official_under_5": 0.0, "share_under_19": 0.0, "share_under_5": 0.0 }, "geometry": { "type": "Polygon", "coordinates": [ [ [ -62.447522956781512, 46.470592415820022 ], [ -62.416622071498537, 46.395751608478186 ], [ -62.412921908286542, 46.396470001230291 ], [ -62.409925767989755, 46.389064988188373 ], [ -62.523559409039287, 46.366930921680733 ], [ -62.526959590653256, 46.377252471975474 ], [ -62.564036141400344, 46.468630306669027 ], [ -62.54887859672467, 46.469075506377976 ], [ -62.537829377384107, 46.468005428810301 ], [ -62.52635604172778, 46.469335433028924 ], [ -62.517285080727802, 46.471430415285134 ], [ -62.514213888966381, 46.471111411419365 ], [ -62.472844230553378, 46.475221042277035 ], [ -62.467607250840565, 46.473918832627255 ], [ -62.464683625082912, 46.474508162891212 ], [ -62.461018398126591, 46.472358038713175 ], [ -62.447522956781512, 46.470592415820022 ] ] ] } },
{ "type": "Feature", "properties": { "CSDUID": "1101042", "CSDNAME": "Lot 41", "PRUID": "11", "PRNAME": "Prince Edward Island", "pop_2021": 0.0, "pop_under_19": 0.0, "pop_0_4": 0.0, "pop_15_19": 0.0, "first_lang_eng_french": 0.0, "first_lang_french": 0.0, "know_eng_french": 0.0, "know_french_only": 0.0, "mother_eng_french": 0.0, "mother_french": 0.0, "mother_french_non_official": 0.0, "first_lang_eng_french_under_19": 0.0, "first_lang_eng_french_under_5": 0.0, "first_lang_french_under_19": 0.0, "first_lang_french_under_5": 0.0, "know_eng_french_under_19": 0.0, "know_eng_french_under_5": 0.0, "know_french_only_under_19": 0.0, "know_french_only_under_5": 0.0, "mother_eng_french_under_19": 0.0, "mother_eng_french_under_5": 0.0, "mother_french_under_19": 0.0, "mother_french_under_5": 0.0, "mother_french_non_official_under_19": 0.0, "mother_french_non_official_under_5": 0.0, "share_under_19": 0.0, "share_under_5": 0.0 }, "geometry": { "type": "MultiPolygon", "coordinates": [ [ [ [ -62.526959590653256, 46.377252471975474 ], [ -62.523559409039287, 46.366930921680733 ], [ -62.54783273159493, 46.361637939723948 ], [ -62.544161956783853, 46.352340101208739 ], [ -62.594688655568987, 46.341830625483595 ], [ -62.626269313112687, 46.416845579331948 ], [ -62.624973649260717, 46.4163710995538 ], [ -62.622590518057535, 46.417693479076462 ], [ -62.61651735797534, 46.419005224264872 ], [ -62.609422701780332, 46.418647172225583 ], [ -62.603344729861696, 46.405323845565974 ], [ -62.592268389084545, 46.407527698267927 ], [ -62.579920677601883, 46.408374800323166 ], [ -62.579462979027745, 46.406784422221683 ], [ -62.577310178749386, 46.406424292134055 ], [ -62.572813694647927, 46.407526720468653 ], [ -62.575515003608203, 46.415070061754783 ], [ -62.572042274273613, 46.41490929145958 ], [ -62.570845179186534, 46.42083136244414 ], [ -62.568701685085983, 46.420885259666875 ], [ -62.568531136354295, 46.425275173822151 ], [ -62.566026804928086, 46.425268513591327 ], [ -62.56590745511231, 46.429518415037187 ], [ -62.581557127853856, 46.428514484712359 ], [ -62.584361913371431, 46.429675277769469 ], [ -62.584965339862919, 46.426443283302206 ], [ -62.587211365406077, 46.424018121217031 ], [ -62.588129275798636, 46.424295820341733 ], [ -62.58843642423377, 46.423224203315314 ], [ -62.586994109745341, 46.422634445617618 ], [ -62.587717756551996, 46.420518719669921 ], [ -62.609875471583429, 46.430682339126996 ], [ -62.62301028370252, 46.432310348744743 ], [ -62.632580105792776, 46.431961213876043 ], [ -62.645240593925777, 46.463242386479195 ], [ -62.629305153695903, 46.46759151926949 ], [ -62.627643027264988, 46.466857147983603 ], [ -62.622937479061669, 46.467390707065562 ], [ -62.618639127899392, 46.465558533191135 ], [ -62.613235686463319, 46.4653334048555 ], [ -62.602595622237722, 46.467033851201045 ], [ -62.590405412870929, 46.46693684169044 ], [ -62.564036141400344, 46.468630306669027 ], [ -62.526959590653256, 46.377252471975474 ] ] ], [ [ [ -62.627303412929322, 46.419263831114698 ], [ -62.6286111119067, 46.42232150538517 ], [ -62.628144505900082, 46.421887524408511 ], [ -62.627303412929322, 46.419263831114698 ] ] ] ] } },
{ "type": "Feature", "properties": { "CSDUID": "1101044", "CSDNAME": "St. Peters Bay", "PRUID": "11", "PRNAME": "Prince Edward Island", "pop_2021": 231.0, "pop_under_19": 40.0, "pop_0_4": 10.0, "pop_15_19": 10.0, "first_lang_eng_french": 0.0, "first_lang_french": 5.0, "know_eng_french": 20.0, "know_french_only": 0.0, "mother_eng_french": 0.0, "mother_french": 5.0, "mother_french_non_official": 0.0, "first_lang_eng_french_under_19": 0.0, "first_lang_eng_french_under_5": 0.0, "first_lang_french_under_19": 0.86580086580086579, "first_lang_french_under_5": 0.21645021645021639, "know_eng_french_under_19": 3.4632034632034632, "know_eng_french_under_5": 0.86580086580086579, "know_french_only_under_19": 0.0, "know_french_only_under_5": 0.0, "mother_eng_french_under_19": 0.0, "mother_eng_french_under_5": 0.0, "mother_french_under_19": 0.86580086580086579, "mother_french_under_5": 0.21645021645021639, "mother_french_non_official_under_19": 0.0, "mother_french_non_official_under_5": 0.0, "share_under_19": 0.17316017316017315, "share_under_5": 0.043290043290043288 }, "geometry": { "type": "Polygon", "coordinates": [ [ [ -62.568531136354295, 46.425275173822151 ], [ -62.568701685085983, 46.420885259666875 ], [ -62.570845179186534, 46.42083136244414 ], [ -62.572042274273613, 46.41490929145958 ], [ -62.575515003608203, 46.415070061754783 ], [ -62.572813694647927, 46.407526720468653 ], [ -62.577310178749386, 46.406424292134055 ], [ -62.579462979027745, 46.406784422221683 ], [ -62.579920677601883, 46.408374800323166 ], [ -62.592268389084545, 46.407527698267927 ], [ -62.603344729861696, 46.405323845565974 ], [ -62.609422701780332, 46.418647172225583 ], [ -62.601470500927526, 46.417729809744721 ], [ -62.591619057556144, 46.414347195112114 ], [ -62.581788520132569, 46.415193619701526 ], [ -62.58128023944689, 46.415299752136931 ], [ -62.582458710297679, 46.417742977080174 ], [ -62.587717756551996, 46.420518719669921 ], [ -62.586994109745341, 46.422634445617618 ], [ -62.58843642423377, 46.423224203315314 ], [ -62.588129275798636, 46.424295820341733 ], [ -62.587211365406077, 46.424018121217031 ], [ -62.584965339862919, 46.426443283302206 ], [ -62.584361913371431, 46.429675277769469 ], [ -62.581557127853856, 46.428514484712359 ], [ -62.56590745511231, 46.429518415037187 ], [ -62.566026804928086, 46.425268513591327 ], [ -62.568531136354295, 46.425275173822151 ] ] ] } },
{ "type": "Feature", "properties": { "CSDUID": "1101046", "CSDNAME": "Lot 40", "PRUID": "11", "PRNAME": "Prince Edward Island", "pop_2021": 0.0, "pop_under_19": 0.0, "pop_0_4": 0.0, "pop_15_19": 0.0, "first_lang_eng_french": 0.0, "first_lang_french": 0.0, "know_eng_french": 0.0, "know_french_only": 0.0, "mother_eng_french": 0.0, "mother_french": 0.0, "mother_french_non_official": 0.0, "first_lang_eng_french_under_19": 0.0, "first_lang_eng_french_under_5": 0.0, "first_lang_french_under_19": 0.0, "first_lang_french_under_5": 0.0, "know_eng_french_under_19": 0.0, "know_eng_french_under_5": 0.0, "know_french_only_under_19": 0.0, "know_french_only_under_5": 0.0, "mother_eng_french_under_19": 0.0, "mother_eng_french_under_5": 0.0, "mother_french_under_19": 0.0, "mother_french_under_5": 0.0, "mother_french_non_official_under_19": 0.0, "mother_french_non_official_under_5": 0.0, "share_under_19": 0.0, "share_under_5": 0.0 }, "geometry": { "type": "MultiPolygon", "coordinates": [ [ [ [ -62.6286111119067, 46.42232150538517 ], [ -62.627415166764322, 46.418150273025908 ], [ -62.626269313112687, 46.416845579331948 ], [ -62.594688655568987, 46.341830625483595 ], [ -62.674699067478087, 46.326155566308096 ], [ -62.692692993406666, 46.370879806053949 ], [ -62.693469707315764, 46.37335538948799 ], [ -62.693315791063107, 46.376523709358956 ], [ -62.694483884342745, 46.37614898306515 ], [ -62.696772491345932, 46.383559507560939 ], [ -62.705108620590259, 46.400104782920685 ], [ -62.708072114688186, 46.408073299205689 ], [ -62.697880848243251, 46.409733687573372 ], [ -62.699033808608711, 46.412966883400308 ], [ -62.69858418293822, 46.41659158595774 ], [ -62.702946903360875, 46.417237450125263 ], [ -62.698936640974118, 46.417667954229323 ], [ -62.697625286116839, 46.418726463452501 ], [ -62.698435409171665, 46.420120432762388 ], [ -62.699471242698202, 46.419888703648304 ], [ -62.700908267110385, 46.42251980218537 ], [ -62.71366527586035, 46.420505545193357 ], [ -62.716821284355298, 46.430576106516845 ], [ -62.714165092865194, 46.431935499990239 ], [ -62.710928065368158, 46.431180398670122 ], [ -62.707320950654619, 46.431495218082254 ], [ -62.702977841860317, 46.428316141385658 ], [ -62.695176864255764, 46.426846655130007 ], [ -62.687172913052422, 46.423483695915557 ], [ -62.680330963503508, 46.423908223521281 ], [ -62.672878118128828, 46.427532021145907 ], [ -62.66948189359772, 46.427414258177123 ], [ -62.666657693676576, 46.425264152270287 ], [ -62.660958861728425, 46.422916485426619 ], [ -62.654101287874575, 46.416614144769724 ], [ -62.651157837118802, 46.415483316389 ], [ -62.649420108702294, 46.41609592934833 ], [ -62.649275807991891, 46.418309400673564 ], [ -62.645023238908536, 46.421905153800154 ], [ -62.63995394228052, 46.422960266792892 ], [ -62.63718094210531, 46.425075440057228 ], [ -62.63517818662163, 46.424853060454595 ], [ -62.63405794175123, 46.423058558653537 ], [ -62.6286111119067, 46.42232150538517 ] ] ], [ [ [ -62.632580105792776, 46.431961213876043 ], [ -62.654053440542206, 46.432408439582815 ], [ -62.656793484037728, 46.433424676685704 ], [ -62.662222795036911, 46.437409695641506 ], [ -62.673139108293448, 46.44048329264826 ], [ -62.677681276642367, 46.442890080103282 ], [ -62.682968381877728, 46.44263487260325 ], [ -62.694270294232481, 46.44001073920753 ], [ -62.702046798045743, 46.441534206539203 ], [ -62.707762648352201, 46.44139598338257 ], [ -62.711583867325196, 46.440100733162481 ], [ -62.711970822725561, 46.440785675138095 ], [ -62.720331454345548, 46.44275933943134 ], [ -62.722978635939022, 46.444466729296707 ], [ -62.726185850671378, 46.443565489794743 ], [ -62.728343154824849, 46.444335591959295 ], [ -62.727567605824198, 46.44582768200803 ], [ -62.723640570619189, 46.447447203832553 ], [ -62.712547591936833, 46.449930751739849 ], [ -62.694220412520217, 46.455903979146292 ], [ -62.672344275408378, 46.457976322769831 ], [ -62.657162035784133, 46.461828662831671 ], [ -62.645240593925777, 46.463242386479195 ], [ -62.632580105792776, 46.431961213876043 ] ] ] ] } },
{ "type": "Feature", "properties": { "CSDUID": "1101048", "CSDNAME": "Morell", "PRUID": "11", "PRNAME": "Prince Edward Island", "pop_2021": 269.0, "pop_under_19": 55.0, "pop_0_4": 15.0, "pop_15_19": 10.0, "first_lang_eng_french": 0.0, "first_lang_french": 5.0, "know_eng_french": 25.0, "know_french_only": 0.0, "mother_eng_french": 0.0, "mother_french": 5.0, "mother_french_non_official": 0.0, "first_lang_eng_french_under_19": 0.0, "first_lang_eng_french_under_5": 0.0, "first_lang_french_under_19": 1.0223048327137545, "first_lang_french_under_5": 0.27881040892193309, "know_eng_french_under_19": 5.1115241635687729, "know_eng_french_under_5": 1.3940520446096654, "know_french_only_under_19": 0.0, "know_french_only_under_5": 0.0, "mother_eng_french_under_19": 0.0, "mother_eng_french_under_5": 0.0, "mother_french_under_19": 1.0223048327137545, "mother_french_under_5": 0.27881040892193309, "mother_french_non_official_under_19": 0.0, "mother_french_non_official_under_5": 0.0, "share_under_19": 0.20446096654275092, "share_under_5": 0.055762081784386616 }, "geometry": { "type": "Polygon", "coordinates": [ [ [ -62.700908267110385, 46.42251980218537 ], [ -62.699471242698202, 46.419888703648304 ], [ -62.698435409171665, 46.420120432762388 ], [ -62.697625286116839, 46.418726463452501 ], [ -62.698936640974118, 46.417667954229323 ], [ -62.702946903360875, 46.417237450125263 ], [ -62.69858418293822, 46.41659158595774 ], [ -62.699033808608711, 46.412966883400308 ], [ -62.697880848243251, 46.409733687573372 ], [ -62.710701902481972, 46.407659422944207 ], [ -62.71233664956268, 46.411543905160592 ], [ -62.711743886927252, 46.411649930009652 ], [ -62.713378738433619, 46.415833893827781 ], [ -62.712622945111271, 46.415856213071052 ], [ -62.714020364305625, 46.420361895298299 ], [ -62.700908267110385, 46.42251980218537 ] ] ] } },
{ "type": "Feature", "properties": { "CSDUID": "1101049", "CSDNAME": "Lot 39", "PRUID": "11", "PRNAME": "Prince Edward Island", "pop_2021": 0.0, "pop_under_19": 0.0, "pop_0_4": 0.0, "pop_15_19": 0.0, "first_lang_eng_french": 0.0, "first_lang_french": 0.0, "know_eng_french": 0.0, "know_french_only": 0.0, "mother_eng_french": 0.0, "mother_french": 0.0, "mother_french_non_official": 0.0, "first_lang_eng_french_under_19": 0.0, "first_lang_eng_french_under_5": 0.0, "first_lang_french_under_19": 0.0, "first_lang_french_under_5": 0.0, "know_eng_french_under_19": 0.0, "know_eng_french_under_5": 0.0, "know_french_only_under_19": 0.0, "know_french_only_under_5": 0.0, "mother_eng_french_under_19": 0.0, "mother_eng_french_under_5": 0.0, "mother_french_under_19": 0.0, "mother_french_under_5": 0.0, "mother_french_non_official_under_19": 0.0, "mother_french_non_official_under_5": 0.0, "share_under_19": 0.0, "share_under_5": 0.0 }, "geometry": { "type": "Polygon", "coordinates": [ [ [ -62.742198459255334, 46.443710699003844 ], [ -62.738770662481031, 46.441785989068684 ], [ -62.732621223710268, 46.44007984501318 ], [ -62.738824851581285, 46.441345121580007 ], [ -62.740798101660367, 46.439314015243035 ], [ -62.74452729382822, 46.439836286057464 ], [ -62.746272187652735, 46.44125505867602 ], [ -62.747869879761382, 46.440159645134194 ], [ -62.743693648571551, 46.438584252538099 ], [ -62.739316292160574, 46.43929432611462 ], [ -62.734138565715966, 46.438598441391662 ], [ -62.730740403151948, 46.436061590007633 ], [ -62.73032145382615, 46.436546576695847 ], [ -62.728907626256607, 46.435526269203272 ], [ -62.729627153663927, 46.434799008617631 ], [ -62.724488324646472, 46.431654851840626 ], [ -62.72016018998783, 46.430438393236081 ], [ -62.716821284355298, 46.430576106516845 ], [ -62.71366527586035, 46.420505545193357 ], [ -62.712622945111271, 46.415856213071052 ], [ -62.713378738433619, 46.415833893827781 ], [ -62.711743886927252, 46.411649930009652 ], [ -62.71233664956268, 46.411543905160592 ], [ -62.710701902481972, 46.407659422944207 ], [ -62.708072114688186, 46.408073299205689 ], [ -62.705108620590259, 46.400104782920685 ], [ -62.696772491345932, 46.383559507560939 ], [ -62.694483884342745, 46.37614898306515 ], [ -62.693315791063107, 46.376523709358956 ], [ -62.693469707315764, 46.37335538948799 ], [ -62.692692993406666, 46.370879806053949 ], [ -62.674699067478087, 46.326155566308096 ], [ -62.753501590096619, 46.311019224346836 ], [ -62.77314536837325, 46.360671758896117 ], [ -62.800470046289881, 46.436178428795969 ], [ -62.775387889314111, 46.439550845656761 ], [ -62.77375613330311, 46.440636603092578 ], [ -62.767045024720652, 46.442216062294058 ], [ -62.742198459255334, 46.443710699003844 ] ], [ [ -62.716185288095808, 46.358646791443697 ], [ -62.699694383927543, 46.35266272581093 ], [ -62.696775194820034, 46.354182629083951 ], [ -62.698648305422168, 46.357853143945668 ], [ -62.712535891437966, 46.362984601718331 ], [ -62.716185288095808, 46.358646791443697 ] ] ] } },
{ "type": "Feature", "properties": { "CSDUID": "1101050", "CSDNAME": "Morell 2", "PRUID": "11", "PRNAME": "Prince Edward Island", "pop_2021": 25.0, "pop_under_19": 0.0, "pop_0_4": 0.0, "pop_15_19": 0.0, "first_lang_eng_french": 0.0, "first_lang_french": 0.0, "know_eng_french": 0.0, "know_french_only": 0.0, "mother_eng_french": 0.0, "mother_french": 0.0, "mother_french_non_official": 0.0, "first_lang_eng_french_under_19": 0.0, "first_lang_eng_french_under_5": 0.0, "first_lang_french_under_19": 0.0, "first_lang_french_under_5": 0.0, "know_eng_french_under_19": 0.0, "know_eng_french_under_5": 0.0, "know_french_only_under_19": 0.0, "know_french_only_under_5": 0.0, "mother_eng_french_under_19": 0.0, "mother_eng_french_under_5": 0.0, "mother_french_under_19": 0.0, "mother_french_under_5": 0.0, "mother_french_non_official_under_19": 0.0, "mother_french_non_official_under_5": 0.0, "share_under_19": 0.0, "share_under_5": 0.0 }, "geometry": { "type": "Polygon", "coordinates": [ [ [ -62.716185288095808, 46.358646791443697 ], [ -62.712535891437966, 46.362984601718331 ], [ -62.698648305422168, 46.357853143945668 ], [ -62.696775194820034, 46.354182629083951 ], [ -62.699694383927543, 46.35266272581093 ], [ -62.716185288095808, 46.358646791443697 ] ] ] } },
{ "type": "Feature", "properties": { "CSDUID": "1101051", "CSDNAME": "Lot 38", "PRUID": "11", "PRNAME": "Prince Edward Island", "pop_2021": 0.0, "pop_under_19": 0.0, "pop_0_4": 0.0, "pop_15_19": 0.0, "first_lang_eng_french": 0.0, "first_lang_french": 0.0, "know_eng_french": 0.0, "know_french_only": 0.0, "mother_eng_french": 0.0, "mother_french": 0.0, "mother_french_non_official": 0.0, "first_lang_eng_french_under_19": 0.0, "first_lang_eng_french_under_5": 0.0, "first_lang_french_under_19": 0.0, "first_lang_french_under_5": 0.0, "know_eng_french_under_19": 0.0, "know_eng_french_under_5": 0.0, "know_french_only_under_19": 0.0, "know_french_only_under_5": 0.0, "mother_eng_french_under_19": 0.0, "mother_eng_french_under_5": 0.0, "mother_french_under_19": 0.0, "mother_french_under_5": 0.0, "mother_french_non_official_under_19": 0.0, "mother_french_non_official_under_5": 0.0, "share_under_19": 0.0, "share_under_5": 0.0 }, "geometry": { "type": "MultiPolygon", "coordinates": [ [ [ [ -62.800470046289881, 46.436178428795969 ], [ -62.77314536837325, 46.360671758896117 ], [ -62.742945053344677, 46.28424616604083 ], [ -62.803311490721647, 46.272390953314179 ], [ -62.85386173454026, 46.40608077188439 ], [ -62.846997585378865, 46.407765205006825 ], [ -62.843680913156213, 46.407418747856973 ], [ -62.843391481977655, 46.408543297039508 ], [ -62.845055786825782, 46.408914554572924 ], [ -62.84506625689334, 46.409814562544547 ], [ -62.840212193874258, 46.41015885307344 ], [ -62.842131048801946, 46.407992599009489 ], [ -62.840324959351058, 46.407180105033376 ], [ -62.839723118394986, 46.40388538509729 ], [ -62.838940429321312, 46.404604255469678 ], [ -62.839326361201131, 46.406098747515266 ], [ -62.837876270567278, 46.408112635490703 ], [ -62.8226160859221, 46.411779857947046 ], [ -62.81750135125484, 46.412158798470664 ], [ -62.815291252146253, 46.4154671506436 ], [ -62.815455752378256, 46.416307461314886 ], [ -62.81623457667061, 46.417421597300418 ], [ -62.821213283503916, 46.418995417118992 ], [ -62.821737476861998, 46.421867143175476 ], [ -62.81991357492884, 46.422467271651108 ], [ -62.82114854413409, 46.422874185164908 ], [ -62.82063765332034, 46.423899364499043 ], [ -62.821627650781394, 46.423621918179037 ], [ -62.820765079107886, 46.424727536765474 ], [ -62.823790444894215, 46.422860298453323 ], [ -62.824890911172616, 46.424652909925641 ], [ -62.825946215313451, 46.424294534951159 ], [ -62.828476465711489, 46.426701275503788 ], [ -62.831636781685944, 46.427452943114993 ], [ -62.829628110609519, 46.428844933271648 ], [ -62.822210562036453, 46.428464647151181 ], [ -62.820893935188955, 46.429101560622918 ], [ -62.820029559888511, 46.430720161865366 ], [ -62.82637070531694, 46.429964982802879 ], [ -62.827427338640874, 46.429210613952797 ], [ -62.828621669923365, 46.430193371797529 ], [ -62.829990883435748, 46.429376453098357 ], [ -62.831445233432156, 46.430476542972627 ], [ -62.832319555845714, 46.429739873060633 ], [ -62.832129103880227, 46.428182637010991 ], [ -62.833353118520606, 46.427995447965898 ], [ -62.833202679946282, 46.430371130665819 ], [ -62.833878981024029, 46.430543099209167 ], [ -62.832856580320453, 46.432890538802233 ], [ -62.818485015800995, 46.43333660762314 ], [ -62.800470046289881, 46.436178428795969 ] ] ], [ [ [ -62.834569012697806, 46.431862178833278 ], [ -62.833931150087174, 46.429704259869844 ], [ -62.837941785369061, 46.429563466814727 ], [ -62.838856520014701, 46.427640674296384 ], [ -62.842219399283202, 46.426973058361355 ], [ -62.840804064456492, 46.425846140919809 ], [ -62.840653693513225, 46.423857000937197 ], [ -62.842129364907336, 46.417595276438178 ], [ -62.847031989622742, 46.414083048697833 ], [ -62.851118715556083, 46.413710465059665 ], [ -62.855962013083094, 46.411736720533405 ], [ -62.864230458898184, 46.434196824884687 ], [ -62.857152904391889, 46.434903384820615 ], [ -62.85020273016805, 46.434597511185046 ], [ -62.845792968954967, 46.433565679428852 ], [ -62.839414268499027, 46.433763906920731 ], [ -62.836838191637476, 46.433364277578399 ], [ -62.834569012697806, 46.431862178833278 ] ] ] ] } },
{ "type": "Feature", "properties": { "CSDUID": "1102001", "CSDNAME": "Lot 62", "PRUID": "11", "PRNAME": "Prince Edward Island", "pop_2021": 0.0, "pop_under_19": 0.0, "pop_0_4": 0.0, "pop_15_19": 0.0, "first_lang_eng_french": 0.0, "first_lang_french": 0.0, "know_eng_french": 0.0, "know_french_only": 0.0, "mother_eng_french": 0.0, "mother_french": 0.0, "mother_french_non_official": 0.0, "first_lang_eng_french_under_19": 0.0, "first_lang_eng_french_under_5": 0.0, "first_lang_french_under_19": 0.0, "first_lang_french_under_5": 0.0, "know_eng_french_under_19": 0.0, "know_eng_french_under_5": 0.0, "know_french_only_under_19": 0.0, "know_french_only_under_5": 0.0, "mother_eng_french_under_19": 0.0, "mother_eng_french_under_5": 0.0, "mother_french_under_19": 0.0, "mother_french_under_5": 0.0, "mother_french_non_official_under_19": 0.0, "mother_french_non_official_under_5": 0.0, "share_under_19": 0.0, "share_under_5": 0.0 }, "geometry": { "type": "Polygon", "coordinates": [ [ [ -62.69565888888949, 46.030781810555567 ], [ -62.667632689449036, 45.959064573724135 ], [ -62.671918561122311, 45.960877031143312 ], [ -62.676110117710977, 45.96133900786284 ], [ -62.681600036165541, 45.960454402854957 ], [ -62.698368147704095, 45.962074956785834 ], [ -62.701928034365345, 45.960059218726606 ], [ -62.705804306985044, 45.959169199819385 ], [ -62.707093622889431, 45.959397529993055 ], [ -62.707730587257053, 45.960974224170855 ], [ -62.71320719923628, 45.962563170814448 ], [ -62.726103979162332, 45.964394910267494 ], [ -62.744843655422073, 45.958813010780922 ], [ -62.746469048658412, 45.956116509795947 ], [ -62.74647726217944, 45.95431644530818 ], [ -62.745839259697554, 45.952739953504071 ], [ -62.741978704040562, 45.950481187262248 ], [ -62.745532132811064, 45.94936409888922 ], [ -62.749723468943643, 45.949823383591422 ], [ -62.746614233289435, 45.951366738609309 ], [ -62.748494471013103, 45.95390900340027 ], [ -62.749334918464555, 45.952838831009174 ], [ -62.749194406504145, 45.953376710914348 ], [ -62.749782374220288, 45.953189071492069 ], [ -62.748981986524214, 45.9540962014744 ], [ -62.749852758038493, 45.954232683740294 ], [ -62.749131005666364, 45.956562519944057 ], [ -62.747106946486078, 45.958259232683254 ], [ -62.752266909386442, 45.95815432108067 ], [ -62.754838911623267, 45.960184954108954 ], [ -62.756773690875129, 45.960414098734589 ], [ -62.75741994682388, 45.960190478088222 ], [ -62.756456003948259, 45.959288371554621 ], [ -62.76000483970256, 45.959295872531129 ], [ -62.76321765163933, 45.962452732307888 ], [ -62.762586807794264, 45.959076276250677 ], [ -62.754887513838739, 45.949159538317538 ], [ -62.752627553418137, 45.949604706954084 ], [ -62.75230901324155, 45.948703982062504 ], [ -62.754891489704463, 45.948259502788723 ], [ -62.756467020518564, 45.949054812340307 ], [ -62.756408551356451, 45.95066934272247 ], [ -62.763173711683223, 45.957938929346518 ], [ -62.769937975313972, 45.960274731546747 ], [ -62.777103906611444, 45.959330526254753 ], [ -62.781613572454823, 45.961139295370742 ], [ -62.791993411928168, 45.962427617058204 ], [ -62.824967741621847, 45.964139129894356 ], [ -62.829632570837127, 45.96519232315103 ], [ -62.835198943423386, 45.969444358442459 ], [ -62.839256383191774, 45.969995619541535 ], [ -62.843203244629443, 45.973174925853385 ], [ -62.846622488044794, 45.9732344005673 ], [ -62.848215856106798, 45.974069889691883 ], [ -62.851342320000079, 45.973569054999928 ], [ -62.856220849330612, 45.98000253584231 ], [ -62.86188941650915, 45.985574548993448 ], [ -62.868704733335555, 45.988248109931369 ], [ -62.872630973744045, 45.988649634436179 ], [ -62.876607151254191, 45.992712041271261 ], [ -62.84902070685726, 45.998464802682818 ], [ -62.850913195756121, 46.001371704073037 ], [ -62.727848189121104, 46.024317483214887 ], [ -62.71491781740049, 46.028244835107259 ], [ -62.69565888888949, 46.030781810555567 ] ] ] } },
{ "type": "Feature", "properties": { "CSDUID": "1102004", "CSDNAME": "Lot 60", "PRUID": "11", "PRNAME": "Prince Edward Island", "pop_2021": 0.0, "pop_under_19": 0.0, "pop_0_4": 0.0, "pop_15_19": 0.0, "first_lang_eng_french": 0.0, "first_lang_french": 0.0, "know_eng_french": 0.0, "know_french_only": 0.0, "mother_eng_french": 0.0, "mother_french": 0.0, "mother_french_non_official": 0.0, "first_lang_eng_french_under_19": 0.0, "first_lang_eng_french_under_5": 0.0, "first_lang_french_under_19": 0.0, "first_lang_french_under_5": 0.0, "know_eng_french_under_19": 0.0, "know_eng_french_under_5": 0.0, "know_french_only_under_19": 0.0, "know_french_only_under_5": 0.0, "mother_eng_french_under_19": 0.0, "mother_eng_french_under_5": 0.0, "mother_french_under_19": 0.0, "mother_french_under_5": 0.0, "mother_french_non_official_under_19": 0.0, "mother_french_non_official_under_5": 0.0, "share_under_19": 0.0, "share_under_5": 0.0 }, "geometry": { "type": "Polygon", "coordinates": [ [ [ -62.714371341582783, 46.077238424443671 ], [ -62.69565888888949, 46.030781810555567 ], [ -62.71491781740049, 46.028244835107259 ], [ -62.727848189121104, 46.024317483214887 ], [ -62.850913195756121, 46.001371704073037 ], [ -62.84902070685726, 45.998464802682818 ], [ -62.876607151254191, 45.992712041271261 ], [ -62.881555833701313, 45.996397056879303 ], [ -62.890591844498452, 45.998206124767847 ], [ -62.893144784958018, 46.000314642141575 ], [ -62.890249623627767, 46.001463932229839 ], [ -62.8869427908487, 46.008120956056672 ], [ -62.886468934373504, 46.006149420726025 ], [ -62.888294425538589, 46.003973138099667 ], [ -62.887960509153075, 46.003054762398669 ], [ -62.879831662492954, 46.005440611980575 ], [ -62.874303671019305, 46.005461660287253 ], [ -62.863890673924217, 46.001372577133345 ], [ -62.858941955970991, 46.002293616183877 ], [ -62.862300775897857, 46.001919705003623 ], [ -62.861884203796599, 46.003242226887153 ], [ -62.866455742124302, 46.003436687271318 ], [ -62.869886578731737, 46.00542072024983 ], [ -62.870450108959027, 46.007455428154529 ], [ -62.874386215708526, 46.008944873119027 ], [ -62.875303473522692, 46.008846884875879 ], [ -62.874684916478543, 46.008216185067724 ], [ -62.875307223666709, 46.007181811508651 ], [ -62.884618416726347, 46.007848618504077 ], [ -62.885283917712918, 46.010819418273925 ], [ -62.884439116263579, 46.013311651895201 ], [ -62.889551347900358, 46.014900752671359 ], [ -62.892374215166527, 46.018062561462465 ], [ -62.902019267509765, 46.021041335876333 ], [ -62.902428176648883, 46.02359777753464 ], [ -62.905449931523655, 46.024491347455317 ], [ -62.904678635377415, 46.022213619146399 ], [ -62.905430605245115, 46.020675194146634 ], [ -62.90243500590563, 46.019718651980092 ], [ -62.897635263313283, 46.016366327111733 ], [ -62.895313610021311, 46.014438160469133 ], [ -62.898025843306655, 46.014719608920508 ], [ -62.894877359982473, 46.012889703335929 ], [ -62.89440200088687, 46.0115302196606 ], [ -62.909161540395878, 46.022343281048371 ], [ -62.913893556773786, 46.028476167851935 ], [ -62.923471180707274, 46.035797248216234 ], [ -62.714371341582783, 46.077238424443671 ] ] ] } },
{ "type": "Feature", "properties": { "CSDUID": "1102006", "CSDNAME": "Lot 58", "PRUID": "11", "PRNAME": "Prince Edward Island", "pop_2021": 0.0, "pop_under_19": 0.0, "pop_0_4": 0.0, "pop_15_19": 0.0, "first_lang_eng_french": 0.0, "first_lang_french": 0.0, "know_eng_french": 0.0, "know_french_only": 0.0, "mother_eng_french": 0.0, "mother_french": 0.0, "mother_french_non_official": 0.0, "first_lang_eng_french_under_19": 0.0, "first_lang_eng_french_under_5": 0.0, "first_lang_french_under_19": 0.0, "first_lang_french_under_5": 0.0, "know_eng_french_under_19": 0.0, "know_eng_french_under_5": 0.0, "know_french_only_under_19": 0.0, "know_french_only_under_5": 0.0, "mother_eng_french_under_19": 0.0, "mother_eng_french_under_5": 0.0, "mother_french_under_19": 0.0, "mother_french_under_5": 0.0, "mother_french_non_official_under_19": 0.0, "mother_french_non_official_under_5": 0.0, "share_under_19": 0.0, "share_under_5": 0.0 }, "geometry": { "type": "MultiPolygon", "coordinates": [ [ [ [ -62.962625781495618, 46.05697934577492 ], [ -62.96738458452527, 46.054631744858192 ], [ -62.974985777702329, 46.054660657480071 ], [ -62.982289222786079, 46.056147071344725 ], [ -62.987913094730729, 46.054392741904628 ], [ -62.991791259192368, 46.054267096554526 ], [ -62.993562401297368, 46.053268180285556 ], [ -62.99883657803143, 46.053610355751339 ], [ -62.999340744080662, 46.052728339212074 ], [ -63.00400732486429, 46.052962279964625 ], [ -63.008867629690386, 46.051827958593805 ], [ -63.023539712402325, 46.052824926131827 ], [ -63.027766494420923, 46.052220956993189 ], [ -63.033943516517056, 46.049087203596152 ], [ -63.04069172506378, 46.050255028051069 ], [ -63.040465670636195, 46.051382372293055 ], [ -62.963308216893275, 46.067149192123523 ], [ -62.966397692966247, 46.061912673073273 ], [ -62.96778128492511, 46.061589042204453 ], [ -62.96705941892975, 46.05797974295271 ], [ -62.965690083327701, 46.056341297394972 ], [ -62.962625781495618, 46.05697934577492 ] ] ], [ [ [ -62.923471180707274, 46.035797248216234 ], [ -62.930033301780988, 46.037721465550128 ], [ -62.935843156652865, 46.042594034133302 ], [ -62.937884558898702, 46.043189177501844 ], [ -62.940250188822333, 46.042767416409788 ], [ -62.955542238841495, 46.054562537458331 ], [ -62.962767710364432, 46.057384407604395 ], [ -62.961358479058561, 46.057500955964628 ], [ -62.958861103792771, 46.060614154275257 ], [ -62.955614664006958, 46.062277993505852 ], [ -62.96039932216933, 46.061019729951667 ], [ -62.961266045889602, 46.060290981783325 ], [ -62.960969210788363, 46.059561874822585 ], [ -62.963374455622521, 46.058707642245011 ], [ -62.965390738503693, 46.059500294531702 ], [ -62.965725973507453, 46.060967440403189 ], [ -62.962738011956773, 46.067268036020891 ], [ -62.877487313813823, 46.084442508446088 ], [ -62.728785707571646, 46.112878993068485 ], [ -62.714371341582783, 46.077238424443671 ], [ -62.923471180707274, 46.035797248216234 ] ] ] ] } },
{ "type": "Feature", "properties": { "CSDUID": "1102008", "CSDNAME": "Lot 57", "PRUID": "11", "PRNAME": "Prince Edward Island", "pop_2021": 0.0, "pop_under_19": 0.0, "pop_0_4": 0.0, "pop_15_19": 0.0, "first_lang_eng_french": 0.0, "first_lang_french": 0.0, "know_eng_french": 0.0, "know_french_only": 0.0, "mother_eng_french": 0.0, "mother_french": 0.0, "mother_french_non_official": 0.0, "first_lang_eng_french_under_19": 0.0, "first_lang_eng_french_under_5": 0.0, "first_lang_french_under_19": 0.0, "first_lang_french_under_5": 0.0, "know_eng_french_under_19": 0.0, "know_eng_french_under_5": 0.0, "know_french_only_under_19": 0.0, "know_french_only_under_5": 0.0, "mother_eng_french_under_19": 0.0, "mother_eng_french_under_5": 0.0, "mother_french_under_19": 0.0, "mother_french_under_5": 0.0, "mother_french_non_official_under_19": 0.0, "mother_french_non_official_under_5": 0.0, "share_under_19": 0.0, "share_under_5": 0.0 }, "geometry": { "type": "MultiPolygon", "coordinates": [ [ [ [ -62.877487313813823, 46.084442508446088 ], [ -62.962738011956773, 46.067268036020891 ], [ -62.963148667702733, 46.067725807234631 ], [ -62.963308216893275, 46.067149192123523 ], [ -62.983656785371039, 46.062732918402993 ], [ -63.040465670636195, 46.051382372293055 ], [ -63.040655176297683, 46.053306135422019 ], [ -63.03988011472979, 46.0540714291839 ], [ -63.025429415437031, 46.058008658353145 ], [ -63.018992660210721, 46.062114019859052 ], [ -63.017312974756358, 46.065543382077188 ], [ -63.01516693006996, 46.066605732410537 ], [ -63.018179215485134, 46.06532724930414 ], [ -63.021049824834144, 46.065911776665772 ], [ -63.02048155214225, 46.067612914139225 ], [ -63.019550718409974, 46.068072108215233 ], [ -63.015904594454049, 46.06892768996201 ], [ -63.013344177289454, 46.068208006255865 ], [ -63.009180862291096, 46.069909456791265 ], [ -63.006232648224405, 46.069927639920984 ], [ -63.004719651456597, 46.068928691369223 ], [ -63.004874678572115, 46.0673266367927 ], [ -63.000646488335825, 46.066327718767653 ], [ -62.994297808348222, 46.06716461282754 ], [ -62.986694310258407, 46.069450024644901 ], [ -62.98522032454256, 46.069044842436703 ], [ -62.971420437432926, 46.074748370869862 ], [ -62.965251471061244, 46.075421663543253 ], [ -62.959753961596796, 46.077300918092838 ], [ -62.955458324953028, 46.079855377888848 ], [ -62.945353909973932, 46.083532093355061 ], [ -62.942493219395466, 46.085753735107907 ], [ -62.938736104478885, 46.091250905286742 ], [ -62.937584162407944, 46.091844305050365 ], [ -62.930562146896484, 46.090094202665782 ], [ -62.921763966004995, 46.091537568825899 ], [ -62.916668432838314, 46.090732934383233 ], [ -62.916432249879968, 46.092955822771358 ], [ -62.914669796218703, 46.094988559770471 ], [ -62.914784029410399, 46.096410691914613 ], [ -62.907931403611315, 46.101787476646749 ], [ -62.898803608241678, 46.105244824397339 ], [ -62.896950415183483, 46.106809193381167 ], [ -62.889987191651528, 46.107720747953692 ], [ -62.88655545764081, 46.109049400603524 ], [ -62.884605472526204, 46.119559649121634 ], [ -62.887514293183479, 46.127500669741998 ], [ -62.88661671197832, 46.129668824969514 ], [ -62.885477210923192, 46.129838691376634 ], [ -62.884044004833484, 46.128082213121644 ], [ -62.879216605344297, 46.127690214449494 ], [ -62.878708218630607, 46.129309689278458 ], [ -62.882498125989223, 46.130663687387063 ], [ -62.881727907858995, 46.133686939786323 ], [ -62.880250814064347, 46.134279400556963 ], [ -62.877458700951308, 46.132395423236801 ], [ -62.875824074243006, 46.133950672506316 ], [ -62.874950768580824, 46.136568759713271 ], [ -62.87045463635782, 46.138156781160305 ], [ -62.870673068124553, 46.138886031682006 ], [ -62.874258079405642, 46.139448039455097 ], [ -62.873384015321449, 46.142336116552336 ], [ -62.874651943971763, 46.142742511473017 ], [ -62.879067261687446, 46.142693278122628 ], [ -62.882216688439499, 46.141247547474777 ], [ -62.883308531249583, 46.139223641287032 ], [ -62.884487366429553, 46.138918819849962 ], [ -62.886455187299923, 46.138974806417629 ], [ -62.887175987467351, 46.141045532461874 ], [ -62.88840476386973, 46.14164975392837 ], [ -62.891631810763229, 46.141872721274673 ], [ -62.889390169840333, 46.146473766563759 ], [ -62.885589822896662, 46.150338554590512 ], [ -62.874778769883036, 46.155853293191186 ], [ -62.867922242009513, 46.155810319397759 ], [ -62.854423278985578, 46.152879078919852 ], [ -62.753436124114266, 46.172766564079353 ], [ -62.728785707571646, 46.112878993068485 ], [ -62.877487313813823, 46.084442508446088 ] ], [ [ -62.869785907349019, 46.108797513789007 ], [ -62.869932998398369, 46.108689464509098 ], [ -62.868296720399925, 46.10927279735278 ], [ -62.869785907349019, 46.108797513789007 ] ] ], [ [ [ -62.877589375046, 46.137687628101965 ], [ -62.879759559102581, 46.139912957674547 ], [ -62.878241447796796, 46.141414385903467 ], [ -62.878438356646981, 46.140181563161306 ], [ -62.875523210661903, 46.141069451307452 ], [ -62.875422277350168, 46.139908334441785 ], [ -62.877589375046, 46.137687628101965 ] ] ] ] } },
{ "type": "Feature", "properties": { "CSDUID": "1102009", "CSDNAME": "Lot 50", "PRUID": "11", "PRNAME": "Prince Edward Island", "pop_2021": 0.0, "pop_under_19": 0.0, "pop_0_4": 0.0, "pop_15_19": 0.0, "first_lang_eng_french": 0.0, "first_lang_french": 0.0, "know_eng_french": 0.0, "know_french_only": 0.0, "mother_eng_french": 0.0, "mother_french": 0.0, "mother_french_non_official": 0.0, "first_lang_eng_french_under_19": 0.0, "first_lang_eng_french_under_5": 0.0, "first_lang_french_under_19": 0.0, "first_lang_french_under_5": 0.0, "know_eng_french_under_19": 0.0, "know_eng_french_under_5": 0.0, "know_french_only_under_19": 0.0, "know_french_only_under_5": 0.0, "mother_eng_french_under_19": 0.0, "mother_eng_french_under_5": 0.0, "mother_french_under_19": 0.0, "mother_french_under_5": 0.0, "mother_french_non_official_under_19": 0.0, "mother_french_non_official_under_5": 0.0, "share_under_19": 0.0, "share_under_5": 0.0 }, "geometry": { "type": "MultiPolygon", "coordinates": [ [ [ [ -63.056728239119735, 46.13377905448182 ], [ -63.061658920535763, 46.132309456842023 ], [ -63.063679444507621, 46.133199370319772 ], [ -63.066414753554966, 46.136365853184358 ], [ -63.068227706076456, 46.136751796874883 ], [ -63.068229032798172, 46.137804813579045 ], [ -63.060900497888333, 46.137187949567434 ], [ -63.050299235160949, 46.13932613120911 ], [ -63.055384473534147, 46.136371739939534 ], [ -63.056728239119735, 46.13377905448182 ] ] ], [ [ [ -62.867922242009513, 46.155810319397759 ], [ -62.874778769883036, 46.155853293191186 ], [ -62.885589822896662, 46.150338554590512 ], [ -62.889390169840333, 46.146473766563759 ], [ -62.891631810763229, 46.141872721274673 ], [ -62.895695072980402, 46.141206640901672 ], [ -62.897187785493905, 46.139200948793317 ], [ -62.899001817230804, 46.138410556476394 ], [ -62.904245732990276, 46.138145072860439 ], [ -62.907815050718618, 46.140542033839239 ], [ -62.906910182067797, 46.139677298052987 ], [ -62.907817777241156, 46.138904036623877 ], [ -62.906914069703141, 46.137382278206722 ], [ -62.901814695190559, 46.136486985152814 ], [ -62.900498408620749, 46.134127828525685 ], [ -62.902391823636421, 46.132248432321894 ], [ -62.909503510548454, 46.12940124100033 ], [ -62.911859363399088, 46.12943907872635 ], [ -62.912604433596456, 46.133057695285551 ], [ -62.91187566033404, 46.135460172007697 ], [ -62.914230984177507, 46.136028972855371 ], [ -62.91578076483686, 46.138496165829331 ], [ -62.91631329639354, 46.137371524243648 ], [ -62.915318750618198, 46.135840784730476 ], [ -62.915412545324109, 46.133779819538276 ], [ -62.921191865202687, 46.129913890676875 ], [ -62.921725359958948, 46.127943234156277 ], [ -62.922812810281577, 46.127862967788246 ], [ -62.923526925606197, 46.126288414470018 ], [ -62.927633276382501, 46.123915064011115 ], [ -62.932795115999447, 46.126042241133007 ], [ -62.935980460290779, 46.125081056778548 ], [ -62.9385817548118, 46.125415483444186 ], [ -62.942169511830272, 46.123194312812124 ], [ -62.945935444181167, 46.123763175225776 ], [ -62.950015338853511, 46.120749991396124 ], [ -62.951528846398567, 46.121632642413552 ], [ -62.95056870295641, 46.12427828159197 ], [ -62.952068592652815, 46.126078954015 ], [ -62.95173043184905, 46.127959843654303 ], [ -62.954023152720957, 46.126079761922114 ], [ -62.957116476966483, 46.126404964717658 ], [ -62.96295671676485, 46.122725940953565 ], [ -62.962747205256051, 46.126307927273523 ], [ -62.964078508154827, 46.129269399675152 ], [ -62.965657272736209, 46.130034898074747 ], [ -62.964001672587763, 46.147881637605089 ], [ -62.963288652131823, 46.149096443100895 ], [ -62.961048571455294, 46.148861677761786 ], [ -62.959053328539923, 46.150300992963153 ], [ -62.958182638504155, 46.154314741916366 ], [ -62.955020168392181, 46.157454557810254 ], [ -62.954498177826061, 46.162233414314514 ], [ -62.951622704099698, 46.162259226381693 ], [ -62.94886176759784, 46.164517043902968 ], [ -62.94869127766551, 46.166775994212067 ], [ -62.950203864996773, 46.170052697718923 ], [ -62.948945604561381, 46.171906153969104 ], [ -62.949423069000609, 46.173904386331898 ], [ -62.947608837305125, 46.174470564018584 ], [ -62.947143249150486, 46.173606344666553 ], [ -62.948542088193307, 46.173939995010947 ], [ -62.948439720150951, 46.172580928096693 ], [ -62.945150095876407, 46.17167939816013 ], [ -62.944270911115986, 46.16995996113733 ], [ -62.942043759462834, 46.169058839687416 ], [ -62.937457667070248, 46.169362424588812 ], [ -62.93702805742771, 46.171252199540561 ], [ -62.93898326293656, 46.172081283091671 ], [ -62.939513605542295, 46.17281055296796 ], [ -62.938982112110835, 46.17309827445191 ], [ -62.933634109686999, 46.171115295437247 ], [ -62.934305948973069, 46.172609683960758 ], [ -62.937127931701006, 46.174528283795617 ], [ -62.932479512660692, 46.172473611861946 ], [ -62.930432692943846, 46.172436400734021 ], [ -62.929732059352624, 46.173272964973236 ], [ -62.932839012498746, 46.175119860751025 ], [ -62.932898854476178, 46.179169924550564 ], [ -62.93208176296217, 46.179871434161356 ], [ -62.932974752749338, 46.180690981773232 ], [ -62.932998987084623, 46.182067979622381 ], [ -62.933585468233758, 46.179233306198086 ], [ -62.935386883910923, 46.178829352315596 ], [ -62.938921909480335, 46.180694297137705 ], [ -62.941903222759912, 46.185680222012188 ], [ -62.932305401237493, 46.18768358637621 ], [ -62.928695590798156, 46.183370388866422 ], [ -62.932236986264556, 46.187603816009677 ], [ -62.902170441122003, 46.193720674003785 ], [ -62.878385931629168, 46.197713021964582 ], [ -62.805711990461901, 46.212686033085959 ], [ -62.771946911725422, 46.218634298908583 ], [ -62.753197706537257, 46.172474696544271 ], [ -62.854423278985578, 46.152879078919852 ], [ -62.867922242009513, 46.155810319397759 ] ], [ [ -62.872840597752422, 46.173166607262722 ], [ -62.872862612611463, 46.173170063537405 ], [ -62.849340398214714, 46.165914210765898 ], [ -62.872840597752422, 46.173166607262722 ] ], [ [ -62.922381842350674, 46.174585357168816 ], [ -62.923442157313104, 46.174656899643615 ], [ -62.923084520419557, 46.174465695913028 ], [ -62.922381842350674, 46.174585357168816 ] ], [ [ -62.885777192440159, 46.178835488167103 ], [ -62.886545021899799, 46.178781297218052 ], [ -62.884576906313356, 46.178256120175611 ], [ -62.885777192440159, 46.178835488167103 ] ], [ [ -62.883460389650743, 46.177717186998066 ], [ -62.883689576260451, 46.177827813441858 ], [ -62.882953264718942, 46.17686752955462 ], [ -62.883460389650743, 46.177717186998066 ] ] ] ] } },
{ "type": "Feature", "properties": { "CSDUID": "1102012", "CSDNAME": "Lot 49", "PRUID": "11", "PRNAME": "Prince Edward Island", "pop_2021": 583.0, "pop_under_19": 140.0, "pop_0_4": 25.0, "pop_15_19": 35.0, "first_lang_eng_french": 0.0, "first_lang_french": 15.0, "know_eng_french": 35.0, "know_french_only": 0.0, "mother_eng_french": 0.0, "mother_french": 10.0, "mother_french_non_official": 0.0, "first_lang_eng_french_under_19": 0.0, "first_lang_eng_french_under_5": 0.0, "first_lang_french_under_19": 3.6020583190394508, "first_lang_french_under_5": 0.64322469982847341, "know_eng_french_under_19": 8.4048027444253854, "know_eng_french_under_5": 1.5008576329331045, "know_french_only_under_19": 0.0, "know_french_only_under_5": 0.0, "mother_eng_french_under_19": 0.0, "mother_eng_french_under_5": 0.0, "mother_french_under_19": 2.4013722126929675, "mother_french_under_5": 0.42881646655231559, "mother_french_non_official_under_19": 0.0, "mother_french_non_official_under_5": 0.0, "share_under_19": 0.24013722126929674, "share_under_5": 0.042881646655231559 }, "geometry": { "type": "Polygon", "coordinates": [ [ [ -62.941903222759912, 46.185680222012188 ], [ -62.942893233084398, 46.186843396297981 ], [ -62.951650465849639, 46.189718432448416 ], [ -62.954033543625272, 46.191330442997099 ], [ -62.961821504139088, 46.19211630371759 ], [ -62.963350966841084, 46.191765814424073 ], [ -62.963844000688944, 46.19086596376863 ], [ -62.965217169636837, 46.191667398549271 ], [ -62.964608825354134, 46.190497195661329 ], [ -62.965542528543615, 46.189480474439243 ], [ -62.967162290501903, 46.189633949061765 ], [ -62.96612622561392, 46.188571651572296 ], [ -62.97105102369003, 46.187583000403798 ], [ -62.972994330973442, 46.18850148234403 ], [ -62.972487157200916, 46.192065380576196 ], [ -62.971514726621223, 46.19298312702054 ], [ -62.97010227194064, 46.192721778002415 ], [ -62.968650004125514, 46.194089394685641 ], [ -62.96981564117894, 46.195448713247217 ], [ -62.971137573297746, 46.195512060209957 ], [ -62.970177990347878, 46.196465806161257 ], [ -62.971227304704307, 46.197366084816757 ], [ -62.970228707438729, 46.198562821648508 ], [ -62.971096637123381, 46.199427055023122 ], [ -62.975867959658935, 46.195711148907996 ], [ -62.976398940700577, 46.196674271865071 ], [ -62.978239235817632, 46.196872625227329 ], [ -62.979535522017436, 46.196296865919926 ], [ -62.979976587894321, 46.195081936646488 ], [ -62.98106516170715, 46.195352140063029 ], [ -62.981298819919488, 46.194281165237392 ], [ -62.984849676871491, 46.194812674702327 ], [ -62.987221666427807, 46.193660967254544 ], [ -62.986949942753526, 46.19180692574637 ], [ -62.988505307508895, 46.190601111149199 ], [ -62.985615696429512, 46.189547760589754 ], [ -62.987326687342048, 46.187747969815241 ], [ -62.987806001667046, 46.188423027478635 ], [ -62.993870560007572, 46.188792495458671 ], [ -62.993352337252453, 46.187757468693768 ], [ -62.995296172060733, 46.186956550080367 ], [ -62.994363289332021, 46.185966502020541 ], [ -62.994816843308598, 46.185471516360856 ], [ -62.989802440825187, 46.184004193782656 ], [ -62.989271258284312, 46.183509122919453 ], [ -62.990243097670884, 46.183338226417177 ], [ -62.989750787828399, 46.182933161162573 ], [ -62.986990988089829, 46.182554889441398 ], [ -62.987043333620583, 46.180430876208149 ], [ -62.988248385282922, 46.179900003145136 ], [ -62.987950650111429, 46.178738965169472 ], [ -62.989013146030338, 46.178262069973201 ], [ -62.988844519807174, 46.179243068484851 ], [ -62.989673686620591, 46.179630139588362 ], [ -62.989997830599314, 46.17820815327218 ], [ -62.98912996837182, 46.177236070740328 ], [ -62.986150296660611, 46.176443733879942 ], [ -62.987096376522437, 46.175093859018979 ], [ -62.985813648424198, 46.175714699585946 ], [ -62.983234405593358, 46.17930536973369 ], [ -62.982275625778676, 46.179260226914295 ], [ -62.986759878861108, 46.173752799164092 ], [ -62.990762986144411, 46.173852202713398 ], [ -62.994170280309127, 46.172925419293634 ], [ -63.003472014050175, 46.174536506762998 ], [ -63.022957003173595, 46.175038263986252 ], [ -63.025018187824301, 46.177800855795553 ], [ -63.023127487384478, 46.17996128522374 ], [ -63.022377274162828, 46.183129451685893 ], [ -63.019177096039925, 46.183850031221461 ], [ -63.019591518154989, 46.183282944607811 ], [ -63.017816161908698, 46.182698232442618 ], [ -63.017336362043658, 46.181501305884531 ], [ -63.018644635253111, 46.180349083639179 ], [ -63.016999032784412, 46.180016355265373 ], [ -63.016287385500895, 46.183265475602198 ], [ -63.013177574048335, 46.1830498774003 ], [ -63.012698242984513, 46.18341894361231 ], [ -63.013449841746095, 46.183796850061519 ], [ -63.011972811725258, 46.184202007450367 ], [ -63.012193698308586, 46.187063991817489 ], [ -63.011338104809958, 46.185399081947821 ], [ -63.010003619533286, 46.186254220845626 ], [ -63.01110529789667, 46.187532106116571 ], [ -63.012582721037397, 46.188197959468312 ], [ -63.016703376162845, 46.187720426589941 ], [ -63.01665133244925, 46.187036452177665 ], [ -63.018349065869273, 46.187684195970753 ], [ -63.018983598188086, 46.186415077204046 ], [ -63.025241638296009, 46.184829861969824 ], [ -63.023544543736911, 46.185730225161876 ], [ -63.023532162171392, 46.187080228557903 ], [ -63.022042354421096, 46.188034525400042 ], [ -63.015563670204735, 46.189952614597857 ], [ -63.015848961417937, 46.190681572512716 ], [ -63.01776687812346, 46.190600299544116 ], [ -63.017767244278559, 46.191716298111388 ], [ -63.019011206323974, 46.191320102846213 ], [ -63.02374198938135, 46.192831224372057 ], [ -63.026747927550758, 46.191399551818293 ], [ -63.025749779171697, 46.190814782553701 ], [ -63.027329721516907, 46.188681394489272 ], [ -63.030349692183535, 46.189751643630849 ], [ -63.029443337473829, 46.191218887345087 ], [ -63.031478266936617, 46.191776353066714 ], [ -63.03059763660417, 46.192874598743636 ], [ -63.031194345373798, 46.193873423412661 ], [ -63.032683356977543, 46.191542001370848 ], [ -63.033978896942401, 46.190929639099402 ], [ -63.033278101138848, 46.189246825059428 ], [ -63.034909873203866, 46.187680334302513 ], [ -63.039108378775317, 46.18764296642113 ], [ -63.03758015140577, 46.188894497950606 ], [ -63.040885817773365, 46.190513350938808 ], [ -63.036493283317576, 46.191414843988888 ], [ -63.038515074056271, 46.191612183723159 ], [ -63.040460045004721, 46.193078518566615 ], [ -63.042092735435254, 46.192780926372791 ], [ -63.043791731019503, 46.194409299420627 ], [ -63.044828083093066, 46.193841896088401 ], [ -63.044009718731729, 46.191475211790248 ], [ -63.047195071725632, 46.188404910946524 ], [ -63.052454349301016, 46.186404622720516 ], [ -63.052793789505905, 46.189041475424737 ], [ -63.053896143616363, 46.189940964497445 ], [ -63.053104921831377, 46.19394692025034 ], [ -63.051778658806271, 46.194838942862539 ], [ -63.05370677899262, 46.199126306653142 ], [ -63.051448047554608, 46.19883323861697 ], [ -63.054517868185144, 46.206585914382941 ], [ -63.051134855156782, 46.207158616848403 ], [ -63.05072107687603, 46.20581802392617 ], [ -62.96638184438131, 46.221132850028162 ], [ -62.859183957001306, 46.242025413756323 ], [ -62.86693976669973, 46.260251903114387 ], [ -62.794560836591629, 46.274095216234628 ], [ -62.771946911725422, 46.218634298908583 ], [ -62.805711990461901, 46.212686033085959 ], [ -62.878385931629168, 46.197713021964582 ], [ -62.941903222759912, 46.185680222012188 ] ], [ [ -62.956341990882947, 46.206774204163231 ], [ -62.957313873791385, 46.207351074489523 ], [ -62.956626184471887, 46.206829497252571 ], [ -62.956341990882947, 46.206774204163231 ] ], [ [ -62.950744627821706, 46.205685173629668 ], [ -62.950923381889694, 46.205765204530465 ], [ -62.952842376157477, 46.206093314385306 ], [ -62.950744627821706, 46.205685173629668 ] ], [ [ -62.932329925266792, 46.18770954021079 ], [ -62.937792688072527, 46.193923790629142 ], [ -62.948267197235744, 46.204575990472662 ], [ -62.932329925266792, 46.18770954021079 ] ], [ [ -62.959748499293347, 46.209197613626188 ], [ -62.959307490322196, 46.208863130838509 ], [ -62.964590205649827, 46.219468305070933 ], [ -62.959748499293347, 46.209197613626188 ] ] ] } },
{ "type": "Feature", "properties": { "CSDUID": "1102014", "CSDNAME": "Lot 48", "PRUID": "11", "PRNAME": "Prince Edward Island", "pop_2021": 0.0, "pop_under_19": 0.0, "pop_0_4": 0.0, "pop_15_19": 0.0, "first_lang_eng_french": 0.0, "first_lang_french": 0.0, "know_eng_french": 0.0, "know_french_only": 0.0, "mother_eng_french": 0.0, "mother_french": 0.0, "mother_french_non_official": 0.0, "first_lang_eng_french_under_19": 0.0, "first_lang_eng_french_under_5": 0.0, "first_lang_french_under_19": 0.0, "first_lang_french_under_5": 0.0, "know_eng_french_under_19": 0.0, "know_eng_french_under_5": 0.0, "know_french_only_under_19": 0.0, "know_french_only_under_5": 0.0, "mother_eng_french_under_19": 0.0, "mother_eng_french_under_5": 0.0, "mother_french_under_19": 0.0, "mother_french_under_5": 0.0, "mother_french_non_official_under_19": 0.0, "mother_french_non_official_under_5": 0.0, "share_under_19": 0.0, "share_under_5": 0.0 }, "geometry": { "type": "Polygon", "coordinates": [ [ [ -63.0454562763044, 46.208507578849009 ], [ -63.033591076892058, 46.210529223883043 ], [ -63.036094592372585, 46.215981441041215 ], [ -63.002048492436991, 46.216179686277997 ], [ -63.039978913458292, 46.216050836147701 ], [ -63.046391736677684, 46.229474311219597 ], [ -63.051495092337611, 46.228416818494061 ], [ -63.05536982615692, 46.229593982436093 ], [ -63.059166860345876, 46.22572491938066 ], [ -63.058805804069074, 46.222950222697158 ], [ -63.060939226068477, 46.222446053542761 ], [ -63.061195464023321, 46.223219001110905 ], [ -63.067015151328192, 46.222071150337158 ], [ -63.067305609003185, 46.223465855474842 ], [ -63.070212599278761, 46.222738004334751 ], [ -63.069768670822057, 46.22146570544092 ], [ -63.070838057517811, 46.221445487933025 ], [ -63.083919797585239, 46.248046025541839 ], [ -63.089882332531275, 46.250062992991182 ], [ -63.082746267703968, 46.257690438453984 ], [ -63.054008173142101, 46.279242194605231 ], [ -63.025311118447121, 46.295765152066075 ], [ -63.022859058395589, 46.288114404030807 ], [ -63.025781788199964, 46.286925404026462 ], [ -63.022643571609734, 46.288017993176986 ], [ -63.009335051430604, 46.25008230256833 ], [ -62.956429799063123, 46.260792012677619 ], [ -62.873738169059422, 46.276152420911714 ], [ -62.859183957001306, 46.242025413756323 ], [ -62.969703557776469, 46.220480457012123 ], [ -63.044866271941679, 46.207017805691748 ], [ -63.0454562763044, 46.208507578849009 ] ], [ [ -63.049177687166512, 46.246481101468198 ], [ -63.049396513289516, 46.244564002010037 ], [ -63.048997862804931, 46.246973965521121 ], [ -63.049177687166512, 46.246481101468198 ] ], [ [ -63.044018361092839, 46.254491071218141 ], [ -63.048530689786219, 46.248254397078846 ], [ -63.048763499531226, 46.247616310261947 ], [ -63.044018361092839, 46.254491071218141 ] ] ] } },
{ "type": "Feature", "properties": { "CSDUID": "1102026", "CSDNAME": "Lot 31", "PRUID": "11", "PRNAME": "Prince Edward Island", "pop_2021": 0.0, "pop_under_19": 0.0, "pop_0_4": 0.0, "pop_15_19": 0.0, "first_lang_eng_french": 0.0, "first_lang_french": 0.0, "know_eng_french": 0.0, "know_french_only": 0.0, "mother_eng_french": 0.0, "mother_french": 0.0, "mother_french_non_official": 0.0, "first_lang_eng_french_under_19": 0.0, "first_lang_eng_french_under_5": 0.0, "first_lang_french_under_19": 0.0, "first_lang_french_under_5": 0.0, "know_eng_french_under_19": 0.0, "know_eng_french_under_5": 0.0, "know_french_only_under_19": 0.0, "know_french_only_under_5": 0.0, "mother_eng_french_under_19": 0.0, "mother_eng_french_under_5": 0.0, "mother_french_under_19": 0.0, "mother_french_under_5": 0.0, "mother_french_non_official_under_19": 0.0, "mother_french_non_official_under_5": 0.0, "share_under_19": 0.0, "share_under_5": 0.0 }, "geometry": { "type": "Polygon", "coordinates": [ [ [ -63.287275508893728, 46.232970319692363 ], [ -63.282133096296107, 46.233941332337629 ], [ -63.281247116924114, 46.232339553375539 ], [ -63.283822807122355, 46.231493278995096 ], [ -63.281482117865771, 46.225179362359832 ], [ -63.282887455961315, 46.223386046457968 ], [ -63.280838161280073, 46.218564444775808 ], [ -63.283289043118906, 46.21807053873902 ], [ -63.281395110205381, 46.214418448494783 ], [ -63.288261167415925, 46.212827716041801 ], [ -63.289176496416694, 46.215569853291662 ], [ -63.29089947395164, 46.215203904364834 ], [ -63.288066445073014, 46.20959347596439 ], [ -63.29285527073236, 46.203942614861923 ], [ -63.293465347880499, 46.201664048877269 ], [ -63.295057428701419, 46.201254956192919 ], [ -63.293949027846814, 46.200006811639348 ], [ -63.295606643856402, 46.198511054537406 ], [ -63.31108143312288, 46.205416626529939 ], [ -63.312483512701434, 46.20672141046996 ], [ -63.312217024377951, 46.210358789307207 ], [ -63.313504837469381, 46.211033257543626 ], [ -63.31748200407602, 46.210795998799455 ], [ -63.320736137060813, 46.217445596708593 ], [ -63.326342995267169, 46.233452997168108 ], [ -63.325829290664636, 46.23431840541496 ], [ -63.326751804596462, 46.234603806661049 ], [ -63.328118891101788, 46.237668900255066 ], [ -63.355767359602069, 46.311898713493896 ], [ -63.270787792345331, 46.327477986548075 ], [ -63.269162929773152, 46.322748965441214 ], [ -63.269501750429178, 46.321988925100499 ], [ -63.273763016497476, 46.321475104760694 ], [ -63.267841877297123, 46.318712007011655 ], [ -63.29473862990784, 46.314075426022789 ], [ -63.292661093997815, 46.307024845926129 ], [ -63.284449464422245, 46.304514122953314 ], [ -63.284620783616724, 46.303782942971054 ], [ -63.282403556580093, 46.301993946005297 ], [ -63.281958073947237, 46.302988454861804 ], [ -63.26819420963529, 46.305575825649584 ], [ -63.262661106362224, 46.292296231066182 ], [ -63.250311125722831, 46.294143995213858 ], [ -63.249098011982959, 46.291961229341275 ], [ -63.236645382460225, 46.29410620781421 ], [ -63.231436463352026, 46.281935847105274 ], [ -63.238917591347345, 46.281221768479902 ], [ -63.230670190810649, 46.280044689856247 ], [ -63.250862437853449, 46.275501611739031 ], [ -63.251236228762934, 46.276380500503663 ], [ -63.255916089546091, 46.275564772590322 ], [ -63.254738988641826, 46.272647712373484 ], [ -63.253714790691809, 46.272521358565491 ], [ -63.248276493062257, 46.257136766458871 ], [ -63.252479889637613, 46.258101792620749 ], [ -63.250299635334713, 46.252266150460215 ], [ -63.247217766589245, 46.252770224934117 ], [ -63.245621382015557, 46.247563990381863 ], [ -63.254867192792823, 46.24588278631628 ], [ -63.256276541274218, 46.249325445191438 ], [ -63.26946848988036, 46.248397105333304 ], [ -63.273835685771218, 46.255298693588003 ], [ -63.268919389755077, 46.247525399600562 ], [ -63.289095872770801, 46.243126171459657 ], [ -63.2854410248028, 46.237570600023481 ], [ -63.288883766474449, 46.236764219109368 ], [ -63.287275508893728, 46.232970319692363 ] ], [ [ -63.293184128870749, 46.266015099375146 ], [ -63.293549415228661, 46.266085692640736 ], [ -63.302029312843011, 46.267188607255946 ], [ -63.293184128870749, 46.266015099375146 ] ], [ [ -63.276377443327327, 46.286231455481214 ], [ -63.280290737990263, 46.286754799284488 ], [ -63.279820593315847, 46.286621911846346 ], [ -63.276377443327327, 46.286231455481214 ] ] ] } },
{ "type": "Feature", "properties": { "CSDUID": "1102028", "CSDNAME": "Lot 65", "PRUID": "11", "PRNAME": "Prince Edward Island", "pop_2021": 0.0, "pop_under_19": 0.0, "pop_0_4": 0.0, "pop_15_19": 0.0, "first_lang_eng_french": 0.0, "first_lang_french": 0.0, "know_eng_french": 0.0, "know_french_only": 0.0, "mother_eng_french": 0.0, "mother_french": 0.0, "mother_french_non_official": 0.0, "first_lang_eng_french_under_19": 0.0, "first_lang_eng_french_under_5": 0.0, "first_lang_french_under_19": 0.0, "first_lang_french_under_5": 0.0, "know_eng_french_under_19": 0.0, "know_eng_french_under_5": 0.0, "know_french_only_under_19": 0.0, "know_french_only_under_5": 0.0, "mother_eng_french_under_19": 0.0, "mother_eng_french_under_5": 0.0, "mother_french_under_19": 0.0, "mother_french_under_5": 0.0, "mother_french_non_official_under_19": 0.0, "mother_french_non_official_under_5": 0.0, "share_under_19": 0.0, "share_under_5": 0.0 }, "geometry": { "type": "MultiPolygon", "coordinates": [ [ [ [ -63.172935347362809, 46.123330150019036 ], [ -63.178435391603273, 46.119055606270756 ], [ -63.180184646570687, 46.115713812783554 ], [ -63.183388286596667, 46.113953680779417 ], [ -63.188575350527181, 46.113270247462047 ], [ -63.197834841311114, 46.115153610950351 ], [ -63.189698074809051, 46.123672545278488 ], [ -63.18792342954459, 46.123261471666169 ], [ -63.184617293893432, 46.125453912836619 ], [ -63.179196619773336, 46.126308551412784 ], [ -63.174904443785231, 46.12796222285241 ], [ -63.175427251566276, 46.125468375336631 ], [ -63.172935347362809, 46.123330150019036 ] ] ], [ [ [ -63.145093761746537, 46.20334035100791 ], [ -63.14457167476251, 46.201981594003747 ], [ -63.141480274289755, 46.20306017644215 ], [ -63.141514940300127, 46.201422116212527 ], [ -63.140279022110043, 46.199623648233676 ], [ -63.134028919386751, 46.198470139486552 ], [ -63.130430403256945, 46.194946285517318 ], [ -63.130903044603158, 46.192047731955853 ], [ -63.128698003350408, 46.191213232973524 ], [ -63.131643581646394, 46.187393855337469 ], [ -63.137025575175514, 46.183904532432017 ], [ -63.13729559669985, 46.1830761924097 ], [ -63.136139815683698, 46.182024551863314 ], [ -63.137198068501263, 46.18032229924048 ], [ -63.151805537466863, 46.172842762417808 ], [ -63.15546256921732, 46.169570835752609 ], [ -63.161507389475084, 46.167942441785193 ], [ -63.162863071845514, 46.166428491183567 ], [ -63.165530339123002, 46.166055665160755 ], [ -63.16645878047423, 46.164659312307514 ], [ -63.173851917491952, 46.163703281810072 ], [ -63.180020925279685, 46.160804721812141 ], [ -63.184233009708308, 46.16159901376485 ], [ -63.187891390712487, 46.159514039838861 ], [ -63.191661526597279, 46.15984976286893 ], [ -63.201807088472989, 46.153928248418246 ], [ -63.207877466901088, 46.153026359812266 ], [ -63.208891369813607, 46.154023530467896 ], [ -63.211243968056969, 46.152876185209038 ], [ -63.214079311967183, 46.152681917370018 ], [ -63.214780237675939, 46.153103602248841 ], [ -63.214214840050403, 46.154238684435484 ], [ -63.217675395092677, 46.154934147901706 ], [ -63.21943693830805, 46.155002775217397 ], [ -63.221503575779465, 46.153630778240981 ], [ -63.224418461618441, 46.153895088198965 ], [ -63.226071920178128, 46.156024860081708 ], [ -63.225864143691844, 46.152722234454096 ], [ -63.228788378707605, 46.152122421102732 ], [ -63.226299662724081, 46.15156034678381 ], [ -63.22481636222679, 46.153021308103263 ], [ -63.218819552161733, 46.152807945150684 ], [ -63.22197038014081, 46.150560829391068 ], [ -63.220347309923284, 46.149465964739036 ], [ -63.218665726117145, 46.149937196776847 ], [ -63.219456570874705, 46.14690264205322 ], [ -63.221174217849111, 46.145774304125233 ], [ -63.223920344999527, 46.146029985528806 ], [ -63.224577023492664, 46.145119678880604 ], [ -63.223678636634098, 46.143897424780704 ], [ -63.224236835682845, 46.141061280017766 ], [ -63.228000924427626, 46.137039785704872 ], [ -63.227049195026332, 46.135430659490154 ], [ -63.222427642268812, 46.132271695087582 ], [ -63.221275524476226, 46.132273944165938 ], [ -63.221791461141493, 46.131804927099886 ], [ -63.225297133241469, 46.131195072590224 ], [ -63.228599914983327, 46.131620515111216 ], [ -63.230718411398414, 46.130536227650204 ], [ -63.237349875751988, 46.131386675139545 ], [ -63.238690996820665, 46.13018686739796 ], [ -63.246288785191233, 46.129990746730435 ], [ -63.248004858141726, 46.128745006504325 ], [ -63.253043506702738, 46.129444984652125 ], [ -63.268581584346805, 46.135673621420409 ], [ -63.270927980031871, 46.135008290518805 ], [ -63.272393400441814, 46.136230782339268 ], [ -63.274095991834088, 46.136031778162504 ], [ -63.290987335941566, 46.144688615031384 ], [ -63.299933397942702, 46.146890811826367 ], [ -63.305692655494568, 46.146353563573733 ], [ -63.30612605940572, 46.147450410746529 ], [ -63.303931001561146, 46.148590292813473 ], [ -63.304366956817177, 46.150155139569215 ], [ -63.308140785915818, 46.151144053196376 ], [ -63.309965847792974, 46.150066725655336 ], [ -63.311254704883005, 46.153561497114232 ], [ -63.307890797133588, 46.154450090459811 ], [ -63.31135069591366, 46.153538602229425 ], [ -63.316219202905472, 46.166575189221305 ], [ -63.317354548597592, 46.167733603515096 ], [ -63.33554864164568, 46.216734508110157 ], [ -63.334944695198466, 46.216922088369074 ], [ -63.371405720497094, 46.313833298888269 ], [ -63.35743644767706, 46.316770078370716 ], [ -63.326751804596462, 46.234603806661049 ], [ -63.325829290664636, 46.23431840541496 ], [ -63.326342995267169, 46.233452997168108 ], [ -63.320736137060813, 46.217445596708593 ], [ -63.31748200407602, 46.210795998799455 ], [ -63.313504837469381, 46.211033257543626 ], [ -63.312217024377951, 46.210358789307207 ], [ -63.312483512701434, 46.20672141046996 ], [ -63.31108143312288, 46.205416626529939 ], [ -63.294668266047211, 46.197824362498103 ], [ -63.287042737796654, 46.200290128259361 ], [ -63.272902186975251, 46.191743021770428 ], [ -63.26234408614566, 46.190691035534762 ], [ -63.253650425348006, 46.191126836597583 ], [ -63.245196280472108, 46.187999822819698 ], [ -63.233510443106468, 46.191304248139538 ], [ -63.228695432338831, 46.190539859630398 ], [ -63.21753353226687, 46.191371630690313 ], [ -63.206128832671169, 46.195004368326082 ], [ -63.187906805467435, 46.20386815627289 ], [ -63.173893606544986, 46.208535474369029 ], [ -63.162766657580114, 46.210776056163454 ], [ -63.160669639568567, 46.211022443967863 ], [ -63.156490958478983, 46.206449094299607 ], [ -63.154025129421711, 46.206850986275782 ], [ -63.151689618202646, 46.206062092014477 ], [ -63.150582200595601, 46.204011562622178 ], [ -63.148692329698392, 46.204986023595659 ], [ -63.148348455622092, 46.207254470153529 ], [ -63.14360665211845, 46.208268545880877 ], [ -63.140579535838263, 46.205653300018867 ], [ -63.145093761746537, 46.20334035100791 ] ], [ [ -63.236375828583732, 46.180124457819915 ], [ -63.236302995864079, 46.18018739494299 ], [ -63.233510443106468, 46.191304248139538 ], [ -63.236375828583732, 46.180124457819915 ] ], [ [ -63.252737107792143, 46.133198707193877 ], [ -63.236016508933474, 46.13742848927329 ], [ -63.234918514303509, 46.13801579445115 ], [ -63.252737107792143, 46.133198707193877 ] ], [ [ -63.255005863206797, 46.13318487254876 ], [ -63.254859900209972, 46.133140009653061 ], [ -63.252737107792143, 46.133198707193877 ], [ -63.255005863206797, 46.13318487254876 ] ], [ [ -63.277374815387077, 46.141376696683238 ], [ -63.291994618193058, 46.149107397270143 ], [ -63.271268996814996, 46.13818347687122 ], [ -63.277374815387077, 46.141376696683238 ] ], [ [ -63.248836881703738, 46.155401602603455 ], [ -63.248776265589228, 46.155435932434905 ], [ -63.249989001703575, 46.155300111185007 ], [ -63.248836881703738, 46.155401602603455 ] ], [ [ -63.217122217051639, 46.169038304606829 ], [ -63.217032498427223, 46.169122971660613 ], [ -63.218985705723703, 46.16857581123773 ], [ -63.217122217051639, 46.169038304606829 ] ], [ [ -63.208492194470956, 46.177182417278075 ], [ -63.208965103791044, 46.176937602398318 ], [ -63.20994635563887, 46.175810132062956 ], [ -63.208492194470956, 46.177182417278075 ] ], [ [ -63.172908513117221, 46.185043898907303 ], [ -63.207516923363492, 46.177687293939982 ], [ -63.207918314475087, 46.177479502482832 ], [ -63.172908513117221, 46.185043898907303 ] ], [ [ -63.156581563598117, 46.198553092434622 ], [ -63.162426106293047, 46.194005295876508 ], [ -63.172908513117221, 46.185043898907303 ], [ -63.156581563598117, 46.198553092434622 ] ], [ [ -63.151827835217325, 46.201981507773674 ], [ -63.152067510549607, 46.20206559905639 ], [ -63.152274331113759, 46.20190466638828 ], [ -63.151827835217325, 46.201981507773674 ] ], [ [ -63.146626781008521, 46.186134096068777 ], [ -63.146381696104768, 46.189086009191961 ], [ -63.146411411462758, 46.189158265885659 ], [ -63.146626781008521, 46.186134096068777 ] ], [ [ -63.149358291965029, 46.1780929844765 ], [ -63.14688389399879, 46.183037311246515 ], [ -63.146873665586917, 46.183160506852559 ], [ -63.149358291965029, 46.1780929844765 ] ], [ [ -63.15688817420483, 46.171637984815462 ], [ -63.156699395133096, 46.171738189971826 ], [ -63.154103593840787, 46.174639691733965 ], [ -63.15688817420483, 46.171637984815462 ] ], [ [ -63.158861565010511, 46.170697393606282 ], [ -63.158484407986862, 46.170790693565138 ], [ -63.157533326941895, 46.171295533555885 ], [ -63.158861565010511, 46.170697393606282 ] ], [ [ -63.189434611871356, 46.163858496007897 ], [ -63.172244301891361, 46.167386812808324 ], [ -63.169624884945399, 46.168034796215629 ], [ -63.189434611871356, 46.163858496007897 ] ], [ [ -63.197109114516174, 46.160290981694907 ], [ -63.196287717811146, 46.160498894080483 ], [ -63.195996172908387, 46.160641818299929 ], [ -63.197109114516174, 46.160290981694907 ] ], [ [ -63.211029896296452, 46.157871608904031 ], [ -63.201657807551868, 46.159139614012858 ], [ -63.200897473597848, 46.159332070161327 ], [ -63.211029896296452, 46.157871608904031 ] ], [ [ -63.231487984371292, 46.153565998087124 ], [ -63.231552029067181, 46.153304002468722 ], [ -63.2276265147297, 46.158510593756638 ], [ -63.231487984371292, 46.153565998087124 ] ], [ [ -63.270713499877807, 46.171586598489178 ], [ -63.295488346067224, 46.15476300083953 ], [ -63.295365903039546, 46.154795814644267 ], [ -63.270713499877807, 46.171586598489178 ] ] ] ] } },
{ "type": "Feature", "properties": { "CSDUID": "1102029", "CSDNAME": "Lot 30", "PRUID": "11", "PRNAME": "Prince Edward Island", "pop_2021": 0.0, "pop_under_19": 0.0, "pop_0_4": 0.0, "pop_15_19": 0.0, "first_lang_eng_french": 0.0, "first_lang_french": 0.0, "know_eng_french": 0.0, "know_french_only": 0.0, "mother_eng_french": 0.0, "mother_french": 0.0, "mother_french_non_official": 0.0, "first_lang_eng_french_under_19": 0.0, "first_lang_eng_french_under_5": 0.0, "first_lang_french_under_19": 0.0, "first_lang_french_under_5": 0.0, "know_eng_french_under_19": 0.0, "know_eng_french_under_5": 0.0, "know_french_only_under_19": 0.0, "know_french_only_under_5": 0.0, "mother_eng_french_under_19": 0.0, "mother_eng_french_under_5": 0.0, "mother_french_under_19": 0.0, "mother_french_under_5": 0.0, "mother_french_non_official_under_19": 0.0, "mother_french_non_official_under_5": 0.0, "share_under_19": 0.0, "share_under_5": 0.0 }, "geometry": { "type": "Polygon", "coordinates": [ [ [ -63.317354548597592, 46.167733603515096 ], [ -63.316219202905472, 46.166575189221305 ], [ -63.309965847792974, 46.150066725655336 ], [ -63.316875227937771, 46.147718123478548 ], [ -63.321750718779832, 46.148865529348406 ], [ -63.335261088633402, 46.155963783978642 ], [ -63.344758550126521, 46.156673550573061 ], [ -63.361742883707088, 46.1654051607849 ], [ -63.367700389862108, 46.167204160379121 ], [ -63.373657917689087, 46.16704083485611 ], [ -63.377388670419762, 46.168954596542299 ], [ -63.385689111741655, 46.170382740502674 ], [ -63.415804759739117, 46.250252043436518 ], [ -63.433933077329684, 46.303483649213739 ], [ -63.371405720497094, 46.313833298888269 ], [ -63.334944695198466, 46.216922088369074 ], [ -63.33554864164568, 46.216734508110157 ], [ -63.317354548597592, 46.167733603515096 ] ], [ [ -63.383793595140233, 46.197955224107517 ], [ -63.384120386541625, 46.198092399201983 ], [ -63.395891887630526, 46.198780352715751 ], [ -63.383793595140233, 46.197955224107517 ] ], [ [ -63.382110298850868, 46.197172956725851 ], [ -63.382248599958828, 46.197306691560293 ], [ -63.382865913119232, 46.197565817078079 ], [ -63.382110298850868, 46.197172956725851 ] ], [ [ -63.377682688759862, 46.192974809354588 ], [ -63.375759522002298, 46.192220485205119 ], [ -63.377767575614953, 46.193055883362341 ], [ -63.377682688759862, 46.192974809354588 ] ], [ [ -63.373429813635042, 46.191306703144498 ], [ -63.370318680729383, 46.190622905664952 ], [ -63.369671598894151, 46.190621175138688 ], [ -63.373429813635042, 46.191306703144498 ] ], [ [ -63.361117602672024, 46.190598298719742 ], [ -63.360723622478204, 46.190767509814506 ], [ -63.361318017247463, 46.190598834699379 ], [ -63.361117602672024, 46.190598298719742 ] ], [ [ -63.35161868734793, 46.194678000913655 ], [ -63.351157443797447, 46.195150897513315 ], [ -63.355995615166876, 46.192798148170866 ], [ -63.35161868734793, 46.194678000913655 ] ], [ [ -63.350588616477005, 46.195734095924117 ], [ -63.34916474749631, 46.199283944601142 ], [ -63.350822199579014, 46.19549461148133 ], [ -63.350588616477005, 46.195734095924117 ] ], [ [ -63.351596551641329, 46.230363456105337 ], [ -63.351793889778769, 46.230245497818323 ], [ -63.35140431353517, 46.228131699157963 ], [ -63.351596551641329, 46.230363456105337 ] ] ] } },
{ "type": "Feature", "properties": { "CSDUID": "1102030", "CSDNAME": "Rocky Point 3", "PRUID": "11", "PRNAME": "Prince Edward Island", "pop_2021": 47.0, "pop_under_19": 15.0, "pop_0_4": 0.0, "pop_15_19": 5.0, "first_lang_eng_french": 0.0, "first_lang_french": 0.0, "know_eng_french": 5.0, "know_french_only": 0.0, "mother_eng_french": 0.0, "mother_french": 0.0, "mother_french_non_official": 0.0, "first_lang_eng_french_under_19": 0.0, "first_lang_eng_french_under_5": 0.0, "first_lang_french_under_19": 0.0, "first_lang_french_under_5": 0.0, "know_eng_french_under_19": 1.5957446808510638, "know_eng_french_under_5": 0.0, "know_french_only_under_19": 0.0, "know_french_only_under_5": 0.0, "mother_eng_french_under_19": 0.0, "mother_eng_french_under_5": 0.0, "mother_french_under_19": 0.0, "mother_french_under_5": 0.0, "mother_french_non_official_under_19": 0.0, "mother_french_non_official_under_5": 0.0, "share_under_19": 0.31914893617021278, "share_under_5": 0.0 }, "geometry": { "type": "Polygon", "coordinates": [ [ [ -63.143158710482162, 46.204098645026022 ], [ -63.142014203437071, 46.204022509317703 ], [ -63.141480274289755, 46.20306017644215 ], [ -63.14457167476251, 46.201981594003747 ], [ -63.145093761746537, 46.20334035100791 ], [ -63.14170393658069, 46.204750809321915 ], [ -63.143158710482162, 46.204098645026022 ] ] ] } },
{ "type": "Feature", "properties": { "CSDUID": "1102031", "CSDNAME": "Lot 29", "PRUID": "11", "PRNAME": "Prince Edward Island", "pop_2021": 491.0, "pop_under_19": 120.0, "pop_0_4": 15.0, "pop_15_19": 30.0, "first_lang_eng_french": 0.0, "first_lang_french": 5.0, "know_eng_french": 45.0, "know_french_only": 0.0, "mother_eng_french": 0.0, "mother_french": 5.0, "mother_french_non_official": 0.0, "first_lang_eng_french_under_19": 0.0, "first_lang_eng_french_under_5": 0.0, "first_lang_french_under_19": 1.2219959266802445, "first_lang_french_under_5": 0.1527494908350305, "know_eng_french_under_19": 10.997963340122199, "know_eng_french_under_5": 1.3747454175152749, "know_french_only_under_19": 0.0, "know_french_only_under_5": 0.0, "mother_eng_french_under_19": 0.0, "mother_eng_french_under_5": 0.0, "mother_french_under_19": 1.2219959266802445, "mother_french_under_5": 0.1527494908350305, "mother_french_non_official_under_19": 0.0, "mother_french_non_official_under_5": 0.0, "share_under_19": 0.24439918533604887, "share_under_5": 0.030549898167006109 }, "geometry": { "type": "MultiPolygon", "coordinates": [ [ [ [ -63.385689111741655, 46.170382740502674 ], [ -63.395102882070631, 46.169803762454528 ], [ -63.397398478484511, 46.168382799199605 ], [ -63.401673391002177, 46.170176874562962 ], [ -63.408149170358428, 46.175247982357149 ], [ -63.41197891770922, 46.174568238505046 ], [ -63.415479325928665, 46.176616583960502 ], [ -63.417033773249173, 46.176583921962525 ], [ -63.41906594016119, 46.179744514306911 ], [ -63.425006387401112, 46.182251605793859 ], [ -63.426530546270108, 46.183307929767743 ], [ -63.426907476509619, 46.184711781769579 ], [ -63.434092600551985, 46.18884711665622 ], [ -63.445259208196546, 46.188771554882791 ], [ -63.450134867654519, 46.185989446666284 ], [ -63.453017147426834, 46.186671060428296 ], [ -63.453697968436416, 46.187523371134247 ], [ -63.453030283423054, 46.188273033361249 ], [ -63.455746542559751, 46.190800242799291 ], [ -63.464045855383297, 46.194528873182058 ], [ -63.463179427692175, 46.196296405401348 ], [ -63.463810141169262, 46.197319852467167 ], [ -63.475691384626366, 46.205902075471897 ], [ -63.474864832721927, 46.205374541178287 ], [ -63.470779531269137, 46.209392405458658 ], [ -63.47208183484949, 46.209751036809919 ], [ -63.472338467099853, 46.21095598430896 ], [ -63.474057630786184, 46.211875875258663 ], [ -63.475045429626142, 46.213671770293516 ], [ -63.477311608494354, 46.214868343226286 ], [ -63.478892373140042, 46.214762722481744 ], [ -63.478343916670369, 46.217294016586145 ], [ -63.479597300406361, 46.219781770829208 ], [ -63.481914271616809, 46.220816025625716 ], [ -63.481658829605294, 46.222743109608409 ], [ -63.483205492362863, 46.224635595562511 ], [ -63.485930560706407, 46.224858043438772 ], [ -63.487886183663761, 46.227513716821576 ], [ -63.486969862284795, 46.230033812168678 ], [ -63.482434864180654, 46.234358828638058 ], [ -63.487690172858585, 46.230597776742577 ], [ -63.492062194654658, 46.23519781279515 ], [ -63.490604535505518, 46.238065499744366 ], [ -63.490237679525698, 46.241971439566775 ], [ -63.492082199179102, 46.2443153143426 ], [ -63.495325364300676, 46.24638639058265 ], [ -63.499475901004161, 46.248076577030915 ], [ -63.503049547941622, 46.247903276443381 ], [ -63.508106150850523, 46.245616376509574 ], [ -63.524675505732006, 46.288967528088229 ], [ -63.495125959997985, 46.294251398427662 ], [ -63.435117807292848, 46.306893055479442 ], [ -63.415804759739117, 46.250252043436518 ], [ -63.401035461791267, 46.212800685580682 ], [ -63.385689111741655, 46.170382740502674 ] ], [ [ -63.438470195076015, 46.22315990014058 ], [ -63.437900606113921, 46.224899108986492 ], [ -63.438594446977824, 46.223137827386772 ], [ -63.438470195076015, 46.22315990014058 ] ], [ [ -63.438374745370545, 46.227149279209314 ], [ -63.43843708426494, 46.227137994482852 ], [ -63.437900606113921, 46.224899108986492 ], [ -63.438374745370545, 46.227149279209314 ] ] ], [ [ [ -63.491924553842523, 46.228117386888648 ], [ -63.488454130056397, 46.227214283851183 ], [ -63.487933797591658, 46.223423088850019 ], [ -63.494548284673854, 46.222056993342079 ], [ -63.494745273565272, 46.22273702185263 ], [ -63.500199008497404, 46.221234291203181 ], [ -63.504508744858661, 46.233414232833802 ], [ -63.499686313226562, 46.232208868450059 ], [ -63.495447240060969, 46.232798276499821 ], [ -63.4939323356937, 46.232203731275995 ], [ -63.492595394904093, 46.230625504433156 ], [ -63.491924553842523, 46.228117386888648 ] ] ], [ [ [ -63.490319964200374, 46.228502301153256 ], [ -63.493310669707938, 46.23229643390286 ], [ -63.494929208588914, 46.233088769572227 ], [ -63.492062194654658, 46.23519781279515 ], [ -63.487732208597492, 46.23062839522445 ], [ -63.490319964200374, 46.228502301153256 ] ] ] ] } },
{ "type": "Feature", "properties": { "CSDUID": "1102032", "CSDNAME": "Victoria", "PRUID": "11", "PRNAME": "Prince Edward Island", "pop_2021": 139.0, "pop_under_19": 35.0, "pop_0_4": 0.0, "pop_15_19": 15.0, "first_lang_eng_french": 0.0, "first_lang_french": 0.0, "know_eng_french": 10.0, "know_french_only": 0.0, "mother_eng_french": 0.0, "mother_french": 0.0, "mother_french_non_official": 0.0, "first_lang_eng_french_under_19": 0.0, "first_lang_eng_french_under_5": 0.0, "first_lang_french_under_19": 0.0, "first_lang_french_under_5": 0.0, "know_eng_french_under_19": 2.5179856115107917, "know_eng_french_under_5": 0.0, "know_french_only_under_19": 0.0, "know_french_only_under_5": 0.0, "mother_eng_french_under_19": 0.0, "mother_eng_french_under_5": 0.0, "mother_french_under_19": 0.0, "mother_french_under_5": 0.0, "mother_french_non_official_under_19": 0.0, "mother_french_non_official_under_5": 0.0, "share_under_19": 0.25179856115107913, "share_under_5": 0.0 }, "geometry": { "type": "MultiPolygon", "coordinates": [ [ [ [ -63.474864832721927, 46.205374541178287 ], [ -63.484893276506604, 46.210138410598582 ], [ -63.485592841867707, 46.211557449564026 ], [ -63.485092050360933, 46.212099576349566 ], [ -63.479058130381098, 46.211459015229131 ], [ -63.475346516906335, 46.209503507361859 ], [ -63.470779531269137, 46.209392405458658 ], [ -63.474864832721927, 46.205374541178287 ] ] ], [ [ [ -63.487355704687751, 46.217390974760299 ], [ -63.487130495304569, 46.214859320892145 ], [ -63.489265602364249, 46.213458812408227 ], [ -63.488944859940439, 46.21238017138878 ], [ -63.489548954536737, 46.213250573697728 ], [ -63.491259648222751, 46.213180250443592 ], [ -63.493048966223618, 46.211759548596163 ], [ -63.497416480336035, 46.211605626299693 ], [ -63.500591607396203, 46.213599780340914 ], [ -63.499187810559192, 46.213795992647668 ], [ -63.499992865985071, 46.214880348133967 ], [ -63.499109496204397, 46.215158593597351 ], [ -63.500199008497404, 46.221234291203181 ], [ -63.494745273565272, 46.22273702185263 ], [ -63.494548284673854, 46.222056993342079 ], [ -63.487933797591658, 46.223423088850019 ], [ -63.486007227198506, 46.221788714641121 ], [ -63.485738811451668, 46.219287845206765 ], [ -63.487355704687751, 46.217390974760299 ] ] ] ] } },
{ "type": "Feature", "properties": { "CSDUID": "1102033", "CSDNAME": "Meadowbank", "PRUID": "11", "PRNAME": "Prince Edward Island", "pop_2021": 380.0, "pop_under_19": 75.0, "pop_0_4": 15.0, "pop_15_19": 20.0, "first_lang_eng_french": 0.0, "first_lang_french": 0.0, "know_eng_french": 50.0, "know_french_only": 0.0, "mother_eng_french": 5.0, "mother_french": 5.0, "mother_french_non_official": 0.0, "first_lang_eng_french_under_19": 0.0, "first_lang_eng_french_under_5": 0.0, "first_lang_french_under_19": 0.0, "first_lang_french_under_5": 0.0, "know_eng_french_under_19": 9.8684210526315805, "know_eng_french_under_5": 1.9736842105263159, "know_french_only_under_19": 0.0, "know_french_only_under_5": 0.0, "mother_eng_french_under_19": 0.98684210526315796, "mother_eng_french_under_5": 0.1973684210526315, "mother_french_under_19": 0.98684210526315796, "mother_french_under_5": 0.1973684210526315, "mother_french_non_official_under_19": 0.0, "mother_french_non_official_under_5": 0.0, "share_under_19": 0.19736842105263158, "share_under_5": 0.039473684210526314 }, "geometry": { "type": "Polygon", "coordinates": [ [ [ -63.223099975391342, 46.22239257235092 ], [ -63.221815089051979, 46.219082612851665 ], [ -63.218887797202427, 46.220437639532221 ], [ -63.216208821557942, 46.215769038840207 ], [ -63.198722218535742, 46.210325213008915 ], [ -63.187906805467435, 46.20386815627289 ], [ -63.206128832671169, 46.195004368326082 ], [ -63.21753353226687, 46.191371630690313 ], [ -63.228695432338831, 46.190539859630398 ], [ -63.233510443106468, 46.191304248139538 ], [ -63.245196280472108, 46.187999822819698 ], [ -63.253650425348006, 46.191126836597583 ], [ -63.263987561065456, 46.190796785643492 ], [ -63.264327391270051, 46.19548336591815 ], [ -63.262331161598183, 46.20127281669636 ], [ -63.255625607835306, 46.21252597623667 ], [ -63.248104983134034, 46.222419905554439 ], [ -63.242646636909107, 46.210119492331032 ], [ -63.239723956006735, 46.210786935783645 ], [ -63.240165745618278, 46.211691962470638 ], [ -63.238175575521211, 46.21213141383739 ], [ -63.238877452300585, 46.21396602242784 ], [ -63.236322860641557, 46.214507836730149 ], [ -63.23655036624902, 46.215484312469414 ], [ -63.231725753684785, 46.216581655197835 ], [ -63.230067825225774, 46.212810258489867 ], [ -63.225370871741156, 46.212997126589705 ], [ -63.224601654801972, 46.212050892942628 ], [ -63.223002346252038, 46.212654152503241 ], [ -63.224213943160407, 46.214912516684223 ], [ -63.222970220510767, 46.215235903270091 ], [ -63.226133106127769, 46.222189982286274 ], [ -63.223099975391342, 46.22239257235092 ] ] ] } },
{ "type": "Feature", "properties": { "CSDUID": "1102034", "CSDNAME": "Crapaud", "PRUID": "11", "PRNAME": "Prince Edward Island", "pop_2021": 361.0, "pop_under_19": 75.0, "pop_0_4": 20.0, "pop_15_19": 15.0, "first_lang_eng_french": 0.0, "first_lang_french": 5.0, "know_eng_french": 25.0, "know_french_only": 0.0, "mother_eng_french": 0.0, "mother_french": 5.0, "mother_french_non_official": 0.0, "first_lang_eng_french_under_19": 0.0, "first_lang_eng_french_under_5": 0.0, "first_lang_french_under_19": 1.0387811634349029, "first_lang_french_under_5": 0.2770083102493075, "know_eng_french_under_19": 5.1939058171745147, "know_eng_french_under_5": 1.3850415512465373, "know_french_only_under_19": 0.0, "know_french_only_under_5": 0.0, "mother_eng_french_under_19": 0.0, "mother_eng_french_under_5": 0.0, "mother_french_under_19": 1.0387811634349029, "mother_french_under_5": 0.2770083102493075, "mother_french_non_official_under_19": 0.0, "mother_french_non_official_under_5": 0.0, "share_under_19": 0.2077562326869806, "share_under_5": 0.055401662049861494 }, "geometry": { "type": "Polygon", "coordinates": [ [ [ -63.492062194654658, 46.23519781279515 ], [ -63.494929208588914, 46.233088769572227 ], [ -63.495777752808621, 46.234067752203984 ], [ -63.495447240060969, 46.232798276499821 ], [ -63.499686313226562, 46.232208868450059 ], [ -63.507204321509263, 46.234348082469161 ], [ -63.510838355322818, 46.238588300063903 ], [ -63.510642380581181, 46.242779181991999 ], [ -63.506727240479641, 46.246601671941832 ], [ -63.503049547941622, 46.247903276443381 ], [ -63.499475901004161, 46.248076577030915 ], [ -63.495325364300676, 46.24638639058265 ], [ -63.492082199179102, 46.2443153143426 ], [ -63.490237679525698, 46.241971439566775 ], [ -63.490604535505518, 46.238065499744366 ], [ -63.492062194654658, 46.23519781279515 ] ] ] } },
{ "type": "Feature", "properties": { "CSDUID": "1102036", "CSDNAME": "Lot 67", "PRUID": "11", "PRNAME": "Prince Edward Island", "pop_2021": 0.0, "pop_under_19": 0.0, "pop_0_4": 0.0, "pop_15_19": 0.0, "first_lang_eng_french": 0.0, "first_lang_french": 0.0, "know_eng_french": 0.0, "know_french_only": 0.0, "mother_eng_french": 0.0, "mother_french": 0.0, "mother_french_non_official": 0.0, "first_lang_eng_french_under_19": 0.0, "first_lang_eng_french_under_5": 0.0, "first_lang_french_under_19": 0.0, "first_lang_french_under_5": 0.0, "know_eng_french_under_19": 0.0, "know_eng_french_under_5": 0.0, "know_french_only_under_19": 0.0, "know_french_only_under_5": 0.0, "mother_eng_french_under_19": 0.0, "mother_eng_french_under_5": 0.0, "mother_french_under_19": 0.0, "mother_french_under_5": 0.0, "mother_french_non_official_under_19": 0.0, "mother_french_non_official_under_5": 0.0, "share_under_19": 0.0, "share_under_5": 0.0 }, "geometry": { "type": "Polygon", "coordinates": [ [ [ -63.395614532375035, 46.310046820839112 ], [ -63.433933077329684, 46.303483649213739 ], [ -63.435117807292848, 46.306893055479442 ], [ -63.488840404677724, 46.295521629082984 ], [ -63.524675505732006, 46.288967528088229 ], [ -63.558358477278567, 46.379334863503615 ], [ -63.55405619887825, 46.380194201928482 ], [ -63.563184743260145, 46.406279356904548 ], [ -63.499924888968216, 46.417204616529617 ], [ -63.492232478877078, 46.396778544397932 ], [ -63.485503807062415, 46.382743256888077 ], [ -63.476832981040232, 46.360503306670594 ], [ -63.420135719445383, 46.370803682911166 ], [ -63.395614532375035, 46.310046820839112 ] ], [ [ -63.490380113988024, 46.300744605630079 ], [ -63.496592918377793, 46.317196498268146 ], [ -63.489631478433054, 46.298205096438451 ], [ -63.490380113988024, 46.300744605630079 ] ], [ [ -63.500925174870936, 46.336394434378882 ], [ -63.500946218445605, 46.335915200175712 ], [ -63.495474890409206, 46.321404284791051 ], [ -63.500925174870936, 46.336394434378882 ] ], [ [ -63.49645458317562, 46.338802520296625 ], [ -63.495028652154446, 46.334319694674932 ], [ -63.492460881711949, 46.334785467326085 ], [ -63.493332620419267, 46.336815681294944 ], [ -63.490738264077322, 46.337319911686016 ], [ -63.490275542543777, 46.336020545670358 ], [ -63.488119301852514, 46.336482032833125 ], [ -63.488257316889502, 46.337281510625608 ], [ -63.48331120988383, 46.338134252611958 ], [ -63.482767882229325, 46.336950902192577 ], [ -63.477626583473722, 46.337832487060524 ], [ -63.471227289524954, 46.335439964742982 ], [ -63.470602487777079, 46.333483444632911 ], [ -63.468430357080059, 46.333763060517811 ], [ -63.468803285956085, 46.335313463503496 ], [ -63.466217406346772, 46.335598895745008 ], [ -63.466487460900389, 46.33640193526157 ], [ -63.463848324308628, 46.336764644122191 ], [ -63.463541835549577, 46.335433471154381 ], [ -63.459915649242078, 46.33603969084232 ], [ -63.460060209878868, 46.337324083021301 ], [ -63.45775236601775, 46.33770107770804 ], [ -63.483784483481251, 46.354252021714302 ], [ -63.478035676608151, 46.355285129106235 ], [ -63.48194934867437, 46.365301177346304 ], [ -63.489533090103819, 46.356377706713644 ], [ -63.490952326780665, 46.357084068262523 ], [ -63.488812553013531, 46.35955081570507 ], [ -63.491343211612509, 46.360719452151201 ], [ -63.48896075312058, 46.363532508485285 ], [ -63.49151626817644, 46.364567059241551 ], [ -63.485482882797726, 46.371953717883081 ], [ -63.487808586359407, 46.372760531918125 ], [ -63.485856516984022, 46.375012400936839 ], [ -63.487082820628025, 46.373606940883199 ], [ -63.490895110526537, 46.375214827345182 ], [ -63.502157423087077, 46.362678965484164 ], [ -63.50480011741589, 46.363701502214631 ], [ -63.506945663912802, 46.361200919517159 ], [ -63.518557785072531, 46.365987899127589 ], [ -63.522183383350971, 46.362232102050456 ], [ -63.540060570459239, 46.369322088472757 ], [ -63.543369488138183, 46.366068807309922 ], [ -63.539430703159141, 46.36447886082167 ], [ -63.536066490991509, 46.35451680162133 ], [ -63.534357409544484, 46.354537566808105 ], [ -63.533729298255274, 46.353760914252234 ], [ -63.519993012510895, 46.35632816998779 ], [ -63.519434528564929, 46.355171350027199 ], [ -63.52065533740862, 46.353121434632527 ], [ -63.520796919711401, 46.350986580013249 ], [ -63.521616874532917, 46.350546030004544 ], [ -63.517560302026311, 46.339095097418202 ], [ -63.512109096889844, 46.340035803611016 ], [ -63.511389786121015, 46.33899032008555 ], [ -63.509600220706183, 46.33929713317518 ], [ -63.508473893738412, 46.338495022705629 ], [ -63.506415007629954, 46.339271790630846 ], [ -63.505555176545208, 46.338000226535044 ], [ -63.502943487202892, 46.338602866525321 ], [ -63.502779420543526, 46.33764650227905 ], [ -63.49645458317562, 46.338802520296625 ] ] ] } },
{ "type": "Feature", "properties": { "CSDUID": "1102037", "CSDNAME": "Clyde River", "PRUID": "11", "PRNAME": "Prince Edward Island", "pop_2021": 614.0, "pop_under_19": 130.0, "pop_0_4": 25.0, "pop_15_19": 35.0, "first_lang_eng_french": 0.0, "first_lang_french": 15.0, "know_eng_french": 100.0, "know_french_only": 0.0, "mother_eng_french": 0.0, "mother_french": 10.0, "mother_french_non_official": 0.0, "first_lang_eng_french_under_19": 0.0, "first_lang_eng_french_under_5": 0.0, "first_lang_french_under_19": 3.1758957654723128, "first_lang_french_under_5": 0.61074918566775238, "know_eng_french_under_19": 21.172638436482085, "know_eng_french_under_5": 4.0716612377850163, "know_french_only_under_19": 0.0, "know_french_only_under_5": 0.0, "mother_eng_french_under_19": 0.0, "mother_eng_french_under_5": 0.0, "mother_french_under_19": 2.1172638436482085, "mother_french_under_5": 0.40716612377850159, "mother_french_non_official_under_19": 0.0, "mother_french_non_official_under_5": 0.0, "share_under_19": 0.21172638436482086, "share_under_5": 0.04071661237785016 }, "geometry": { "type": "Polygon", "coordinates": [ [ [ -63.241384753775655, 46.245851154103391 ], [ -63.23370698371145, 46.226914674941426 ], [ -63.236417961194164, 46.227167936635247 ], [ -63.231725753684785, 46.216581655197835 ], [ -63.23655036624902, 46.215484312469414 ], [ -63.236322860641557, 46.214507836730149 ], [ -63.238877452300585, 46.21396602242784 ], [ -63.238175575521211, 46.21213141383739 ], [ -63.240165745618278, 46.211691962470638 ], [ -63.239723956006735, 46.210786935783645 ], [ -63.242646636909107, 46.210119492331032 ], [ -63.248104983134034, 46.222419905554439 ], [ -63.255625607835306, 46.21252597623667 ], [ -63.262331161598183, 46.20127281669636 ], [ -63.264327391270051, 46.19548336591815 ], [ -63.263987561065456, 46.190796785643492 ], [ -63.272902186975251, 46.191743021770428 ], [ -63.286721667416337, 46.200393924203283 ], [ -63.294668266047211, 46.197824362498103 ], [ -63.295408761389844, 46.19857203452618 ], [ -63.293949027846814, 46.200006811639348 ], [ -63.295057428701419, 46.201254956192919 ], [ -63.293465347880499, 46.201664048877269 ], [ -63.29285527073236, 46.203942614861923 ], [ -63.288066445073014, 46.20959347596439 ], [ -63.29089947395164, 46.215203904364834 ], [ -63.289176496416694, 46.215569853291662 ], [ -63.288261167415925, 46.212827716041801 ], [ -63.281395110205381, 46.214418448494783 ], [ -63.283289043118906, 46.21807053873902 ], [ -63.280838161280073, 46.218564444775808 ], [ -63.282887455961315, 46.223386046457968 ], [ -63.281482117865771, 46.225179362359832 ], [ -63.283822807122355, 46.231493278995096 ], [ -63.281247116924114, 46.232339553375539 ], [ -63.282133096296107, 46.233941332337629 ], [ -63.287275508893728, 46.232970319692363 ], [ -63.288883766474449, 46.236764219109368 ], [ -63.2854410248028, 46.237570600023481 ], [ -63.289095872770801, 46.243126171459657 ], [ -63.268919389755077, 46.247525399600562 ], [ -63.26946848988036, 46.248397105333304 ], [ -63.256276541274218, 46.249325445191438 ], [ -63.253443256250662, 46.242398909662377 ], [ -63.243728229287022, 46.243863652686414 ], [ -63.244275286195943, 46.245408342555152 ], [ -63.241384753775655, 46.245851154103391 ] ] ] } },
{ "type": "Feature", "properties": { "CSDUID": "1102038", "CSDNAME": "Lot 20", "PRUID": "11", "PRNAME": "Prince Edward Island", "pop_2021": 0.0, "pop_under_19": 0.0, "pop_0_4": 0.0, "pop_15_19": 0.0, "first_lang_eng_french": 0.0, "first_lang_french": 0.0, "know_eng_french": 0.0, "know_french_only": 0.0, "mother_eng_french": 0.0, "mother_french": 0.0, "mother_french_non_official": 0.0, "first_lang_eng_french_under_19": 0.0, "first_lang_eng_french_under_5": 0.0, "first_lang_french_under_19": 0.0, "first_lang_french_under_5": 0.0, "know_eng_french_under_19": 0.0, "know_eng_french_under_5": 0.0, "know_french_only_under_19": 0.0, "know_french_only_under_5": 0.0, "mother_eng_french_under_19": 0.0, "mother_eng_french_under_5": 0.0, "mother_french_under_19": 0.0, "mother_french_under_5": 0.0, "mother_french_non_official_under_19": 0.0, "mother_french_non_official_under_5": 0.0, "share_under_19": 0.0, "share_under_5": 0.0 }, "geometry": { "type": "Polygon", "coordinates": [ [ [ -63.522647504182039, 46.472388915004963 ], [ -63.521674131283319, 46.471669255003754 ], [ -63.512730362316347, 46.450386327071385 ], [ -63.499924888968216, 46.417204616529617 ], [ -63.563184743260145, 46.406279356904548 ], [ -63.591808617274587, 46.481438492110961 ], [ -63.623247675472626, 46.559092956805685 ], [ -63.608507626269699, 46.555921161949946 ], [ -63.605464034668699, 46.554398393604075 ], [ -63.596650128260727, 46.552455818929502 ], [ -63.58536372081268, 46.548581348940147 ], [ -63.580166592531135, 46.548058853827342 ], [ -63.557347139932446, 46.5411346997167 ], [ -63.549176667253775, 46.539366145427437 ], [ -63.523428194049039, 46.476372086427432 ], [ -63.522647504182039, 46.472388915004963 ] ] ] } },
{ "type": "Feature", "properties": { "CSDUID": "1102039", "CSDNAME": "Lot 21", "PRUID": "11", "PRNAME": "Prince Edward Island", "pop_2021": 0.0, "pop_under_19": 0.0, "pop_0_4": 0.0, "pop_15_19": 0.0, "first_lang_eng_french": 0.0, "first_lang_french": 0.0, "know_eng_french": 0.0, "know_french_only": 0.0, "mother_eng_french": 0.0, "mother_french": 0.0, "mother_french_non_official": 0.0, "first_lang_eng_french_under_19": 0.0, "first_lang_eng_french_under_5": 0.0, "first_lang_french_under_19": 0.0, "first_lang_french_under_5": 0.0, "know_eng_french_under_19": 0.0, "know_eng_french_under_5": 0.0, "know_french_only_under_19": 0.0, "know_french_only_under_5": 0.0, "mother_eng_french_under_19": 0.0, "mother_eng_french_under_5": 0.0, "mother_french_under_19": 0.0, "mother_french_under_5": 0.0, "mother_french_non_official_under_19": 0.0, "mother_french_non_official_under_5": 0.0, "share_under_19": 0.0, "share_under_5": 0.0 }, "geometry": { "type": "Polygon", "coordinates": [ [ [ -63.442095775368507, 46.426926599597941 ], [ -63.420135719445383, 46.370803682911166 ], [ -63.476832981040232, 46.360503306670594 ], [ -63.485503807062415, 46.382743256888077 ], [ -63.492232478877078, 46.396778544397932 ], [ -63.506093216719066, 46.433276151326112 ], [ -63.518046540381093, 46.463206657425054 ], [ -63.521674131283319, 46.471669255003754 ], [ -63.522647504182039, 46.472388915004963 ], [ -63.523428194049039, 46.476372086427432 ], [ -63.527182202260192, 46.486047498826522 ], [ -63.549176668210919, 46.539366147765151 ], [ -63.540522358136975, 46.538479595486407 ], [ -63.53862144091751, 46.537480620649134 ], [ -63.530680611485998, 46.536284785586112 ], [ -63.526319431369309, 46.537069892868558 ], [ -63.520922585217164, 46.534574747922591 ], [ -63.516871428371161, 46.533675176129051 ], [ -63.50500339436222, 46.534952103774444 ], [ -63.505841412876173, 46.532509551107303 ], [ -63.502028462319778, 46.530528442331544 ], [ -63.499867873522689, 46.530873720771297 ], [ -63.501482757962748, 46.529324913182634 ], [ -63.500099354555822, 46.527774039433005 ], [ -63.493729716996022, 46.527045736464636 ], [ -63.493563069029335, 46.52592152366865 ], [ -63.491121585494938, 46.524114138889438 ], [ -63.491119482361619, 46.52243123183181 ], [ -63.489324094265733, 46.519955037937315 ], [ -63.485260526883032, 46.517479473988296 ], [ -63.485258598031237, 46.515796569386531 ], [ -63.484123447450166, 46.514217478138335 ], [ -63.485215176909634, 46.510919018148059 ], [ -63.490960609513714, 46.50769064114828 ], [ -63.492242784625212, 46.508028964522929 ], [ -63.494474391105612, 46.505860440791189 ], [ -63.494551527782832, 46.504093369677847 ], [ -63.497654941316895, 46.501398014257433 ], [ -63.500514664381157, 46.500584576497644 ], [ -63.501814127229942, 46.501586851556155 ], [ -63.506912261409532, 46.501834358032319 ], [ -63.498666323634303, 46.499404710294172 ], [ -63.495555191423378, 46.497131293087861 ], [ -63.486113208413016, 46.495587934728547 ], [ -63.481137092584916, 46.496356932001781 ], [ -63.479198529473635, 46.495231135831837 ], [ -63.478550850052933, 46.49270495412312 ], [ -63.480705539602155, 46.491750955366179 ], [ -63.481901830328688, 46.489991016747943 ], [ -63.482026569922517, 46.487884589648957 ], [ -63.47902297416443, 46.481174496939822 ], [ -63.474549013509666, 46.480554195304329 ], [ -63.471703819034829, 46.481465923580508 ], [ -63.469387566366422, 46.480269515045833 ], [ -63.469559200680514, 46.479017845156086 ], [ -63.465298105978782, 46.475831407165003 ], [ -63.464927324236648, 46.473592019242268 ], [ -63.463082003071264, 46.472573548979071 ], [ -63.46098080968838, 46.469009193893612 ], [ -63.461984639063985, 46.464496320213179 ], [ -63.461801765996974, 46.462895126894196 ], [ -63.460358055752629, 46.462694564803584 ], [ -63.465391793285669, 46.462367603929003 ], [ -63.457124492232843, 46.462679887892527 ], [ -63.454247494664514, 46.461251489891005 ], [ -63.442095775368507, 46.426926599597941 ] ], [ [ -63.473138138133912, 46.460946413622565 ], [ -63.473010892920946, 46.460914389280788 ], [ -63.465391793285669, 46.462367603929003 ], [ -63.473138138133912, 46.460946413622565 ] ] ] } },
{ "type": "Feature", "properties": { "CSDUID": "1102040", "CSDNAME": "Miltonvale Park", "PRUID": "11", "PRNAME": "Prince Edward Island", "pop_2021": 544.0, "pop_under_19": 90.0, "pop_0_4": 15.0, "pop_15_19": 20.0, "first_lang_eng_french": 0.0, "first_lang_french": 5.0, "know_eng_french": 40.0, "know_french_only": 0.0, "mother_eng_french": 5.0, "mother_french": 10.0, "mother_french_non_official": 0.0, "first_lang_eng_french_under_19": 0.0, "first_lang_eng_french_under_5": 0.0, "first_lang_french_under_19": 0.82720588235294112, "first_lang_french_under_5": 0.13786764705882351, "know_eng_french_under_19": 6.617647058823529, "know_eng_french_under_5": 1.1029411764705883, "know_french_only_under_19": 0.0, "know_french_only_under_5": 0.0, "mother_eng_french_under_19": 0.82720588235294112, "mother_eng_french_under_5": 0.13786764705882351, "mother_french_under_19": 1.6544117647058822, "mother_french_under_5": 0.27573529411764708, "mother_french_non_official_under_19": 0.0, "mother_french_non_official_under_5": 0.0, "share_under_19": 0.16544117647058823, "share_under_5": 0.027573529411764705 }, "geometry": { "type": "Polygon", "coordinates": [ [ [ -63.188756403272606, 46.283808611674019 ], [ -63.188929619614775, 46.279555884965895 ], [ -63.192474885088878, 46.278606052242971 ], [ -63.192620627426727, 46.276805810892078 ], [ -63.196492573254176, 46.276561936370179 ], [ -63.200945207002796, 46.278987494643403 ], [ -63.207112825419593, 46.280252909231628 ], [ -63.21051142569582, 46.282787902624428 ], [ -63.214545812883465, 46.283627376195689 ], [ -63.21618689645139, 46.287436483632554 ], [ -63.215829597593356, 46.290591255341226 ], [ -63.220450485464646, 46.290813323064455 ], [ -63.222053928438896, 46.29245429938117 ], [ -63.221951168213749, 46.294599067295387 ], [ -63.224342760231885, 46.29405576774294 ], [ -63.224939501039039, 46.295969757608361 ], [ -63.236314012812208, 46.293368710569951 ], [ -63.236645382460225, 46.29410620781421 ], [ -63.249098011982959, 46.291961229341275 ], [ -63.250311125722831, 46.294143995213858 ], [ -63.262661106362224, 46.292296231066182 ], [ -63.26819420963529, 46.305575825649584 ], [ -63.281958073947237, 46.302988454861804 ], [ -63.282403556580093, 46.301993946005297 ], [ -63.284620783616724, 46.303782942971054 ], [ -63.284449464422245, 46.304514122953314 ], [ -63.292661093997815, 46.307024845926129 ], [ -63.29473862990784, 46.314075426022789 ], [ -63.267841877297123, 46.318712007011655 ], [ -63.273763016497476, 46.321475104760694 ], [ -63.248979542859928, 46.326464264968543 ], [ -63.251466914582501, 46.328624205105513 ], [ -63.240539782463756, 46.330831573380259 ], [ -63.240699458757632, 46.331514929179086 ], [ -63.236533913658633, 46.332831982325132 ], [ -63.23919831261005, 46.334737581580725 ], [ -63.235035083372615, 46.335501998415509 ], [ -63.236621495831535, 46.336528337751751 ], [ -63.229867617005439, 46.342207616193384 ], [ -63.231021916962554, 46.344724450046243 ], [ -63.231898336212325, 46.34464087229577 ], [ -63.236851620156209, 46.355728833848787 ], [ -63.223871133085211, 46.358344982070378 ], [ -63.222858728321157, 46.356021630119209 ], [ -63.218878692698233, 46.356575719023013 ], [ -63.217552620826439, 46.354042923027244 ], [ -63.212987931656492, 46.354818088345688 ], [ -63.207570771309264, 46.343542059783481 ], [ -63.199491325959791, 46.345101412050013 ], [ -63.199140063511258, 46.344065630839644 ], [ -63.196589983016473, 46.344717002621849 ], [ -63.195692192125044, 46.342341567760947 ], [ -63.20275372349969, 46.340915352006689 ], [ -63.201091619094306, 46.336990291114432 ], [ -63.199763498244089, 46.337161301860547 ], [ -63.197672761742709, 46.331318249266268 ], [ -63.194408330334049, 46.327572725375596 ], [ -63.192438569719819, 46.321661506371314 ], [ -63.200306463697189, 46.320038247066584 ], [ -63.19981789471349, 46.31831668988842 ], [ -63.195737598875041, 46.318370004235007 ], [ -63.192494716872396, 46.311338342571204 ], [ -63.191275467429755, 46.311554095034708 ], [ -63.186427215543091, 46.29990281057885 ], [ -63.19567709329818, 46.297737910955817 ], [ -63.179075609711333, 46.288471103825351 ], [ -63.18790646047453, 46.286624057388579 ], [ -63.188756403272606, 46.283808611674019 ] ] ] } },
{ "type": "Feature", "properties": { "CSDUID": "1102041", "CSDNAME": "Lot 22", "PRUID": "11", "PRNAME": "Prince Edward Island", "pop_2021": 0.0, "pop_under_19": 0.0, "pop_0_4": 0.0, "pop_15_19": 0.0, "first_lang_eng_french": 0.0, "first_lang_french": 0.0, "know_eng_french": 0.0, "know_french_only": 0.0, "mother_eng_french": 0.0, "mother_french": 0.0, "mother_french_non_official": 0.0, "first_lang_eng_french_under_19": 0.0, "first_lang_eng_french_under_5": 0.0, "first_lang_french_under_19": 0.0, "first_lang_french_under_5": 0.0, "know_eng_french_under_19": 0.0, "know_eng_french_under_5": 0.0, "know_french_only_under_19": 0.0, "know_french_only_under_5": 0.0, "mother_eng_french_under_19": 0.0, "mother_eng_french_under_5": 0.0, "mother_french_under_19": 0.0, "mother_french_under_5": 0.0, "mother_french_non_official_under_19": 0.0, "mother_french_non_official_under_5": 0.0, "share_under_19": 0.0, "share_under_5": 0.0 }, "geometry": { "type": "Polygon", "coordinates": [ [ [ -63.399191969540475, 46.466129685108591 ], [ -63.36890880042808, 46.389951998319738 ], [ -63.361013133687834, 46.368025040126987 ], [ -63.365891503888982, 46.361525942872909 ], [ -63.366956022881048, 46.361998016897623 ], [ -63.36757735607474, 46.361003444512583 ], [ -63.363959097241526, 46.359490192298935 ], [ -63.369033588545598, 46.353558136326782 ], [ -63.366240603412656, 46.346078700650374 ], [ -63.35322897794574, 46.348631462171937 ], [ -63.340335490666249, 46.314647305822085 ], [ -63.355767359602069, 46.311898713493896 ], [ -63.35743644767706, 46.316770078370716 ], [ -63.395614532375035, 46.310046820839112 ], [ -63.442095775368507, 46.426926599597941 ], [ -63.454247494664514, 46.461251489891005 ], [ -63.445826610306845, 46.457090794171535 ], [ -63.432727291796368, 46.462153899641017 ], [ -63.430992191839671, 46.461773400427617 ], [ -63.430208312238186, 46.460324795802087 ], [ -63.399191969540475, 46.466129685108591 ] ] ] } },
{ "type": "Feature", "properties": { "CSDUID": "1102042", "CSDNAME": "Lot 23", "PRUID": "11", "PRNAME": "Prince Edward Island", "pop_2021": 0.0, "pop_under_19": 0.0, "pop_0_4": 0.0, "pop_15_19": 0.0, "first_lang_eng_french": 0.0, "first_lang_french": 0.0, "know_eng_french": 0.0, "know_french_only": 0.0, "mother_eng_french": 0.0, "mother_french": 0.0, "mother_french_non_official": 0.0, "first_lang_eng_french_under_19": 0.0, "first_lang_eng_french_under_5": 0.0, "first_lang_french_under_19": 0.0, "first_lang_french_under_5": 0.0, "know_eng_french_under_19": 0.0, "know_eng_french_under_5": 0.0, "know_french_only_under_19": 0.0, "know_french_only_under_5": 0.0, "mother_eng_french_under_19": 0.0, "mother_eng_french_under_5": 0.0, "mother_french_under_19": 0.0, "mother_french_under_5": 0.0, "mother_french_non_official_under_19": 0.0, "mother_french_non_official_under_5": 0.0, "share_under_19": 0.0, "share_under_5": 0.0 }, "geometry": { "type": "Polygon", "coordinates": [ [ [ -63.341143219101191, 46.467981851904106 ], [ -63.285171495296275, 46.324975836907029 ], [ -63.340335490666249, 46.314647305822085 ], [ -63.35322897794574, 46.348631462171937 ], [ -63.342338732214969, 46.343887301965943 ], [ -63.337387224900738, 46.34955239564308 ], [ -63.336526202128674, 46.349224041078109 ], [ -63.330775117904807, 46.357861274234381 ], [ -63.328860503112736, 46.357380198938124 ], [ -63.331386682739577, 46.363622928814493 ], [ -63.32985151136134, 46.363938097743087 ], [ -63.333928329691808, 46.375424359800562 ], [ -63.334693658527115, 46.372824254885515 ], [ -63.333279341978347, 46.37216264925825 ], [ -63.336796524605859, 46.369675105168902 ], [ -63.357032655904469, 46.364975637623282 ], [ -63.357111134868866, 46.364128133503421 ], [ -63.359385412124126, 46.363616630258271 ], [ -63.376254268061118, 46.408478074194491 ], [ -63.400141228194414, 46.468503191594756 ], [ -63.383015581849648, 46.468901770998045 ], [ -63.384163457347732, 46.471589423366368 ], [ -63.38101405166006, 46.472184857788783 ], [ -63.379591212879028, 46.468821403378058 ], [ -63.37418005070348, 46.468736507883975 ], [ -63.368820977775222, 46.46988965103192 ], [ -63.370463894691355, 46.472872834073975 ], [ -63.347500676269895, 46.476843245120314 ], [ -63.344122669706898, 46.467526157769477 ], [ -63.341143219101191, 46.467981851904106 ] ] ] } },
{ "type": "Feature", "properties": { "CSDUID": "1102043", "CSDNAME": "Hunter River", "PRUID": "11", "PRNAME": "Prince Edward Island", "pop_2021": 390.0, "pop_under_19": 80.0, "pop_0_4": 10.0, "pop_15_19": 25.0, "first_lang_eng_french": 0.0, "first_lang_french": 10.0, "know_eng_french": 55.0, "know_french_only": 0.0, "mother_eng_french": 0.0, "mother_french": 10.0, "mother_french_non_official": 0.0, "first_lang_eng_french_under_19": 0.0, "first_lang_eng_french_under_5": 0.0, "first_lang_french_under_19": 2.0512820512820511, "first_lang_french_under_5": 0.25641025641025639, "know_eng_french_under_19": 11.282051282051279, "know_eng_french_under_5": 1.4102564102564099, "know_french_only_under_19": 0.0, "know_french_only_under_5": 0.0, "mother_eng_french_under_19": 0.0, "mother_eng_french_under_5": 0.0, "mother_french_under_19": 2.0512820512820511, "mother_french_under_5": 0.25641025641025639, "mother_french_non_official_under_19": 0.0, "mother_french_non_official_under_5": 0.0, "share_under_19": 0.20512820512820512, "share_under_5": 0.02564102564102564 }, "geometry": { "type": "Polygon", "coordinates": [ [ [ -63.333928329691808, 46.375424359800562 ], [ -63.32985151136134, 46.363938097743087 ], [ -63.331386682739577, 46.363622928814493 ], [ -63.328860503112736, 46.357380198938124 ], [ -63.330775117904807, 46.357861274234381 ], [ -63.336526202128674, 46.349224041078109 ], [ -63.337387224900738, 46.34955239564308 ], [ -63.342338732214969, 46.343887301965943 ], [ -63.352675538186233, 46.348740588021272 ], [ -63.366240603412656, 46.346078700650374 ], [ -63.369033588545598, 46.353558136326782 ], [ -63.363959097241526, 46.359490192298935 ], [ -63.36757735607474, 46.361003444512583 ], [ -63.366956022881048, 46.361998016897623 ], [ -63.365891503888982, 46.361525942872909 ], [ -63.361013133687834, 46.368025040126987 ], [ -63.359385412124126, 46.363616630258271 ], [ -63.357111134868866, 46.364128133503421 ], [ -63.357032655904469, 46.364975637623282 ], [ -63.336796524605859, 46.369675105168902 ], [ -63.333279341978347, 46.37216264925825 ], [ -63.334693658527115, 46.372824254885515 ], [ -63.333928329691808, 46.375424359800562 ] ] ] } },
{ "type": "Feature", "properties": { "CSDUID": "1102044", "CSDNAME": "Lot 24", "PRUID": "11", "PRNAME": "Prince Edward Island", "pop_2021": 1267.0, "pop_under_19": 295.0, "pop_0_4": 55.0, "pop_15_19": 50.0, "first_lang_eng_french": 0.0, "first_lang_french": 35.0, "know_eng_french": 200.0, "know_french_only": 0.0, "mother_eng_french": 10.0, "mother_french": 40.0, "mother_french_non_official": 0.0, "first_lang_eng_french_under_19": 0.0, "first_lang_eng_french_under_5": 0.0, "first_lang_french_under_19": 8.8591198104974449, "first_lang_french_under_5": 1.3969579852886176, "know_eng_french_under_19": 47.592070814112958, "know_eng_french_under_5": 8.5051739184640311, "know_french_only_under_19": 0.0, "know_french_only_under_5": 0.0, "mother_eng_french_under_19": 2.6153846153846154, "mother_eng_french_under_5": 0.38461538461538458, "mother_french_under_19": 9.8720857748410431, "mother_french_under_5": 1.640069816731081, "mother_french_non_official_under_19": 0.0, "mother_french_non_official_under_5": 0.0, "share_under_19": 0.23283346487766376, "share_under_5": 0.043409629044988164 }, "geometry": { "type": "MultiPolygon", "coordinates": [ [ [ [ -63.23792594426714, 46.405933635796927 ], [ -63.215057187383124, 46.354427324794194 ], [ -63.217552620826439, 46.354042923027244 ], [ -63.218878692698233, 46.356575719023013 ], [ -63.222858728321157, 46.356021630119209 ], [ -63.223871133085211, 46.358344982070378 ], [ -63.236851620156209, 46.355728833848787 ], [ -63.231898336212325, 46.34464087229577 ], [ -63.231021916962554, 46.344724450046243 ], [ -63.229867617005439, 46.342207616193384 ], [ -63.236621495831535, 46.336528337751751 ], [ -63.279656513973691, 46.364029898995717 ], [ -63.235035083372615, 46.335501998415509 ], [ -63.23919831261005, 46.334737581580725 ], [ -63.236533913658633, 46.332831982325132 ], [ -63.240699458757632, 46.331514929179086 ], [ -63.240539782463756, 46.330831573380259 ], [ -63.251466914582501, 46.328624205105513 ], [ -63.248979542859928, 46.326464264968543 ], [ -63.269162929773152, 46.322748965441214 ], [ -63.270787792345331, 46.327477986548075 ], [ -63.285171495296275, 46.324975836907029 ], [ -63.341143219101191, 46.467981851904106 ], [ -63.338407942703043, 46.46840959744133 ], [ -63.33098050279893, 46.451012614054001 ], [ -63.322259169232233, 46.450449956411923 ], [ -63.3168133797029, 46.452148121124978 ], [ -63.315041710254555, 46.454267919007499 ], [ -63.310688993309988, 46.455760147768601 ], [ -63.304094907511015, 46.455530581655687 ], [ -63.304113571397423, 46.456821969037364 ], [ -63.295773374253244, 46.457602341378269 ], [ -63.296958750462615, 46.460723169833244 ], [ -63.300922696411938, 46.46360535748375 ], [ -63.298796893380434, 46.464174544602109 ], [ -63.296475103905095, 46.461841237047864 ], [ -63.288141676667138, 46.457182728748755 ], [ -63.290810648755645, 46.457076982909612 ], [ -63.29145768066082, 46.453813316064 ], [ -63.288049097505251, 46.447040362304946 ], [ -63.281033133859616, 46.444825919519531 ], [ -63.279976872515206, 46.441957613144581 ], [ -63.275025148825932, 46.438441772260781 ], [ -63.276651718774438, 46.435737942513335 ], [ -63.276226004689129, 46.436503954423728 ], [ -63.278106744622647, 46.437732359224782 ], [ -63.284814180870256, 46.438381810529854 ], [ -63.281189562913703, 46.437274821465834 ], [ -63.270035065711618, 46.429660990596098 ], [ -63.268517166539333, 46.425362725612935 ], [ -63.269091505954052, 46.424924008194886 ], [ -63.267598241789443, 46.423167500530987 ], [ -63.255603457133631, 46.421891446060428 ], [ -63.256362165268747, 46.42272671916357 ], [ -63.254023388290605, 46.423532908807388 ], [ -63.240039195057122, 46.421943172643978 ], [ -63.238680004696398, 46.420623058192746 ], [ -63.239258175873879, 46.418920919991336 ], [ -63.245723690678489, 46.412688415479288 ], [ -63.245742861491685, 46.411158424369255 ], [ -63.247902611084612, 46.408264849897478 ], [ -63.253013436840284, 46.404950760405221 ], [ -63.254212806054831, 46.402680180420433 ], [ -63.251654404584251, 46.401201600171937 ], [ -63.252557292815276, 46.401882150579361 ], [ -63.24611865268767, 46.402139898528723 ], [ -63.244365051726447, 46.402728648533277 ], [ -63.243304204307123, 46.40406287635075 ], [ -63.240417104500935, 46.4042939752918 ], [ -63.23792594426714, 46.405933635796927 ] ], [ [ -63.250375107191331, 46.421025945828447 ], [ -63.250616007110715, 46.42119150053901 ], [ -63.250759708975409, 46.421191927634467 ], [ -63.250375107191331, 46.421025945828447 ] ], [ [ -63.248636800606043, 46.419570343270195 ], [ -63.248840619039093, 46.419971392790174 ], [ -63.249217897048148, 46.420230671214803 ], [ -63.248636800606043, 46.419570343270195 ] ], [ [ -63.247131629919316, 46.416477688299992 ], [ -63.247173078662449, 46.416690206404837 ], [ -63.247999526000932, 46.41831639056997 ], [ -63.247131629919316, 46.416477688299992 ] ], [ [ -63.252496191543699, 46.405635905599944 ], [ -63.253117673219577, 46.405012078515639 ], [ -63.248551401572769, 46.407876500848218 ], [ -63.252496191543699, 46.405635905599944 ] ], [ [ -63.253817117530083, 46.404309994573673 ], [ -63.254739594715815, 46.402429041646464 ], [ -63.253702560661367, 46.404424983768322 ], [ -63.253817117530083, 46.404309994573673 ] ], [ [ -63.243591921991126, 46.400790246663945 ], [ -63.24400588205436, 46.400956500674738 ], [ -63.24842888720989, 46.400956009266416 ], [ -63.243591921991126, 46.400790246663945 ] ], [ [ -63.242197451287261, 46.400021646604706 ], [ -63.242311718075513, 46.400276093115082 ], [ -63.242837881990255, 46.40048741026601 ], [ -63.242197451287261, 46.400021646604706 ] ], [ [ -63.282810304312093, 46.369442267531355 ], [ -63.281906185048577, 46.366697302227138 ], [ -63.282712809097454, 46.369314193620511 ], [ -63.282810304312093, 46.369442267531355 ] ], [ [ -63.283861307790886, 46.370664237826084 ], [ -63.283316839093537, 46.370107673425174 ], [ -63.283629116315637, 46.370517894226786 ], [ -63.283861307790886, 46.370664237826084 ] ], [ [ -63.29087737069834, 46.379186546240867 ], [ -63.292733090410536, 46.378351788036234 ], [ -63.291227101413362, 46.378805601359296 ], [ -63.29087737069834, 46.379186546240867 ] ], [ [ -63.289960005728716, 46.380185787870786 ], [ -63.28809259073023, 46.383637384004324 ], [ -63.290628353380562, 46.379457788852839 ], [ -63.289960005728716, 46.380185787870786 ] ], [ [ -63.276837064959849, 46.391121574551136 ], [ -63.278208062332958, 46.389984792956817 ], [ -63.27807268531361, 46.390069992392519 ], [ -63.276837064959849, 46.391121574551136 ] ], [ [ -63.267206806166449, 46.399563698134074 ], [ -63.271481637521312, 46.395679343390896 ], [ -63.269938893418882, 46.396992305069205 ], [ -63.267206806166449, 46.399563698134074 ] ] ], [ [ [ -63.234883076029298, 46.433920455693496 ], [ -63.236946192156488, 46.433328560070251 ], [ -63.237215428815823, 46.434935038590034 ], [ -63.241876575646543, 46.435789675846081 ], [ -63.248781266961359, 46.432889108620913 ], [ -63.251944940515287, 46.432834169079818 ], [ -63.254133660899939, 46.433261305920382 ], [ -63.256288778238002, 46.435121041616775 ], [ -63.257607611725099, 46.43925125088041 ], [ -63.258952753273064, 46.438875200526766 ], [ -63.258866332775078, 46.438303522726486 ], [ -63.263901302614727, 46.440925820981576 ], [ -63.269519443495533, 46.439741771314353 ], [ -63.270302753486511, 46.440198902134043 ], [ -63.267485514454528, 46.441860193048029 ], [ -63.259799030508162, 46.441046788363252 ], [ -63.25538414295999, 46.441808203825559 ], [ -63.250295861447682, 46.43962957012743 ], [ -63.24643314477553, 46.439651349735804 ], [ -63.237642348012002, 46.436894617333991 ], [ -63.234617453243516, 46.437143249269162 ], [ -63.23174255165042, 46.435082206642427 ], [ -63.225993046907654, 46.433593067198437 ], [ -63.229290092699536, 46.430283316742248 ], [ -63.234883076029298, 46.433920455693496 ] ] ] ] } },
{ "type": "Feature", "properties": { "CSDUID": "1102045", "CSDNAME": "Resort Mun. Stan.B.-Hope R.-Bayv.-Cavend.-N.Rust.", "PRUID": "11", "PRNAME": "Prince Edward Island", "pop_2021": 0.0, "pop_under_19": 0.0, "pop_0_4": 0.0, "pop_15_19": 0.0, "first_lang_eng_french": 0.0, "first_lang_french": 0.0, "know_eng_french": 0.0, "know_french_only": 0.0, "mother_eng_french": 0.0, "mother_french": 0.0, "mother_french_non_official": 0.0, "first_lang_eng_french_under_19": 0.0, "first_lang_eng_french_under_5": 0.0, "first_lang_french_under_19": 0.0, "first_lang_french_under_5": 0.0, "know_eng_french_under_19": 0.0, "know_eng_french_under_5": 0.0, "know_french_only_under_19": 0.0, "know_french_only_under_5": 0.0, "mother_eng_french_under_19": 0.0, "mother_eng_french_under_5": 0.0, "mother_french_under_19": 0.0, "mother_french_under_5": 0.0, "mother_french_non_official_under_19": 0.0, "mother_french_non_official_under_5": 0.0, "share_under_19": 0.0, "share_under_5": 0.0 }, "geometry": { "type": "MultiPolygon", "coordinates": [ [ [ [ -63.327067807279619, 46.494615361692404 ], [ -63.323785707467529, 46.492716800959229 ], [ -63.321268081886096, 46.492255929609044 ], [ -63.320228722728295, 46.492780810541454 ], [ -63.318134696990526, 46.491220731285637 ], [ -63.312237742714231, 46.489950026456285 ], [ -63.312642586690316, 46.485557130266436 ], [ -63.303878634829523, 46.479353038168789 ], [ -63.303389522837129, 46.478076403574143 ], [ -63.305414332945276, 46.476748077648402 ], [ -63.30499038281603, 46.475480260930652 ], [ -63.302689589720082, 46.474019434000596 ], [ -63.300770917038768, 46.470955633982307 ], [ -63.298406050813902, 46.469629880254701 ], [ -63.298042049916823, 46.467371931788747 ], [ -63.299727295588255, 46.465927589037982 ], [ -63.298796893380434, 46.464174544602109 ], [ -63.304188514790077, 46.46248699248428 ], [ -63.304657760116093, 46.464249029647583 ], [ -63.315983113786785, 46.461603627611304 ], [ -63.334599499625547, 46.458745521048058 ], [ -63.338407942703043, 46.46840959744133 ], [ -63.344122669706898, 46.467526157769477 ], [ -63.347500676269895, 46.476843245120314 ], [ -63.370463894691355, 46.472872834073975 ], [ -63.368820977775222, 46.46988965103192 ], [ -63.37418005070348, 46.468736507883975 ], [ -63.379591212879028, 46.468821403378058 ], [ -63.38101405166006, 46.472184857788783 ], [ -63.384163457347732, 46.471589423366368 ], [ -63.383015581849648, 46.468901770998045 ], [ -63.400141228194414, 46.468503191594756 ], [ -63.399191969540475, 46.466129685108591 ], [ -63.430208312238186, 46.460324795802087 ], [ -63.430992191839671, 46.461773400427617 ], [ -63.432727291796368, 46.462153899641017 ], [ -63.445826610306845, 46.457090794171535 ], [ -63.457033100354927, 46.462653307357272 ], [ -63.460389484999027, 46.462588676735159 ], [ -63.453196341758897, 46.466412409949172 ], [ -63.451715929702985, 46.468515185793549 ], [ -63.44970484458225, 46.469459063746541 ], [ -63.448163205065626, 46.468889127261718 ], [ -63.44889937660502, 46.468130272260076 ], [ -63.448530034511663, 46.467564759274474 ], [ -63.447513641808875, 46.467505738477122 ], [ -63.448330028402324, 46.466998558796249 ], [ -63.447261213319692, 46.465310802417306 ], [ -63.447928053631529, 46.464039250975553 ], [ -63.447361699443036, 46.463267522491932 ], [ -63.448338909975448, 46.461733740688047 ], [ -63.446090142001658, 46.463848450432714 ], [ -63.447166228692112, 46.46643614263369 ], [ -63.445619971364593, 46.468476083344505 ], [ -63.447405921583979, 46.468667117427621 ], [ -63.447687904019524, 46.471284883803037 ], [ -63.45319980144879, 46.474674028125158 ], [ -63.453963674143573, 46.477244909970871 ], [ -63.451371519671717, 46.478848072632317 ], [ -63.447394199887377, 46.478359726610321 ], [ -63.442111271568287, 46.47268351623547 ], [ -63.440856225000758, 46.472121391515302 ], [ -63.438738306888411, 46.4726348259125 ], [ -63.438434444571968, 46.473867636995436 ], [ -63.439413487385494, 46.475744801576539 ], [ -63.438923561781479, 46.477996561587162 ], [ -63.441624455242312, 46.481748012984134 ], [ -63.441064696323956, 46.483415084347115 ], [ -63.443165695217303, 46.487042801802907 ], [ -63.439987686197455, 46.4888010022093 ], [ -63.428288439279662, 46.490645318388935 ], [ -63.424481325645807, 46.492027443770255 ], [ -63.41780498204561, 46.488002209059992 ], [ -63.418297884029123, 46.489413338161782 ], [ -63.420637631892525, 46.490376721595794 ], [ -63.421184430126075, 46.492003617898966 ], [ -63.420009418022488, 46.493402895504531 ], [ -63.418588759057478, 46.493363086274684 ], [ -63.415734898018925, 46.495056431427763 ], [ -63.424882466899334, 46.493339901154194 ], [ -63.426127916348705, 46.492633298637578 ], [ -63.42393743869895, 46.492461433423408 ], [ -63.426319235271897, 46.492101607730021 ], [ -63.426153585257786, 46.494253110275956 ], [ -63.421438434879278, 46.497897425578735 ], [ -63.419444242161326, 46.501243591926979 ], [ -63.420750933508891, 46.501688766123323 ], [ -63.423527809776296, 46.500121588565023 ], [ -63.427111045862134, 46.501701186951315 ], [ -63.442910351529356, 46.503738005537635 ], [ -63.450395132516263, 46.505760671175672 ], [ -63.461639842852755, 46.506894775000788 ], [ -63.466030837523327, 46.508244912356957 ], [ -63.47157538844943, 46.508816151140998 ], [ -63.474346798308964, 46.508246729752685 ], [ -63.474340655837764, 46.509038707645274 ], [ -63.47320435259855, 46.510276352047718 ], [ -63.468800488667654, 46.510501495333521 ], [ -63.420266100605687, 46.503040493414858 ], [ -63.410817020074234, 46.503029820262448 ], [ -63.387647723295444, 46.499870856469983 ], [ -63.384779966224272, 46.499781535928747 ], [ -63.374487250916332, 46.502092578402703 ], [ -63.367340646660921, 46.499478876337641 ], [ -63.344061380647723, 46.49684240435608 ], [ -63.338562020980866, 46.496840816063497 ], [ -63.329676140223427, 46.494967869294925 ], [ -63.327177826885247, 46.495578004515743 ], [ -63.327067807279619, 46.494615361692404 ] ] ], [ [ [ -63.478098733792599, 46.508024117749706 ], [ -63.478091444155751, 46.510166051562287 ], [ -63.479724570897112, 46.5120761032479 ], [ -63.476955200139308, 46.511403714262777 ], [ -63.477447058370238, 46.508026850489308 ], [ -63.478098733792599, 46.508024117749706 ] ] ] ] } },
{ "type": "Feature", "properties": { "CSDUID": "1102046", "CSDNAME": "North Rustico", "PRUID": "11", "PRNAME": "Prince Edward Island", "pop_2021": 0.0, "pop_under_19": 0.0, "pop_0_4": 0.0, "pop_15_19": 0.0, "first_lang_eng_french": 0.0, "first_lang_french": 0.0, "know_eng_french": 0.0, "know_french_only": 0.0, "mother_eng_french": 0.0, "mother_french": 0.0, "mother_french_non_official": 0.0, "first_lang_eng_french_under_19": 0.0, "first_lang_eng_french_under_5": 0.0, "first_lang_french_under_19": 0.0, "first_lang_french_under_5": 0.0, "know_eng_french_under_19": 0.0, "know_eng_french_under_5": 0.0, "know_french_only_under_19": 0.0, "know_french_only_under_5": 0.0, "mother_eng_french_under_19": 0.0, "mother_eng_french_under_5": 0.0, "mother_french_under_19": 0.0, "mother_french_under_5": 0.0, "mother_french_non_official_under_19": 0.0, "mother_french_non_official_under_5": 0.0, "share_under_19": 0.0, "share_under_5": 0.0 }, "geometry": { "type": "Polygon", "coordinates": [ [ [ -63.296958750462615, 46.460723169833244 ], [ -63.295773374253244, 46.457602341378269 ], [ -63.304113571397423, 46.456821969037364 ], [ -63.304094907511015, 46.455530581655687 ], [ -63.310688993309988, 46.455760147768601 ], [ -63.315041710254555, 46.454267919007499 ], [ -63.3168133797029, 46.452148121124978 ], [ -63.323170263810916, 46.450393387513017 ], [ -63.331255647267859, 46.451132240789505 ], [ -63.334599499625547, 46.458745521048058 ], [ -63.315983113786785, 46.461603627611304 ], [ -63.304657760116093, 46.464249029647583 ], [ -63.304188514790077, 46.46248699248428 ], [ -63.300922696411938, 46.46360535748375 ], [ -63.296958750462615, 46.460723169833244 ] ] ] } },
{ "type": "Feature", "properties": { "CSDUID": "1102048", "CSDNAME": "Brackley", "PRUID": "11", "PRNAME": "Prince Edward Island", "pop_2021": 334.0, "pop_under_19": 65.0, "pop_0_4": 15.0, "pop_15_19": 20.0, "first_lang_eng_french": 0.0, "first_lang_french": 5.0, "know_eng_french": 40.0, "know_french_only": 0.0, "mother_eng_french": 0.0, "mother_french": 5.0, "mother_french_non_official": 0.0, "first_lang_eng_french_under_19": 0.0, "first_lang_eng_french_under_5": 0.0, "first_lang_french_under_19": 0.97305389221556882, "first_lang_french_under_5": 0.22455089820359281, "know_eng_french_under_19": 7.7844311377245514, "know_eng_french_under_5": 1.7964071856287425, "know_french_only_under_19": 0.0, "know_french_only_under_5": 0.0, "mother_eng_french_under_19": 0.0, "mother_eng_french_under_5": 0.0, "mother_french_under_19": 0.97305389221556882, "mother_french_under_5": 0.22455089820359281, "mother_french_non_official_under_19": 0.0, "mother_french_non_official_under_5": 0.0, "share_under_19": 0.19461077844311378, "share_under_5": 0.044910179640718563 }, "geometry": { "type": "Polygon", "coordinates": [ [ [ -63.144339926920409, 46.330728159481559 ], [ -63.141956197408675, 46.325376803450318 ], [ -63.141047380306844, 46.325295722662581 ], [ -63.137088320569646, 46.315505460362473 ], [ -63.130883649414606, 46.315592334039465 ], [ -63.135821678568014, 46.314551048447107 ], [ -63.133663889528627, 46.308104264391751 ], [ -63.132719433265137, 46.307819293605327 ], [ -63.132549125683148, 46.304695240492315 ], [ -63.12704532181408, 46.292823126221897 ], [ -63.127584408251096, 46.290527195016544 ], [ -63.128595519400861, 46.290291474222585 ], [ -63.130822925325454, 46.293595724411773 ], [ -63.139575743030917, 46.29178948866155 ], [ -63.137578051086791, 46.285391656198534 ], [ -63.142126329254815, 46.284172935209732 ], [ -63.144456723649981, 46.285964914946547 ], [ -63.147286816229105, 46.2855155860859 ], [ -63.148115630709, 46.287351300272057 ], [ -63.150418164092642, 46.288249641223757 ], [ -63.151458358618775, 46.290286511643508 ], [ -63.156056813720262, 46.292404569579368 ], [ -63.156526930236822, 46.293878366614791 ], [ -63.154766600442393, 46.298052340326834 ], [ -63.165108840197291, 46.320730799781096 ], [ -63.166267474885998, 46.320747215884879 ], [ -63.168453638161346, 46.325661624447392 ], [ -63.144339926920409, 46.330728159481559 ] ] ] } },
{ "type": "Feature", "properties": { "CSDUID": "1102049", "CSDNAME": "Lot 33", "PRUID": "11", "PRNAME": "Prince Edward Island", "pop_2021": 0.0, "pop_under_19": 0.0, "pop_0_4": 0.0, "pop_15_19": 0.0, "first_lang_eng_french": 0.0, "first_lang_french": 0.0, "know_eng_french": 0.0, "know_french_only": 0.0, "mother_eng_french": 0.0, "mother_french": 0.0, "mother_french_non_official": 0.0, "first_lang_eng_french_under_19": 0.0, "first_lang_eng_french_under_5": 0.0, "first_lang_french_under_19": 0.0, "first_lang_french_under_5": 0.0, "know_eng_french_under_19": 0.0, "know_eng_french_under_5": 0.0, "know_french_only_under_19": 0.0, "know_french_only_under_5": 0.0, "mother_eng_french_under_19": 0.0, "mother_eng_french_under_5": 0.0, "mother_french_under_19": 0.0, "mother_french_under_5": 0.0, "mother_french_non_official_under_19": 0.0, "mother_french_non_official_under_5": 0.0, "share_under_19": 0.0, "share_under_5": 0.0 }, "geometry": { "type": "Polygon", "coordinates": [ [ [ -63.155454373652347, 46.352349229229986 ], [ -63.154214212668904, 46.352703526701788 ], [ -63.15142341273171, 46.346832457891594 ], [ -63.151995728964181, 46.346022114927486 ], [ -63.150551765535546, 46.342153695621377 ], [ -63.149202260919374, 46.34194135105929 ], [ -63.144339926920409, 46.330728159481559 ], [ -63.168453638161346, 46.325661624447392 ], [ -63.169819387419317, 46.328739239753432 ], [ -63.170944896780988, 46.328470550812526 ], [ -63.175020144256287, 46.336855741485493 ], [ -63.176600796209939, 46.336740209172802 ], [ -63.177501237518406, 46.338536825010983 ], [ -63.192805768019348, 46.335604514820176 ], [ -63.192499524933574, 46.334894327363827 ], [ -63.194209712886746, 46.334736366842975 ], [ -63.194730837536646, 46.336624690279265 ], [ -63.199301660506016, 46.3358759466309 ], [ -63.199763498244089, 46.337161301860547 ], [ -63.201091619094306, 46.336990291114432 ], [ -63.20275372349969, 46.340915352006689 ], [ -63.195692192125044, 46.342341567760947 ], [ -63.196600801696938, 46.344714239186267 ], [ -63.199140063511258, 46.344065630839644 ], [ -63.199491325959791, 46.345101412050013 ], [ -63.207570771309264, 46.343542059783481 ], [ -63.212987931656492, 46.354818088345688 ], [ -63.215057187383124, 46.354427324794194 ], [ -63.23792594426714, 46.405933635796927 ], [ -63.236489107715443, 46.407506043085149 ], [ -63.228203501361484, 46.407981885051321 ], [ -63.227539131706131, 46.404653308958366 ], [ -63.231572866477222, 46.401756291494827 ], [ -63.230518109042187, 46.398419539446799 ], [ -63.232850500292457, 46.39628187264222 ], [ -63.229306276291162, 46.394822084547279 ], [ -63.23211061933835, 46.396652358864849 ], [ -63.229359991770139, 46.398322868755429 ], [ -63.230128185160531, 46.401588217469708 ], [ -63.225118121049015, 46.401193206848241 ], [ -63.226759419408836, 46.401720943548192 ], [ -63.225904028685804, 46.405655517305199 ], [ -63.223525764686279, 46.406272165164033 ], [ -63.219012112023101, 46.40973678280379 ], [ -63.213396647958078, 46.41107936850409 ], [ -63.211612280590622, 46.41060567797696 ], [ -63.210877396806197, 46.40897809156872 ], [ -63.208686438533981, 46.407623171057502 ], [ -63.210347019273456, 46.409780055422743 ], [ -63.209330290038992, 46.412679812335895 ], [ -63.212966866131765, 46.414311045603625 ], [ -63.211150428843354, 46.415673360938598 ], [ -63.21331200397514, 46.416065348135916 ], [ -63.213816914951018, 46.41540743119819 ], [ -63.212989730273264, 46.413501037927162 ], [ -63.211255687443241, 46.412604271713072 ], [ -63.211736401141536, 46.412414393934249 ], [ -63.214005303209738, 46.413670132080021 ], [ -63.214597749721925, 46.415432963554913 ], [ -63.213914417725064, 46.420375069093275 ], [ -63.210994846552211, 46.425942295284941 ], [ -63.21583615612191, 46.429191131623334 ], [ -63.218099537838832, 46.4288628526011 ], [ -63.221135374608039, 46.429754804732823 ], [ -63.229290092699536, 46.430283316742248 ], [ -63.225993046907654, 46.433593067198437 ], [ -63.214675117251709, 46.431830231944787 ], [ -63.190274552609239, 46.430132528030796 ], [ -63.170194311160479, 46.429897380133234 ], [ -63.153087817336562, 46.431052476972887 ], [ -63.14830406897309, 46.430314582194619 ], [ -63.15202466489216, 46.427908988755078 ], [ -63.152592505310174, 46.428726027406618 ], [ -63.155068318053765, 46.428545224927994 ], [ -63.156059478764753, 46.426037514730581 ], [ -63.159614174701574, 46.424388482157859 ], [ -63.167768430649261, 46.424636912356497 ], [ -63.16667880839821, 46.42272317032532 ], [ -63.164076250492826, 46.422318135122019 ], [ -63.161395206185269, 46.414686464377759 ], [ -63.156082662945877, 46.403603744347052 ], [ -63.152153125244268, 46.39133036797854 ], [ -63.144957599506732, 46.373059477010024 ], [ -63.148283507273121, 46.372367724393186 ], [ -63.151260001410762, 46.370607345610736 ], [ -63.147525497554803, 46.362576339142429 ], [ -63.1573381403105, 46.360357148601643 ], [ -63.157345922946064, 46.357976192778345 ], [ -63.155454373652347, 46.352349229229986 ] ] ] } },
{ "type": "Feature", "properties": { "CSDUID": "1102050", "CSDNAME": "Union Road", "PRUID": "11", "PRNAME": "Prince Edward Island", "pop_2021": 213.0, "pop_under_19": 55.0, "pop_0_4": 5.0, "pop_15_19": 10.0, "first_lang_eng_french": 0.0, "first_lang_french": 5.0, "know_eng_french": 35.0, "know_french_only": 0.0, "mother_eng_french": 0.0, "mother_french": 10.0, "mother_french_non_official": 0.0, "first_lang_eng_french_under_19": 0.0, "first_lang_eng_french_under_5": 0.0, "first_lang_french_under_19": 1.2910798122065728, "first_lang_french_under_5": 0.1173708920187793, "know_eng_french_under_19": 9.0375586854460099, "know_eng_french_under_5": 0.82159624413145538, "know_french_only_under_19": 0.0, "know_french_only_under_5": 0.0, "mother_eng_french_under_19": 0.0, "mother_eng_french_under_5": 0.0, "mother_french_under_19": 2.5821596244131451, "mother_french_under_5": 0.23474178403755869, "mother_french_non_official_under_19": 0.0, "mother_french_non_official_under_5": 0.0, "share_under_19": 0.25821596244131456, "share_under_5": 0.023474178403755867 }, "geometry": { "type": "Polygon", "coordinates": [ [ [ -63.144957599506732, 46.373059477010024 ], [ -63.13197741684975, 46.338877414329183 ], [ -63.129464415963561, 46.33943963644586 ], [ -63.128370017660309, 46.336527151364905 ], [ -63.129497354303815, 46.336136941860126 ], [ -63.128092493528555, 46.332219761286154 ], [ -63.117595833301777, 46.334070831530859 ], [ -63.117026063086342, 46.333109507484551 ], [ -63.12033594803966, 46.332026270440338 ], [ -63.118672360575296, 46.330554474774786 ], [ -63.126257063106813, 46.329234652311435 ], [ -63.1258305619357, 46.327930239553559 ], [ -63.118341212851341, 46.329257321521588 ], [ -63.119415234568983, 46.323185711600523 ], [ -63.112750045861056, 46.324327453746214 ], [ -63.112283792351015, 46.322655881416722 ], [ -63.121360055148273, 46.320833655087718 ], [ -63.12209655297751, 46.319648118792429 ], [ -63.121260027240545, 46.317763361277557 ], [ -63.122615515223664, 46.314663976320745 ], [ -63.1116349855129, 46.316540609714615 ], [ -63.108537410614304, 46.309612658181393 ], [ -63.115131575619635, 46.308124204195899 ], [ -63.114159011501805, 46.305489013825841 ], [ -63.122062506779166, 46.303899897931188 ], [ -63.124677407095312, 46.306232138714641 ], [ -63.132549125683148, 46.304695240492315 ], [ -63.132719433265137, 46.307819293605327 ], [ -63.133663889528627, 46.308104264391751 ], [ -63.135821678568014, 46.314551048447107 ], [ -63.130883649414606, 46.315592334039465 ], [ -63.137088320569646, 46.315505460362473 ], [ -63.149202260919374, 46.34194135105929 ], [ -63.150551765535546, 46.342153695621377 ], [ -63.151995728964181, 46.346022114927486 ], [ -63.15142341273171, 46.346832457891594 ], [ -63.154214212668904, 46.352703526701788 ], [ -63.155454373652347, 46.352349229229986 ], [ -63.157345922946064, 46.357976192778345 ], [ -63.1573381403105, 46.360357148601643 ], [ -63.147525497554803, 46.362576339142429 ], [ -63.151260001410762, 46.370607345610736 ], [ -63.148283507273121, 46.372367724393186 ], [ -63.144957599506732, 46.373059477010024 ] ] ] } },
{ "type": "Feature", "properties": { "CSDUID": "1102051", "CSDNAME": "Breadalbane", "PRUID": "11", "PRNAME": "Prince Edward Island", "pop_2021": 170.0, "pop_under_19": 45.0, "pop_0_4": 0.0, "pop_15_19": 15.0, "first_lang_eng_french": 0.0, "first_lang_french": 0.0, "know_eng_french": 15.0, "know_french_only": 0.0, "mother_eng_french": 0.0, "mother_french": 0.0, "mother_french_non_official": 0.0, "first_lang_eng_french_under_19": 0.0, "first_lang_eng_french_under_5": 0.0, "first_lang_french_under_19": 0.0, "first_lang_french_under_5": 0.0, "know_eng_french_under_19": 3.9705882352941178, "know_eng_french_under_5": 0.0, "know_french_only_under_19": 0.0, "know_french_only_under_5": 0.0, "mother_eng_french_under_19": 0.0, "mother_eng_french_under_5": 0.0, "mother_french_under_19": 0.0, "mother_french_under_5": 0.0, "mother_french_non_official_under_19": 0.0, "mother_french_non_official_under_5": 0.0, "share_under_19": 0.26470588235294118, "share_under_5": 0.0 }, "geometry": { "type": "Polygon", "coordinates": [ [ [ -63.488812553013531, 46.35955081570507 ], [ -63.490952326780665, 46.357084068262523 ], [ -63.489533090103819, 46.356377706713644 ], [ -63.48194934867437, 46.365301177346304 ], [ -63.478035676608151, 46.355285129106235 ], [ -63.483784483481251, 46.354252021714302 ], [ -63.45775236601775, 46.33770107770804 ], [ -63.460060209878868, 46.337324083021301 ], [ -63.459915649242078, 46.33603969084232 ], [ -63.463541835549577, 46.335433471154381 ], [ -63.463848324308628, 46.336764644122191 ], [ -63.466487460900389, 46.33640193526157 ], [ -63.466217406346772, 46.335598895745008 ], [ -63.468803285956085, 46.335313463503496 ], [ -63.468430357080059, 46.333763060517811 ], [ -63.470602487777079, 46.333483444632911 ], [ -63.471227289524954, 46.335439964742982 ], [ -63.477626583473722, 46.337832487060524 ], [ -63.482767882229325, 46.336950902192577 ], [ -63.48331120988383, 46.338134252611958 ], [ -63.488257316889502, 46.337281510625608 ], [ -63.488119301852514, 46.336482032833125 ], [ -63.490275542543777, 46.336020545670358 ], [ -63.490738264077322, 46.337319911686016 ], [ -63.493332620419267, 46.336815681294944 ], [ -63.492460881711949, 46.334785467326085 ], [ -63.495028652154446, 46.334319694674932 ], [ -63.49645458317562, 46.338802520296625 ], [ -63.502779420543526, 46.33764650227905 ], [ -63.502943487202892, 46.338602866525321 ], [ -63.505555176545208, 46.338000226535044 ], [ -63.506415007629954, 46.339271790630846 ], [ -63.508473893738412, 46.338495022705629 ], [ -63.509600220706183, 46.33929713317518 ], [ -63.511389786121015, 46.33899032008555 ], [ -63.512109096889844, 46.340035803611016 ], [ -63.517560302026311, 46.339095097418202 ], [ -63.521616874532917, 46.350546030004544 ], [ -63.520796919711401, 46.350986580013249 ], [ -63.52065533740862, 46.353121434632527 ], [ -63.519434528564929, 46.355171350027199 ], [ -63.519993012510895, 46.35632816998779 ], [ -63.533729298255274, 46.353760914252234 ], [ -63.534357409544484, 46.354537566808105 ], [ -63.536066490991509, 46.35451680162133 ], [ -63.539430703159141, 46.36447886082167 ], [ -63.543369488138183, 46.366068807309922 ], [ -63.540060570459239, 46.369322088472757 ], [ -63.522183383350971, 46.362232102050456 ], [ -63.518557785072531, 46.365987899127589 ], [ -63.506945663912802, 46.361200919517159 ], [ -63.50480011741589, 46.363701502214631 ], [ -63.502157423087077, 46.362678965484164 ], [ -63.490895110526537, 46.375214827345182 ], [ -63.487082820628025, 46.373606940883199 ], [ -63.487808586359407, 46.372760531918125 ], [ -63.485482882797726, 46.371953717883081 ], [ -63.49151626817644, 46.364567059241551 ], [ -63.48896075312058, 46.363532508485285 ], [ -63.491343211612509, 46.360719452151201 ], [ -63.488812553013531, 46.35955081570507 ] ] ] } },
{ "type": "Feature", "properties": { "CSDUID": "1102052", "CSDNAME": "Lot 34", "PRUID": "11", "PRNAME": "Prince Edward Island", "pop_2021": 0.0, "pop_under_19": 0.0, "pop_0_4": 0.0, "pop_15_19": 0.0, "first_lang_eng_french": 0.0, "first_lang_french": 0.0, "know_eng_french": 0.0, "know_french_only": 0.0, "mother_eng_french": 0.0, "mother_french": 0.0, "mother_french_non_official": 0.0, "first_lang_eng_french_under_19": 0.0, "first_lang_eng_french_under_5": 0.0, "first_lang_french_under_19": 0.0, "first_lang_french_under_5": 0.0, "know_eng_french_under_19": 0.0, "know_eng_french_under_5": 0.0, "know_french_only_under_19": 0.0, "know_french_only_under_5": 0.0, "mother_eng_french_under_19": 0.0, "mother_eng_french_under_5": 0.0, "mother_french_under_19": 0.0, "mother_french_under_5": 0.0, "mother_french_non_official_under_19": 0.0, "mother_french_non_official_under_5": 0.0, "share_under_19": 0.0, "share_under_5": 0.0 }, "geometry": { "type": "MultiPolygon", "coordinates": [ [ [ [ -63.082484872224597, 46.270871699519986 ], [ -63.085487119968448, 46.27840243168307 ], [ -63.090915377401842, 46.28772126272731 ], [ -63.09300327864679, 46.285879331584141 ], [ -63.095113719197364, 46.292420190662931 ], [ -63.09689673994248, 46.292325380263669 ], [ -63.100647348689229, 46.301019437330659 ], [ -63.103755671832793, 46.300658897311664 ], [ -63.104687111552757, 46.302355767786466 ], [ -63.106945332843623, 46.302156058556911 ], [ -63.107792026769317, 46.303446531675981 ], [ -63.111082134911669, 46.302828976507705 ], [ -63.112601904681092, 46.305792957958055 ], [ -63.114159011501805, 46.305489013825841 ], [ -63.115131575619635, 46.308124204195899 ], [ -63.108537410614304, 46.309612658181393 ], [ -63.1116349855129, 46.316540609714615 ], [ -63.12261688311618, 46.31458205033001 ], [ -63.121260027240545, 46.317763361277557 ], [ -63.12209655297751, 46.319648118792429 ], [ -63.121360055148273, 46.320833655087718 ], [ -63.112283792351015, 46.322655881416722 ], [ -63.112750045861056, 46.324327453746214 ], [ -63.119415234568983, 46.323185711600523 ], [ -63.118341212851341, 46.329257321521588 ], [ -63.1258305619357, 46.327930239553559 ], [ -63.126257063106813, 46.329234652311435 ], [ -63.118672360575296, 46.330554474774786 ], [ -63.12033594803966, 46.332026270440338 ], [ -63.117026063086342, 46.333109507484551 ], [ -63.117595833301777, 46.334070831530859 ], [ -63.116600199184717, 46.334319023708446 ], [ -63.128092493528555, 46.332219761286154 ], [ -63.129497354303815, 46.336136941860126 ], [ -63.128370017660309, 46.336527151364905 ], [ -63.129464415963561, 46.33943963644586 ], [ -63.13197741684975, 46.338877414329183 ], [ -63.152153125244268, 46.39133036797854 ], [ -63.156082662945877, 46.403603744347052 ], [ -63.164288708679194, 46.422123536271243 ], [ -63.16185413540282, 46.418129668340207 ], [ -63.156133028327027, 46.415176740286931 ], [ -63.148152619476484, 46.413711413166475 ], [ -63.140789249221811, 46.414224698011147 ], [ -63.132784250178837, 46.413136283562736 ], [ -63.131239781635379, 46.4093402013184 ], [ -63.133051357087176, 46.410607079470651 ], [ -63.134416103723559, 46.410038498126248 ], [ -63.134855600045839, 46.408868022742915 ], [ -63.136494937177616, 46.408866075452252 ], [ -63.136972775544294, 46.407434548762048 ], [ -63.135190999765783, 46.407706655515121 ], [ -63.134009837082395, 46.408833025627608 ], [ -63.132057427940488, 46.40850230852714 ], [ -63.128157687342259, 46.404411863082771 ], [ -63.128138603709161, 46.40181996148646 ], [ -63.126548826953915, 46.400547156302729 ], [ -63.122178651117814, 46.400665865553428 ], [ -63.122166645248477, 46.401448525056338 ], [ -63.118748751252213, 46.403027066896541 ], [ -63.111345294697344, 46.40246754184453 ], [ -63.116359057582308, 46.404928457598245 ], [ -63.119139712989039, 46.403350655760782 ], [ -63.120403751014095, 46.4043212912554 ], [ -63.119626918127935, 46.406023052971662 ], [ -63.119865097908409, 46.407858741103581 ], [ -63.116701234170655, 46.412856847961457 ], [ -63.116655485739372, 46.415817803367197 ], [ -63.118948865155481, 46.417644451966332 ], [ -63.124299084135018, 46.419202231163098 ], [ -63.148326656738575, 46.423421223051051 ], [ -63.148667728535543, 46.424419759333531 ], [ -63.14566248441264, 46.426539137173592 ], [ -63.146031990396274, 46.427332935081623 ], [ -63.146617306321282, 46.426953719825569 ], [ -63.146190991002079, 46.429498457448531 ], [ -63.143670332116955, 46.431167497172488 ], [ -63.136563150186419, 46.430978200419645 ], [ -63.119448060740808, 46.425408580702289 ], [ -63.096833018270928, 46.420525137707052 ], [ -63.089178747775186, 46.419064404229587 ], [ -63.074151083975543, 46.417787769471801 ], [ -63.052579076558438, 46.36230601287194 ], [ -63.055639882211324, 46.361748342667198 ], [ -63.038626175309588, 46.317821217361029 ], [ -63.031913096980077, 46.298257188113787 ], [ -63.029579380765, 46.293565865614255 ], [ -63.054008173142101, 46.279242194605231 ], [ -63.073680232302493, 46.264542133731418 ], [ -63.082484872224597, 46.270871699519986 ] ], [ [ -63.141377332082165, 46.429658967762414 ], [ -63.141779286251754, 46.429720898404213 ], [ -63.146190991002079, 46.429498457448531 ], [ -63.141377332082165, 46.429658967762414 ] ], [ [ -63.067285395925531, 46.374156936164383 ], [ -63.072209483863382, 46.368027948898707 ], [ -63.070947799283466, 46.369182711021296 ], [ -63.067285395925531, 46.374156936164383 ] ], [ [ -63.066919099303327, 46.381217799611747 ], [ -63.066399738327746, 46.375359823957048 ], [ -63.066313986424042, 46.375476290996254 ], [ -63.066919099303327, 46.381217799611747 ] ], [ [ -63.10620960292119, 46.336909196814048 ], [ -63.088966694063345, 46.295981906373953 ], [ -63.088193945302187, 46.294345082464886 ], [ -63.10620960292119, 46.336909196814048 ] ], [ [ -63.12575120760691, 46.383799536129793 ], [ -63.125768390968567, 46.383706194725903 ], [ -63.10620960292119, 46.336909196814048 ], [ -63.12575120760691, 46.383799536129793 ] ], [ [ -63.087572801478743, 46.293029385679226 ], [ -63.087422486950878, 46.292710991881059 ], [ -63.085979323606196, 46.291657094094354 ], [ -63.087572801478743, 46.293029385679226 ] ], [ [ -63.111418319134287, 46.412763097955697 ], [ -63.107787999130977, 46.406888973849327 ], [ -63.107698690718188, 46.407024897450768 ], [ -63.111418319134287, 46.412763097955697 ] ], [ [ -63.124454914889597, 46.386298937667839 ], [ -63.12556290510453, 46.384822410482251 ], [ -63.125701150113329, 46.384071452464845 ], [ -63.124454914889597, 46.386298937667839 ] ], [ [ -63.14059204912936, 46.429537976164511 ], [ -63.139005546339256, 46.429144644941815 ], [ -63.139461612230818, 46.429363805356147 ], [ -63.14059204912936, 46.429537976164511 ] ] ], [ [ [ -63.154027057565237, 46.423887033406359 ], [ -63.151913507556657, 46.42553517978827 ], [ -63.152796486477925, 46.422926345721777 ], [ -63.153729625559663, 46.423160690331919 ], [ -63.154027057565237, 46.423887033406359 ] ] ], [ [ [ -63.156059478764753, 46.426037514730581 ], [ -63.157707887822944, 46.424327250085902 ], [ -63.159614174701574, 46.424388482157859 ], [ -63.156059478764753, 46.426037514730581 ] ] ], [ [ [ -63.147267430059564, 46.429419842798595 ], [ -63.147039163523623, 46.428596038644471 ], [ -63.149923516476782, 46.429068707260804 ], [ -63.147267430059564, 46.429419842798595 ] ] ], [ [ [ -63.147267430059564, 46.429419842798595 ], [ -63.14964449122548, 46.429246724606237 ], [ -63.14830406897309, 46.430314582194619 ], [ -63.147267430059564, 46.429419842798595 ] ] ] ] } },
{ "type": "Feature", "properties": { "CSDUID": "1102054", "CSDNAME": "Lot 35", "PRUID": "11", "PRNAME": "Prince Edward Island", "pop_2021": 0.0, "pop_under_19": 0.0, "pop_0_4": 0.0, "pop_15_19": 0.0, "first_lang_eng_french": 0.0, "first_lang_french": 0.0, "know_eng_french": 0.0, "know_french_only": 0.0, "mother_eng_french": 0.0, "mother_french": 0.0, "mother_french_non_official": 0.0, "first_lang_eng_french_under_19": 0.0, "first_lang_eng_french_under_5": 0.0, "first_lang_french_under_19": 0.0, "first_lang_french_under_5": 0.0, "know_eng_french_under_19": 0.0, "know_eng_french_under_5": 0.0, "know_french_only_under_19": 0.0, "know_french_only_under_5": 0.0, "mother_eng_french_under_19": 0.0, "mother_eng_french_under_5": 0.0, "mother_french_under_19": 0.0, "mother_french_under_5": 0.0, "mother_french_non_official_under_19": 0.0, "mother_french_non_official_under_5": 0.0, "share_under_19": 0.0, "share_under_5": 0.0 }, "geometry": { "type": "MultiPolygon", "coordinates": [ [ [ [ -63.025311109478338, 46.295765126420243 ], [ -63.029579380765, 46.293565865614255 ], [ -63.031913096980077, 46.298257188113787 ], [ -63.040733601976299, 46.323928273677105 ], [ -63.055639882211324, 46.361748342667198 ], [ -63.052579076558438, 46.36230601287194 ], [ -63.073250050522901, 46.413744139961103 ], [ -63.074151083975543, 46.417787769471801 ], [ -63.060702671267869, 46.415969179115343 ], [ -63.047026006906073, 46.415201644956717 ], [ -63.042652488899165, 46.413367439504533 ], [ -63.040998078382401, 46.41080312232674 ], [ -63.037444750513188, 46.408941403850477 ], [ -63.033656445574977, 46.40534270209298 ], [ -63.029531586477717, 46.404002877002014 ], [ -63.035164147744361, 46.403119305789836 ], [ -63.034474014892325, 46.40211156776472 ], [ -63.025249022032646, 46.398721060252768 ], [ -63.013554417418383, 46.397949077749324 ], [ -63.00382412703528, 46.394655930201203 ], [ -63.00409679535047, 46.387699130500927 ], [ -63.004916027397805, 46.386439124072268 ], [ -63.007006369021404, 46.386732500549634 ], [ -63.004442266730777, 46.381157213309343 ], [ -63.003224990610931, 46.380436369582853 ], [ -63.002886753809513, 46.378474443152996 ], [ -62.998699788000408, 46.372822629766524 ], [ -62.995878476807853, 46.370707604322149 ], [ -62.991666966419054, 46.364173551892449 ], [ -62.992109071763217, 46.363381607184074 ], [ -62.992875936805788, 46.36436262608742 ], [ -62.993851005786205, 46.364038696750022 ], [ -62.99287605579778, 46.363570654078629 ], [ -62.994137195245635, 46.362013770888616 ], [ -62.996412171524298, 46.361284884570196 ], [ -62.997140257830686, 46.359169952493502 ], [ -62.995970211781447, 46.360996863584482 ], [ -62.993968275976059, 46.361419775073607 ], [ -62.991836101794298, 46.363273583597469 ], [ -62.992356247827729, 46.362022658402019 ], [ -62.988482816565245, 46.360069384370313 ], [ -62.980436908617854, 46.358538325554399 ], [ -62.980086929977446, 46.355919333771226 ], [ -62.978618685863978, 46.354488103408706 ], [ -62.979332800709606, 46.356477171231923 ], [ -62.978227889259593, 46.356710969383705 ], [ -62.978602086795078, 46.358293220255391 ], [ -62.975552010425929, 46.350644570206398 ], [ -62.958762553857916, 46.326270347528514 ], [ -62.963816125436956, 46.31916083972051 ], [ -62.954279476973667, 46.292773394920765 ], [ -62.942100394676544, 46.26318088678152 ], [ -63.009335051430604, 46.25008230256833 ], [ -63.025311109478338, 46.295765126420243 ] ], [ [ -63.063378891813777, 46.40099220606379 ], [ -63.062638479412477, 46.400418418229187 ], [ -63.064708209630666, 46.403088414324145 ], [ -63.063378891813777, 46.40099220606379 ] ], [ [ -63.062311211432025, 46.400164799589753 ], [ -63.057093120250009, 46.398583594949237 ], [ -63.062414552767315, 46.400244884689485 ], [ -63.062311211432025, 46.400164799589753 ] ] ], [ [ [ -62.979897121272742, 46.361768964804661 ], [ -62.979157222057324, 46.359654874753332 ], [ -62.979721576477871, 46.359690166660094 ], [ -62.979897121272742, 46.361768964804661 ] ] ], [ [ [ -62.981853103741415, 46.367244704607629 ], [ -62.981194719791546, 46.365467029913852 ], [ -62.982452187179206, 46.368891228100395 ], [ -62.981853103741415, 46.367244704607629 ] ] ] ] } },
{ "type": "Feature", "properties": { "CSDUID": "1102056", "CSDNAME": "Lot 36", "PRUID": "11", "PRNAME": "Prince Edward Island", "pop_2021": 0.0, "pop_under_19": 0.0, "pop_0_4": 0.0, "pop_15_19": 0.0, "first_lang_eng_french": 0.0, "first_lang_french": 0.0, "know_eng_french": 0.0, "know_french_only": 0.0, "mother_eng_french": 0.0, "mother_french": 0.0, "mother_french_non_official": 0.0, "first_lang_eng_french_under_19": 0.0, "first_lang_eng_french_under_5": 0.0, "first_lang_french_under_19": 0.0, "first_lang_french_under_5": 0.0, "know_eng_french_under_19": 0.0, "know_eng_french_under_5": 0.0, "know_french_only_under_19": 0.0, "know_french_only_under_5": 0.0, "mother_eng_french_under_19": 0.0, "mother_eng_french_under_5": 0.0, "mother_french_under_19": 0.0, "mother_french_under_5": 0.0, "mother_french_non_official_under_19": 0.0, "mother_french_non_official_under_5": 0.0, "share_under_19": 0.0, "share_under_5": 0.0 }, "geometry": { "type": "MultiPolygon", "coordinates": [ [ [ [ -62.930909006836089, 46.425671528799661 ], [ -62.906986962456862, 46.36395290298951 ], [ -62.909783218141385, 46.364630821944061 ], [ -62.914142385113365, 46.371126471906422 ], [ -62.917278694867314, 46.36919909080806 ], [ -62.915672474981548, 46.364561218164845 ], [ -62.913366483366204, 46.364339818954939 ], [ -62.90903300444073, 46.353349111214662 ], [ -62.910366758736281, 46.352614727576949 ], [ -62.908088340268286, 46.349001665566362 ], [ -62.904765668830173, 46.351820030788403 ], [ -62.894124697706225, 46.327368385934818 ], [ -62.873738169059422, 46.276152420911714 ], [ -62.942123148630017, 46.263239149670646 ], [ -62.954279476973667, 46.292773394920765 ], [ -62.963816125436956, 46.31916083972051 ], [ -62.958762553857916, 46.326270347528514 ], [ -62.975552010425929, 46.350644570206398 ], [ -62.978602086795078, 46.358293220255391 ], [ -62.978226898653723, 46.359167898332537 ], [ -62.979157222057324, 46.359654874753332 ], [ -62.979897121272742, 46.361768964804661 ], [ -62.979797657705461, 46.364865049018654 ], [ -62.981194719791546, 46.365467029913852 ], [ -62.982452187179206, 46.368891228100395 ], [ -62.982122428771795, 46.371822252925838 ], [ -62.980236414856989, 46.373936884232172 ], [ -62.979234072968133, 46.376969627557216 ], [ -62.975826984432395, 46.377625935983467 ], [ -62.981039735788734, 46.382000802497991 ], [ -62.980948239003325, 46.383395752603569 ], [ -62.976928668327886, 46.386067928550688 ], [ -62.978826587542073, 46.38826421720551 ], [ -62.978500539897041, 46.390577083424112 ], [ -62.979514314223572, 46.39253023501827 ], [ -62.973567921801028, 46.397271845560262 ], [ -62.972630552985834, 46.398855577427227 ], [ -62.973019890327855, 46.400682626020014 ], [ -62.97053396744905, 46.403057928770117 ], [ -62.970455365391302, 46.404056878474435 ], [ -62.972028698587415, 46.405650202495266 ], [ -62.970531416924501, 46.407782785375538 ], [ -62.970906252535414, 46.412426715090156 ], [ -62.978673448905695, 46.41413837124793 ], [ -62.999336411911408, 46.413465385292156 ], [ -63.001743596916107, 46.413951341942806 ], [ -63.00420296536376, 46.415652233438827 ], [ -63.006089572617043, 46.414050187635418 ], [ -63.006037422507966, 46.413186235880246 ], [ -63.014130997806127, 46.414418475295101 ], [ -63.03058973231343, 46.411814329593142 ], [ -63.035468939879841, 46.411740940949855 ], [ -63.037043952627634, 46.412703406114495 ], [ -63.037526659518214, 46.414512181096562 ], [ -63.036759679462946, 46.41561040563402 ], [ -63.032387828481234, 46.416106691728949 ], [ -62.997462561701937, 46.416345251333752 ], [ -62.969236176057464, 46.420624983309075 ], [ -62.941956933987889, 46.423458290353175 ], [ -62.930909006836089, 46.425671528799661 ] ] ], [ [ [ -62.90632358833259, 46.355031661105322 ], [ -62.904258355352333, 46.355942401550777 ], [ -62.902775501878892, 46.352221165213926 ], [ -62.904765668830173, 46.351820030788403 ], [ -62.90632358833259, 46.355031661105322 ] ] ] ] } },
{ "type": "Feature", "properties": { "CSDUID": "1102057", "CSDNAME": "Scotchfort 4", "PRUID": "11", "PRNAME": "Prince Edward Island", "pop_2021": 230.0, "pop_under_19": 85.0, "pop_0_4": 15.0, "pop_15_19": 20.0, "first_lang_eng_french": 0.0, "first_lang_french": 5.0, "know_eng_french": 5.0, "know_french_only": 0.0, "mother_eng_french": 0.0, "mother_french": 5.0, "mother_french_non_official": 0.0, "first_lang_eng_french_under_19": 0.0, "first_lang_eng_french_under_5": 0.0, "first_lang_french_under_19": 1.8478260869565213, "first_lang_french_under_5": 0.32608695652173908, "know_eng_french_under_19": 1.8478260869565213, "know_eng_french_under_5": 0.32608695652173908, "know_french_only_under_19": 0.0, "know_french_only_under_5": 0.0, "mother_eng_french_under_19": 0.0, "mother_eng_french_under_5": 0.0, "mother_french_under_19": 1.8478260869565213, "mother_french_under_5": 0.32608695652173908, "mother_french_non_official_under_19": 0.0, "mother_french_non_official_under_5": 0.0, "share_under_19": 0.36956521739130432, "share_under_5": 0.065217391304347824 }, "geometry": { "type": "Polygon", "coordinates": [ [ [ -62.901314889237248, 46.369038282579901 ], [ -62.896253134983937, 46.354668390836373 ], [ -62.89908015803141, 46.354985549747134 ], [ -62.899900123078758, 46.35639778430604 ], [ -62.898695111707681, 46.35689817823549 ], [ -62.899148892810551, 46.35803398915742 ], [ -62.897834084130622, 46.358207325140143 ], [ -62.898042239649719, 46.358719899331803 ], [ -62.900700258236398, 46.358275968517582 ], [ -62.900134977464297, 46.356826212865705 ], [ -62.90632358833259, 46.355031661105322 ], [ -62.904765668830173, 46.351820030788403 ], [ -62.908088340268286, 46.349001665566362 ], [ -62.910366758736281, 46.352614727576949 ], [ -62.90903300444073, 46.353349111214662 ], [ -62.913366483366204, 46.364339818954939 ], [ -62.915672474981548, 46.364561218164845 ], [ -62.917278694867314, 46.36919909080806 ], [ -62.914142385113365, 46.371126471906422 ], [ -62.909783218141385, 46.364630821944061 ], [ -62.906986962456862, 46.36395290298951 ], [ -62.903073923715326, 46.364404178622863 ], [ -62.904705662147421, 46.368712422362186 ], [ -62.901314889237248, 46.369038282579901 ] ] ] } },
{ "type": "Feature", "properties": { "CSDUID": "1102058", "CSDNAME": "Lot 37", "PRUID": "11", "PRNAME": "Prince Edward Island", "pop_2021": 0.0, "pop_under_19": 0.0, "pop_0_4": 0.0, "pop_15_19": 0.0, "first_lang_eng_french": 0.0, "first_lang_french": 0.0, "know_eng_french": 0.0, "know_french_only": 0.0, "mother_eng_french": 0.0, "mother_french": 0.0, "mother_french_non_official": 0.0, "first_lang_eng_french_under_19": 0.0, "first_lang_eng_french_under_5": 0.0, "first_lang_french_under_19": 0.0, "first_lang_french_under_5": 0.0, "know_eng_french_under_19": 0.0, "know_eng_french_under_5": 0.0, "know_french_only_under_19": 0.0, "know_french_only_under_5": 0.0, "mother_eng_french_under_19": 0.0, "mother_eng_french_under_5": 0.0, "mother_french_under_19": 0.0, "mother_french_under_5": 0.0, "mother_french_non_official_under_19": 0.0, "mother_french_non_official_under_5": 0.0, "share_under_19": 0.0, "share_under_5": 0.0 }, "geometry": { "type": "Polygon", "coordinates": [ [ [ -62.857598682406852, 46.408678879347669 ], [ -62.868461662540469, 46.409060886184115 ], [ -62.863975467247336, 46.4080566598047 ], [ -62.860324694042923, 46.406027321506727 ], [ -62.859196837341131, 46.404468998049516 ], [ -62.85386173454026, 46.40608077188439 ], [ -62.803311490721647, 46.272390953314179 ], [ -62.86693976669973, 46.260251903114387 ], [ -62.904765668830173, 46.351820030788403 ], [ -62.902775501878892, 46.352221165213926 ], [ -62.904258355352333, 46.355942401550777 ], [ -62.900134977464297, 46.356826212865705 ], [ -62.900700258236398, 46.358275968517582 ], [ -62.898042239649719, 46.358719899331803 ], [ -62.897834084130622, 46.358207325140143 ], [ -62.899148892810551, 46.35803398915742 ], [ -62.898695111707681, 46.35689817823549 ], [ -62.899900123078758, 46.35639778430604 ], [ -62.89908015803141, 46.354985549747134 ], [ -62.896253134983937, 46.354668390836373 ], [ -62.901314889237248, 46.369038282579901 ], [ -62.904705662147421, 46.368712422362186 ], [ -62.903073923715326, 46.364404178622863 ], [ -62.906986962456862, 46.36395290298951 ], [ -62.907638385813755, 46.364466691253718 ], [ -62.930909006836089, 46.425671528799661 ], [ -62.918589875736444, 46.427943882483149 ], [ -62.904682955424065, 46.431776008367194 ], [ -62.898162352515293, 46.431518398892045 ], [ -62.864230458898184, 46.434196824884687 ], [ -62.855962013083094, 46.411736720533405 ], [ -62.857698789731856, 46.410217942609762 ], [ -62.857598682406852, 46.408678879347669 ] ], [ [ -62.860283582677411, 46.371877469748746 ], [ -62.863771537164929, 46.371841516354337 ], [ -62.865026234506374, 46.372807749809816 ], [ -62.869296910468684, 46.372226365172935 ], [ -62.869444572801456, 46.370996334908376 ], [ -62.870929782554889, 46.370370607294845 ], [ -62.875767894837267, 46.371272536433452 ], [ -62.879465612797077, 46.365844165063443 ], [ -62.863462469942384, 46.36172035087219 ], [ -62.863345798009213, 46.363228187297338 ], [ -62.862553000166102, 46.363146300740176 ], [ -62.862856925812643, 46.361403570328257 ], [ -62.85922077924711, 46.360780937148462 ], [ -62.858447962361254, 46.366759461769668 ], [ -62.861616853178312, 46.368255537232066 ], [ -62.858136822621681, 46.370509423967597 ], [ -62.860283582677411, 46.371877469748746 ] ] ] } },
{ "type": "Feature", "properties": { "CSDUID": "1102059", "CSDNAME": "Mount Stewart", "PRUID": "11", "PRNAME": "Prince Edward Island", "pop_2021": 226.0, "pop_under_19": 55.0, "pop_0_4": 15.0, "pop_15_19": 15.0, "first_lang_eng_french": 0.0, "first_lang_french": 0.0, "know_eng_french": 25.0, "know_french_only": 0.0, "mother_eng_french": 0.0, "mother_french": 0.0, "mother_french_non_official": 0.0, "first_lang_eng_french_under_19": 0.0, "first_lang_eng_french_under_5": 0.0, "first_lang_french_under_19": 0.0, "first_lang_french_under_5": 0.0, "know_eng_french_under_19": 6.0840707964601766, "know_eng_french_under_5": 1.6592920353982303, "know_french_only_under_19": 0.0, "know_french_only_under_5": 0.0, "mother_eng_french_under_19": 0.0, "mother_eng_french_under_5": 0.0, "mother_french_under_19": 0.0, "mother_french_under_5": 0.0, "mother_french_non_official_under_19": 0.0, "mother_french_non_official_under_5": 0.0, "share_under_19": 0.24336283185840707, "share_under_5": 0.06637168141592921 }, "geometry": { "type": "Polygon", "coordinates": [ [ [ -62.858136822621681, 46.370509423967597 ], [ -62.861616853178312, 46.368255537232066 ], [ -62.858447962361254, 46.366759461769668 ], [ -62.85922077924711, 46.360780937148462 ], [ -62.862856925812643, 46.361403570328257 ], [ -62.862553000166102, 46.363146300740176 ], [ -62.863345798009213, 46.363228187297338 ], [ -62.863462469942384, 46.36172035087219 ], [ -62.879465612797077, 46.365844165063443 ], [ -62.875767894837267, 46.371272536433452 ], [ -62.870929782554889, 46.370370607294845 ], [ -62.869444572801456, 46.370996334908376 ], [ -62.868957917949864, 46.37245029721327 ], [ -62.865026234506374, 46.372807749809816 ], [ -62.863771537164929, 46.371841516354337 ], [ -62.860283582677411, 46.371877469748746 ], [ -62.858136822621681, 46.370509423967597 ] ] ] } },
{ "type": "Feature", "properties": { "CSDUID": "1102065", "CSDNAME": "Winsloe South", "PRUID": "11", "PRNAME": "Prince Edward Island", "pop_2021": 252.0, "pop_under_19": 60.0, "pop_0_4": 15.0, "pop_15_19": 20.0, "first_lang_eng_french": 0.0, "first_lang_french": 0.0, "know_eng_french": 25.0, "know_french_only": 0.0, "mother_eng_french": 0.0, "mother_french": 0.0, "mother_french_non_official": 0.0, "first_lang_eng_french_under_19": 0.0, "first_lang_eng_french_under_5": 0.0, "first_lang_french_under_19": 0.0, "first_lang_french_under_5": 0.0, "know_eng_french_under_19": 5.9523809523809517, "know_eng_french_under_5": 1.4880952380952379, "know_french_only_under_19": 0.0, "know_french_only_under_5": 0.0, "mother_eng_french_under_19": 0.0, "mother_eng_french_under_5": 0.0, "mother_french_under_19": 0.0, "mother_french_under_5": 0.0, "mother_french_non_official_under_19": 0.0, "mother_french_non_official_under_5": 0.0, "share_under_19": 0.23809523809523808, "share_under_5": 0.059523809523809521 }, "geometry": { "type": "Polygon", "coordinates": [ [ [ -63.177501237518406, 46.338536825010983 ], [ -63.176600796209939, 46.336740209172802 ], [ -63.175020144256287, 46.336855741485493 ], [ -63.170944896780988, 46.328470550812526 ], [ -63.169819387419317, 46.328739239753432 ], [ -63.166267474885998, 46.320747215884879 ], [ -63.165108840197291, 46.320730799781096 ], [ -63.15522487835662, 46.298824988002593 ], [ -63.173744692418289, 46.294741026609515 ], [ -63.175404757047517, 46.295603554724451 ], [ -63.176626220785209, 46.295197714432774 ], [ -63.17773891342565, 46.297132505069676 ], [ -63.178540171151134, 46.296993836985557 ], [ -63.179520070760191, 46.299786659679782 ], [ -63.180441198006733, 46.299729311793321 ], [ -63.181719761926217, 46.303854394585301 ], [ -63.187721945954415, 46.302840963685973 ], [ -63.191275467429755, 46.311554095034708 ], [ -63.192494716872396, 46.311338342571204 ], [ -63.195737598875041, 46.318370004235007 ], [ -63.19981789471349, 46.31831668988842 ], [ -63.200306463697189, 46.320038247066584 ], [ -63.192438569719819, 46.321661506371314 ], [ -63.194408330334049, 46.327572725375596 ], [ -63.197672761742709, 46.331318249266268 ], [ -63.199301660506016, 46.3358759466309 ], [ -63.194730837536646, 46.336624690279265 ], [ -63.194209712886746, 46.334736366842975 ], [ -63.192499524933574, 46.334894327363827 ], [ -63.192805768019348, 46.335604514820176 ], [ -63.177501237518406, 46.338536825010983 ] ] ] } },
{ "type": "Feature", "properties": { "CSDUID": "1102070", "CSDNAME": "Warren Grove", "PRUID": "11", "PRNAME": "Prince Edward Island", "pop_2021": 0.0, "pop_under_19": 0.0, "pop_0_4": 0.0, "pop_15_19": 0.0, "first_lang_eng_french": 0.0, "first_lang_french": 0.0, "know_eng_french": 0.0, "know_french_only": 0.0, "mother_eng_french": 0.0, "mother_french": 0.0, "mother_french_non_official": 0.0, "first_lang_eng_french_under_19": 0.0, "first_lang_eng_french_under_5": 0.0, "first_lang_french_under_19": 0.0, "first_lang_french_under_5": 0.0, "know_eng_french_under_19": 0.0, "know_eng_french_under_5": 0.0, "know_french_only_under_19": 0.0, "know_french_only_under_5": 0.0, "mother_eng_french_under_19": 0.0, "mother_eng_french_under_5": 0.0, "mother_french_under_19": 0.0, "mother_french_under_5": 0.0, "mother_french_non_official_under_19": 0.0, "mother_french_non_official_under_5": 0.0, "share_under_19": 0.0, "share_under_5": 0.0 }, "geometry": { "type": "Polygon", "coordinates": [ [ [ -63.224939501039039, 46.295969757608361 ], [ -63.224342760231885, 46.29405576774294 ], [ -63.221951168213749, 46.294599067295387 ], [ -63.222053928438896, 46.29245429938117 ], [ -63.220450485464646, 46.290813323064455 ], [ -63.215829597593356, 46.290591255341226 ], [ -63.21618689645139, 46.287436483632554 ], [ -63.214545812883465, 46.283627376195689 ], [ -63.21051142569582, 46.282787902624428 ], [ -63.207112825419593, 46.280252909231628 ], [ -63.200945207002796, 46.278987494643403 ], [ -63.196492573254176, 46.276561936370179 ], [ -63.195955878912876, 46.274889535190056 ], [ -63.196957337364388, 46.271845844592434 ], [ -63.193930357905003, 46.270987023000338 ], [ -63.191639247388103, 46.271752186218059 ], [ -63.191419364980327, 46.268854829765253 ], [ -63.185757397704286, 46.261700635737661 ], [ -63.195020894536412, 46.261091791340313 ], [ -63.196325347494614, 46.25871594344494 ], [ -63.197173401619182, 46.259533986992722 ], [ -63.217265555946099, 46.254875932641617 ], [ -63.221960815625614, 46.264165675808776 ], [ -63.224894936047569, 46.263616023853302 ], [ -63.226071030902887, 46.266170954306872 ], [ -63.229655520468178, 46.26543142592309 ], [ -63.230124254856541, 46.266014676505968 ], [ -63.245381240874742, 46.262175437760078 ], [ -63.250862437853449, 46.275501611739031 ], [ -63.230670190810649, 46.280044689856247 ], [ -63.238617341444758, 46.2811816146097 ], [ -63.231436463352026, 46.281935847105274 ], [ -63.236314012812208, 46.293368710569951 ], [ -63.224939501039039, 46.295969757608361 ] ] ] } },
{ "type": "Feature", "properties": { "CSDUID": "1102075", "CSDNAME": "Charlottetown", "PRUID": "11", "PRNAME": "Prince Edward Island", "pop_2021": 38809.0, "pop_under_19": 7250.0, "pop_0_4": 1490.0, "pop_15_19": 2095.0, "first_lang_eng_french": 195.0, "first_lang_french": 685.0, "know_eng_french": 4980.0, "know_french_only": 15.0, "mother_eng_french": 230.0, "mother_french": 675.0, "mother_french_non_official": 5.0, "first_lang_eng_french_under_19": 38.616568073884956, "first_lang_eng_french_under_5": 7.8696069096447454, "first_lang_french_under_19": 125.74631808198525, "first_lang_french_under_5": 25.674881863192585, "know_eng_french_under_19": 945.43896631868756, "know_eng_french_under_5": 191.13600761844864, "know_french_only_under_19": 2.7124680325834225, "know_french_only_under_5": 0.54582727005663612, "mother_eng_french_under_19": 43.802629272577498, "mother_eng_french_under_5": 9.0098771347051692, "mother_french_under_19": 123.30285375930997, "mother_french_under_5": 25.376809671987953, "mother_french_non_official_under_19": 0.94501718213058417, "mother_french_non_official_under_5": 0.1718213058419244, "share_under_19": 0.18681233734443042, "share_under_5": 0.038393156226648455 }, "geometry": { "type": "Polygon", "coordinates": [ [ [ -63.137838351786414, 46.227378724833507 ], [ -63.143005627192508, 46.227237502394296 ], [ -63.145523471564516, 46.225848022911201 ], [ -63.166072332982786, 46.243561157258469 ], [ -63.177346540900807, 46.249969566663083 ], [ -63.188029167145864, 46.26534318176703 ], [ -63.191419364980327, 46.268854829765253 ], [ -63.191639247388103, 46.271752186218059 ], [ -63.193930357905003, 46.270987023000338 ], [ -63.196957337364388, 46.271845844592434 ], [ -63.195955878912876, 46.274889535190056 ], [ -63.196492573254176, 46.276561936370179 ], [ -63.192620627426727, 46.276805810892078 ], [ -63.192474885088878, 46.278606052242971 ], [ -63.188929619614775, 46.279555884965895 ], [ -63.18790646047453, 46.286624057388579 ], [ -63.179075609711333, 46.288471103825351 ], [ -63.19567709329818, 46.297737910955817 ], [ -63.186427215543091, 46.29990281057885 ], [ -63.187721945954415, 46.302840963685973 ], [ -63.181719761926217, 46.303854394585301 ], [ -63.180441198006733, 46.299729311793321 ], [ -63.179520070760191, 46.299786659679782 ], [ -63.178540171151134, 46.296993836985557 ], [ -63.17773891342565, 46.297132505069676 ], [ -63.176626220785209, 46.295197714432774 ], [ -63.175404757047517, 46.295603554724451 ], [ -63.173744692418289, 46.294741026609515 ], [ -63.15522487835662, 46.298824988002593 ], [ -63.154865481266043, 46.297033897469269 ], [ -63.156421590263662, 46.293118869464479 ], [ -63.155197041879923, 46.291756140041507 ], [ -63.151458358618775, 46.290286511643508 ], [ -63.150418164092642, 46.288249641223757 ], [ -63.148115630709, 46.287351300272057 ], [ -63.147286816229105, 46.2855155860859 ], [ -63.144456723649981, 46.285964914946547 ], [ -63.142184323942857, 46.284259541690588 ], [ -63.137558640601661, 46.28536290122593 ], [ -63.139575743030917, 46.29178948866155 ], [ -63.130822925325454, 46.293595724411773 ], [ -63.128595519400861, 46.290291474222585 ], [ -63.127584408251096, 46.290527195016544 ], [ -63.12704532181408, 46.292823126221897 ], [ -63.132549125683148, 46.304695240492315 ], [ -63.124677407095312, 46.306232138714641 ], [ -63.122062506779166, 46.303899897931188 ], [ -63.112601904681092, 46.305792957958055 ], [ -63.111082134911669, 46.302828976507705 ], [ -63.107792026769317, 46.303446531675981 ], [ -63.106945332843623, 46.302156058556911 ], [ -63.104687111552757, 46.302355767786466 ], [ -63.103755671832793, 46.300658897311664 ], [ -63.100647348689229, 46.301019437330659 ], [ -63.09689673994248, 46.292325380263669 ], [ -63.095113719197364, 46.292420190662931 ], [ -63.093036069718892, 46.285980960498343 ], [ -63.090915377401842, 46.28772126272731 ], [ -63.085487119968448, 46.27840243168307 ], [ -63.082464955161782, 46.27085710075265 ], [ -63.073680232302493, 46.264542133731418 ], [ -63.082746267703968, 46.257690438453984 ], [ -63.101027518430982, 46.23865833215303 ], [ -63.109069468982405, 46.233398297719084 ], [ -63.117312261526592, 46.23021537905035 ], [ -63.130037254518506, 46.221491983613355 ], [ -63.137838351786414, 46.227378724833507 ] ], [ [ -63.12987800861665, 46.273984702237819 ], [ -63.131123017808619, 46.273596302012777 ], [ -63.129722797085719, 46.273755790424701 ], [ -63.126934818132483, 46.269640996668556 ], [ -63.132682732932253, 46.278139661287028 ], [ -63.12987800861665, 46.273984702237819 ] ], [ [ -63.130838010138156, 46.268367701514073 ], [ -63.125793607700999, 46.270002299423453 ], [ -63.120456313097314, 46.271687728585668 ], [ -63.120476395206737, 46.27170000136816 ], [ -63.126934818132483, 46.269640996668556 ], [ -63.130838010138156, 46.268367701514073 ] ], [ [ -63.128832612654449, 46.265399999112006 ], [ -63.129431608825548, 46.266308308169066 ], [ -63.130838010138156, 46.268367701514073 ], [ -63.128832612654449, 46.265399999112006 ] ], [ [ -63.130278308384355, 46.264916665227062 ], [ -63.130025494333971, 46.264993597150209 ], [ -63.128832612654449, 46.265399999112006 ], [ -63.130278308384355, 46.264916665227062 ] ], [ [ -63.126626995577844, 46.259984505701389 ], [ -63.124648319459617, 46.257142697889428 ], [ -63.130025494333971, 46.264993597150209 ], [ -63.126626995577844, 46.259984505701389 ] ], [ [ -63.123287091936618, 46.257639103550524 ], [ -63.11977549289935, 46.258965247936786 ], [ -63.124648319459617, 46.257142697889428 ], [ -63.123287091936618, 46.257639103550524 ] ], [ [ -63.122657769894772, 46.256604581047085 ], [ -63.122558303730941, 46.256640906598008 ], [ -63.123287091936618, 46.257639103550524 ], [ -63.122657769894772, 46.256604581047085 ] ], [ [ -63.139131510726259, 46.273856800898692 ], [ -63.139125881789539, 46.273777744235645 ], [ -63.13194289743624, 46.274504297814076 ], [ -63.139131510726259, 46.273856800898692 ] ], [ [ -63.139104595746588, 46.273478788392012 ], [ -63.137072605925454, 46.270538306265628 ], [ -63.139112009980877, 46.273582919003452 ], [ -63.139104595746588, 46.273478788392012 ] ], [ [ -63.134349397761412, 46.271414586409264 ], [ -63.130549900039519, 46.27271489102062 ], [ -63.137072605925454, 46.270538306265628 ], [ -63.134349397761412, 46.271414586409264 ] ], [ [ -63.132669002456211, 46.268824488212132 ], [ -63.132069890631875, 46.267961208615581 ], [ -63.134349397761412, 46.271414586409264 ], [ -63.132669002456211, 46.268824488212132 ] ], [ [ -63.1532637971303, 46.273334691826165 ], [ -63.162305264265207, 46.271157246778436 ], [ -63.152718697973093, 46.273326501415561 ], [ -63.142441992796584, 46.274230694364064 ], [ -63.1532637971303, 46.273334691826165 ] ], [ [ -63.159173978671767, 46.266054706390854 ], [ -63.157975874875717, 46.264196332099836 ], [ -63.162305264265207, 46.271157246778436 ], [ -63.159173978671767, 46.266054706390854 ] ], [ [ -63.165903065021638, 46.264322637180946 ], [ -63.165877694725658, 46.264290194750998 ], [ -63.159173978671767, 46.266054706390854 ], [ -63.165903065021638, 46.264322637180946 ] ], [ [ -63.152718697973093, 46.273326501415561 ], [ -63.148620014277007, 46.267235396009212 ], [ -63.148525362732713, 46.267249581339492 ], [ -63.152718697973093, 46.273326501415561 ] ], [ [ -63.145453866738528, 46.266197355966383 ], [ -63.145746210901244, 46.266705803593553 ], [ -63.146311277127488, 46.267581404088006 ], [ -63.145453866738528, 46.266197355966383 ] ], [ [ -63.147095203802699, 46.264557404950018 ], [ -63.144876211917939, 46.265192693447631 ], [ -63.144884969692697, 46.265207925049161 ], [ -63.147095203802699, 46.264557404950018 ] ], [ [ -63.144678192973657, 46.260899011732185 ], [ -63.138777803964672, 46.251987404644659 ], [ -63.147095203802699, 46.264557404950018 ], [ -63.144678192973657, 46.260899011732185 ] ], [ [ -63.143951909922436, 46.246140004564076 ], [ -63.142785386030717, 46.246501495920029 ], [ -63.139948531608901, 46.24742302513804 ], [ -63.139948596007478, 46.247423124109581 ], [ -63.143951909922436, 46.246140004564076 ] ], [ [ -63.132076317459088, 46.244563366822703 ], [ -63.132742810616442, 46.245649603724218 ], [ -63.132104712123855, 46.244606408169439 ], [ -63.132076317459088, 46.244563366822703 ] ], [ [ -63.124977987673553, 46.247980695017404 ], [ -63.123533212208088, 46.245902905595955 ], [ -63.122888890698029, 46.247811594589862 ], [ -63.123494606922215, 46.246019999284158 ], [ -63.125537808121571, 46.248915700987176 ], [ -63.125055809038848, 46.247986309436769 ], [ -63.132742810616442, 46.245649603724218 ], [ -63.124977987673553, 46.247980695017404 ] ], [ [ -63.128444025034767, 46.248664766109812 ], [ -63.128382081760414, 46.248606299748147 ], [ -63.125537808121571, 46.248915700987176 ], [ -63.128444025034767, 46.248664766109812 ] ], [ [ -63.130736916241496, 46.239416798446307 ], [ -63.13310210771165, 46.23858871451052 ], [ -63.128915702936389, 46.239948008605523 ], [ -63.130704196108269, 46.239369998542571 ], [ -63.132838989224062, 46.242499494678441 ], [ -63.130736916241496, 46.239416798446307 ] ], [ [ -63.126723084304686, 46.239734501392604 ], [ -63.125770971883817, 46.23901290282555 ], [ -63.12900778827774, 46.24281160499023 ], [ -63.126723084304686, 46.239734501392604 ] ], [ [ -63.125566809905699, 46.2346123660977 ], [ -63.123390495138828, 46.232951894332253 ], [ -63.123959091687169, 46.233401503574292 ], [ -63.125566809905699, 46.2346123660977 ] ], [ [ -63.131511258249752, 46.230890098885858 ], [ -63.133605794756171, 46.232427710666521 ], [ -63.131539999704643, 46.230873098045322 ], [ -63.131511258249752, 46.230890098885858 ] ], [ [ -63.126375247404489, 46.234100889847873 ], [ -63.127059295689747, 46.233668111244498 ], [ -63.13071294430177, 46.231362309084545 ], [ -63.130076619139537, 46.231738701394924 ], [ -63.126375247404489, 46.234100889847873 ] ], [ [ -63.181020391806349, 46.279828091194339 ], [ -63.169378993559938, 46.282070508040043 ], [ -63.191283016591079, 46.278113334902237 ], [ -63.181020391806349, 46.279828091194339 ] ], [ [ -63.173780788454394, 46.268562407845877 ], [ -63.174886706903692, 46.270428506225969 ], [ -63.171972595984357, 46.271301184983429 ], [ -63.174819313333835, 46.270521608884827 ], [ -63.181020391806349, 46.279828091194339 ], [ -63.173780788454394, 46.268562407845877 ] ], [ [ -63.157262496126762, 46.269252407030137 ], [ -63.15731180958403, 46.268316305818196 ], [ -63.156937522144226, 46.269478619701268 ], [ -63.157262496126762, 46.269252407030137 ] ], [ [ -63.156537189909429, 46.269757288853377 ], [ -63.156666736100703, 46.269667112434533 ], [ -63.153982705144223, 46.270498796530383 ], [ -63.156537189909429, 46.269757288853377 ] ], [ [ -63.139597109662873, 46.23942041959225 ], [ -63.137982318968277, 46.24000939406708 ], [ -63.139628183000653, 46.239467395530227 ], [ -63.139597109662873, 46.23942041959225 ] ], [ [ -63.146606381663169, 46.239467700891367 ], [ -63.146603984893076, 46.238558708191022 ], [ -63.145836855292487, 46.238822745930669 ], [ -63.146606381663169, 46.239467700891367 ] ], [ [ -63.143689205012571, 46.23495340785329 ], [ -63.142089103499046, 46.233056393192804 ], [ -63.146603984893076, 46.238558708191022 ], [ -63.143689205012571, 46.23495340785329 ] ], [ [ -63.168513706804426, 46.256420415258006 ], [ -63.170600795287505, 46.260026295928 ], [ -63.167286990910227, 46.25409118553933 ], [ -63.168513706804426, 46.256420415258006 ] ], [ [ -63.162916486049738, 46.250299600814095 ], [ -63.160154595966418, 46.250744496441186 ], [ -63.160157134027109, 46.250817140256231 ], [ -63.162916486049738, 46.250299600814095 ] ], [ [ -63.157085590612319, 46.257273693315113 ], [ -63.161026097120832, 46.25598118589614 ], [ -63.156995416565053, 46.257272625630918 ], [ -63.157085590612319, 46.257273693315113 ] ], [ [ -63.155475469221329, 46.257254629058608 ], [ -63.153599847293876, 46.257088103101722 ], [ -63.15368806005754, 46.257233465668712 ], [ -63.155475469221329, 46.257254629058608 ] ], [ [ -63.149610194795791, 46.25477029987956 ], [ -63.149217882836496, 46.254114207148 ], [ -63.149208238287365, 46.25411618548759 ], [ -63.149610194795791, 46.25477029987956 ] ], [ [ -63.15019738513174, 46.243367465521438 ], [ -63.149845603976495, 46.242964512384802 ], [ -63.149762084065557, 46.242956995573955 ], [ -63.15019738513174, 46.243367465521438 ] ], [ [ -63.151773224580467, 46.246700349064781 ], [ -63.148017000784925, 46.247916794746295 ], [ -63.151776095542658, 46.246849898678811 ], [ -63.151773224580467, 46.246700349064781 ] ], [ [ -63.144760209853821, 46.242736991619083 ], [ -63.145216220125633, 46.24348349389642 ], [ -63.14856418704121, 46.248816097412409 ], [ -63.148017000784925, 46.247916794746295 ], [ -63.144760209853821, 46.242736991619083 ] ], [ [ -63.14621819161745, 46.249566210639657 ], [ -63.144435526835053, 46.250161286331206 ], [ -63.14856418704121, 46.248816097412409 ], [ -63.14621819161745, 46.249566210639657 ] ], [ [ -63.143508134884407, 46.24852637902913 ], [ -63.143439402344519, 46.248570697796808 ], [ -63.143817380662774, 46.249272205796849 ], [ -63.143508134884407, 46.24852637902913 ] ], [ [ -63.144825488731193, 46.247848887350841 ], [ -63.144759383591349, 46.247719573390306 ], [ -63.143592866679988, 46.248471743935333 ], [ -63.144825488731193, 46.247848887350841 ] ], [ [ -63.151028649279681, 46.250439107007139 ], [ -63.149828209451506, 46.250857506804081 ], [ -63.151046606255022, 46.250468899331707 ], [ -63.151028649279681, 46.250439107007139 ] ], [ [ -63.151041008499348, 46.247977584492887 ], [ -63.149821600843417, 46.248436499212822 ], [ -63.151078915165172, 46.248047793551905 ], [ -63.151041008499348, 46.247977584492887 ] ], [ [ -63.148157397751625, 46.25190361145723 ], [ -63.147363102815852, 46.250797709946674 ], [ -63.147303584299472, 46.250803487367889 ], [ -63.148157397751625, 46.25190361145723 ] ], [ [ -63.15534149460094, 46.259958099605889 ], [ -63.15656269433957, 46.261922784986893 ], [ -63.154652868750951, 46.258823338409329 ], [ -63.15534149460094, 46.259958099605889 ] ], [ [ -63.14347369964306, 46.254497896385658 ], [ -63.142205305415416, 46.253645292248393 ], [ -63.144069335863115, 46.255422652072852 ], [ -63.14347369964306, 46.254497896385658 ] ], [ [ -63.147433209940687, 46.255757614816041 ], [ -63.147406768082476, 46.255720089779004 ], [ -63.145802095537405, 46.256293685535056 ], [ -63.147433209940687, 46.255757614816041 ] ], [ [ -63.146432822255825, 46.257511052949333 ], [ -63.146552288404322, 46.257489291527079 ], [ -63.145802095537405, 46.256293685535056 ], [ -63.146432822255825, 46.257511052949333 ] ], [ [ -63.145465814385503, 46.257687198801996 ], [ -63.145521410193439, 46.257677071716898 ], [ -63.145406911452227, 46.257499306566721 ], [ -63.145465814385503, 46.257687198801996 ] ], [ [ -63.161005903513988, 46.257934215074236 ], [ -63.166404190798168, 46.256307680497336 ], [ -63.166333619032727, 46.256279594534803 ], [ -63.161005903513988, 46.257934215074236 ] ], [ [ -63.161951707092982, 46.283897701161401 ], [ -63.17869288328415, 46.294546595175376 ], [ -63.171251710349026, 46.289786305215777 ], [ -63.161951707092982, 46.283897701161401 ] ], [ [ -63.166307190716829, 46.277600492872821 ], [ -63.147641609490648, 46.282045112618739 ], [ -63.157240994143436, 46.27989028718104 ], [ -63.166307190716829, 46.277600492872821 ] ], [ [ -63.166307190716829, 46.277600492872821 ], [ -63.16920049084419, 46.2819443854684 ], [ -63.164742190329875, 46.275100804098514 ], [ -63.166307190716829, 46.277600492872821 ] ], [ [ -63.166982807709879, 46.275180571637193 ], [ -63.166080394666011, 46.275557803836413 ], [ -63.167027015019407, 46.275259498053785 ], [ -63.166982807709879, 46.275180571637193 ] ], [ [ -63.165848798503745, 46.271913854792821 ], [ -63.166683416106352, 46.273235000496243 ], [ -63.165874701555232, 46.271913203357968 ], [ -63.165848798503745, 46.271913854792821 ] ], [ [ -63.164348604949865, 46.272023572981354 ], [ -63.164812070920043, 46.271939927415225 ], [ -63.164356393921047, 46.271951387218664 ], [ -63.164348604949865, 46.272023572981354 ] ], [ [ -63.136589573895158, 46.233640171065979 ], [ -63.135062808268465, 46.234279902534063 ], [ -63.13621590660734, 46.233801614730027 ], [ -63.136589573895158, 46.233640171065979 ] ], [ [ -63.138220096770034, 46.236571205117443 ], [ -63.137387099588729, 46.235366206617485 ], [ -63.13621590660734, 46.233801614730027 ], [ -63.138220096770034, 46.236571205117443 ] ], [ [ -63.131268894472193, 46.23682238705652 ], [ -63.132628708468381, 46.235974806790544 ], [ -63.134589594269947, 46.23700750705688 ], [ -63.131147011762081, 46.234653507107915 ], [ -63.132758098591552, 46.235875612282364 ], [ -63.131268894472193, 46.23682238705652 ] ], [ [ -63.133647896348641, 46.239114589751239 ], [ -63.135825393185343, 46.238481990264304 ], [ -63.138923009746044, 46.237560304287875 ], [ -63.133647896348641, 46.239114589751239 ] ], [ [ -63.1185187022786, 46.244298393515464 ], [ -63.118634653368844, 46.244310961197414 ], [ -63.118530782017238, 46.244277204857681 ], [ -63.1185187022786, 46.244298393515464 ] ], [ [ -63.119183646452989, 46.243034726331231 ], [ -63.119181616180292, 46.243135598837171 ], [ -63.120182110969601, 46.243935502291123 ], [ -63.119183646452989, 46.243034726331231 ] ], [ [ -63.119204985920071, 46.241974491651035 ], [ -63.119196513569634, 46.242395433735645 ], [ -63.119550225582444, 46.24161869051779 ], [ -63.119204985920071, 46.241974491651035 ] ], [ [ -63.120201484210583, 46.240947508775996 ], [ -63.120117763300684, 46.24103379085151 ], [ -63.121639187011446, 46.240010001151695 ], [ -63.120201484210583, 46.240947508775996 ] ], [ [ -63.118616392909338, 46.240397019143757 ], [ -63.119123205160165, 46.240129610304969 ], [ -63.119803893257128, 46.2396816792346 ], [ -63.118616392909338, 46.240397019143757 ] ], [ [ -63.116550000338577, 46.241487307780069 ], [ -63.116785556585278, 46.24136302147425 ], [ -63.115493920565335, 46.241432019211786 ], [ -63.116550000338577, 46.241487307780069 ] ], [ [ -63.11361990340356, 46.241333909458675 ], [ -63.113904930596334, 46.241348831385793 ], [ -63.110482402340949, 46.239396909817756 ], [ -63.11361990340356, 46.241333909458675 ] ], [ [ -63.124525202229151, 46.24285090932969 ], [ -63.124666881156003, 46.24244570258292 ], [ -63.125246704970372, 46.240708110418339 ], [ -63.124525202229151, 46.24285090932969 ] ], [ [ -63.128716503097074, 46.243548191544747 ], [ -63.129080899741574, 46.244051799865424 ], [ -63.12835211922804, 46.243026593476259 ], [ -63.128716503097074, 46.243548191544747 ] ], [ [ -63.125508978851187, 46.242594949570524 ], [ -63.126733394119896, 46.244198394164997 ], [ -63.125575301487004, 46.242606704089816 ], [ -63.125508978851187, 46.242594949570524 ] ], [ [ -63.118822198772804, 46.238897010129627 ], [ -63.121458243917033, 46.237216749923938 ], [ -63.121011102944067, 46.237499704839763 ], [ -63.118822198772804, 46.238897010129627 ] ], [ [ -63.130640787179935, 46.256361991266921 ], [ -63.127034687575538, 46.251101091335393 ], [ -63.126292798665283, 46.250021906320804 ], [ -63.130640787179935, 46.256361991266921 ] ], [ [ -63.134879402833334, 46.253494405159749 ], [ -63.134157502895711, 46.253566887413157 ], [ -63.129963797852518, 46.255354793906982 ], [ -63.134879402833334, 46.253494405159749 ] ], [ [ -63.128085197796025, 46.250738610740207 ], [ -63.129269491531716, 46.249711085725856 ], [ -63.127034687575538, 46.251101091335393 ], [ -63.128085197796025, 46.250738610740207 ] ], [ [ -63.129144695434022, 46.249326107464398 ], [ -63.128952551626092, 46.249144748802259 ], [ -63.129269491531716, 46.249711085725856 ], [ -63.129144695434022, 46.249326107464398 ] ], [ [ -63.14356028153945, 46.267392794417738 ], [ -63.142816185477081, 46.26683490411488 ], [ -63.143506816144182, 46.267409597447426 ], [ -63.14356028153945, 46.267392794417738 ] ], [ [ -63.134572612153434, 46.267157297027858 ], [ -63.134168800184007, 46.266554788139779 ], [ -63.134081119891519, 46.266565193676342 ], [ -63.134572612153434, 46.267157297027858 ] ], [ [ -63.137662708697739, 46.24705680713879 ], [ -63.136848492597046, 46.245675113550213 ], [ -63.136803100136248, 46.245689811947699 ], [ -63.137662708697739, 46.24705680713879 ] ], [ [ -63.135006981456385, 46.253481595647514 ], [ -63.135697562235485, 46.254242051500476 ], [ -63.135721416024538, 46.254151105808852 ], [ -63.135006981456385, 46.253481595647514 ] ], [ [ -63.14201709134332, 46.258423202542822 ], [ -63.142015303660905, 46.258419079346424 ], [ -63.140265898104978, 46.260290891748937 ], [ -63.14201709134332, 46.258423202542822 ] ], [ [ -63.122052119947078, 46.262428393991826 ], [ -63.121322994357982, 46.261286208769832 ], [ -63.119911793966558, 46.259172585587315 ], [ -63.122052119947078, 46.262428393991826 ] ], [ [ -63.117140604694583, 46.265430496908465 ], [ -63.117820196972289, 46.263371284704306 ], [ -63.116956382872232, 46.265745652297383 ], [ -63.117140604694583, 46.265430496908465 ] ], [ [ -63.116490701541835, 46.266542311340928 ], [ -63.113929011087279, 46.268619803034987 ], [ -63.11640360781827, 46.2666913059387 ], [ -63.116490701541835, 46.266542311340928 ] ], [ [ -63.113349900773436, 46.26766075409131 ], [ -63.114974289883328, 46.27054570248886 ], [ -63.113929011087279, 46.268619803034987 ], [ -63.113349900773436, 46.26766075409131 ] ], [ [ -63.109496288194713, 46.264916109876623 ], [ -63.111962240627768, 46.265362687617511 ], [ -63.111465198302568, 46.265031507731933 ], [ -63.109496288194713, 46.264916109876623 ] ], [ [ -63.108432643545271, 46.265773591406074 ], [ -63.108823104718795, 46.265672797352991 ], [ -63.109496288194713, 46.264916109876623 ], [ -63.108432643545271, 46.265773591406074 ] ], [ [ -63.101914583123204, 46.266924725309352 ], [ -63.10766870839138, 46.265970794420546 ], [ -63.107885595151046, 46.265914807047025 ], [ -63.101914583123204, 46.266924725309352 ] ], [ [ -63.106301017064865, 46.268829122076134 ], [ -63.106828901388553, 46.267888599996738 ], [ -63.10766870839138, 46.265970794420546 ], [ -63.106301017064865, 46.268829122076134 ] ], [ [ -63.109842313598726, 46.269226698145573 ], [ -63.112167087634674, 46.270115496620811 ], [ -63.106828901388553, 46.267888599996738 ], [ -63.109842313598726, 46.269226698145573 ] ], [ [ -63.101880550289472, 46.266824770237136 ], [ -63.101860350937251, 46.265877300455614 ], [ -63.101582499614715, 46.265949389804469 ], [ -63.101880550289472, 46.266824770237136 ] ], [ [ -63.098851653431531, 46.260312180700296 ], [ -63.099163389362602, 46.26017118064658 ], [ -63.097273040978898, 46.259644072255668 ], [ -63.098851653431531, 46.260312180700296 ] ], [ [ -63.09623317788553, 46.259354114824205 ], [ -63.096211614425428, 46.259348102027381 ], [ -63.093934015052248, 46.262886998438979 ], [ -63.09623317788553, 46.259354114824205 ] ], [ [ -63.097143261296736, 46.272613201413755 ], [ -63.093636167754994, 46.270888142659686 ], [ -63.096996770819544, 46.272692240006158 ], [ -63.10001119684744, 46.272448726961841 ], [ -63.097143261296736, 46.272613201413755 ] ], [ [ -63.096994561668254, 46.272692418467045 ], [ -63.094533406001332, 46.271922404378714 ], [ -63.096857884725438, 46.272703459580057 ], [ -63.096994561668254, 46.272692418467045 ] ], [ [ -63.119409302188693, 46.25840820811937 ], [ -63.119771676722166, 46.258959442866981 ], [ -63.120247003752397, 46.255815403298868 ], [ -63.118855017229798, 46.260109794912125 ], [ -63.119409302188693, 46.25840820811937 ] ], [ [ -63.114173879527129, 46.25492312770966 ], [ -63.114925909729429, 46.255046909052915 ], [ -63.120247003752397, 46.255815403298868 ], [ -63.114173879527129, 46.25492312770966 ] ], [ [ -63.109469842899649, 46.253996160299153 ], [ -63.109435997908776, 46.254143290212312 ], [ -63.109636045679416, 46.254176217323071 ], [ -63.109469842899649, 46.253996160299153 ] ], [ [ -63.111059617556251, 46.249209793087772 ], [ -63.108162687174882, 46.251852313278256 ], [ -63.108271244553841, 46.25178773173009 ], [ -63.111059617556251, 46.249209793087772 ] ], [ [ -63.11179369373378, 46.247950303542552 ], [ -63.117001400540808, 46.248789790333689 ], [ -63.111722418950151, 46.247763501134578 ], [ -63.112316605279631, 46.246209347958668 ], [ -63.111059617556251, 46.249209793087772 ], [ -63.11179369373378, 46.247950303542552 ] ], [ [ -63.116486008196354, 46.250428314500184 ], [ -63.117542805685027, 46.247169201413847 ], [ -63.117001400540808, 46.248789790333689 ], [ -63.116486008196354, 46.250428314500184 ] ], [ [ -63.104667398182009, 46.253907490195616 ], [ -63.104565707479438, 46.253992181794736 ], [ -63.105511120950027, 46.253429748672488 ], [ -63.104667398182009, 46.253907490195616 ] ], [ [ -63.100127116942751, 46.257688796341526 ], [ -63.100112230671385, 46.257730618180361 ], [ -63.103332747878426, 46.255019033981043 ], [ -63.100127116942751, 46.257688796341526 ] ], [ [ -63.099258902000358, 46.260127979700805 ], [ -63.099303520859067, 46.260107798320192 ], [ -63.099472702724022, 46.259527322948777 ], [ -63.099258902000358, 46.260127979700805 ] ], [ [ -63.113090399066408, 46.244362292688926 ], [ -63.113049233383798, 46.244460555678742 ], [ -63.114134165524078, 46.244446395887721 ], [ -63.113090399066408, 46.244362292688926 ] ], [ [ -63.114408494437079, 46.244315457384559 ], [ -63.114297909203849, 46.244444258817389 ], [ -63.114334193211199, 46.244443785263385 ], [ -63.114408494437079, 46.244315457384559 ] ], [ [ -63.114785714279414, 46.243876099843185 ], [ -63.114771824416387, 46.243892277719809 ], [ -63.115145994379603, 46.243932833173687 ], [ -63.114785714279414, 46.243876099843185 ] ], [ [ -63.113004601793691, 46.260853705930337 ], [ -63.113533402291004, 46.259260208471382 ], [ -63.113159215346506, 46.260313606263963 ], [ -63.113004601793691, 46.260853705930337 ] ], [ [ -63.110806499260576, 46.264689908552903 ], [ -63.105833196943451, 46.26299360595597 ], [ -63.111201725189488, 46.264894871433128 ], [ -63.110806499260576, 46.264689908552903 ] ], [ [ -63.110488419863252, 46.270535131368582 ], [ -63.108261181347594, 46.2718508174165 ], [ -63.108705503037939, 46.271855787712525 ], [ -63.110488419863252, 46.270535131368582 ] ], [ [ -63.108076500854985, 46.271848751533291 ], [ -63.106123149073454, 46.270417427270168 ], [ -63.107965694427058, 46.271847512024259 ], [ -63.108076500854985, 46.271848751533291 ] ], [ [ -63.105952777077363, 46.269556906165846 ], [ -63.105859183254559, 46.26975250718116 ], [ -63.105967938981735, 46.270026458816623 ], [ -63.105952777077363, 46.269556906165846 ] ], [ [ -63.117285305243591, 46.273000109428544 ], [ -63.124175603799671, 46.283386896867135 ], [ -63.117225518152075, 46.272387002024345 ], [ -63.117285305243591, 46.273000109428544 ] ], [ [ -63.12020184156966, 46.284861230672362 ], [ -63.119143018286216, 46.285219302377115 ], [ -63.119155246887019, 46.285249535213929 ], [ -63.12020184156966, 46.284861230672362 ] ], [ [ -63.120152890655973, 46.288233907234428 ], [ -63.116803722051458, 46.289039203719284 ], [ -63.120175194017676, 46.288296101122683 ], [ -63.120152890655973, 46.288233907234428 ] ], [ [ -63.095636066377551, 46.283847327088154 ], [ -63.099464103486518, 46.292861010843559 ], [ -63.095670216799149, 46.283819302251949 ], [ -63.095636066377551, 46.283847327088154 ] ] ] } },
{ "type": "Feature", "properties": { "CSDUID": "1102080", "CSDNAME": "Stratford", "PRUID": "11", "PRNAME": "Prince Edward Island", "pop_2021": 10383.0, "pop_under_19": 2540.0, "pop_0_4": 535.0, "pop_15_19": 605.0, "first_lang_eng_french": 30.0, "first_lang_french": 195.0, "know_eng_french": 1665.0, "know_french_only": 0.0, "mother_eng_french": 60.0, "mother_french": 185.0, "mother_french_non_official": 5.0, "first_lang_eng_french_under_19": 7.7166247117276061, "first_lang_eng_french_under_5": 1.5293046052937984, "first_lang_french_under_19": 48.748442905262607, "first_lang_french_under_5": 10.07318329130468, "know_eng_french_under_19": 428.45364262842872, "know_eng_french_under_5": 87.970733245562897, "know_french_only_under_19": 0.0, "know_french_only_under_5": 0.0, "mother_eng_french_under_19": 13.699455171333868, "mother_eng_french_under_5": 3.1914394650315989, "mother_french_under_19": 46.990731298976769, "mother_french_under_5": 9.5253314029800791, "mother_french_non_official_under_19": 0.87555886736214605, "mother_french_non_official_under_5": 0.1862891207153502, "share_under_19": 0.24463064624867573, "share_under_5": 0.051526533757102956 }, "geometry": { "type": "Polygon", "coordinates": [ [ [ -63.091303728590965, 46.194849236354528 ], [ -63.0961498476589, 46.194305260321556 ], [ -63.099710455606818, 46.192448186237165 ], [ -63.102199201154399, 46.192734005490124 ], [ -63.103653190038102, 46.194073698476473 ], [ -63.111471181104662, 46.195632346765336 ], [ -63.115874765239717, 46.194259962340539 ], [ -63.118816718481952, 46.194283942336604 ], [ -63.119158913176939, 46.196695593069904 ], [ -63.118395166940019, 46.197128401497906 ], [ -63.118062377464327, 46.199090737462924 ], [ -63.119701099732914, 46.201681042637617 ], [ -63.121141597484765, 46.202480539787061 ], [ -63.119848468463886, 46.20388588908326 ], [ -63.119851516041145, 46.205280914270269 ], [ -63.126142682192111, 46.207173143355313 ], [ -63.125848030789548, 46.208712475778832 ], [ -63.122779755652559, 46.210515812168673 ], [ -63.120101911988669, 46.213991713380345 ], [ -63.130037254518506, 46.221491983613355 ], [ -63.117312261526592, 46.23021537905035 ], [ -63.109069468982405, 46.233398297719084 ], [ -63.104765951277095, 46.236213354607969 ], [ -63.101027518430982, 46.23865833215303 ], [ -63.089882332531275, 46.250062992991182 ], [ -63.083919797585239, 46.248046025541839 ], [ -63.070838057517811, 46.221445487933025 ], [ -63.078154388183549, 46.219721310824049 ], [ -63.069768670822057, 46.22146570544092 ], [ -63.070212599278761, 46.222738004334751 ], [ -63.067305609003185, 46.223465855474842 ], [ -63.067015151328192, 46.222071150337158 ], [ -63.061195464023321, 46.223219001110905 ], [ -63.060939226068477, 46.222446053542761 ], [ -63.058805804069074, 46.222950222697158 ], [ -63.059166860345876, 46.22572491938066 ], [ -63.05536982615692, 46.229593982436093 ], [ -63.051495092337611, 46.228416818494061 ], [ -63.046391736677684, 46.229474311219597 ], [ -63.039978913458292, 46.216050836147701 ], [ -63.036094592372585, 46.215981441041215 ], [ -63.033591076892058, 46.210529223883043 ], [ -63.0454562763044, 46.208507578849009 ], [ -63.046734685671545, 46.21095920882901 ], [ -63.044912232323469, 46.207007459954781 ], [ -63.05072107687603, 46.20581802392617 ], [ -63.051134855156782, 46.207158616848403 ], [ -63.054517868185144, 46.206585914382941 ], [ -63.051448047554608, 46.19883323861697 ], [ -63.05370677899262, 46.199126306653142 ], [ -63.051778658806271, 46.194838942862539 ], [ -63.053104921831377, 46.19394692025034 ], [ -63.053794301089916, 46.191816812479296 ], [ -63.055427408420044, 46.192037255325261 ], [ -63.057163063954263, 46.191172388820675 ], [ -63.063114842490087, 46.194238262470392 ], [ -63.071306004070266, 46.194602466365474 ], [ -63.073235740348743, 46.193629238720625 ], [ -63.076788442931822, 46.194859902746806 ], [ -63.079716090906246, 46.193930895747968 ], [ -63.080325845333959, 46.194389465383658 ], [ -63.079666770332196, 46.195685942214297 ], [ -63.080666911771146, 46.19718824533529 ], [ -63.080383480883413, 46.198349440838577 ], [ -63.081914272043406, 46.199293353638474 ], [ -63.083948891331517, 46.199120887471686 ], [ -63.083862278985507, 46.198219257432243 ], [ -63.084686995853652, 46.197869877297656 ], [ -63.087342198953941, 46.197543351152639 ], [ -63.088156454964434, 46.19612071244152 ], [ -63.091303728590965, 46.194849236354528 ] ], [ [ -63.10083199716194, 46.232222025421045 ], [ -63.101145388284841, 46.232857000400415 ], [ -63.104765951277095, 46.236213354607969 ], [ -63.10083199716194, 46.232222025421045 ] ], [ [ -63.091639540985987, 46.19776011846735 ], [ -63.090255331533754, 46.198065041705803 ], [ -63.087522414984825, 46.198918961329404 ], [ -63.091639540985987, 46.19776011846735 ] ], [ [ -63.099764087158775, 46.229258207533583 ], [ -63.100312348674116, 46.231169143690437 ], [ -63.100485832091259, 46.231520645762991 ], [ -63.099764087158775, 46.229258207533583 ] ], [ [ -63.096492623900872, 46.232319042302166 ], [ -63.096980506843472, 46.231843604417165 ], [ -63.089893542868076, 46.235243564322907 ], [ -63.096492623900872, 46.232319042302166 ] ], [ [ -63.094505936105222, 46.230721987053514 ], [ -63.094540788362963, 46.230891602280046 ], [ -63.096980506843472, 46.231843604417165 ], [ -63.094505936105222, 46.230721987053514 ] ], [ [ -63.087598204844348, 46.21995449091024 ], [ -63.087632858460729, 46.219736938543846 ], [ -63.086060609208033, 46.221915311206963 ], [ -63.087598204844348, 46.21995449091024 ] ], [ [ -63.088616319808622, 46.211719996084611 ], [ -63.088599977836687, 46.211579454366905 ], [ -63.088607453301925, 46.211807232263418 ], [ -63.088616319808622, 46.211719996084611 ] ], [ [ -63.09983418089972, 46.217837199723924 ], [ -63.088100283528895, 46.216811937852704 ], [ -63.088100283114748, 46.216811940638394 ], [ -63.098887603004336, 46.217774997603932 ], [ -63.09983418089972, 46.217837199723924 ] ], [ [ -63.101875495109901, 46.220922398077576 ], [ -63.102075603651755, 46.221039195982385 ], [ -63.100159390820302, 46.218421893910097 ], [ -63.101875495109901, 46.220922398077576 ] ], [ [ -63.09661240906118, 46.196664660669803 ], [ -63.097506229290353, 46.196542335814428 ], [ -63.097359004848357, 46.196500195382505 ], [ -63.09661240906118, 46.196664660669803 ] ], [ [ -63.10616566451683, 46.202400362576505 ], [ -63.107017588532663, 46.204735606569884 ], [ -63.106300091959625, 46.202387293921312 ], [ -63.10616566451683, 46.202400362576505 ] ], [ [ -63.108650310665958, 46.204491112427363 ], [ -63.108751190231395, 46.20515701879507 ], [ -63.108781092324513, 46.205049005752862 ], [ -63.108650310665958, 46.204491112427363 ] ], [ [ -63.107377996023267, 46.210117303126765 ], [ -63.102018989805266, 46.214397208630125 ], [ -63.103818606080267, 46.213063614988243 ], [ -63.107377996023267, 46.210117303126765 ] ], [ [ -63.103781501547502, 46.214035605175191 ], [ -63.104573997223184, 46.214898899843405 ], [ -63.104629225135767, 46.214882291086475 ], [ -63.103781501547502, 46.214035605175191 ] ], [ [ -63.094912305341751, 46.220712287740234 ], [ -63.094606640757256, 46.220851801982363 ], [ -63.095090562018612, 46.220762983257195 ], [ -63.094912305341751, 46.220712287740234 ] ], [ [ -63.086544586983955, 46.236013496741251 ], [ -63.088793637079746, 46.235728433202155 ], [ -63.086276478394517, 46.235706743391439 ], [ -63.089634630448131, 46.242208417982468 ], [ -63.086544586983955, 46.236013496741251 ] ], [ [ -63.092894605655509, 46.239092014616169 ], [ -63.094396785987549, 46.237704708645545 ], [ -63.094379973580494, 46.237664678279323 ], [ -63.092894605655509, 46.239092014616169 ] ], [ [ -63.077495409259768, 46.218367505862503 ], [ -63.077569191104921, 46.218507148322423 ], [ -63.077794189661056, 46.217682491119035 ], [ -63.077495409259768, 46.218367505862503 ] ], [ [ -63.074436783878824, 46.216399933250095 ], [ -63.077575272667723, 46.217570394673686 ], [ -63.075794585347332, 46.216658593740135 ], [ -63.074436783878824, 46.216399933250095 ] ], [ [ -63.05020080210663, 46.216123693240547 ], [ -63.073757796065799, 46.216270586416613 ], [ -63.073628801405526, 46.216246012999356 ], [ -63.05020080210663, 46.216123693240547 ] ], [ [ -63.049992884269102, 46.215637801498794 ], [ -63.049949795685052, 46.215636847710051 ], [ -63.05020080210663, 46.216123693240547 ], [ -63.049992884269102, 46.215637801498794 ] ], [ [ -63.084654215028969, 46.199815151235995 ], [ -63.082030206556027, 46.200635041740306 ], [ -63.08262909305892, 46.20060691039577 ], [ -63.084654215028969, 46.199815151235995 ] ], [ [ -63.08099182221094, 46.200683817506047 ], [ -63.079952053995505, 46.200577914781981 ], [ -63.080296196878272, 46.200716492939215 ], [ -63.08099182221094, 46.200683817506047 ] ], [ [ -63.077550124391905, 46.199610714834122 ], [ -63.074589705503669, 46.198137399153765 ], [ -63.072709717132149, 46.197661597906531 ], [ -63.077550124391905, 46.199610714834122 ] ], [ [ -63.067951799879474, 46.212547108749902 ], [ -63.061103796736695, 46.205658138779384 ], [ -63.067296794469499, 46.212073906573629 ], [ -63.067951799879474, 46.212547108749902 ] ], [ [ -63.069528254988427, 46.213686003142222 ], [ -63.071267498825591, 46.21494250264022 ], [ -63.073152125946997, 46.215808338328536 ], [ -63.069528254988427, 46.213686003142222 ] ], [ [ -63.076818213362763, 46.216198908245396 ], [ -63.073491078464649, 46.215964059947467 ], [ -63.073693383889129, 46.216057003137379 ], [ -63.076818213362763, 46.216198908245396 ] ], [ [ -63.085146208419026, 46.210703002950801 ], [ -63.086435789475601, 46.214644087636302 ], [ -63.085212655881755, 46.210693302977987 ], [ -63.085146208419026, 46.210703002950801 ] ], [ [ -63.06515676817807, 46.221343638430547 ], [ -63.061448501999209, 46.22240021302121 ], [ -63.064987395235576, 46.221579295266615 ], [ -63.06515676817807, 46.221343638430547 ] ], [ [ -63.065285093087894, 46.221165093724458 ], [ -63.063919995843776, 46.217961904922319 ], [ -63.065221106691368, 46.221254121118889 ], [ -63.065285093087894, 46.221165093724458 ] ] ] } },
{ "type": "Feature", "properties": { "CSDUID": "1102085", "CSDNAME": "Cornwall", "PRUID": "11", "PRNAME": "Prince Edward Island", "pop_2021": 6574.0, "pop_under_19": 1590.0, "pop_0_4": 335.0, "pop_15_19": 420.0, "first_lang_eng_french": 10.0, "first_lang_french": 145.0, "know_eng_french": 1030.0, "know_french_only": 0.0, "mother_eng_french": 45.0, "mother_french": 150.0, "mother_french_non_official": 0.0, "first_lang_eng_french_under_19": 2.5895582192364746, "first_lang_eng_french_under_5": 0.65033788584062235, "first_lang_french_under_19": 36.222856411113213, "first_lang_french_under_5": 7.3825979698966577, "know_eng_french_under_19": 255.00717214523524, "know_eng_french_under_5": 53.777044847172377, "know_french_only_under_19": 0.0, "know_french_only_under_5": 0.0, "mother_eng_french_under_19": 10.713622802011539, "mother_eng_french_under_5": 2.1890023982149707, "mother_french_under_19": 37.116569880206356, "mother_french_under_5": 7.7144977222435545, "mother_french_non_official_under_19": 0.0, "mother_french_non_official_under_5": 0.0, "share_under_19": 0.24186188013386067, "share_under_5": 0.050958320657134168 }, "geometry": { "type": "Polygon", "coordinates": [ [ [ -63.166072332982786, 46.243561157258469 ], [ -63.145523471564516, 46.225848022911201 ], [ -63.161121346948789, 46.217236985698783 ], [ -63.161772349586748, 46.214121273189363 ], [ -63.161126379183479, 46.213165036966977 ], [ -63.162942071646086, 46.213509063307406 ], [ -63.160669639568567, 46.211022443967863 ], [ -63.173893606544986, 46.208535474369029 ], [ -63.187906805467435, 46.20386815627289 ], [ -63.198722218535742, 46.210325213008915 ], [ -63.216208821557942, 46.215769038840207 ], [ -63.218887797202427, 46.220437639532221 ], [ -63.221815089051979, 46.219082612851665 ], [ -63.223099975391342, 46.22239257235092 ], [ -63.226133106127769, 46.222189982286274 ], [ -63.222970220510767, 46.215235903270091 ], [ -63.224213943160407, 46.214912516684223 ], [ -63.223002346252038, 46.212654152503241 ], [ -63.224601654801972, 46.212050892942628 ], [ -63.225370871741156, 46.212997126589705 ], [ -63.230067825225774, 46.212810258489867 ], [ -63.236417961194164, 46.227167936635247 ], [ -63.233766215670435, 46.22706076485396 ], [ -63.241384753775655, 46.245851154103391 ], [ -63.244275286195943, 46.245408342555152 ], [ -63.243728229287022, 46.243863652686414 ], [ -63.253724594602716, 46.242751965698055 ], [ -63.254867192792823, 46.24588278631628 ], [ -63.245621382015557, 46.247563990381863 ], [ -63.247217766589245, 46.252770224934117 ], [ -63.250299635334713, 46.252266150460215 ], [ -63.252479889637613, 46.258101792620749 ], [ -63.248276493062257, 46.257136766458871 ], [ -63.253714790691809, 46.272521358565491 ], [ -63.254738988641826, 46.272647712373484 ], [ -63.255916089546091, 46.275564772590322 ], [ -63.251236228762934, 46.276380500503663 ], [ -63.245381240874742, 46.262175437760078 ], [ -63.230124254856541, 46.266014676505968 ], [ -63.229655520468178, 46.26543142592309 ], [ -63.226071030902887, 46.266170954306872 ], [ -63.224894936047569, 46.263616023853302 ], [ -63.221960815625614, 46.264165675808776 ], [ -63.217265555946099, 46.254875932641617 ], [ -63.197173401619182, 46.259533986992722 ], [ -63.196325347494614, 46.25871594344494 ], [ -63.195020894536412, 46.261091791340313 ], [ -63.185757397704286, 46.261700635737661 ], [ -63.176661417223947, 46.249582374998724 ], [ -63.166072332982786, 46.243561157258469 ] ], [ [ -63.193022596268229, 46.255647840911017 ], [ -63.193013595085738, 46.255344645216454 ], [ -63.183065596103241, 46.257746665439704 ], [ -63.193022596268229, 46.255647840911017 ] ], [ [ -63.217496807332672, 46.227915809916752 ], [ -63.217188102941336, 46.228274299255844 ], [ -63.218493796883863, 46.227526900957209 ], [ -63.217496807332672, 46.227915809916752 ] ], [ [ -63.213782514257069, 46.22650089713018 ], [ -63.213462082650608, 46.226488220160356 ], [ -63.217496807332672, 46.227915809916752 ], [ -63.213782514257069, 46.22650089713018 ] ], [ [ -63.219148194969186, 46.225761709852804 ], [ -63.220196205944887, 46.221525536152953 ], [ -63.218493796883863, 46.227526900957209 ], [ -63.219148194969186, 46.225761709852804 ] ], [ [ -63.214124580234852, 46.231831878160342 ], [ -63.214360086308041, 46.231620803875956 ], [ -63.214721854903345, 46.23113828063736 ], [ -63.214124580234852, 46.231831878160342 ] ], [ [ -63.211283796409006, 46.23437795438258 ], [ -63.209619728146897, 46.23545360572389 ], [ -63.210990083869454, 46.234641196698419 ], [ -63.211283796409006, 46.23437795438258 ] ], [ [ -63.205569927686952, 46.238071390940981 ], [ -63.201455682239221, 46.242120199886756 ], [ -63.205686097840328, 46.237996298720219 ], [ -63.205569927686952, 46.238071390940981 ] ], [ [ -63.195695809339313, 46.251595386995227 ], [ -63.197808302481, 46.248642497505436 ], [ -63.201455682239221, 46.242120199886756 ], [ -63.195695809339313, 46.251595386995227 ] ], [ [ -63.208348283678504, 46.226285907173931 ], [ -63.205651928492856, 46.226347801443715 ], [ -63.211783324324117, 46.226421804837351 ], [ -63.208348283678504, 46.226285907173931 ] ], [ [ -63.184439988345765, 46.240799467304548 ], [ -63.184159693827596, 46.240511406715662 ], [ -63.172251286754545, 46.231854007353448 ], [ -63.184439988345765, 46.240799467304548 ] ], [ [ -63.186556691743618, 46.243080938810003 ], [ -63.186450510905523, 46.242865695057787 ], [ -63.185574655568992, 46.241965572552132 ], [ -63.186556691743618, 46.243080938810003 ] ], [ [ -63.2184491939325, 46.242439991804126 ], [ -63.218389082470573, 46.242189777587541 ], [ -63.218394905721141, 46.242698222488279 ], [ -63.2184491939325, 46.242439991804126 ] ], [ [ -63.217659877124802, 46.246194505245526 ], [ -63.218114316408879, 46.244032891070155 ], [ -63.214913601138399, 46.253804597587816 ], [ -63.217659877124802, 46.246194505245526 ] ], [ [ -63.194633911344475, 46.257089904063101 ], [ -63.203660438901871, 46.255105914729633 ], [ -63.209601957565795, 46.253831792655092 ], [ -63.209386788823274, 46.253832894296863 ], [ -63.194633911344475, 46.257089904063101 ] ], [ [ -63.19340939380163, 46.255687992338686 ], [ -63.193278669395951, 46.255674422522269 ], [ -63.194633911344475, 46.257089904063101 ], [ -63.19340939380163, 46.255687992338686 ] ], [ [ -63.186348310352422, 46.254808811000295 ], [ -63.186727600128734, 46.255717098103915 ], [ -63.186528775211137, 46.25463455200002 ], [ -63.186348310352422, 46.254808811000295 ] ], [ [ -63.186684477853525, 46.254484203688463 ], [ -63.186625152278225, 46.254541489165071 ], [ -63.191662921617393, 46.253431997413578 ], [ -63.186684477853525, 46.254484203688463 ] ] ] } },
{ "type": "Feature", "properties": { "CSDUID": "1103001", "CSDNAME": "Lot 28", "PRUID": "11", "PRNAME": "Prince Edward Island", "pop_2021": 0.0, "pop_under_19": 0.0, "pop_0_4": 0.0, "pop_15_19": 0.0, "first_lang_eng_french": 0.0, "first_lang_french": 0.0, "know_eng_french": 0.0, "know_french_only": 0.0, "mother_eng_french": 0.0, "mother_french": 0.0, "mother_french_non_official": 0.0, "first_lang_eng_french_under_19": 0.0, "first_lang_eng_french_under_5": 0.0, "first_lang_french_under_19": 0.0, "first_lang_french_under_5": 0.0, "know_eng_french_under_19": 0.0, "know_eng_french_under_5": 0.0, "know_french_only_under_19": 0.0, "know_french_only_under_5": 0.0, "mother_eng_french_under_19": 0.0, "mother_eng_french_under_5": 0.0, "mother_french_under_19": 0.0, "mother_french_under_5": 0.0, "mother_french_non_official_under_19": 0.0, "mother_french_non_official_under_5": 0.0, "share_under_19": 0.0, "share_under_5": 0.0 }, "geometry": { "type": "MultiPolygon", "coordinates": [ [ [ [ -63.500199008497404, 46.221234291203181 ], [ -63.499109496204397, 46.215158593597351 ], [ -63.499992865985071, 46.214880348133967 ], [ -63.499187810559192, 46.213795992647668 ], [ -63.500591607396203, 46.213599780340914 ], [ -63.497416480336035, 46.211605626299693 ], [ -63.496917999698709, 46.209519780458528 ], [ -63.49418524978914, 46.206912624083024 ], [ -63.496365248745349, 46.20428415665053 ], [ -63.497469134732533, 46.204513363549239 ], [ -63.498421089816304, 46.206579230165474 ], [ -63.501145155403371, 46.206783310677942 ], [ -63.506029064724764, 46.205033805839811 ], [ -63.52667370678283, 46.203194539543617 ], [ -63.52848438982344, 46.204131203891308 ], [ -63.529621350408902, 46.206438938262743 ], [ -63.532377824920779, 46.208649149377081 ], [ -63.53306723602018, 46.21157094757546 ], [ -63.534606294911832, 46.213867767370253 ], [ -63.528458156574395, 46.217613353177683 ], [ -63.531507749990844, 46.217896218677517 ], [ -63.537030264198719, 46.215152401311514 ], [ -63.541656050567539, 46.216201597870423 ], [ -63.542784483831483, 46.217564233482577 ], [ -63.539040949843994, 46.220569939190668 ], [ -63.538602306988778, 46.222120029355494 ], [ -63.540921842364391, 46.224611074415002 ], [ -63.539929157103579, 46.226523764418403 ], [ -63.542679592593402, 46.225340742542116 ], [ -63.544307247330849, 46.226026001820294 ], [ -63.544214550214193, 46.227142453125367 ], [ -63.54093096896262, 46.230821020362384 ], [ -63.541181104662044, 46.232520855728339 ], [ -63.540489648049331, 46.233424116657517 ], [ -63.541685095412404, 46.234975460698664 ], [ -63.543949757179178, 46.23446971175224 ], [ -63.543869654722386, 46.235550095490744 ], [ -63.544838278318139, 46.236445458463237 ], [ -63.542903908594724, 46.237570689318552 ], [ -63.54343940677628, 46.237311684205928 ], [ -63.546115846192897, 46.239715373105852 ], [ -63.548101234966516, 46.23980486902984 ], [ -63.548308794684772, 46.238507883639969 ], [ -63.549876069273765, 46.238293354739959 ], [ -63.550462412481444, 46.23856053457807 ], [ -63.550095742206899, 46.239507281330781 ], [ -63.552296991148964, 46.240423674934455 ], [ -63.553453884110269, 46.239383096052997 ], [ -63.555889445400901, 46.240379278904669 ], [ -63.557183725344629, 46.240102970363317 ], [ -63.557727254300495, 46.24253930648802 ], [ -63.559342650181883, 46.244502411543053 ], [ -63.557435873579877, 46.24578972536969 ], [ -63.558219177937808, 46.24628088534751 ], [ -63.55800563059541, 46.245687944328004 ], [ -63.560831953718065, 46.244261103474592 ], [ -63.562541125319875, 46.245224721581394 ], [ -63.562613775015677, 46.247258342022064 ], [ -63.562876622260511, 46.245052079068159 ], [ -63.561139968395608, 46.243935607371618 ], [ -63.55938989405508, 46.244043187780981 ], [ -63.557375809936616, 46.239859019883674 ], [ -63.553451614061487, 46.239158085571603 ], [ -63.552486546104532, 46.239927768865392 ], [ -63.550758837539995, 46.239666111687285 ], [ -63.550890416399213, 46.238558457928562 ], [ -63.550159362352389, 46.238084985017636 ], [ -63.547801218716721, 46.238330307590374 ], [ -63.547684223590949, 46.239608857959588 ], [ -63.545774073151279, 46.239257996942321 ], [ -63.544242854794362, 46.237879304454907 ], [ -63.544184201635218, 46.237193148497646 ], [ -63.545631627340434, 46.236666680071444 ], [ -63.544284293997251, 46.234198124643306 ], [ -63.541118967659266, 46.234114140306232 ], [ -63.542196080615561, 46.232867034479398 ], [ -63.541776086306534, 46.231042030762346 ], [ -63.54897938106312, 46.228579575680882 ], [ -63.546984062773156, 46.227885235921732 ], [ -63.54706170364944, 46.226561853180925 ], [ -63.544812467460254, 46.223350601977373 ], [ -63.543211403391318, 46.222728218370669 ], [ -63.547227754945091, 46.219784055317646 ], [ -63.547657651751877, 46.218683983068125 ], [ -63.546086365624646, 46.214515503595599 ], [ -63.543893557693572, 46.213022944923061 ], [ -63.543041594514975, 46.213396000292946 ], [ -63.542990044509047, 46.209481238262853 ], [ -63.543732770173357, 46.207236705158593 ], [ -63.547767081319385, 46.204913440803509 ], [ -63.553478381962002, 46.206982936342378 ], [ -63.557075287149154, 46.206308462374544 ], [ -63.558495266023087, 46.207003550781167 ], [ -63.559436065872305, 46.210292940343287 ], [ -63.567529160978381, 46.215689060949181 ], [ -63.572890810388849, 46.216373322827422 ], [ -63.57644475257198, 46.215275456808826 ], [ -63.579909987343214, 46.215617935108646 ], [ -63.581058487503057, 46.217565120037236 ], [ -63.582152058805811, 46.217991553038424 ], [ -63.584184805781369, 46.217720176594426 ], [ -63.581524146252846, 46.217463750829431 ], [ -63.580242049311046, 46.215139249152941 ], [ -63.582244079734835, 46.213203052073865 ], [ -63.582437650721658, 46.210664064007389 ], [ -63.583777996720293, 46.208695227705952 ], [ -63.585350253371111, 46.207823185334561 ], [ -63.60100459822673, 46.212106980306672 ], [ -63.60119710529149, 46.213113964650731 ], [ -63.604402721103185, 46.214609068037532 ], [ -63.604863860823734, 46.21763963251697 ], [ -63.609426670426785, 46.219892401385231 ], [ -63.608267166997088, 46.220564590029468 ], [ -63.612801587867743, 46.219064354934304 ], [ -63.617428256858247, 46.215403459814205 ], [ -63.621811122522992, 46.214317699821976 ], [ -63.622483466098615, 46.215304048355421 ], [ -63.620656655681131, 46.216396924735925 ], [ -63.622746615567252, 46.218467988584585 ], [ -63.629482796546306, 46.222906623389981 ], [ -63.633122950432394, 46.224277499437306 ], [ -63.634641136289126, 46.224012214140203 ], [ -63.635153540266977, 46.224765306921675 ], [ -63.641846655091257, 46.224953488017533 ], [ -63.642954349652562, 46.222448225476654 ], [ -63.65030654813318, 46.221475458998732 ], [ -63.652117406221741, 46.219844370583402 ], [ -63.653645317175872, 46.220145120508889 ], [ -63.654222893363041, 46.221242102206013 ], [ -63.652027264374951, 46.221600156422568 ], [ -63.650706535143406, 46.224051451956186 ], [ -63.650376545524345, 46.231070605441033 ], [ -63.648911439815059, 46.234010416537643 ], [ -63.64932802670139, 46.235272935992548 ], [ -63.648364414221959, 46.234945399179722 ], [ -63.648523730370435, 46.233820048485477 ], [ -63.647519628298767, 46.233585954671156 ], [ -63.647364757623613, 46.232668849861213 ], [ -63.646008849534745, 46.232056483454514 ], [ -63.646446498016587, 46.231121088564613 ], [ -63.645204775728196, 46.23139810025107 ], [ -63.64258094267268, 46.235382147703277 ], [ -63.641315883064834, 46.240216997675184 ], [ -63.639049883389042, 46.244120663806868 ], [ -63.639481475928797, 46.244424234549676 ], [ -63.640826650613789, 46.241714647800357 ], [ -63.642533054609871, 46.240280412925962 ], [ -63.643094905669592, 46.23743843440419 ], [ -63.645313251528542, 46.234407647482435 ], [ -63.649050751227726, 46.236167787567418 ], [ -63.652425544900076, 46.234350154145574 ], [ -63.654651342761866, 46.235097365695935 ], [ -63.66412100231647, 46.240904596141313 ], [ -63.659909418072644, 46.241156829639095 ], [ -63.663811245524272, 46.249199920824083 ], [ -63.662631582805751, 46.250854778388685 ], [ -63.665051642247505, 46.25468352767102 ], [ -63.662642305626981, 46.255169228507299 ], [ -63.66217768821312, 46.254377772999618 ], [ -63.657785930154198, 46.255397707442093 ], [ -63.65830947105038, 46.256157708768164 ], [ -63.654383556700644, 46.257231913118083 ], [ -63.65460336828685, 46.255909951977273 ], [ -63.65247362760644, 46.255162888562481 ], [ -63.65067052349621, 46.252235881969547 ], [ -63.648550937389665, 46.251147906112664 ], [ -63.647879282202467, 46.252182270685552 ], [ -63.650090148439553, 46.25644421560223 ], [ -63.647897227954125, 46.255918154447251 ], [ -63.653183611236315, 46.265020151322403 ], [ -63.524423110166772, 46.288298170993954 ], [ -63.508106150850523, 46.245616376509574 ], [ -63.510642380581181, 46.242779181991999 ], [ -63.510838355322818, 46.238588300063903 ], [ -63.509737487232911, 46.236547321822741 ], [ -63.506817137535052, 46.234210086962676 ], [ -63.504508744858661, 46.233414232833802 ], [ -63.500199008497404, 46.221234291203181 ] ], [ [ -63.544243282635001, 46.239729487449921 ], [ -63.544468090417027, 46.239669195174187 ], [ -63.544094393246368, 46.239193608336215 ], [ -63.544243282635001, 46.239729487449921 ] ], [ [ -63.520469305468119, 46.243452988189553 ], [ -63.527696494085831, 46.243671895659737 ], [ -63.52811242641895, 46.243578621655665 ], [ -63.520469305468119, 46.243452988189553 ] ], [ [ -63.588046599416749, 46.223613413423791 ], [ -63.5879277615565, 46.223642055293148 ], [ -63.608550495304684, 46.225081111311461 ], [ -63.588046599416749, 46.223613413423791 ] ], [ [ -63.60177208268933, 46.241593557565821 ], [ -63.601678401523586, 46.24174950379701 ], [ -63.601715408173732, 46.241834030467857 ], [ -63.60177208268933, 46.241593557565821 ] ], [ [ -63.60291662511424, 46.236737204838306 ], [ -63.602626195701212, 46.237091498188164 ], [ -63.602454787636113, 46.238696805153488 ], [ -63.60291662511424, 46.236737204838306 ] ] ], [ [ [ -63.698067781678382, 46.243856536628776 ], [ -63.696081917927913, 46.244786640897807 ], [ -63.697857986344246, 46.243677823702328 ], [ -63.698067781678382, 46.243856536628776 ] ] ] ] } },
{ "type": "Feature", "properties": { "CSDUID": "1103005", "CSDNAME": "Borden-Carleton", "PRUID": "11", "PRNAME": "Prince Edward Island", "pop_2021": 788.0, "pop_under_19": 170.0, "pop_0_4": 45.0, "pop_15_19": 45.0, "first_lang_eng_french": 0.0, "first_lang_french": 15.0, "know_eng_french": 50.0, "know_french_only": 0.0, "mother_eng_french": 0.0, "mother_french": 15.0, "mother_french_non_official": 0.0, "first_lang_eng_french_under_19": 0.0, "first_lang_eng_french_under_5": 0.0, "first_lang_french_under_19": 3.248720122712887, "first_lang_french_under_5": 0.91872860129314537, "know_eng_french_under_19": 10.772974687231001, "know_eng_french_under_5": 2.7875759674318967, "know_french_only_under_19": 0.0, "know_french_only_under_5": 0.0, "mother_eng_french_under_19": 0.0, "mother_eng_french_under_5": 0.0, "mother_french_under_19": 3.248720122712887, "mother_french_under_5": 0.91872860129314537, "mother_french_non_official_under_19": 0.0, "mother_french_non_official_under_5": 0.0, "share_under_19": 0.21573604060913706, "share_under_5": 0.057106598984771571 }, "geometry": { "type": "Polygon", "coordinates": [ [ [ -63.663788832121199, 46.249231362853273 ], [ -63.659909418072644, 46.241156829639095 ], [ -63.66412100231647, 46.240904596141313 ], [ -63.669806574197452, 46.245249610657162 ], [ -63.676365053089704, 46.247982981135081 ], [ -63.677870228887151, 46.248010067485879 ], [ -63.677366763365747, 46.249264039757882 ], [ -63.678114247030891, 46.247810618631917 ], [ -63.676191565778346, 46.2475880105195 ], [ -63.675467854192512, 46.246755278030733 ], [ -63.67708916845833, 46.246736709817114 ], [ -63.677183510313043, 46.245971142635021 ], [ -63.679156683767772, 46.245032446290828 ], [ -63.678858117127156, 46.243963206443574 ], [ -63.67974397929968, 46.243219952747054 ], [ -63.679066819812554, 46.241954969127093 ], [ -63.679475844744658, 46.240413546670574 ], [ -63.680238490598612, 46.240202014630889 ], [ -63.684208489667341, 46.241321325256656 ], [ -63.686989914404542, 46.244886637747072 ], [ -63.689845201128485, 46.247074450796248 ], [ -63.69192822026374, 46.247664853159527 ], [ -63.69614314121408, 46.250741169973317 ], [ -63.699827232722185, 46.2517111163734 ], [ -63.701969803277535, 46.25121281582144 ], [ -63.701088684328816, 46.249305694400952 ], [ -63.702250951827935, 46.251328729730055 ], [ -63.703571680902058, 46.250747565139612 ], [ -63.700174908880456, 46.246309694710483 ], [ -63.701093478767703, 46.246283791588262 ], [ -63.699247472701387, 46.245129522517189 ], [ -63.700564264604004, 46.244422140247757 ], [ -63.699633201959045, 46.245092378322546 ], [ -63.702297262248955, 46.246944404275006 ], [ -63.704515550889958, 46.24967417986305 ], [ -63.70663068718509, 46.250040915297397 ], [ -63.702411349663741, 46.254881913623507 ], [ -63.70095762383982, 46.257887816393101 ], [ -63.696287552089721, 46.257961354226367 ], [ -63.693459965671828, 46.259067529074592 ], [ -63.6890558553213, 46.258626166249492 ], [ -63.688204373146419, 46.259018294425779 ], [ -63.692780491789328, 46.259719659797497 ], [ -63.696537701864912, 46.258247835409179 ], [ -63.699575438110728, 46.258373286379012 ], [ -63.701556256443723, 46.260062131425016 ], [ -63.701397534500366, 46.26186309606102 ], [ -63.702610457726252, 46.265392637490542 ], [ -63.702364671529416, 46.268499130835622 ], [ -63.699449463147609, 46.270910981564661 ], [ -63.695397885165299, 46.270719712668793 ], [ -63.693403833947393, 46.274169791235785 ], [ -63.693802715266699, 46.274923360523708 ], [ -63.695694789402644, 46.27473363284993 ], [ -63.695925827018428, 46.276660063065876 ], [ -63.668755229300558, 46.282026132993074 ], [ -63.657243406479623, 46.27721651407348 ], [ -63.654987444108407, 46.274069178753592 ], [ -63.650361966233568, 46.274773668796314 ], [ -63.649678135935645, 46.271771829630886 ], [ -63.650722258519544, 46.271463723008871 ], [ -63.647198773908734, 46.269743499920878 ], [ -63.655833206040398, 46.268396302179255 ], [ -63.656235746033829, 46.265808535883011 ], [ -63.653872167704051, 46.266278137978716 ], [ -63.647897227954125, 46.255918154447251 ], [ -63.650090148439553, 46.25644421560223 ], [ -63.647879282202467, 46.252182270685552 ], [ -63.648550937389665, 46.251147906112664 ], [ -63.65067052349621, 46.252235881969547 ], [ -63.65247362760644, 46.255162888562481 ], [ -63.65460336828685, 46.255909951977273 ], [ -63.654383556700644, 46.257231913118083 ], [ -63.65830947105038, 46.256157708768164 ], [ -63.657785930154198, 46.255397707442093 ], [ -63.66217768821312, 46.254377772999618 ], [ -63.662642305626981, 46.255169228507299 ], [ -63.665051642247505, 46.25468352767102 ], [ -63.662631582805751, 46.250854778388685 ], [ -63.663788832121199, 46.249231362853273 ] ], [ [ -63.684196755755373, 46.271692777499439 ], [ -63.684527484620737, 46.272258414601524 ], [ -63.684487297124917, 46.272072487157082 ], [ -63.684196755755373, 46.271692777499439 ] ], [ [ -63.683088891457828, 46.270244905295229 ], [ -63.669816404875085, 46.261216405600464 ], [ -63.683298150843612, 46.270518387208874 ], [ -63.683088891457828, 46.270244905295229 ] ] ] } },
{ "type": "Feature", "properties": { "CSDUID": "1103006", "CSDNAME": "Lot 27", "PRUID": "11", "PRNAME": "Prince Edward Island", "pop_2021": 0.0, "pop_under_19": 0.0, "pop_0_4": 0.0, "pop_15_19": 0.0, "first_lang_eng_french": 0.0, "first_lang_french": 0.0, "know_eng_french": 0.0, "know_french_only": 0.0, "mother_eng_french": 0.0, "mother_french": 0.0, "mother_french_non_official": 0.0, "first_lang_eng_french_under_19": 0.0, "first_lang_eng_french_under_5": 0.0, "first_lang_french_under_19": 0.0, "first_lang_french_under_5": 0.0, "know_eng_french_under_19": 0.0, "know_eng_french_under_5": 0.0, "know_french_only_under_19": 0.0, "know_french_only_under_5": 0.0, "mother_eng_french_under_19": 0.0, "mother_eng_french_under_5": 0.0, "mother_french_under_19": 0.0, "mother_french_under_5": 0.0, "mother_french_non_official_under_19": 0.0, "mother_french_non_official_under_5": 0.0, "share_under_19": 0.0, "share_under_5": 0.0 }, "geometry": { "type": "Polygon", "coordinates": [ [ [ -63.653183611236315, 46.265020151322403 ], [ -63.653872167704051, 46.266278137978716 ], [ -63.656235746033829, 46.265808535883011 ], [ -63.655833206040398, 46.268396302179255 ], [ -63.647198773908734, 46.269743499920878 ], [ -63.650722258519544, 46.271463723008871 ], [ -63.649678135935645, 46.271771829630886 ], [ -63.650361966233568, 46.274773668796314 ], [ -63.654987444108407, 46.274069178753592 ], [ -63.657243406479623, 46.27721651407348 ], [ -63.666423958596802, 46.28049203108619 ], [ -63.668755229300558, 46.282026132993074 ], [ -63.695925827018428, 46.276660063065876 ], [ -63.694958464643108, 46.273944356364673 ], [ -63.697291691703008, 46.272688164064554 ], [ -63.696932832615985, 46.27202435227364 ], [ -63.70014004681142, 46.273165753110526 ], [ -63.703781598248604, 46.276797355069938 ], [ -63.70762480830679, 46.278915629651571 ], [ -63.713374934135466, 46.278915895310334 ], [ -63.716673678206348, 46.277068283905557 ], [ -63.719215095248906, 46.276872325205112 ], [ -63.723421003629582, 46.280859743532062 ], [ -63.727555141033051, 46.289185461661106 ], [ -63.730277604713038, 46.292804056896401 ], [ -63.734654422360791, 46.295826994885452 ], [ -63.737966678378001, 46.296894654812242 ], [ -63.739407909517247, 46.296894324190561 ], [ -63.741712906789175, 46.295475420784676 ], [ -63.743937094630446, 46.295766977586297 ], [ -63.746295116038162, 46.299216570452948 ], [ -63.74607175794678, 46.300936994238555 ], [ -63.7482923904047, 46.303776793502998 ], [ -63.6562545201418, 46.31985123496144 ], [ -63.610393390674062, 46.326760714555157 ], [ -63.608422487620615, 46.322912856494987 ], [ -63.606558683884984, 46.3228702613902 ], [ -63.604458890017881, 46.316345324349321 ], [ -63.601355667150344, 46.314827659807818 ], [ -63.600181983653243, 46.312928475311097 ], [ -63.595846383486005, 46.312734185926701 ], [ -63.594013752719505, 46.313563872841762 ], [ -63.588921030331079, 46.310954300727673 ], [ -63.585320338753661, 46.310060577555468 ], [ -63.583568436165024, 46.306780242926827 ], [ -63.577702749949466, 46.307467407518615 ], [ -63.586237756417063, 46.331567915583321 ], [ -63.543302543968863, 46.339277880014201 ], [ -63.524423110166772, 46.288298170993954 ], [ -63.653183611236315, 46.265020151322403 ] ], [ [ -63.640186089062652, 46.319698314987448 ], [ -63.64026967987764, 46.319929202863534 ], [ -63.642082551205704, 46.321231179576031 ], [ -63.640186089062652, 46.319698314987448 ] ] ] } },
{ "type": "Feature", "properties": { "CSDUID": "1103008", "CSDNAME": "Kinkora", "PRUID": "11", "PRNAME": "Prince Edward Island", "pop_2021": 388.0, "pop_under_19": 100.0, "pop_0_4": 20.0, "pop_15_19": 25.0, "first_lang_eng_french": 0.0, "first_lang_french": 5.0, "know_eng_french": 15.0, "know_french_only": 0.0, "mother_eng_french": 0.0, "mother_french": 5.0, "mother_french_non_official": 0.0, "first_lang_eng_french_under_19": 0.0, "first_lang_eng_french_under_5": 0.0, "first_lang_french_under_19": 1.2886597938144329, "first_lang_french_under_5": 0.25773195876288651, "know_eng_french_under_19": 3.8659793814432986, "know_eng_french_under_5": 0.77319587628865971, "know_french_only_under_19": 0.0, "know_french_only_under_5": 0.0, "mother_eng_french_under_19": 0.0, "mother_eng_french_under_5": 0.0, "mother_french_under_19": 1.2886597938144329, "mother_french_under_5": 0.25773195876288651, "mother_french_non_official_under_19": 0.0, "mother_french_non_official_under_5": 0.0, "share_under_19": 0.25773195876288657, "share_under_5": 0.051546391752577317 }, "geometry": { "type": "Polygon", "coordinates": [ [ [ -63.586237756417063, 46.331567915583321 ], [ -63.577702749949466, 46.307467407518615 ], [ -63.583568436165024, 46.306780242926827 ], [ -63.585320338753661, 46.310060577555468 ], [ -63.588921030331079, 46.310954300727673 ], [ -63.594013752719505, 46.313563872841762 ], [ -63.595846383486005, 46.312734185926701 ], [ -63.600181983653243, 46.312928475311097 ], [ -63.601355667150344, 46.314827659807818 ], [ -63.604458890017881, 46.316345324349321 ], [ -63.606558683884984, 46.3228702613902 ], [ -63.608422487620615, 46.322912856494987 ], [ -63.610799970630374, 46.3275544010679 ], [ -63.586237756417063, 46.331567915583321 ] ] ] } },
{ "type": "Feature", "properties": { "CSDUID": "1103009", "CSDNAME": "Lot 26", "PRUID": "11", "PRNAME": "Prince Edward Island", "pop_2021": 0.0, "pop_under_19": 0.0, "pop_0_4": 0.0, "pop_15_19": 0.0, "first_lang_eng_french": 0.0, "first_lang_french": 0.0, "know_eng_french": 0.0, "know_french_only": 0.0, "mother_eng_french": 0.0, "mother_french": 0.0, "mother_french_non_official": 0.0, "first_lang_eng_french_under_19": 0.0, "first_lang_eng_french_under_5": 0.0, "first_lang_french_under_19": 0.0, "first_lang_french_under_5": 0.0, "know_eng_french_under_19": 0.0, "know_eng_french_under_5": 0.0, "know_french_only_under_19": 0.0, "know_french_only_under_5": 0.0, "mother_eng_french_under_19": 0.0, "mother_eng_french_under_5": 0.0, "mother_french_under_19": 0.0, "mother_french_under_5": 0.0, "mother_french_non_official_under_19": 0.0, "mother_french_non_official_under_5": 0.0, "share_under_19": 0.0, "share_under_5": 0.0 }, "geometry": { "type": "Polygon", "coordinates": [ [ [ -63.7482923904047, 46.303776793502998 ], [ -63.750813166823768, 46.305819910334669 ], [ -63.753814552132759, 46.306880144846069 ], [ -63.755502661143609, 46.306869003251585 ], [ -63.756015120429332, 46.305416629866365 ], [ -63.757506049954394, 46.305235765971297 ], [ -63.767665835281385, 46.308353961413872 ], [ -63.773810323033501, 46.308474544825032 ], [ -63.775550511587909, 46.309389759166415 ], [ -63.775384346999466, 46.31049785835863 ], [ -63.776649573921915, 46.312721251399992 ], [ -63.779097039856921, 46.314954573986135 ], [ -63.784127070759105, 46.317926138837095 ], [ -63.788160448274404, 46.319302398922218 ], [ -63.794731751622862, 46.320102898709322 ], [ -63.798801304439735, 46.319471541215734 ], [ -63.801109925441679, 46.318339405090256 ], [ -63.800135038203472, 46.316510266854102 ], [ -63.800699783729478, 46.316047302882751 ], [ -63.808732057520174, 46.314640795013183 ], [ -63.810761793657278, 46.31576040454933 ], [ -63.813481933822352, 46.319638039109726 ], [ -63.816147927870716, 46.326836942105921 ], [ -63.815184476032691, 46.328445790353236 ], [ -63.816663111162512, 46.33177418020729 ], [ -63.814490506993408, 46.332455680149195 ], [ -63.814035337475822, 46.334177877163881 ], [ -63.815039446582105, 46.338796646681132 ], [ -63.812945232857118, 46.3386495720111 ], [ -63.804788688270193, 46.341560211955162 ], [ -63.799897616528682, 46.341216550066029 ], [ -63.795997220119496, 46.343763726907206 ], [ -63.795843173944256, 46.342999803155351 ], [ -63.799892254611528, 46.340847589203186 ], [ -63.793045653325684, 46.337358333056279 ], [ -63.792737037433497, 46.335785513913983 ], [ -63.79170548349208, 46.337232622087846 ], [ -63.788317401891597, 46.337463041526547 ], [ -63.78374288205729, 46.339231453260815 ], [ -63.778971931327632, 46.339084049315439 ], [ -63.777400026687715, 46.338194770104053 ], [ -63.777038788054249, 46.340213193221992 ], [ -63.773594088385977, 46.340128551021905 ], [ -63.779008460679016, 46.341657767405366 ], [ -63.779745141518752, 46.343200709140945 ], [ -63.778389531087299, 46.342912952995199 ], [ -63.779860445281216, 46.34400090809909 ], [ -63.782226939858781, 46.34318375748559 ], [ -63.783688669261458, 46.344532737525775 ], [ -63.787515818277548, 46.344983418855975 ], [ -63.787938866444357, 46.347293467234017 ], [ -63.786505654625479, 46.34885131589288 ], [ -63.78881769777967, 46.352372326904977 ], [ -63.790287675405104, 46.352461151556504 ], [ -63.790173084110478, 46.351723965605281 ], [ -63.803284415823107, 46.36128942775408 ], [ -63.807823789347751, 46.366756314950102 ], [ -63.811362955999435, 46.368540831440434 ], [ -63.810964008481491, 46.372044867388219 ], [ -63.805447987413693, 46.372289953331368 ], [ -63.800673824079333, 46.37123452477335 ], [ -63.800655798792498, 46.369110684471572 ], [ -63.797622955709862, 46.366188959696913 ], [ -63.791736218349804, 46.362764934228792 ], [ -63.788533063132206, 46.359691143810196 ], [ -63.782753203481199, 46.357291889481331 ], [ -63.780304843088835, 46.355139664822829 ], [ -63.767400765197948, 46.354417021892381 ], [ -63.762987084118045, 46.355751537300598 ], [ -63.763849928154094, 46.35424279948873 ], [ -63.761881421966869, 46.349144029401792 ], [ -63.758912040320276, 46.347759806796013 ], [ -63.749154026358433, 46.34601517542243 ], [ -63.745831524451184, 46.347296873178564 ], [ -63.746035139147281, 46.347934548908135 ], [ -63.743230041330968, 46.350004771034492 ], [ -63.737433408535999, 46.351932252540173 ], [ -63.732386168127718, 46.348688763177265 ], [ -63.727310477266968, 46.348154166457697 ], [ -63.721894708014695, 46.34942147655827 ], [ -63.721552196729782, 46.348705003972761 ], [ -63.719094562943724, 46.348875308834799 ], [ -63.715544320647936, 46.350968987865159 ], [ -63.709977664310145, 46.351494049831956 ], [ -63.706889413238322, 46.353167148796253 ], [ -63.558358477278567, 46.379334863503615 ], [ -63.543302543968863, 46.339277880014201 ], [ -63.610799970630374, 46.3275544010679 ], [ -63.610393390674062, 46.326760714555157 ], [ -63.644687841955793, 46.321662481232856 ], [ -63.7482923904047, 46.303776793502998 ] ], [ [ -63.712862787048067, 46.343286275173419 ], [ -63.717416714780803, 46.339826139407457 ], [ -63.718633715462488, 46.340365327059459 ], [ -63.722853080441304, 46.338869755223115 ], [ -63.723965961524677, 46.340007717464708 ], [ -63.725766254545952, 46.339633646457237 ], [ -63.725233102778468, 46.338302452489863 ], [ -63.726750676245835, 46.337667869755904 ], [ -63.726296078653455, 46.336257752285434 ], [ -63.726846163756264, 46.335976792510138 ], [ -63.725820394859952, 46.334718386370781 ], [ -63.725088431396173, 46.334880246371441 ], [ -63.724881938763126, 46.333335905873952 ], [ -63.725874501177167, 46.333092807834326 ], [ -63.724877976397771, 46.332506481127517 ], [ -63.72388038349208, 46.330041810998509 ], [ -63.722319370015086, 46.330403502898946 ], [ -63.722451906477716, 46.331535288167373 ], [ -63.71833030268364, 46.332299191006058 ], [ -63.716300053422714, 46.331751921370213 ], [ -63.715743614414606, 46.334321437990432 ], [ -63.689571457634365, 46.336896708101825 ], [ -63.692900813304, 46.34574242713223 ], [ -63.712862787048067, 46.343286275173419 ] ], [ [ -63.694669032746212, 46.335248304881219 ], [ -63.678551182228738, 46.327376299021971 ], [ -63.678017117169347, 46.327270731929922 ], [ -63.694669032746212, 46.335248304881219 ] ], [ [ -63.704334502892543, 46.351304002195569 ], [ -63.70342841063681, 46.345513596378645 ], [ -63.704256572869987, 46.351560238303918 ], [ -63.704334502892543, 46.351304002195569 ] ] ] } },
{ "type": "Feature", "properties": { "CSDUID": "1103011", "CSDNAME": "Lot 25", "PRUID": "11", "PRNAME": "Prince Edward Island", "pop_2021": 1174.0, "pop_under_19": 280.0, "pop_0_4": 55.0, "pop_15_19": 75.0, "first_lang_eng_french": 0.0, "first_lang_french": 30.0, "know_eng_french": 145.0, "know_french_only": 0.0, "mother_eng_french": 10.0, "mother_french": 30.0, "mother_french_non_official": 0.0, "first_lang_eng_french_under_19": 0.0, "first_lang_eng_french_under_5": 0.0, "first_lang_french_under_19": 7.1476567463226317, "first_lang_french_under_5": 1.4135268533450618, "know_eng_french_under_19": 34.57673606020623, "know_eng_french_under_5": 6.799467331280848, "know_french_only_under_19": 0.0, "know_french_only_under_5": 0.0, "mother_eng_french_under_19": 2.3676880222841228, "mother_eng_french_under_5": 0.48746518105849579, "mother_french_under_19": 7.1476567463226317, "mother_french_under_5": 1.4135268533450618, "mother_french_non_official_under_19": 0.0, "mother_french_non_official_under_5": 0.0, "share_under_19": 0.23850085178875638, "share_under_5": 0.046848381601362864 }, "geometry": { "type": "Polygon", "coordinates": [ [ [ -63.740665138026593, 46.391561037752943 ], [ -63.738021670367623, 46.390902556716185 ], [ -63.570350113622986, 46.425182695216215 ], [ -63.55405619887825, 46.380194201928482 ], [ -63.706889413238322, 46.353167148796253 ], [ -63.709977664310145, 46.351494049831956 ], [ -63.715544320647936, 46.350968987865159 ], [ -63.716956261940922, 46.354411431296469 ], [ -63.724722461960724, 46.353921496570642 ], [ -63.72643014319447, 46.352151677836979 ], [ -63.726986707148733, 46.353142146353825 ], [ -63.725190827530653, 46.353954518661169 ], [ -63.726243777654282, 46.354946814570297 ], [ -63.725774539989381, 46.355831785805421 ], [ -63.726925074023733, 46.35535647762029 ], [ -63.728425393257048, 46.356750908303582 ], [ -63.739983815264139, 46.361779578835488 ], [ -63.745631299965169, 46.360284923622991 ], [ -63.749245102582336, 46.360288310103194 ], [ -63.750733848451077, 46.365534431952312 ], [ -63.752582059489356, 46.367583223374787 ], [ -63.758964874227757, 46.369413001981989 ], [ -63.765589775895897, 46.368999858716215 ], [ -63.768047133372605, 46.371791307043026 ], [ -63.765722381721162, 46.374767835433971 ], [ -63.764978403814766, 46.381081660080575 ], [ -63.764084248822392, 46.382239616188812 ], [ -63.75758141336545, 46.384073835701088 ], [ -63.74943989766637, 46.381184547549644 ], [ -63.75108918903863, 46.382919676306997 ], [ -63.752124636256994, 46.382561876326498 ], [ -63.750831351358606, 46.384982326636596 ], [ -63.744996516221491, 46.390087357412334 ], [ -63.740921668704324, 46.391634712262999 ], [ -63.740638859728797, 46.390245081973369 ], [ -63.740665138026593, 46.391561037752943 ] ], [ [ -63.72210872590373, 46.366072314513069 ], [ -63.721587988674607, 46.365614098822398 ], [ -63.707172201143543, 46.35939428884982 ], [ -63.72210872590373, 46.366072314513069 ] ], [ [ -63.724210735975156, 46.369380123947444 ], [ -63.722969009757108, 46.366829309669157 ], [ -63.72265205992273, 46.366550413943742 ], [ -63.724210735975156, 46.369380123947444 ] ], [ [ -63.724718090448704, 46.370301204390678 ], [ -63.725236195303737, 46.37086925400699 ], [ -63.72465292999204, 46.370182908356178 ], [ -63.724718090448704, 46.370301204390678 ] ] ] } },
{ "type": "Feature", "properties": { "CSDUID": "1103012", "CSDNAME": "Lot 19", "PRUID": "11", "PRNAME": "Prince Edward Island", "pop_2021": 1332.0, "pop_under_19": 260.0, "pop_0_4": 50.0, "pop_15_19": 75.0, "first_lang_eng_french": 0.0, "first_lang_french": 15.0, "know_eng_french": 130.0, "know_french_only": 0.0, "mother_eng_french": 5.0, "mother_french": 20.0, "mother_french_non_official": 0.0, "first_lang_eng_french_under_19": 0.0, "first_lang_eng_french_under_5": 0.0, "first_lang_french_under_19": 3.0450241137747738, "first_lang_french_under_5": 0.48716474421406297, "know_eng_french_under_19": 25.704785205524459, "know_eng_french_under_5": 4.8020734326046401, "know_french_only_under_19": 0.0, "know_french_only_under_5": 0.0, "mother_eng_french_under_19": 0.98039215686274517, "mother_eng_french_under_5": 0.2178649237472767, "mother_french_under_19": 4.0254162706375185, "mother_french_under_5": 0.7050296679613397, "mother_french_non_official_under_19": 0.0, "mother_french_non_official_under_5": 0.0, "share_under_19": 0.19519519519519518, "share_under_5": 0.037537537537537538 }, "geometry": { "type": "MultiPolygon", "coordinates": [ [ [ [ -63.740921668704324, 46.391634712262999 ], [ -63.741688254294303, 46.393582773230314 ], [ -63.740405282860792, 46.392007108369157 ], [ -63.737519180819397, 46.391732429528105 ], [ -63.737966101970841, 46.392933209244298 ], [ -63.723708258323214, 46.395985055404587 ], [ -63.728795745187597, 46.405953133354963 ], [ -63.723349119473049, 46.406824427511715 ], [ -63.725240761136227, 46.412968140248566 ], [ -63.739837573939191, 46.410452963339019 ], [ -63.738934949977157, 46.412161936925798 ], [ -63.740192511671935, 46.411863207297465 ], [ -63.741080983412687, 46.41020916495205 ], [ -63.756976504948661, 46.40760357203488 ], [ -63.757770243198429, 46.409528591817505 ], [ -63.750134051756973, 46.410928783288533 ], [ -63.753993813518107, 46.420864998980093 ], [ -63.74832835355862, 46.417378804878773 ], [ -63.74789885065794, 46.417999628673563 ], [ -63.749801691035778, 46.422273602863669 ], [ -63.747102955620321, 46.422762354447805 ], [ -63.745782551367924, 46.427835544426372 ], [ -63.748852955021093, 46.428071175521737 ], [ -63.748086146330941, 46.432200308508563 ], [ -63.746115187580422, 46.432275261384405 ], [ -63.746097374852937, 46.439798728418289 ], [ -63.742912025997235, 46.441570334921451 ], [ -63.739618644590237, 46.441591687638635 ], [ -63.736924338188444, 46.439701147480562 ], [ -63.734223206898669, 46.439223522636539 ], [ -63.731440898315967, 46.436568448584943 ], [ -63.7310105309951, 46.435536235977168 ], [ -63.731630731189405, 46.434218317463802 ], [ -63.73126408603396, 46.436002595379051 ], [ -63.732158703959165, 46.436707851325679 ], [ -63.733667674104218, 46.434691249927951 ], [ -63.732756563197142, 46.432753154578151 ], [ -63.733345677113313, 46.430094475995233 ], [ -63.732715178711729, 46.429666535536455 ], [ -63.731995161729991, 46.431300088384262 ], [ -63.730147607552766, 46.432328865298949 ], [ -63.731173649934007, 46.433132284626225 ], [ -63.730256435801024, 46.43560404839198 ], [ -63.721011162417199, 46.43536572997828 ], [ -63.715503841029722, 46.436273299012882 ], [ -63.70865857522336, 46.441919901645797 ], [ -63.710520851338245, 46.444260067208781 ], [ -63.717633645999697, 46.448047775502118 ], [ -63.588016755253399, 46.471687204260569 ], [ -63.570350113622986, 46.425182695216215 ], [ -63.596007283572149, 46.419706107661113 ], [ -63.613044786963528, 46.426684401798028 ], [ -63.59702681312001, 46.42011469902716 ], [ -63.738814840336026, 46.390905616942042 ], [ -63.740921668704324, 46.391634712262999 ] ], [ [ -63.627752099913366, 46.448093595720216 ], [ -63.627221178730345, 46.448770105609306 ], [ -63.618528103911245, 46.466037099197173 ], [ -63.627752099913366, 46.448093595720216 ] ], [ [ -63.630430638145604, 46.445629096029968 ], [ -63.632342624906286, 46.448646342721197 ], [ -63.640199631029233, 46.44761639098531 ], [ -63.639393248573072, 46.445738433233707 ], [ -63.640863817713893, 46.445444702797118 ], [ -63.640646202350901, 46.444471867054858 ], [ -63.638730161152928, 46.444871403069435 ], [ -63.638316805144612, 46.444013731014756 ], [ -63.640752232820198, 46.443508327095635 ], [ -63.640493093954376, 46.441674484805652 ], [ -63.649317366835845, 46.440633307172369 ], [ -63.647767755855689, 46.438901318421301 ], [ -63.652533190968292, 46.43773691259242 ], [ -63.650540993737756, 46.431305523198247 ], [ -63.65030966385779, 46.432417089522687 ], [ -63.644467159514129, 46.434343631530119 ], [ -63.640993087686397, 46.427609753491474 ], [ -63.635081709732368, 46.428856192090173 ], [ -63.636070108683086, 46.431576897923364 ], [ -63.634186037644099, 46.432091124030329 ], [ -63.632847281238512, 46.428640462652417 ], [ -63.631961574677753, 46.428866576047099 ], [ -63.631063688365288, 46.426883785361312 ], [ -63.634206325764701, 46.426621939158885 ], [ -63.633850681243814, 46.426041326101213 ], [ -63.628598545696661, 46.426343372233198 ], [ -63.627055318834117, 46.422998658161795 ], [ -63.624958999353545, 46.423280972479787 ], [ -63.625406544761717, 46.424575285427466 ], [ -63.623339142941781, 46.424886141180927 ], [ -63.624546996117054, 46.427750372095076 ], [ -63.626815246545263, 46.427283552362979 ], [ -63.626398218013414, 46.426329036256632 ], [ -63.627202758552663, 46.426159613019607 ], [ -63.630099884267132, 46.432502326666388 ], [ -63.630851189083685, 46.432361143941918 ], [ -63.631593921899636, 46.433829070620575 ], [ -63.625562456640097, 46.431818469936879 ], [ -63.627756616363449, 46.438515615581942 ], [ -63.625748624152237, 46.43866189194663 ], [ -63.626089590383749, 46.441539849537754 ], [ -63.624833435309554, 46.442270922161725 ], [ -63.62523931294055, 46.443525583823394 ], [ -63.626452553528814, 46.443038197444658 ], [ -63.627240893179724, 46.445469600022115 ], [ -63.630430638145604, 46.445629096029968 ] ], [ [ -63.744836391220396, 46.416556585226367 ], [ -63.748307881446081, 46.417366207533014 ], [ -63.748243206032519, 46.417326410050222 ], [ -63.744836391220396, 46.416556585226367 ] ], [ [ -63.67200928415614, 46.425359504119108 ], [ -63.697883595939572, 46.420353702525091 ], [ -63.668814294197546, 46.425900192419427 ], [ -63.67200928415614, 46.425359504119108 ] ] ], [ [ [ -63.632829976716728, 46.441795012221483 ], [ -63.633483368963027, 46.441996933686333 ], [ -63.632535620800645, 46.442130837704354 ], [ -63.632829976716728, 46.441795012221483 ] ] ], [ [ [ -63.626452553528814, 46.443038197444658 ], [ -63.626141893514415, 46.441751388424578 ], [ -63.628295585281855, 46.440814365139694 ], [ -63.629042662862396, 46.442390053258627 ], [ -63.626452553528814, 46.443038197444658 ] ] ] ] } },
{ "type": "Feature", "properties": { "CSDUID": "1103014", "CSDNAME": "Kensington", "PRUID": "11", "PRNAME": "Prince Edward Island", "pop_2021": 629.0, "pop_under_19": 150.0, "pop_0_4": 30.0, "pop_15_19": 50.0, "first_lang_eng_french": 0.0, "first_lang_french": 15.0, "know_eng_french": 60.0, "know_french_only": 0.0, "mother_eng_french": 5.0, "mother_french": 20.0, "mother_french_non_official": 0.0, "first_lang_eng_french_under_19": 0.0, "first_lang_eng_french_under_5": 0.0, "first_lang_french_under_19": 3.5771065182829891, "first_lang_french_under_5": 0.71542130365659784, "know_eng_french_under_19": 14.308426073131956, "know_eng_french_under_5": 2.8616852146263918, "know_french_only_under_19": 0.0, "know_french_only_under_5": 0.0, "mother_eng_french_under_19": 1.192368839427663, "mother_eng_french_under_5": 0.23847376788553259, "mother_french_under_19": 4.7694753577106521, "mother_french_under_5": 0.95389507154213038, "mother_french_non_official_under_19": 0.0, "mother_french_non_official_under_5": 0.0, "share_under_19": 0.23847376788553259, "share_under_5": 0.047694753577106522 }, "geometry": { "type": "MultiPolygon", "coordinates": [ [ [ [ -63.631084823352275, 46.434083444786076 ], [ -63.631593921899636, 46.433829070620575 ], [ -63.630851189083685, 46.432361143941918 ], [ -63.630099884267132, 46.432502326666388 ], [ -63.627202758552663, 46.426159613019607 ], [ -63.626398218013414, 46.426329036256632 ], [ -63.626815246545263, 46.427283552362979 ], [ -63.624546996117054, 46.427750372095076 ], [ -63.623339142941781, 46.424886141180927 ], [ -63.625406544761717, 46.424575285427466 ], [ -63.624958999353545, 46.423280972479787 ], [ -63.627055318834117, 46.422998658161795 ], [ -63.628598545696661, 46.426343372233198 ], [ -63.633850681243814, 46.426041326101213 ], [ -63.634206325764701, 46.426621939158885 ], [ -63.631063688365288, 46.426883785361312 ], [ -63.631961574677753, 46.428866576047099 ], [ -63.632847281238512, 46.428640462652417 ], [ -63.634186037644099, 46.432091124030329 ], [ -63.636070108683086, 46.431576897923364 ], [ -63.635081709732368, 46.428856192090173 ], [ -63.640993087686397, 46.427609753491474 ], [ -63.644467159514129, 46.434343631530119 ], [ -63.64642926261093, 46.433216826284387 ], [ -63.646032331626579, 46.433667427149032 ], [ -63.65030966385779, 46.432417089522687 ], [ -63.650540993737756, 46.431305523198247 ], [ -63.652533190968292, 46.43773691259242 ], [ -63.647767755855689, 46.438901318421301 ], [ -63.649317366835845, 46.440633307172369 ], [ -63.640493093954376, 46.441674484805652 ], [ -63.637327211681765, 46.436690708303601 ], [ -63.631084823352275, 46.434083444786076 ] ], [ [ -63.646759179610015, 46.43622370105804 ], [ -63.643278498417949, 46.436891298769361 ], [ -63.638547011268074, 46.438591804287306 ], [ -63.646759179610015, 46.43622370105804 ] ], [ [ -63.645944636876465, 46.433766979292308 ], [ -63.64588490493415, 46.433834787717238 ], [ -63.646759179610015, 46.43622370105804 ], [ -63.645944636876465, 46.433766979292308 ] ] ], [ [ [ -63.62523931294055, 46.443525583823394 ], [ -63.624833435309554, 46.442270922161725 ], [ -63.626089590383749, 46.441539849537754 ], [ -63.625748624152237, 46.43866189194663 ], [ -63.627756616363449, 46.438515615581942 ], [ -63.625559797595209, 46.431810353840895 ], [ -63.637327211681765, 46.436690708303601 ], [ -63.640763587861848, 46.442489182181141 ], [ -63.640149807073399, 46.442721450773895 ], [ -63.640752232820198, 46.443508327095635 ], [ -63.638316805144612, 46.444013731014756 ], [ -63.638730161152928, 46.444871403069435 ], [ -63.640646202350901, 46.444471867054858 ], [ -63.640863817713893, 46.445444702797118 ], [ -63.639393248573072, 46.445738433233707 ], [ -63.640199631029233, 46.44761639098531 ], [ -63.632342624906286, 46.448646342721197 ], [ -63.630430638145604, 46.445629096029968 ], [ -63.627240893179724, 46.445469600022115 ], [ -63.626452553528814, 46.443038197444658 ], [ -63.62523931294055, 46.443525583823394 ] ], [ [ -63.629042662862396, 46.442390053258627 ], [ -63.628295585281855, 46.440814365139694 ], [ -63.626141893514415, 46.441751388424578 ], [ -63.626452553528814, 46.443038197444658 ], [ -63.629042662862396, 46.442390053258627 ] ], [ [ -63.632535620800645, 46.442130837704354 ], [ -63.633483368963027, 46.441996933686333 ], [ -63.633704434547646, 46.441602717330085 ], [ -63.632535620800645, 46.442130837704354 ] ] ] ] } },
{ "type": "Feature", "properties": { "CSDUID": "1103015", "CSDNAME": "Bedeque and Area", "PRUID": "11", "PRNAME": "Prince Edward Island", "pop_2021": 311.0, "pop_under_19": 65.0, "pop_0_4": 15.0, "pop_15_19": 20.0, "first_lang_eng_french": 0.0, "first_lang_french": 10.0, "know_eng_french": 25.0, "know_french_only": 0.0, "mother_eng_french": 0.0, "mother_french": 10.0, "mother_french_non_official": 0.0, "first_lang_eng_french_under_19": 0.0, "first_lang_eng_french_under_5": 0.0, "first_lang_french_under_19": 2.1057533112582782, "first_lang_french_under_5": 0.48737582781456951, "know_eng_french_under_19": 4.9927566225165565, "know_eng_french_under_5": 1.1310016556291391, "know_french_only_under_19": 0.0, "know_french_only_under_5": 0.0, "mother_eng_french_under_19": 0.0, "mother_eng_french_under_5": 0.0, "mother_french_under_19": 2.1057533112582782, "mother_french_under_5": 0.48737582781456951, "mother_french_non_official_under_19": 0.0, "mother_french_non_official_under_5": 0.0, "share_under_19": 0.20900321543408359, "share_under_5": 0.048231511254019289 }, "geometry": { "type": "Polygon", "coordinates": [ [ [ -63.715543281345333, 46.334120594487707 ], [ -63.716300053422714, 46.331751921370213 ], [ -63.71833030268364, 46.332299191006058 ], [ -63.722451906477716, 46.331535288167373 ], [ -63.722319370015086, 46.330403502898946 ], [ -63.72388038349208, 46.330041810998509 ], [ -63.724877976397771, 46.332506481127517 ], [ -63.725874501177167, 46.333092807834326 ], [ -63.724881938763126, 46.333335905873952 ], [ -63.725088431396173, 46.334880246371441 ], [ -63.725820394859952, 46.334718386370781 ], [ -63.726846163756264, 46.335976792510138 ], [ -63.726296078653455, 46.336257752285434 ], [ -63.726750676245835, 46.337667869755904 ], [ -63.725233102778468, 46.338302452489863 ], [ -63.725766254545952, 46.339633646457237 ], [ -63.723965961524677, 46.340007717464708 ], [ -63.722853080441304, 46.338869755223115 ], [ -63.718633715462488, 46.340365327059459 ], [ -63.717416714780803, 46.339826139407457 ], [ -63.712862787048067, 46.343286275173419 ], [ -63.692900813304, 46.34574242713223 ], [ -63.689571457634365, 46.336896708101825 ], [ -63.712194475738784, 46.334248739550972 ], [ -63.715743614414606, 46.334321437990432 ], [ -63.718242737565696, 46.335631588997821 ], [ -63.715543281345333, 46.334120594487707 ] ], [ [ -63.715767180948014, 46.336992058883617 ], [ -63.714511004387369, 46.33943070159772 ], [ -63.714709539915631, 46.339577779798248 ], [ -63.715767180948014, 46.336992058883617 ] ] ] } },
{ "type": "Feature", "properties": { "CSDUID": "1103016", "CSDNAME": "Lot 18", "PRUID": "11", "PRNAME": "Prince Edward Island", "pop_2021": 0.0, "pop_under_19": 0.0, "pop_0_4": 0.0, "pop_15_19": 0.0, "first_lang_eng_french": 0.0, "first_lang_french": 0.0, "know_eng_french": 0.0, "know_french_only": 0.0, "mother_eng_french": 0.0, "mother_french": 0.0, "mother_french_non_official": 0.0, "first_lang_eng_french_under_19": 0.0, "first_lang_eng_french_under_5": 0.0, "first_lang_french_under_19": 0.0, "first_lang_french_under_5": 0.0, "know_eng_french_under_19": 0.0, "know_eng_french_under_5": 0.0, "know_french_only_under_19": 0.0, "know_french_only_under_5": 0.0, "mother_eng_french_under_19": 0.0, "mother_eng_french_under_5": 0.0, "mother_french_under_19": 0.0, "mother_french_under_5": 0.0, "mother_french_non_official_under_19": 0.0, "mother_french_non_official_under_5": 0.0, "share_under_19": 0.0, "share_under_5": 0.0 }, "geometry": { "type": "MultiPolygon", "coordinates": [ [ [ [ -63.717633645999697, 46.448047775502118 ], [ -63.717715518138391, 46.450055941513014 ], [ -63.713715624906214, 46.45484178549178 ], [ -63.709178853478718, 46.456444954328916 ], [ -63.707729058205331, 46.455103982759482 ], [ -63.704191030415757, 46.454396849813037 ], [ -63.699687067984705, 46.454988789722329 ], [ -63.695158241785435, 46.45956496364758 ], [ -63.694662177016625, 46.463841755722171 ], [ -63.696127557654627, 46.467432705063644 ], [ -63.700360692251685, 46.473535604937801 ], [ -63.702707372650288, 46.474700186548304 ], [ -63.707985188251122, 46.474865619913601 ], [ -63.713793440389544, 46.477736390868515 ], [ -63.718224932391394, 46.477906635792941 ], [ -63.72444562496981, 46.479397336470093 ], [ -63.726720192146153, 46.478023973756848 ], [ -63.72763550050054, 46.478279133806687 ], [ -63.727677991878068, 46.479511828250637 ], [ -63.725490280059219, 46.481541635645023 ], [ -63.721774163242728, 46.483275076624004 ], [ -63.719204406561438, 46.48699009008152 ], [ -63.711741194313035, 46.488188721608452 ], [ -63.712998395709121, 46.488675873336476 ], [ -63.716625022117825, 46.488014240955437 ], [ -63.717161749302463, 46.489198828605382 ], [ -63.718401637183391, 46.488363080173507 ], [ -63.718974541918854, 46.489322453882743 ], [ -63.720106595517052, 46.488217383268662 ], [ -63.722035776357835, 46.488277216162295 ], [ -63.722164426487559, 46.487169449218975 ], [ -63.721302425093107, 46.487012896771404 ], [ -63.722402807882006, 46.486474959186765 ], [ -63.734366118073858, 46.489566645940378 ], [ -63.738319227842567, 46.486085325261122 ], [ -63.741697191265423, 46.487296425188802 ], [ -63.747862132234076, 46.487445281056893 ], [ -63.748281202277617, 46.488549494780671 ], [ -63.746856384890272, 46.491069700354331 ], [ -63.747818657558625, 46.49568018724225 ], [ -63.747455014005538, 46.497671483382618 ], [ -63.744465430448294, 46.49823995870166 ], [ -63.743893042661696, 46.499269640426888 ], [ -63.741508532302227, 46.498340155604247 ], [ -63.741901253005381, 46.499426565768424 ], [ -63.740933308561594, 46.500125820722928 ], [ -63.741036023752223, 46.500971106751891 ], [ -63.743584825824001, 46.499604625300044 ], [ -63.743512859638145, 46.501018023898531 ], [ -63.738131807014348, 46.503050801012684 ], [ -63.732066540030992, 46.506572604540196 ], [ -63.73023384067379, 46.506953325591908 ], [ -63.729527896520494, 46.505823875314114 ], [ -63.728215467603945, 46.508073136527386 ], [ -63.722157509214625, 46.510271436284576 ], [ -63.719417348380624, 46.510054716089456 ], [ -63.721558997112588, 46.511337156345547 ], [ -63.723331612900772, 46.511325967025236 ], [ -63.72052622229932, 46.514070552443258 ], [ -63.715230244681791, 46.515795692659431 ], [ -63.711318889676981, 46.515757098490333 ], [ -63.706052732908034, 46.517805634812518 ], [ -63.703207004114127, 46.517517174448159 ], [ -63.704112322438213, 46.516459203325816 ], [ -63.696277987920162, 46.516281878726396 ], [ -63.694508691914514, 46.517291319037888 ], [ -63.696633216969175, 46.518277371262592 ], [ -63.69542997108347, 46.521038543520653 ], [ -63.698390557462922, 46.527230198998254 ], [ -63.697596401123583, 46.527325029671736 ], [ -63.698053299215012, 46.528384188288456 ], [ -63.703104865642516, 46.52577039283743 ], [ -63.705367290797916, 46.530319228748169 ], [ -63.707072586878397, 46.531100673929622 ], [ -63.711455751349312, 46.531235472927897 ], [ -63.714013665953694, 46.532389471922315 ], [ -63.721815423723079, 46.53070258761587 ], [ -63.730045676980943, 46.532810250804268 ], [ -63.732137611245086, 46.53224791437313 ], [ -63.733943724190773, 46.53370325306026 ], [ -63.724328675090604, 46.539272251545007 ], [ -63.723165597506295, 46.542042474892263 ], [ -63.719751667626582, 46.546230780221421 ], [ -63.719372779501633, 46.548159063962423 ], [ -63.721073196385895, 46.549498278549009 ], [ -63.721401340822091, 46.551620097176794 ], [ -63.718444955564358, 46.554950530268506 ], [ -63.718460397944447, 46.556120367985201 ], [ -63.710845414449039, 46.559407757132931 ], [ -63.707334553245197, 46.56231837722995 ], [ -63.701005354638092, 46.560197453605134 ], [ -63.699914604899618, 46.556541326788384 ], [ -63.700913141244186, 46.556076235026062 ], [ -63.702595312714685, 46.557028875806914 ], [ -63.703789730006029, 46.556580553414626 ], [ -63.703482389975704, 46.556015461907521 ], [ -63.704566724563279, 46.555126837974427 ], [ -63.70599060145021, 46.555271055700253 ], [ -63.708405563014857, 46.553384237695312 ], [ -63.706686049333733, 46.552566903793583 ], [ -63.706518374821641, 46.550705056122268 ], [ -63.704978933562309, 46.554719341253083 ], [ -63.702848906050804, 46.555452402916167 ], [ -63.696669555556738, 46.551710398490464 ], [ -63.695563111640645, 46.551897116312738 ], [ -63.694244006470846, 46.549727249867189 ], [ -63.686201590029647, 46.550198765793638 ], [ -63.680470227204552, 46.546678213209198 ], [ -63.678169569897484, 46.546277891733673 ], [ -63.67687052577179, 46.543558720694712 ], [ -63.676081216453127, 46.538811639876215 ], [ -63.67890523759025, 46.537283004716251 ], [ -63.681425094854326, 46.537510993836044 ], [ -63.686160730306383, 46.533495895640534 ], [ -63.6838346584085, 46.532069900116248 ], [ -63.682557687665849, 46.534228415024018 ], [ -63.678786601130348, 46.535087825702071 ], [ -63.675285441378335, 46.533533621921485 ], [ -63.672700607337042, 46.533305863440212 ], [ -63.670309492336301, 46.536100760394355 ], [ -63.667873051348117, 46.53734794001199 ], [ -63.659704530577187, 46.540194189439141 ], [ -63.656752404915196, 46.541975081267914 ], [ -63.653457748891448, 46.542398950326884 ], [ -63.656159119419819, 46.542527467665707 ], [ -63.655565573825058, 46.543061828706833 ], [ -63.655674698380956, 46.545626064480857 ], [ -63.656974683616312, 46.547427512126518 ], [ -63.657188463058873, 46.550009163859784 ], [ -63.659712126943575, 46.551587534111675 ], [ -63.662196388268988, 46.556351929880087 ], [ -63.671735808396278, 46.558699166837762 ], [ -63.673056162396151, 46.559969333022458 ], [ -63.67711751186193, 46.561322269369448 ], [ -63.68109161636513, 46.559858781439701 ], [ -63.680523122510323, 46.561347071669111 ], [ -63.675529419116714, 46.564769469622931 ], [ -63.667595566938211, 46.567902887061479 ], [ -63.64647675813147, 46.564100411464473 ], [ -63.635469403646006, 46.561174244341501 ], [ -63.636257848648498, 46.560539904296256 ], [ -63.634566284187024, 46.560927284690962 ], [ -63.62335120069514, 46.559117048755056 ], [ -63.588016755253399, 46.471687204260569 ], [ -63.717633645999697, 46.448047775502118 ] ], [ [ -63.665646219771205, 46.537612899765115 ], [ -63.669348897877626, 46.536466400228811 ], [ -63.66946507302417, 46.536343892813697 ], [ -63.665646219771205, 46.537612899765115 ] ], [ [ -63.67250359534227, 46.533330808490007 ], [ -63.673405679653357, 46.532610035222916 ], [ -63.673123188884205, 46.532682391301023 ], [ -63.67250359534227, 46.533330808490007 ] ] ], [ [ [ -63.757926742382587, 46.508501079968326 ], [ -63.758182494151448, 46.505331521833284 ], [ -63.761035588651147, 46.505240581195743 ], [ -63.761235148922097, 46.506463213676184 ], [ -63.760402927533548, 46.507539685313645 ], [ -63.761529608817902, 46.50888212487979 ], [ -63.761083099134666, 46.509578065316674 ], [ -63.763929710413748, 46.509937072148894 ], [ -63.766029482670454, 46.512802886072407 ], [ -63.758653467961217, 46.510143183425058 ], [ -63.757926742382587, 46.508501079968326 ] ] ], [ [ [ -63.770456674617094, 46.516147990668905 ], [ -63.778541815387364, 46.519981066728654 ], [ -63.785954138229634, 46.522288269689788 ], [ -63.789397463221619, 46.525981370190323 ], [ -63.790076707869765, 46.527866583149297 ], [ -63.783839405496337, 46.53207629555277 ], [ -63.780982486995924, 46.531087885625283 ], [ -63.77691858745311, 46.527749726406299 ], [ -63.772335094687925, 46.518070235651109 ], [ -63.770456674617094, 46.516147990668905 ] ] ], [ [ [ -63.744227227459618, 46.533303823792828 ], [ -63.750181128214706, 46.535739814731663 ], [ -63.753556690276504, 46.535591633108965 ], [ -63.755030728019165, 46.536562852237594 ], [ -63.753324457928315, 46.539543958885588 ], [ -63.749037399202955, 46.53981509262826 ], [ -63.747999024419926, 46.539227921414124 ], [ -63.748383608916697, 46.535895587474357 ], [ -63.744885718673153, 46.533776524667452 ], [ -63.742890800097847, 46.533798492950105 ], [ -63.744227227459618, 46.533303823792828 ] ] ], [ [ [ -63.695371540420005, 46.555282115407444 ], [ -63.698360861235365, 46.556442842092274 ], [ -63.69846441394445, 46.559430018687799 ], [ -63.68533027482961, 46.5586995127994 ], [ -63.685149482969429, 46.557809646550787 ], [ -63.695371540420005, 46.555282115407444 ] ] ] ] } },
{ "type": "Feature", "properties": { "CSDUID": "1103018", "CSDNAME": "Sherbrooke", "PRUID": "11", "PRNAME": "Prince Edward Island", "pop_2021": 178.0, "pop_under_19": 30.0, "pop_0_4": 5.0, "pop_15_19": 5.0, "first_lang_eng_french": 0.0, "first_lang_french": 10.0, "know_eng_french": 30.0, "know_french_only": 0.0, "mother_eng_french": 0.0, "mother_french": 10.0, "mother_french_non_official": 0.0, "first_lang_eng_french_under_19": 0.0, "first_lang_eng_french_under_5": 0.0, "first_lang_french_under_19": 1.6853932584269662, "first_lang_french_under_5": 0.2808988764044944, "know_eng_french_under_19": 5.0561797752808983, "know_eng_french_under_5": 0.84269662921348309, "know_french_only_under_19": 0.0, "know_french_only_under_5": 0.0, "mother_eng_french_under_19": 0.0, "mother_eng_french_under_5": 0.0, "mother_french_under_19": 1.6853932584269662, "mother_french_under_5": 0.2808988764044944, "mother_french_non_official_under_19": 0.0, "mother_french_non_official_under_5": 0.0, "share_under_19": 0.16853932584269662, "share_under_5": 0.028089887640449437 }, "geometry": { "type": "Polygon", "coordinates": [ [ [ -63.756986097718972, 46.446346880468354 ], [ -63.751753575572117, 46.444554456764628 ], [ -63.751036730929179, 46.441652261483043 ], [ -63.753768474356107, 46.43960935681794 ], [ -63.752083930519177, 46.433554666889009 ], [ -63.751534405128638, 46.435241210935921 ], [ -63.748960575727573, 46.43740002933702 ], [ -63.749430189135772, 46.43842291860711 ], [ -63.746097374852937, 46.439798728418289 ], [ -63.746115187580422, 46.432275261384405 ], [ -63.748086146330941, 46.432200308508563 ], [ -63.748852955021093, 46.428071175521737 ], [ -63.745782551367924, 46.427835544426372 ], [ -63.747102955620321, 46.422762354447805 ], [ -63.749801691035778, 46.422273602863669 ], [ -63.74789885065794, 46.417999628673563 ], [ -63.748333013701817, 46.417372068887516 ], [ -63.752289287110116, 46.42009879702178 ], [ -63.756473502730316, 46.421538106826326 ], [ -63.781498583566361, 46.42334080722646 ], [ -63.795950075822724, 46.422863093983068 ], [ -63.798322326799415, 46.433601154207025 ], [ -63.797095690324781, 46.433072241216109 ], [ -63.795915861995312, 46.436248015933003 ], [ -63.793938744786281, 46.436520271253073 ], [ -63.791916340080114, 46.440854513701446 ], [ -63.787848373016324, 46.441323602112845 ], [ -63.785733491971236, 46.44272409372735 ], [ -63.782841261620142, 46.442581934950923 ], [ -63.780526902947081, 46.444613686529848 ], [ -63.767411106555571, 46.446079396954133 ], [ -63.765089593480354, 46.44765189727903 ], [ -63.758909779382627, 46.447990064778438 ], [ -63.756986097718972, 46.446346880468354 ] ] ] } },
{ "type": "Feature", "properties": { "CSDUID": "1103019", "CSDNAME": "Lot 17", "PRUID": "11", "PRNAME": "Prince Edward Island", "pop_2021": 17.0, "pop_under_19": 0.0, "pop_0_4": 0.0, "pop_15_19": 0.0, "first_lang_eng_french": 0.0, "first_lang_french": 0.0, "know_eng_french": 0.0, "know_french_only": 0.0, "mother_eng_french": 0.0, "mother_french": 0.0, "mother_french_non_official": 0.0, "first_lang_eng_french_under_19": 0.0, "first_lang_eng_french_under_5": 0.0, "first_lang_french_under_19": 0.0, "first_lang_french_under_5": 0.0, "know_eng_french_under_19": 0.0, "know_eng_french_under_5": 0.0, "know_french_only_under_19": 0.0, "know_french_only_under_5": 0.0, "mother_eng_french_under_19": 0.0, "mother_eng_french_under_5": 0.0, "mother_french_under_19": 0.0, "mother_french_under_5": 0.0, "mother_french_non_official_under_19": 0.0, "mother_french_non_official_under_5": 0.0, "share_under_19": 0.0, "share_under_5": 0.0 }, "geometry": { "type": "MultiPolygon", "coordinates": [ [ [ [ -63.79199924497771, 46.371969903867765 ], [ -63.793075156600892, 46.375337385577694 ], [ -63.792440861559015, 46.377330737097836 ], [ -63.788642619377555, 46.379048950385645 ], [ -63.78694664398715, 46.378664625550201 ], [ -63.785957172160735, 46.374954526899273 ], [ -63.783048216238818, 46.371572560095025 ], [ -63.79199924497771, 46.371969903867765 ] ] ], [ [ [ -63.963105425568322, 46.398384573291338 ], [ -63.960043867546752, 46.396188839538645 ], [ -63.957852845591844, 46.396494306116338 ], [ -63.961926955119907, 46.395003060847721 ], [ -63.963105425568322, 46.398384573291338 ] ] ], [ [ [ -63.797398423779796, 46.449870102184491 ], [ -63.797276682532548, 46.448665001854266 ], [ -63.795066807195234, 46.44622347065151 ], [ -63.792497048236577, 46.444990350969121 ], [ -63.791637828785476, 46.442296406974101 ], [ -63.793334372030323, 46.443556984729121 ], [ -63.797298255093949, 46.442113072769345 ], [ -63.797186817680576, 46.442630781306605 ], [ -63.79938259928398, 46.442569516378633 ], [ -63.7999969298805, 46.440161903180943 ], [ -63.803104288638607, 46.439214160429522 ], [ -63.804853626079627, 46.437736485165125 ], [ -63.811197308540251, 46.43847140964548 ], [ -63.810696745005998, 46.43548521299472 ], [ -63.812710182766992, 46.435096100453656 ], [ -63.811571684588792, 46.433272907816558 ], [ -63.818509746989442, 46.431351292194222 ], [ -63.817355966378344, 46.436786839017017 ], [ -63.822950499270192, 46.438240134980212 ], [ -63.825679547930847, 46.435477228580211 ], [ -63.827988748824737, 46.43491133379807 ], [ -63.830013391240669, 46.436066489632786 ], [ -63.83521396445223, 46.436349958302202 ], [ -63.833961945169392, 46.440548781094613 ], [ -63.836850408987502, 46.440881088162513 ], [ -63.836295982378644, 46.442166015991631 ], [ -63.837615918551833, 46.442186870009358 ], [ -63.839347548049176, 46.437205857583145 ], [ -63.841544978708754, 46.437294763575984 ], [ -63.84370067094018, 46.434339702399257 ], [ -63.84685627350494, 46.432492269422774 ], [ -63.846288466142376, 46.430525030469717 ], [ -63.860794416687988, 46.433491157744875 ], [ -63.853248326389476, 46.443470313382484 ], [ -63.862585698899224, 46.445149615049488 ], [ -63.865030378554415, 46.444209758077079 ], [ -63.872277549250867, 46.435647610627569 ], [ -63.875392769278719, 46.433066330230453 ], [ -63.875493656863789, 46.431927808176248 ], [ -63.883215019434346, 46.424190292221866 ], [ -63.871469165549286, 46.422134344639169 ], [ -63.865881405177241, 46.425906293617118 ], [ -63.85214860089183, 46.42377710785707 ], [ -63.86190283785114, 46.400552871917959 ], [ -63.863334289492073, 46.402061837351681 ], [ -63.865830857283221, 46.402807931479806 ], [ -63.869772611078176, 46.402805025273054 ], [ -63.878743045389861, 46.400810492925345 ], [ -63.880804544973714, 46.401190626735811 ], [ -63.88044431276446, 46.398205489691726 ], [ -63.881317809758293, 46.395903805414108 ], [ -63.880750703616371, 46.394612200012517 ], [ -63.883869472008286, 46.392815183744219 ], [ -63.886490544815274, 46.393226877542922 ], [ -63.889536314878924, 46.39495819193197 ], [ -63.899221072897198, 46.405691171923792 ], [ -63.900630037615343, 46.408299014523664 ], [ -63.902219860028325, 46.40924044653552 ], [ -63.910660271142781, 46.410586505271077 ], [ -63.91326671622609, 46.407721794318256 ], [ -63.915992736854761, 46.408905953863162 ], [ -63.914777400895893, 46.410922625366013 ], [ -63.912840182104851, 46.411010108278333 ], [ -63.91283854658203, 46.413251066687863 ], [ -63.915725255363796, 46.415468903533274 ], [ -63.920623136855973, 46.416554570115629 ], [ -63.921020292866878, 46.417730321895938 ], [ -63.920082148152453, 46.418430846532253 ], [ -63.920782658511961, 46.419073201064535 ], [ -63.92008896882129, 46.419609764925916 ], [ -63.92054423464127, 46.42037107681535 ], [ -63.917596794664114, 46.423868672387854 ], [ -63.91881106616335, 46.423327936127414 ], [ -63.919512379396409, 46.421693361135191 ], [ -63.921279716054038, 46.421544132309641 ], [ -63.923202215595637, 46.419791680439609 ], [ -63.924525127699624, 46.421067938059984 ], [ -63.924570047067945, 46.419105633051423 ], [ -63.927038740985616, 46.418113686086841 ], [ -63.928527040228055, 46.418398598980303 ], [ -63.92893237256191, 46.419277273439164 ], [ -63.930686928013031, 46.418381041678892 ], [ -63.93798987973905, 46.418537367812476 ], [ -63.938337011871162, 46.419047499592963 ], [ -63.937416258564738, 46.419235056189351 ], [ -63.934714370139197, 46.425610978683835 ], [ -63.931620444271886, 46.428876119198939 ], [ -63.935198653322459, 46.425769011880448 ], [ -63.938486818620071, 46.420954219565658 ], [ -63.939047533277474, 46.418744681444316 ], [ -63.941089366604167, 46.417161929850103 ], [ -63.939523470779278, 46.416148843767253 ], [ -63.940774975343388, 46.415526566790341 ], [ -63.937742076400546, 46.413949527371209 ], [ -63.939521010006843, 46.411459998823275 ], [ -63.941716195152154, 46.411999918019518 ], [ -63.941195167615369, 46.414992118789094 ], [ -63.943733806200633, 46.41657315016829 ], [ -63.944117301608017, 46.416174005584637 ], [ -63.942722340658328, 46.414511567092219 ], [ -63.944510393275756, 46.413317848840052 ], [ -63.94542622446729, 46.41360726459385 ], [ -63.945892206875001, 46.412712428034403 ], [ -63.947640049636611, 46.412958966846631 ], [ -63.947527751451396, 46.411735931005104 ], [ -63.949899974664291, 46.41047428793479 ], [ -63.949074649202309, 46.409401153074228 ], [ -63.951175428428698, 46.407502761251457 ], [ -63.954826767783715, 46.407238330604905 ], [ -63.95318345467151, 46.406262055341024 ], [ -63.952810476926068, 46.405014207098468 ], [ -63.942704422251886, 46.401390054102038 ], [ -63.941169122312694, 46.40288767580099 ], [ -63.9410353408202, 46.400404831785792 ], [ -63.94994997968184, 46.396866211139837 ], [ -63.953345632090141, 46.396900968668106 ], [ -63.958546181212569, 46.396554665025917 ], [ -63.959989625215044, 46.396279949980908 ], [ -63.960134549958703, 46.397573149495479 ], [ -63.961877958175386, 46.398332466514638 ], [ -63.961545611397526, 46.399406238612876 ], [ -63.963153155702798, 46.398521430903145 ], [ -63.974531392607688, 46.423151786412788 ], [ -63.977299321948003, 46.439254670541104 ], [ -63.855650577543294, 46.460296624658653 ], [ -63.850683910771004, 46.45691988023087 ], [ -63.851350408870331, 46.453729061201628 ], [ -63.852209392773752, 46.45286767864232 ], [ -63.850885882553136, 46.454002506467262 ], [ -63.849526052497758, 46.456991492052083 ], [ -63.848507620567204, 46.457656024272396 ], [ -63.842986223560018, 46.457861721350206 ], [ -63.84171905293428, 46.459092137962948 ], [ -63.838103293154376, 46.459388692066128 ], [ -63.834638875082973, 46.457659088286682 ], [ -63.835714669250073, 46.455626311872699 ], [ -63.834091269996328, 46.456763123622054 ], [ -63.834071161462894, 46.458005214329177 ], [ -63.828483040906889, 46.457046881608719 ], [ -63.827770717268102, 46.455585083859802 ], [ -63.828279778066964, 46.453088492261735 ], [ -63.826716098554336, 46.45645667396861 ], [ -63.828040395547049, 46.457914062686022 ], [ -63.826558704690214, 46.458104762819133 ], [ -63.818667638799724, 46.455533605277672 ], [ -63.81224359298804, 46.455246442148791 ], [ -63.797398423779796, 46.449870102184491 ] ] ], [ [ [ -63.845497290429748, 46.428635690427107 ], [ -63.846445423044614, 46.42521893903313 ], [ -63.851262452686136, 46.425949541992011 ], [ -63.849913385201646, 46.429152603113053 ], [ -63.845497290429748, 46.428635690427107 ] ] ] ] } },
{ "type": "Feature", "properties": { "CSDUID": "1103023", "CSDNAME": "Linkletter", "PRUID": "11", "PRNAME": "Prince Edward Island", "pop_2021": 0.0, "pop_under_19": 0.0, "pop_0_4": 0.0, "pop_15_19": 0.0, "first_lang_eng_french": 0.0, "first_lang_french": 0.0, "know_eng_french": 0.0, "know_french_only": 0.0, "mother_eng_french": 0.0, "mother_french": 0.0, "mother_french_non_official": 0.0, "first_lang_eng_french_under_19": 0.0, "first_lang_eng_french_under_5": 0.0, "first_lang_french_under_19": 0.0, "first_lang_french_under_5": 0.0, "know_eng_french_under_19": 0.0, "know_eng_french_under_5": 0.0, "know_french_only_under_19": 0.0, "know_french_only_under_5": 0.0, "mother_eng_french_under_19": 0.0, "mother_eng_french_under_5": 0.0, "mother_french_under_19": 0.0, "mother_french_under_5": 0.0, "mother_french_non_official_under_19": 0.0, "mother_french_non_official_under_5": 0.0, "share_under_19": 0.0, "share_under_5": 0.0 }, "geometry": { "type": "Polygon", "coordinates": [ [ [ -63.846445423044614, 46.42521893903313 ], [ -63.846679235780734, 46.424349693776556 ], [ -63.843499504934265, 46.423933782581834 ], [ -63.844383185591575, 46.420660577047748 ], [ -63.838722614134575, 46.418306750099902 ], [ -63.81317307681423, 46.414363832396525 ], [ -63.819636341811616, 46.394374393239708 ], [ -63.826632758209712, 46.393261265621447 ], [ -63.832039846263676, 46.390441123144868 ], [ -63.836058905722467, 46.390447825783042 ], [ -63.859562551120227, 46.39880533554328 ], [ -63.86190283785114, 46.400552871917959 ], [ -63.851262452686136, 46.425949541992011 ], [ -63.846445423044614, 46.42521893903313 ] ] ] } },
{ "type": "Feature", "properties": { "CSDUID": "1103024", "CSDNAME": "Miscouche", "PRUID": "11", "PRNAME": "Prince Edward Island", "pop_2021": 992.0, "pop_under_19": 260.0, "pop_0_4": 60.0, "pop_15_19": 60.0, "first_lang_eng_french": 0.0, "first_lang_french": 75.0, "know_eng_french": 200.0, "know_french_only": 0.0, "mother_eng_french": 15.0, "mother_french": 75.0, "mother_french_non_official": 0.0, "first_lang_eng_french_under_19": 0.0, "first_lang_eng_french_under_5": 0.0, "first_lang_french_under_19": 19.657258064516128, "first_lang_french_under_5": 4.536290322580645, "know_eng_french_under_19": 52.419354838709673, "know_eng_french_under_5": 12.096774193548388, "know_french_only_under_19": 0.0, "know_french_only_under_5": 0.0, "mother_eng_french_under_19": 3.9314516129032255, "mother_eng_french_under_5": 0.907258064516129, "mother_french_under_19": 19.657258064516128, "mother_french_under_5": 4.536290322580645, "mother_french_non_official_under_19": 0.0, "mother_french_non_official_under_5": 0.0, "share_under_19": 0.26209677419354838, "share_under_5": 0.060483870967741937 }, "geometry": { "type": "Polygon", "coordinates": [ [ [ -63.853248326389476, 46.443470313382484 ], [ -63.860794416687988, 46.433491157744875 ], [ -63.846288466142376, 46.430525030469717 ], [ -63.845497290429748, 46.428635690427107 ], [ -63.849913385201646, 46.429152603113053 ], [ -63.85214860089183, 46.42377710785707 ], [ -63.865881405177241, 46.425906293617118 ], [ -63.871469165549286, 46.422134344639169 ], [ -63.883215019434346, 46.424190292221866 ], [ -63.875493656863789, 46.431927808176248 ], [ -63.875392769278719, 46.433066330230453 ], [ -63.872277549250867, 46.435647610627569 ], [ -63.865030378554415, 46.444209758077079 ], [ -63.862585698899224, 46.445149615049488 ], [ -63.853248326389476, 46.443470313382484 ] ] ] } },
{ "type": "Feature", "properties": { "CSDUID": "1103025", "CSDNAME": "Summerside", "PRUID": "11", "PRNAME": "Prince Edward Island", "pop_2021": 14999.0, "pop_under_19": 2930.0, "pop_0_4": 605.0, "pop_15_19": 795.0, "first_lang_eng_french": 15.0, "first_lang_french": 515.0, "know_eng_french": 1885.0, "know_french_only": 15.0, "mother_eng_french": 120.0, "mother_french": 560.0, "mother_french_non_official": 5.0, "first_lang_eng_french_under_19": 3.2559548479196887, "first_lang_eng_french_under_5": 0.77836218546483094, "first_lang_french_under_19": 99.157456351537363, "first_lang_french_under_5": 19.57455883081013, "know_eng_french_under_19": 381.86759565578177, "know_eng_french_under_5": 75.17689466794846, "know_french_only_under_19": 3.7188417573445127, "know_french_only_under_5": 0.78054587278408449, "mother_eng_french_under_19": 23.891487184049868, "mother_eng_french_under_5": 4.697897355439018, "mother_french_under_19": 106.76669541607168, "mother_french_under_5": 21.506050480346779, "mother_french_non_official_under_19": 0.80299785867237683, "mother_french_non_official_under_5": 0.16059957173447531, "share_under_19": 0.19534635642376158, "share_under_5": 0.040336022401493435 }, "geometry": { "type": "Polygon", "coordinates": [ [ [ -63.790422774853717, 46.389184675796059 ], [ -63.791183643938275, 46.388351461172491 ], [ -63.790764177679975, 46.389577530151705 ], [ -63.792514934886533, 46.389849142823763 ], [ -63.791739121790364, 46.388728366412465 ], [ -63.792337343347846, 46.388588026063275 ], [ -63.793316585561094, 46.391204914589899 ], [ -63.794709747926916, 46.391429890109791 ], [ -63.797137246624693, 46.39391853995464 ], [ -63.800582605393089, 46.395237588225768 ], [ -63.798850934398502, 46.394468070964415 ], [ -63.80248671411691, 46.39538551587134 ], [ -63.809485091308524, 46.395333879992776 ], [ -63.815703848819865, 46.393933744613655 ], [ -63.819636341811616, 46.394374393239708 ], [ -63.81317307681423, 46.414363832396525 ], [ -63.838722614134575, 46.418306750099902 ], [ -63.844383185591575, 46.420660577047748 ], [ -63.843499504934265, 46.423933782581834 ], [ -63.846679235780734, 46.424349693776556 ], [ -63.845497290429748, 46.428635690427107 ], [ -63.84685627350494, 46.432492269422774 ], [ -63.84370067094018, 46.434339702399257 ], [ -63.841544978708754, 46.437294763575984 ], [ -63.839347548049176, 46.437205857583145 ], [ -63.837615918551833, 46.442186870009358 ], [ -63.836295982378644, 46.442166015991631 ], [ -63.836850408987502, 46.440881088162513 ], [ -63.833961945169392, 46.440548781094613 ], [ -63.83521396445223, 46.436349958302202 ], [ -63.830013391240669, 46.436066489632786 ], [ -63.827988748824737, 46.43491133379807 ], [ -63.825679547930847, 46.435477228580211 ], [ -63.822950499270192, 46.438240134980212 ], [ -63.817355966378344, 46.436786839017017 ], [ -63.818509746989442, 46.431351292194222 ], [ -63.811571684588792, 46.433272907816558 ], [ -63.812710182766992, 46.435096100453656 ], [ -63.810696745005998, 46.43548521299472 ], [ -63.811197308540251, 46.43847140964548 ], [ -63.804853626079627, 46.437736485165125 ], [ -63.803104288638607, 46.439214160429522 ], [ -63.7999969298805, 46.440161903180943 ], [ -63.79938259928398, 46.442569516378633 ], [ -63.797186817680576, 46.442630781306605 ], [ -63.797298255093949, 46.442113072769345 ], [ -63.793804281290271, 46.443573166177167 ], [ -63.791669628808293, 46.442282211019624 ], [ -63.794634229557985, 46.437964748766831 ], [ -63.793516199698182, 46.437988561277997 ], [ -63.793938744786281, 46.436520271253073 ], [ -63.795915861995312, 46.436248015933003 ], [ -63.797095690324781, 46.433072241216109 ], [ -63.798322326799415, 46.433601154207025 ], [ -63.795952038048753, 46.422886331940084 ], [ -63.782162401133824, 46.423345206835627 ], [ -63.753993813518107, 46.420864998980093 ], [ -63.750134051756973, 46.410928783288533 ], [ -63.757770243198429, 46.409528591817505 ], [ -63.756976504948661, 46.40760357203488 ], [ -63.741080983412687, 46.41020916495205 ], [ -63.740192511671935, 46.411863207297465 ], [ -63.738934949977157, 46.412161936925798 ], [ -63.742558719999089, 46.405977826625019 ], [ -63.739837573939191, 46.410452963339019 ], [ -63.725240761136227, 46.412968140248566 ], [ -63.723349119473049, 46.406824427511715 ], [ -63.728795745187597, 46.405953133354963 ], [ -63.723708258323214, 46.395985055404587 ], [ -63.737966101970841, 46.392933209244298 ], [ -63.737519180819397, 46.391732429528105 ], [ -63.740681786006512, 46.39225730762805 ], [ -63.74241030886914, 46.394073068248318 ], [ -63.74547261802357, 46.394485138414396 ], [ -63.747696078867087, 46.396333559077668 ], [ -63.746196553495722, 46.39320244828626 ], [ -63.749565204455713, 46.391290476034953 ], [ -63.757392929758751, 46.391130893769201 ], [ -63.759878788143951, 46.392185359891968 ], [ -63.760053719785553, 46.393543167358466 ], [ -63.760170918746248, 46.391679433323539 ], [ -63.771080813717091, 46.388717490799145 ], [ -63.780948154638359, 46.389832397070201 ], [ -63.782372232301881, 46.388028602573058 ], [ -63.785256026564717, 46.387682657975482 ], [ -63.787494751975544, 46.3884382110611 ], [ -63.785160671188954, 46.387913198635943 ], [ -63.784887238317509, 46.388999562446301 ], [ -63.78786776658098, 46.389247656893872 ], [ -63.788866460637898, 46.386363377000308 ], [ -63.789718230915511, 46.386512991758963 ], [ -63.788826523028419, 46.388959622491228 ], [ -63.790422774853717, 46.389184675796059 ] ], [ [ -63.800345309219011, 46.39591419695163 ], [ -63.799897910243963, 46.397339299362294 ], [ -63.800582605393089, 46.395237588225768 ], [ -63.800345309219011, 46.39591419695163 ] ], [ [ -63.798059509773779, 46.397046205948932 ], [ -63.80223209855226, 46.39773690029368 ], [ -63.799897910243963, 46.397339299362294 ], [ -63.798059509773779, 46.397046205948932 ] ], [ [ -63.788497115406535, 46.406128121450074 ], [ -63.788447292434526, 46.406121586266082 ], [ -63.783059817494483, 46.423303098606056 ], [ -63.788497115406535, 46.406128121450074 ] ], [ [ -63.828565420948436, 46.426277108679663 ], [ -63.829555916776279, 46.426358396868238 ], [ -63.827562498461432, 46.43410429654687 ], [ -63.829887528046669, 46.426288437612001 ], [ -63.828565420948436, 46.426277108679663 ] ], [ [ -63.790639180520593, 46.411056301874702 ], [ -63.791574703709202, 46.408268891735908 ], [ -63.792097007278379, 46.406600312385166 ], [ -63.790639180520593, 46.411056301874702 ] ], [ [ -63.793393594107982, 46.402703506036296 ], [ -63.793804407166448, 46.401431710586621 ], [ -63.792571404892492, 46.405220094967987 ], [ -63.793393594107982, 46.402703506036296 ] ], [ [ -63.786619700123389, 46.397670772381545 ], [ -63.785525986332971, 46.40110180529183 ], [ -63.784169897899872, 46.405422011094458 ], [ -63.785302493034486, 46.401841289939377 ], [ -63.786619700123389, 46.397670772381545 ] ], [ [ -63.791409901636953, 46.395984381439042 ], [ -63.791236105412757, 46.396544597698764 ], [ -63.791038399746832, 46.397265898199812 ], [ -63.791409901636953, 46.395984381439042 ] ], [ [ -63.793850991246757, 46.395671485511798 ], [ -63.791654209419939, 46.39519687760783 ], [ -63.791621534615345, 46.395302201856978 ], [ -63.793850991246757, 46.395671485511798 ] ], [ [ -63.790390685951792, 46.394923897279284 ], [ -63.790368304857765, 46.395002597173715 ], [ -63.791460907083582, 46.395155115237273 ], [ -63.790390685951792, 46.394923897279284 ] ], [ [ -63.812648706404921, 46.408931099637556 ], [ -63.813967906496337, 46.404751330432177 ], [ -63.813939619948087, 46.404745999461227 ], [ -63.812648706404921, 46.408931099637556 ] ], [ [ -63.810647795344927, 46.411753185557977 ], [ -63.810489915397454, 46.409000402057693 ], [ -63.81041321259687, 46.408441012546774 ], [ -63.810647795344927, 46.411753185557977 ] ], [ [ -63.808005746599157, 46.399549802516965 ], [ -63.809381597825691, 46.400917500003757 ], [ -63.808505515309648, 46.39973569606763 ], [ -63.808005746599157, 46.399549802516965 ] ], [ [ -63.803512795151121, 46.399023884835806 ], [ -63.799105220494788, 46.41236714275874 ], [ -63.803875195663011, 46.398013406252829 ], [ -63.803512795151121, 46.399023884835806 ] ], [ [ -63.79773081189343, 46.40750630263944 ], [ -63.7987108031475, 46.405132398056054 ], [ -63.798649062874198, 46.405065574201515 ], [ -63.79773081189343, 46.40750630263944 ] ], [ [ -63.803822556334154, 46.416992661312065 ], [ -63.803964023321001, 46.417240238693665 ], [ -63.804024695093126, 46.417046801320168 ], [ -63.803822556334154, 46.416992661312065 ] ], [ [ -63.803266507483237, 46.419464100415702 ], [ -63.80020790828862, 46.418721937302536 ], [ -63.800553304850517, 46.419024114853855 ], [ -63.803266507483237, 46.419464100415702 ] ], [ [ -63.811137676441611, 46.421973406237782 ], [ -63.810788603791856, 46.414227102029542 ], [ -63.810608455873187, 46.414194991692654 ], [ -63.811137676441611, 46.421973406237782 ] ], [ [ -63.796499035179295, 46.422867578908729 ], [ -63.800701086305303, 46.422901909113129 ], [ -63.811137676441611, 46.421973406237782 ], [ -63.796499035179295, 46.422867578908729 ] ], [ [ -63.813882301914049, 46.425072091843241 ], [ -63.814604669908661, 46.42513137526889 ], [ -63.800701086305303, 46.422901909113129 ], [ -63.813882301914049, 46.425072091843241 ] ], [ [ -63.804952580118801, 46.414664304555679 ], [ -63.804366988076119, 46.414594946912075 ], [ -63.804353905913331, 46.414650596842655 ], [ -63.804952580118801, 46.414664304555679 ] ], [ [ -63.81948301611903, 46.421337897602896 ], [ -63.818721707633131, 46.420029390528462 ], [ -63.818578428273874, 46.420024275591643 ], [ -63.81948301611903, 46.421337897602896 ] ], [ [ -63.819993555257554, 46.422508046260631 ], [ -63.820047205679572, 46.42251288851746 ], [ -63.82032110436819, 46.421682899806534 ], [ -63.819993555257554, 46.422508046260631 ] ], [ [ -63.78226319460817, 46.404913096324428 ], [ -63.783583902033143, 46.400836211980966 ], [ -63.783159796035335, 46.402108009683722 ], [ -63.78226319460817, 46.404913096324428 ] ], [ [ -63.772050051664124, 46.392988114141446 ], [ -63.775461692661914, 46.400504501809401 ], [ -63.773930892429618, 46.397122011196856 ], [ -63.772050051664124, 46.392988114141446 ] ], [ [ -63.745826890750728, 46.399486706222625 ], [ -63.74352955399381, 46.404321059095416 ], [ -63.744169819659604, 46.403228419806752 ], [ -63.745826890750728, 46.399486706222625 ] ], [ [ -63.742987793105264, 46.396373295996334 ], [ -63.745304692709645, 46.398392094265752 ], [ -63.742684551739586, 46.39583204096958 ], [ -63.742987793105264, 46.396373295996334 ] ], [ [ -63.783641309623583, 46.395759899883785 ], [ -63.782103107726172, 46.395527393836261 ], [ -63.785114385901593, 46.395983791259496 ], [ -63.783641309623583, 46.395759899883785 ] ], [ [ -63.783199995046132, 46.390372087671324 ], [ -63.787804616776057, 46.389494494071329 ], [ -63.780088260245769, 46.390597575105261 ], [ -63.783199995046132, 46.390372087671324 ] ], [ [ -63.778679907450766, 46.39079890422363 ], [ -63.77642656379971, 46.391542969015973 ], [ -63.778871285040481, 46.390771546106009 ], [ -63.778679907450766, 46.39079890422363 ] ], [ [ -63.749045003420157, 46.396045799879289 ], [ -63.747739987451013, 46.393428525620266 ], [ -63.747630915834215, 46.393463097910178 ], [ -63.749045003420157, 46.396045799879289 ] ], [ [ -63.754311997024075, 46.398801105313922 ], [ -63.752995854848351, 46.398679831327335 ], [ -63.753129988796154, 46.398925803095473 ], [ -63.754311997024075, 46.398801105313922 ] ], [ [ -63.7794776096584, 46.404806090346391 ], [ -63.779017904226485, 46.406330196010238 ], [ -63.779590594462526, 46.404517411419079 ], [ -63.777610607143814, 46.405259816112995 ], [ -63.7794776096584, 46.404806090346391 ] ], [ [ -63.777013476826298, 46.403974427457293 ], [ -63.777748110940564, 46.405780912042587 ], [ -63.777610607143814, 46.405259816112995 ], [ -63.777013476826298, 46.403974427457293 ] ], [ [ -63.767826551429629, 46.413994337271404 ], [ -63.765681969223508, 46.412777762972503 ], [ -63.765548831383839, 46.412738286390876 ], [ -63.767826551429629, 46.413994337271404 ] ], [ [ -63.774862990576608, 46.404162500822487 ], [ -63.772733222551715, 46.399207118351839 ], [ -63.772686287879331, 46.399263388063972 ], [ -63.774862990576608, 46.404162500822487 ] ], [ [ -63.773496989771935, 46.398636910019384 ], [ -63.773146789784221, 46.398711294945848 ], [ -63.772956087710718, 46.398939926578578 ], [ -63.773496989771935, 46.398636910019384 ] ], [ [ -63.783235801237353, 46.408326289763899 ], [ -63.782128908848293, 46.411705645351041 ], [ -63.782775908351056, 46.409832401952166 ], [ -63.783235801237353, 46.408326289763899 ] ], [ [ -63.784604993344338, 46.40854189106593 ], [ -63.784628154375362, 46.408507312891686 ], [ -63.783235801237353, 46.408326289763899 ], [ -63.784604993344338, 46.40854189106593 ] ], [ [ -63.784974386589411, 46.40799040680858 ], [ -63.785284117022712, 46.406908301978099 ], [ -63.784757694280984, 46.408313916776294 ], [ -63.784974386589411, 46.40799040680858 ] ], [ [ -63.786734613721727, 46.407348308522245 ], [ -63.786759008860116, 46.407352305852164 ], [ -63.78662089311419, 46.40577419678489 ], [ -63.786734613721727, 46.407348308522245 ] ] ] } },
{ "type": "Feature", "properties": { "CSDUID": "1103026", "CSDNAME": "Lot 15", "PRUID": "11", "PRNAME": "Prince Edward Island", "pop_2021": 0.0, "pop_under_19": 0.0, "pop_0_4": 0.0, "pop_15_19": 0.0, "first_lang_eng_french": 0.0, "first_lang_french": 0.0, "know_eng_french": 0.0, "know_french_only": 0.0, "mother_eng_french": 0.0, "mother_french": 0.0, "mother_french_non_official": 0.0, "first_lang_eng_french_under_19": 0.0, "first_lang_eng_french_under_5": 0.0, "first_lang_french_under_19": 0.0, "first_lang_french_under_5": 0.0, "know_eng_french_under_19": 0.0, "know_eng_french_under_5": 0.0, "know_french_only_under_19": 0.0, "know_french_only_under_5": 0.0, "mother_eng_french_under_19": 0.0, "mother_eng_french_under_5": 0.0, "mother_french_under_19": 0.0, "mother_french_under_5": 0.0, "mother_french_non_official_under_19": 0.0, "mother_french_non_official_under_5": 0.0, "share_under_19": 0.0, "share_under_5": 0.0 }, "geometry": { "type": "Polygon", "coordinates": [ [ [ -63.961926955119907, 46.395003060847721 ], [ -63.981880825288975, 46.387965703459713 ], [ -63.99727649856591, 46.38707648094249 ], [ -64.002742689185908, 46.38515673181783 ], [ -64.025918606968531, 46.388668064829105 ], [ -64.032223570398415, 46.388512305160063 ], [ -64.049959181238535, 46.395739679322297 ], [ -64.058913045213245, 46.397322065126055 ], [ -64.098559815948676, 46.399180002808713 ], [ -64.120720795196021, 46.402087864217812 ], [ -64.124875523337209, 46.401057104065949 ], [ -64.134361069437531, 46.401782373359325 ], [ -64.132722312314272, 46.406829483738711 ], [ -64.133306173578447, 46.415544491676179 ], [ -64.135538685579675, 46.417781305223542 ], [ -64.139633962582622, 46.420098495112434 ], [ -64.140906354599309, 46.42432469963957 ], [ -64.139554838394346, 46.430665007778273 ], [ -64.135595450474895, 46.432423332460679 ], [ -64.127189580711843, 46.44012929524807 ], [ -64.123026890046845, 46.445171673178244 ], [ -64.118391616706631, 46.447662930025679 ], [ -64.110318833124765, 46.456853566985203 ], [ -64.110901697456441, 46.458641896135582 ], [ -64.108148061770947, 46.463976138764018 ], [ -64.101707118679613, 46.469198572970953 ], [ -64.10116728019409, 46.472562832714786 ], [ -64.105347076020095, 46.494771065447871 ], [ -64.105933508468922, 46.504128149897547 ], [ -64.108120989039023, 46.51013520515211 ], [ -64.11083022793585, 46.511226113771535 ], [ -64.113145001259653, 46.519436960288559 ], [ -64.112796629219545, 46.523445183495348 ], [ -64.10306106206292, 46.533943018129541 ], [ -64.098818611442624, 46.534379839707924 ], [ -64.100533042902015, 46.53532631881049 ], [ -64.099515159622825, 46.535939058512589 ], [ -64.097637546866096, 46.539835913358935 ], [ -64.093046799419227, 46.54503663241686 ], [ -64.087854359330564, 46.548767677842072 ], [ -64.08872882659297, 46.549349978637451 ], [ -64.087470692881624, 46.548626594516904 ], [ -64.087137106662553, 46.548251800848512 ], [ -64.042040208423501, 46.428670014117934 ], [ -64.04130719982264, 46.427992309629751 ], [ -63.977299321948003, 46.439254670541104 ], [ -63.974531392607688, 46.423151786412788 ], [ -63.961926955119907, 46.395003060847721 ] ], [ [ -64.077801352316996, 46.456073353978468 ], [ -64.078524342190235, 46.458997395253313 ], [ -64.08130254244891, 46.462915918541135 ], [ -64.084425912286363, 46.461718907206183 ], [ -64.082376044121645, 46.457797195372066 ], [ -64.08218759547178, 46.45550776432502 ], [ -64.086687609751294, 46.455084802129349 ], [ -64.089207674415135, 46.453790442110247 ], [ -64.092376772960435, 46.450392739768979 ], [ -64.090814206599291, 46.450388566805017 ], [ -64.086314718185392, 46.448275235666799 ], [ -64.085310150225638, 46.448886979390885 ], [ -64.078742802061413, 46.448930896167525 ], [ -64.075862306152132, 46.449985497025033 ], [ -64.076034872754065, 46.450818530427419 ], [ -64.077254553433278, 46.450779553751808 ], [ -64.078212624541777, 46.453857251489751 ], [ -64.062679033102057, 46.456152129099848 ], [ -64.062460656664811, 46.457267986343993 ], [ -64.059326453472622, 46.458270010269075 ], [ -64.059909533961118, 46.459086848640545 ], [ -64.077801352316996, 46.456073353978468 ] ] ] } },
{ "type": "Feature", "properties": { "CSDUID": "1103027", "CSDNAME": "Abrams Village", "PRUID": "11", "PRNAME": "Prince Edward Island", "pop_2021": 0.0, "pop_under_19": 0.0, "pop_0_4": 0.0, "pop_15_19": 0.0, "first_lang_eng_french": 0.0, "first_lang_french": 0.0, "know_eng_french": 0.0, "know_french_only": 0.0, "mother_eng_french": 0.0, "mother_french": 0.0, "mother_french_non_official": 0.0, "first_lang_eng_french_under_19": 0.0, "first_lang_eng_french_under_5": 0.0, "first_lang_french_under_19": 0.0, "first_lang_french_under_5": 0.0, "know_eng_french_under_19": 0.0, "know_eng_french_under_5": 0.0, "know_french_only_under_19": 0.0, "know_french_only_under_5": 0.0, "mother_eng_french_under_19": 0.0, "mother_eng_french_under_5": 0.0, "mother_french_under_19": 0.0, "mother_french_under_5": 0.0, "mother_french_non_official_under_19": 0.0, "mother_french_non_official_under_5": 0.0, "share_under_19": 0.0, "share_under_5": 0.0 }, "geometry": { "type": "Polygon", "coordinates": [ [ [ -64.062679033102057, 46.456152129099848 ], [ -64.078212624541777, 46.453857251489751 ], [ -64.077254553433278, 46.450779553751808 ], [ -64.076034872754065, 46.450818530427419 ], [ -64.075862306152132, 46.449985497025033 ], [ -64.078742802061413, 46.448930896167525 ], [ -64.085310150225638, 46.448886979390885 ], [ -64.086314718185392, 46.448275235666799 ], [ -64.090814206599291, 46.450388566805017 ], [ -64.092376772960435, 46.450392739768979 ], [ -64.089207674415135, 46.453790442110247 ], [ -64.086687609751294, 46.455084802129349 ], [ -64.08218759547178, 46.45550776432502 ], [ -64.082376044121645, 46.457797195372066 ], [ -64.084425912286363, 46.461718907206183 ], [ -64.08130254244891, 46.462915918541135 ], [ -64.078524342190235, 46.458997395253313 ], [ -64.077801352316996, 46.456073353978468 ], [ -64.059909533961118, 46.459086848640545 ], [ -64.059326453472622, 46.458270010269075 ], [ -64.062460656664811, 46.457267986343993 ], [ -64.062679033102057, 46.456152129099848 ] ] ] } },
{ "type": "Feature", "properties": { "CSDUID": "1103028", "CSDNAME": "Lot 16", "PRUID": "11", "PRNAME": "Prince Edward Island", "pop_2021": 0.0, "pop_under_19": 0.0, "pop_0_4": 0.0, "pop_15_19": 0.0, "first_lang_eng_french": 0.0, "first_lang_french": 0.0, "know_eng_french": 0.0, "know_french_only": 0.0, "mother_eng_french": 0.0, "mother_french": 0.0, "mother_french_non_official": 0.0, "first_lang_eng_french_under_19": 0.0, "first_lang_eng_french_under_5": 0.0, "first_lang_french_under_19": 0.0, "first_lang_french_under_5": 0.0, "know_eng_french_under_19": 0.0, "know_eng_french_under_5": 0.0, "know_french_only_under_19": 0.0, "know_french_only_under_5": 0.0, "mother_eng_french_under_19": 0.0, "mother_eng_french_under_5": 0.0, "mother_french_under_19": 0.0, "mother_french_under_5": 0.0, "mother_french_non_official_under_19": 0.0, "mother_french_non_official_under_5": 0.0, "share_under_19": 0.0, "share_under_5": 0.0 }, "geometry": { "type": "Polygon", "coordinates": [ [ [ -63.830969481496311, 46.515175417559213 ], [ -63.826881300164843, 46.511218233657658 ], [ -63.827059592316246, 46.510082979487052 ], [ -63.823260585674362, 46.50710452380774 ], [ -63.820368646099666, 46.501149571927478 ], [ -63.817424073061467, 46.500333711447198 ], [ -63.812621295548915, 46.497254064123169 ], [ -63.810254707311216, 46.497603834965844 ], [ -63.808447669605961, 46.496140690349527 ], [ -63.808162436444398, 46.495359748894558 ], [ -63.809394600237738, 46.494091072538929 ], [ -63.809069988088432, 46.492410451761167 ], [ -63.806904267391786, 46.489590864205688 ], [ -63.803560037493213, 46.487238513258475 ], [ -63.803398582859863, 46.48600669262995 ], [ -63.804538924453276, 46.484702734485055 ], [ -63.804047931322707, 46.486749108173072 ], [ -63.807121854620711, 46.486682452062276 ], [ -63.809770359409718, 46.484287825025227 ], [ -63.808985048443148, 46.483168438679421 ], [ -63.810376409956717, 46.482987592312924 ], [ -63.812379449789418, 46.48101146314869 ], [ -63.812030758911696, 46.479466011468602 ], [ -63.80984930930515, 46.47994945015887 ], [ -63.809407938283002, 46.479178622799154 ], [ -63.810261325466712, 46.477867614418543 ], [ -63.808598015045696, 46.478149389282898 ], [ -63.80787079513194, 46.477425550557285 ], [ -63.810591881021381, 46.474688405702196 ], [ -63.810819634007125, 46.468972012876954 ], [ -63.812237537633067, 46.467099022643112 ], [ -63.816918885962785, 46.466597709788672 ], [ -63.819292963542345, 46.467705685820036 ], [ -63.818879802197394, 46.468815606469711 ], [ -63.820606725494422, 46.470189171737232 ], [ -63.830957408746585, 46.471608380960596 ], [ -63.834570366079888, 46.469368157409839 ], [ -63.833876904849745, 46.468311248871885 ], [ -63.834352291555398, 46.467029829059413 ], [ -63.832381524790073, 46.465910225579108 ], [ -63.832990557814476, 46.464852830774944 ], [ -63.832489362355183, 46.462732561998216 ], [ -63.841380244502375, 46.463304462376477 ], [ -63.843319267204208, 46.462526239169698 ], [ -63.843219398219532, 46.461798985737367 ], [ -63.848570714317752, 46.460040484299711 ], [ -63.850844644308424, 46.45804365478503 ], [ -63.855650577543294, 46.460296624658653 ], [ -64.04147621019257, 46.427981808683761 ], [ -64.05574850788436, 46.465209292196981 ], [ -63.934503465382669, 46.487501369746163 ], [ -63.929612681663293, 46.486884094143498 ], [ -63.910462390470251, 46.499872899792813 ], [ -63.895086567803709, 46.503404049152998 ], [ -63.878080338051284, 46.509961213538105 ], [ -63.871111655316895, 46.504824187885582 ], [ -63.870469125518753, 46.502948158342789 ], [ -63.869486599874726, 46.502631635356956 ], [ -63.856948675308907, 46.504283206151293 ], [ -63.848637217868607, 46.503697210445289 ], [ -63.847797160765666, 46.503316459083763 ], [ -63.848173544804347, 46.502377705214414 ], [ -63.842894101252163, 46.504837612362763 ], [ -63.839568628622096, 46.508947903723573 ], [ -63.834416275120759, 46.511262485936292 ], [ -63.833725001945098, 46.512086508954987 ], [ -63.834406296967224, 46.514016431448169 ], [ -63.833675493743321, 46.515668701031117 ], [ -63.831214236339235, 46.517549510891698 ], [ -63.828757587365587, 46.518026314612207 ], [ -63.830969481496311, 46.515175417559213 ] ], [ [ -63.995759339353903, 46.461058582525077 ], [ -64.006130280402431, 46.459833388439179 ], [ -64.006525051118871, 46.461396088821949 ], [ -64.010385157364553, 46.461039669410795 ], [ -64.011650367805203, 46.459790811382128 ], [ -64.010005065220398, 46.454967956190735 ], [ -64.007718650436018, 46.455307135105649 ], [ -64.005821506194579, 46.450811749663103 ], [ -64.008937744580734, 46.447711177020885 ], [ -64.006405849646512, 46.443515416741981 ], [ -64.00082356952592, 46.448374648389326 ], [ -63.999330200895088, 46.445462993856857 ], [ -63.996140539183209, 46.445942027015064 ], [ -63.997725634640503, 46.449782774121672 ], [ -63.990529419756868, 46.451335504618946 ], [ -63.991662259334483, 46.454278798537416 ], [ -63.99400332898297, 46.455093969826173 ], [ -63.995759339353903, 46.461058582525077 ] ] ] } },
{ "type": "Feature", "properties": { "CSDUID": "1103029", "CSDNAME": "Wellington", "PRUID": "11", "PRNAME": "Prince Edward Island", "pop_2021": 0.0, "pop_under_19": 0.0, "pop_0_4": 0.0, "pop_15_19": 0.0, "first_lang_eng_french": 0.0, "first_lang_french": 0.0, "know_eng_french": 0.0, "know_french_only": 0.0, "mother_eng_french": 0.0, "mother_french": 0.0, "mother_french_non_official": 0.0, "first_lang_eng_french_under_19": 0.0, "first_lang_eng_french_under_5": 0.0, "first_lang_french_under_19": 0.0, "first_lang_french_under_5": 0.0, "know_eng_french_under_19": 0.0, "know_eng_french_under_5": 0.0, "know_french_only_under_19": 0.0, "know_french_only_under_5": 0.0, "mother_eng_french_under_19": 0.0, "mother_eng_french_under_5": 0.0, "mother_french_under_19": 0.0, "mother_french_under_5": 0.0, "mother_french_non_official_under_19": 0.0, "mother_french_non_official_under_5": 0.0, "share_under_19": 0.0, "share_under_5": 0.0 }, "geometry": { "type": "Polygon", "coordinates": [ [ [ -63.995759339353903, 46.461058582525077 ], [ -63.99400332898297, 46.455093969826173 ], [ -63.991662259334483, 46.454278798537416 ], [ -63.990529419756868, 46.451335504618946 ], [ -63.997725634640503, 46.449782774121672 ], [ -63.996140539183209, 46.445942027015064 ], [ -63.999330200895088, 46.445462993856857 ], [ -64.00082356952592, 46.448374648389326 ], [ -64.006405849646512, 46.443515416741981 ], [ -64.008937744580734, 46.447711177020885 ], [ -64.005821506194579, 46.450811749663103 ], [ -64.007718650436018, 46.455307135105649 ], [ -64.010005065220398, 46.454967956190735 ], [ -64.011650367805203, 46.459790811382128 ], [ -64.010385157364553, 46.461039669410795 ], [ -64.006525051118871, 46.461396088821949 ], [ -64.006130280402431, 46.459833388439179 ], [ -63.995759339353903, 46.461058582525077 ] ] ] } },
{ "type": "Feature", "properties": { "CSDUID": "1103031", "CSDNAME": "Lot 14", "PRUID": "11", "PRNAME": "Prince Edward Island", "pop_2021": 0.0, "pop_under_19": 0.0, "pop_0_4": 0.0, "pop_15_19": 0.0, "first_lang_eng_french": 0.0, "first_lang_french": 0.0, "know_eng_french": 0.0, "know_french_only": 0.0, "mother_eng_french": 0.0, "mother_french": 0.0, "mother_french_non_official": 0.0, "first_lang_eng_french_under_19": 0.0, "first_lang_eng_french_under_5": 0.0, "first_lang_french_under_19": 0.0, "first_lang_french_under_5": 0.0, "know_eng_french_under_19": 0.0, "know_eng_french_under_5": 0.0, "know_french_only_under_19": 0.0, "know_french_only_under_5": 0.0, "mother_eng_french_under_19": 0.0, "mother_eng_french_under_5": 0.0, "mother_french_under_19": 0.0, "mother_french_under_5": 0.0, "mother_french_non_official_under_19": 0.0, "mother_french_non_official_under_5": 0.0, "share_under_19": 0.0, "share_under_5": 0.0 }, "geometry": { "type": "Polygon", "coordinates": [ [ [ -64.05574850788436, 46.465209292196981 ], [ -64.075764489819079, 46.517967685270676 ], [ -63.923797912408212, 46.545420644298247 ], [ -63.850259664147849, 46.560096537353154 ], [ -63.851693019622012, 46.558301780609405 ], [ -63.856621764646192, 46.556465084847467 ], [ -63.866477544534256, 46.548651263981185 ], [ -63.866729961866163, 46.54648046436715 ], [ -63.864124955921419, 46.542603369907965 ], [ -63.860807054235806, 46.541458450130321 ], [ -63.860639291876112, 46.536617956444999 ], [ -63.862588950058502, 46.534560379200805 ], [ -63.868519964480591, 46.522132091846608 ], [ -63.871815337815491, 46.521117075274859 ], [ -63.869395112063835, 46.522233438649728 ], [ -63.868020593149588, 46.524340781703678 ], [ -63.86873779707517, 46.525163294497617 ], [ -63.872112353039789, 46.523382697026186 ], [ -63.876720126807577, 46.525336377689285 ], [ -63.874814304374148, 46.524388013496193 ], [ -63.872164401485264, 46.520934424889496 ], [ -63.875050404440046, 46.517978523120384 ], [ -63.88222263886955, 46.513270638154999 ], [ -63.878080338051284, 46.509961213538105 ], [ -63.895086567803709, 46.503404049152998 ], [ -63.910462390470251, 46.499872899792813 ], [ -63.929612681663293, 46.486884094143498 ], [ -63.934503465382669, 46.487501369746163 ], [ -64.05574850788436, 46.465209292196981 ] ], [ [ -63.953988428020033, 46.519527666445391 ], [ -63.954276489990647, 46.519558895620783 ], [ -63.966634395169216, 46.516482190528258 ], [ -63.953988428020033, 46.519527666445391 ] ], [ [ -63.950913846354247, 46.519068755327091 ], [ -63.951115482932572, 46.519216206706922 ], [ -63.951939943661209, 46.519305587573974 ], [ -63.950913846354247, 46.519068755327091 ] ], [ [ -63.96076129931803, 46.496933601254028 ], [ -63.961129656716651, 46.496516778138556 ], [ -63.938071506844437, 46.509677499550378 ], [ -63.96076129931803, 46.496933601254028 ] ], [ [ -63.961706797742011, 46.495863701205245 ], [ -63.961739029786891, 46.495483733935842 ], [ -63.961440108133658, 46.496165479841522 ], [ -63.961706797742011, 46.495863701205245 ] ] ] } },
{ "type": "Feature", "properties": { "CSDUID": "1103032", "CSDNAME": "Lot 13", "PRUID": "11", "PRNAME": "Prince Edward Island", "pop_2021": 0.0, "pop_under_19": 0.0, "pop_0_4": 0.0, "pop_15_19": 0.0, "first_lang_eng_french": 0.0, "first_lang_french": 0.0, "know_eng_french": 0.0, "know_french_only": 0.0, "mother_eng_french": 0.0, "mother_french": 0.0, "mother_french_non_official": 0.0, "first_lang_eng_french_under_19": 0.0, "first_lang_eng_french_under_5": 0.0, "first_lang_french_under_19": 0.0, "first_lang_french_under_5": 0.0, "know_eng_french_under_19": 0.0, "know_eng_french_under_5": 0.0, "know_french_only_under_19": 0.0, "know_french_only_under_5": 0.0, "mother_eng_french_under_19": 0.0, "mother_eng_french_under_5": 0.0, "mother_french_under_19": 0.0, "mother_french_under_5": 0.0, "mother_french_non_official_under_19": 0.0, "mother_french_non_official_under_5": 0.0, "share_under_19": 0.0, "share_under_5": 0.0 }, "geometry": { "type": "Polygon", "coordinates": [ [ [ -63.871225971130585, 46.600472471851738 ], [ -63.862788717487312, 46.593005142844326 ], [ -63.86138083548763, 46.593381246572953 ], [ -63.859543577434977, 46.590299263383862 ], [ -63.855009945597274, 46.587561399586676 ], [ -63.848613346908948, 46.585026186003844 ], [ -63.840408329401278, 46.583673830752318 ], [ -63.839052945768039, 46.582117862397816 ], [ -63.832529150104584, 46.579708675812569 ], [ -63.832738809051243, 46.577205311942912 ], [ -63.836359501957993, 46.574173049378118 ], [ -63.839765087755964, 46.573293154682716 ], [ -63.84682980029757, 46.572755100261737 ], [ -63.845491695874522, 46.573142982457817 ], [ -63.847610015747158, 46.575089199402974 ], [ -63.846112953861685, 46.577845122014182 ], [ -63.847566237439061, 46.577303383937434 ], [ -63.848687062512759, 46.575531186332157 ], [ -63.847893335753, 46.573170216447558 ], [ -63.849636341391168, 46.572806299538193 ], [ -63.847234720355218, 46.572779110976015 ], [ -63.847788932738133, 46.572334025238774 ], [ -63.850073504488229, 46.572389067615305 ], [ -63.851710537848504, 46.573591818941452 ], [ -63.852184050420988, 46.575496179927015 ], [ -63.85486516896195, 46.575863162375605 ], [ -63.855431078325658, 46.576992856851874 ], [ -63.856470371193872, 46.575860158344739 ], [ -63.857571882984686, 46.576193870084573 ], [ -63.858013149066764, 46.575209630677655 ], [ -63.860254020019894, 46.575795770818338 ], [ -63.859835447403519, 46.574907962884325 ], [ -63.86136856435953, 46.573654502138446 ], [ -63.855922746388771, 46.575063280304086 ], [ -63.854310233521559, 46.574598377506057 ], [ -63.854124485696268, 46.573573824570481 ], [ -63.852914576850964, 46.572979892078436 ], [ -63.853394305967534, 46.570285457848001 ], [ -63.852859341278347, 46.567044349310684 ], [ -63.848218573156871, 46.565572224147388 ], [ -63.850259664147849, 46.560096537353154 ], [ -63.923797912408212, 46.545420644298247 ], [ -64.075764489819079, 46.517967685270676 ], [ -64.087137106662553, 46.548251800848512 ], [ -64.08872882659297, 46.549349978637451 ], [ -64.087648009881505, 46.548886619756402 ], [ -64.078314679977638, 46.553004321998301 ], [ -64.075449773630922, 46.55873239195045 ], [ -64.075770544495327, 46.559869693358387 ], [ -64.068841888079831, 46.567800261652494 ], [ -64.066596173928744, 46.569063143952683 ], [ -63.899343743377237, 46.599658829831469 ], [ -63.891819426708111, 46.605250227231366 ], [ -63.888593454895606, 46.605411799760397 ], [ -63.871225971130585, 46.600472471851738 ] ], [ [ -63.92760062009279, 46.583702649977525 ], [ -63.929623885128599, 46.581926112249086 ], [ -63.930502808864816, 46.582869186530409 ], [ -63.932034251749741, 46.582630037982781 ], [ -63.931708442911031, 46.581474949509172 ], [ -63.93952786683316, 46.57770614576701 ], [ -63.938132855896114, 46.577542685842545 ], [ -63.934358853259525, 46.567822948244242 ], [ -63.921052005166992, 46.569245359659774 ], [ -63.922343202062095, 46.574750044657129 ], [ -63.918989350695377, 46.576549338129219 ], [ -63.918494249221503, 46.579432736497701 ], [ -63.921171649740856, 46.580912992553976 ], [ -63.923829853736933, 46.580543359104873 ], [ -63.92760062009279, 46.583702649977525 ] ] ] } },
{ "type": "Feature", "properties": { "CSDUID": "1103033", "CSDNAME": "Tyne Valley", "PRUID": "11", "PRNAME": "Prince Edward Island", "pop_2021": 229.0, "pop_under_19": 45.0, "pop_0_4": 10.0, "pop_15_19": 10.0, "first_lang_eng_french": 0.0, "first_lang_french": 5.0, "know_eng_french": 15.0, "know_french_only": 0.0, "mother_eng_french": 5.0, "mother_french": 0.0, "mother_french_non_official": 0.0, "first_lang_eng_french_under_19": 0.0, "first_lang_eng_french_under_5": 0.0, "first_lang_french_under_19": 0.98253275109170302, "first_lang_french_under_5": 0.21834061135371169, "know_eng_french_under_19": 2.947598253275109, "know_eng_french_under_5": 0.65502183406113534, "know_french_only_under_19": 0.0, "know_french_only_under_5": 0.0, "mother_eng_french_under_19": 0.98253275109170302, "mother_eng_french_under_5": 0.21834061135371169, "mother_french_under_19": 0.0, "mother_french_under_5": 0.0, "mother_french_non_official_under_19": 0.0, "mother_french_non_official_under_5": 0.0, "share_under_19": 0.1965065502183406, "share_under_5": 0.043668122270742356 }, "geometry": { "type": "Polygon", "coordinates": [ [ [ -63.92760062009279, 46.583702649977525 ], [ -63.923829853736933, 46.580543359104873 ], [ -63.921171649740856, 46.580912992553976 ], [ -63.918494249221503, 46.579432736497701 ], [ -63.918989350695377, 46.576549338129219 ], [ -63.922343202062095, 46.574750044657129 ], [ -63.921052005166992, 46.569245359659774 ], [ -63.934358853259525, 46.567822948244242 ], [ -63.938132855896114, 46.577542685842545 ], [ -63.93952786683316, 46.57770614576701 ], [ -63.931708442911031, 46.581474949509172 ], [ -63.932034251749741, 46.582630037982781 ], [ -63.930502808864816, 46.582869186530409 ], [ -63.929623885128599, 46.581926112249086 ], [ -63.92760062009279, 46.583702649977525 ] ] ] } },
{ "type": "Feature", "properties": { "CSDUID": "1103034", "CSDNAME": "Lot 12", "PRUID": "11", "PRNAME": "Prince Edward Island", "pop_2021": 0.0, "pop_under_19": 0.0, "pop_0_4": 0.0, "pop_15_19": 0.0, "first_lang_eng_french": 0.0, "first_lang_french": 0.0, "know_eng_french": 0.0, "know_french_only": 0.0, "mother_eng_french": 0.0, "mother_french": 0.0, "mother_french_non_official": 0.0, "first_lang_eng_french_under_19": 0.0, "first_lang_eng_french_under_5": 0.0, "first_lang_french_under_19": 0.0, "first_lang_french_under_5": 0.0, "know_eng_french_under_19": 0.0, "know_eng_french_under_5": 0.0, "know_french_only_under_19": 0.0, "know_french_only_under_5": 0.0, "mother_eng_french_under_19": 0.0, "mother_eng_french_under_5": 0.0, "mother_french_under_19": 0.0, "mother_french_under_5": 0.0, "mother_french_non_official_under_19": 0.0, "mother_french_non_official_under_5": 0.0, "share_under_19": 0.0, "share_under_5": 0.0 }, "geometry": { "type": "MultiPolygon", "coordinates": [ [ [ [ -63.817551125844076, 46.59307292722405 ], [ -63.832240605894931, 46.592409021522812 ], [ -63.831290666304625, 46.594314839609105 ], [ -63.832550050497268, 46.601532230678337 ], [ -63.82733416328729, 46.600265137898703 ], [ -63.818552689268955, 46.600634309813508 ], [ -63.815683795960069, 46.598260929507283 ], [ -63.816438741503092, 46.597238622737414 ], [ -63.816361161275367, 46.593810391966123 ], [ -63.817551125844076, 46.59307292722405 ] ] ], [ [ [ -63.768036906760848, 46.599715686663181 ], [ -63.77297006767774, 46.595893679442632 ], [ -63.77536088201682, 46.595094563566676 ], [ -63.781708713654297, 46.594394387269084 ], [ -63.789667247743644, 46.589552041802897 ], [ -63.793068526889158, 46.590050455412268 ], [ -63.790381514884281, 46.594685782188485 ], [ -63.791219566660253, 46.600241653132684 ], [ -63.788435191298035, 46.604508600155469 ], [ -63.78551713545135, 46.605208952634534 ], [ -63.780384393302256, 46.602178959741849 ], [ -63.768036906760848, 46.599715686663181 ] ] ], [ [ [ -64.046585825307091, 46.634541967996483 ], [ -63.911215380348857, 46.661344504740164 ], [ -63.906588885065865, 46.658268697155201 ], [ -63.90861997371028, 46.657513536933536 ], [ -63.904748565591234, 46.654619328229572 ], [ -63.898586595973065, 46.65255421189476 ], [ -63.895246997974894, 46.650546537972268 ], [ -63.895566390344435, 46.650103090959483 ], [ -63.887353934450033, 46.648970150668866 ], [ -63.887952621678586, 46.645626746250358 ], [ -63.885484933298109, 46.644151961444777 ], [ -63.882092993263981, 46.640470414864637 ], [ -63.879076581655561, 46.638972728516279 ], [ -63.878287205585053, 46.635406039384733 ], [ -63.880075507837269, 46.634501350066465 ], [ -63.880667835758437, 46.631553982023036 ], [ -63.883588826033332, 46.631225489939503 ], [ -63.884102659717769, 46.632292457537673 ], [ -63.885224700328742, 46.630600889979469 ], [ -63.883614745140235, 46.629605402315256 ], [ -63.883774172579109, 46.62816426082275 ], [ -63.881724484638767, 46.626632180338056 ], [ -63.881676591210834, 46.625291626372309 ], [ -63.87962336507519, 46.624335500425829 ], [ -63.880198172746624, 46.622729175129351 ], [ -63.883027317226087, 46.621600463520522 ], [ -63.878087961536515, 46.623087377070604 ], [ -63.877910080172839, 46.620973877389758 ], [ -63.879347865009599, 46.61700308959616 ], [ -63.87845683767042, 46.614400101439806 ], [ -63.879208583978546, 46.612432448316717 ], [ -63.878347685032139, 46.610072211966497 ], [ -63.875476146692634, 46.608537316744375 ], [ -63.876641800777762, 46.607943439783512 ], [ -63.876641782615295, 46.606323541096053 ], [ -63.877728308673866, 46.606225217413694 ], [ -63.871225971130585, 46.600472471851738 ], [ -63.888593454895606, 46.605411799760397 ], [ -63.891819426708111, 46.605250227231366 ], [ -63.899343743377237, 46.599658829831469 ], [ -64.025646016446956, 46.57676362743193 ], [ -64.046585825307091, 46.634541967996483 ] ] ] ] } },
{ "type": "Feature", "properties": { "CSDUID": "1103035", "CSDNAME": "Lennox Island 1", "PRUID": "11", "PRNAME": "Prince Edward Island", "pop_2021": 308.0, "pop_under_19": 115.0, "pop_0_4": 25.0, "pop_15_19": 30.0, "first_lang_eng_french": 0.0, "first_lang_french": 5.0, "know_eng_french": 5.0, "know_french_only": 0.0, "mother_eng_french": 0.0, "mother_french": 5.0, "mother_french_non_official": 0.0, "first_lang_eng_french_under_19": 0.0, "first_lang_eng_french_under_5": 0.0, "first_lang_french_under_19": 1.8668831168831168, "first_lang_french_under_5": 0.40584415584415579, "know_eng_french_under_19": 1.8668831168831168, "know_eng_french_under_5": 0.40584415584415579, "know_french_only_under_19": 0.0, "know_french_only_under_5": 0.0, "mother_eng_french_under_19": 0.0, "mother_eng_french_under_5": 0.0, "mother_french_under_19": 1.8668831168831168, "mother_french_under_5": 0.40584415584415579, "mother_french_non_official_under_19": 0.0, "mother_french_non_official_under_5": 0.0, "share_under_19": 0.37337662337662336, "share_under_5": 0.081168831168831168 }, "geometry": { "type": "MultiPolygon", "coordinates": [ [ [ [ -63.859863266156964, 46.650925940523052 ], [ -63.816777861829017, 46.627618262993145 ], [ -63.75673186430145, 46.601716890363235 ], [ -63.723045452087156, 46.58504281545148 ], [ -63.712121058588814, 46.578127759250556 ], [ -63.709641140348346, 46.575110347165754 ], [ -63.708757516028626, 46.572397979394317 ], [ -63.710698726891977, 46.572151950367875 ], [ -63.713113126817369, 46.573162860044583 ], [ -63.717500296355404, 46.577302177392831 ], [ -63.717097170993824, 46.579392589347876 ], [ -63.720101738491358, 46.577627806929549 ], [ -63.729394312646541, 46.580565777382944 ], [ -63.734597132670444, 46.581180411576675 ], [ -63.733239265229621, 46.582107101677032 ], [ -63.73337729518434, 46.584599066593384 ], [ -63.730073049221147, 46.587374023320244 ], [ -63.736544491060776, 46.589078449245129 ], [ -63.744355291905606, 46.594184574176602 ], [ -63.745437777329769, 46.593151576699505 ], [ -63.74488537047305, 46.589042434774164 ], [ -63.745773898984439, 46.588154707290194 ], [ -63.748875846152856, 46.589700332172242 ], [ -63.750839945754663, 46.593917202413827 ], [ -63.755704741852902, 46.596396032103861 ], [ -63.757442975426116, 46.595592571641738 ], [ -63.758557362095843, 46.595927160148037 ], [ -63.763483975824478, 46.59905320244733 ], [ -63.763921999050254, 46.60049018240332 ], [ -63.765436528425191, 46.601416010572422 ], [ -63.770409390214525, 46.601292625429942 ], [ -63.779119971514831, 46.605967339201513 ], [ -63.781965927078204, 46.605920918673711 ], [ -63.783487863124805, 46.604359310665892 ], [ -63.78551713545135, 46.605208952634534 ], [ -63.784672128527895, 46.606145382521355 ], [ -63.786360334986128, 46.606403753269227 ], [ -63.78713313147184, 46.607469378894827 ], [ -63.788272215636688, 46.606777573957665 ], [ -63.797786299871753, 46.609978435479917 ], [ -63.801505227067381, 46.613327205956963 ], [ -63.805319729983026, 46.615163319011359 ], [ -63.807331078955443, 46.617803955177877 ], [ -63.818269696252834, 46.623458861171301 ], [ -63.821949597528231, 46.627536216657951 ], [ -63.826056645492827, 46.630458449707021 ], [ -63.841854247791204, 46.639108696156093 ], [ -63.846782851006353, 46.639288317207665 ], [ -63.850310467847613, 46.640945043525505 ], [ -63.850825533830111, 46.639627306923963 ], [ -63.852869351326611, 46.638316167808469 ], [ -63.856057400862333, 46.638319352752468 ], [ -63.855910580631232, 46.638950407889979 ], [ -63.852832222205329, 46.63927937965844 ], [ -63.852707030106153, 46.640459227329053 ], [ -63.854309787368969, 46.641842172018507 ], [ -63.855303400497966, 46.644363573597992 ], [ -63.854896637664567, 46.645086569693063 ], [ -63.856642488615918, 46.647242371485582 ], [ -63.859940539250289, 46.646731651053194 ], [ -63.859556869943511, 46.64808445441043 ], [ -63.860845378464006, 46.650225603843055 ], [ -63.86267587586881, 46.650283812811217 ], [ -63.86195643349442, 46.651063187730841 ], [ -63.859863266156964, 46.650925940523052 ] ] ], [ [ [ -63.847001995192478, 46.621512866030336 ], [ -63.842547196688358, 46.620618818747609 ], [ -63.837905243055175, 46.618592051720995 ], [ -63.837095763759372, 46.616915078874612 ], [ -63.837199739565349, 46.614340498028483 ], [ -63.832602435044038, 46.610918260825876 ], [ -63.842707569145176, 46.60654252999371 ], [ -63.843902692185473, 46.605300805157917 ], [ -63.842733304847442, 46.604832466726968 ], [ -63.843595186432402, 46.602315245251965 ], [ -63.856515289879148, 46.59860147517967 ], [ -63.858197956049288, 46.600982718718093 ], [ -63.866830566785637, 46.603572474743636 ], [ -63.869827340886928, 46.608067442167545 ], [ -63.873156455108692, 46.609010329351172 ], [ -63.868936556807597, 46.61034207502999 ], [ -63.868432729340292, 46.609049972501708 ], [ -63.865183564873163, 46.609200590875595 ], [ -63.858037550542036, 46.611495276641485 ], [ -63.856320979688881, 46.614441953618829 ], [ -63.857220048554332, 46.617620996960788 ], [ -63.85975166103195, 46.619959869467323 ], [ -63.866751080434803, 46.620689997825451 ], [ -63.869380190349773, 46.621740980594957 ], [ -63.870008676673038, 46.624283042781038 ], [ -63.875019439036805, 46.627205628670509 ], [ -63.875855350174, 46.628819126595658 ], [ -63.874325202038271, 46.630333725397932 ], [ -63.869673562449826, 46.631089135281805 ], [ -63.866269618942646, 46.630628993585518 ], [ -63.853415286163248, 46.627332825519588 ], [ -63.847535918560119, 46.624757691377866 ], [ -63.847001995192478, 46.621512866030336 ] ] ], [ [ [ -63.859159861796954, 46.644469680438114 ], [ -63.860533829374852, 46.645413284591072 ], [ -63.857988266279705, 46.646404336466581 ], [ -63.857963256950228, 46.644820634291797 ], [ -63.859159861796954, 46.644469680438114 ] ] ], [ [ [ -63.875357055146409, 46.653814237068424 ], [ -63.87342632771734, 46.654845931156167 ], [ -63.869133451610764, 46.653654704210474 ], [ -63.873274034038069, 46.654316118648453 ], [ -63.875357055146409, 46.653814237068424 ] ] ] ] } },
{ "type": "Feature", "properties": { "CSDUID": "1103036", "CSDNAME": "Lot 11", "PRUID": "11", "PRNAME": "Prince Edward Island", "pop_2021": 0.0, "pop_under_19": 0.0, "pop_0_4": 0.0, "pop_15_19": 0.0, "first_lang_eng_french": 0.0, "first_lang_french": 0.0, "know_eng_french": 0.0, "know_french_only": 0.0, "mother_eng_french": 0.0, "mother_french": 0.0, "mother_french_non_official": 0.0, "first_lang_eng_french_under_19": 0.0, "first_lang_eng_french_under_5": 0.0, "first_lang_french_under_19": 0.0, "first_lang_french_under_5": 0.0, "know_eng_french_under_19": 0.0, "know_eng_french_under_5": 0.0, "know_french_only_under_19": 0.0, "know_french_only_under_5": 0.0, "mother_eng_french_under_19": 0.0, "mother_eng_french_under_5": 0.0, "mother_french_under_19": 0.0, "mother_french_under_5": 0.0, "mother_french_non_official_under_19": 0.0, "mother_french_non_official_under_5": 0.0, "share_under_19": 0.0, "share_under_5": 0.0 }, "geometry": { "type": "MultiPolygon", "coordinates": [ [ [ [ -64.011710644409575, 46.735780531821241 ], [ -64.00583651572822, 46.733825473559087 ], [ -63.999354831105634, 46.733675278648789 ], [ -63.98449717662853, 46.729250437816432 ], [ -63.984327021564908, 46.727092092123328 ], [ -63.986232333445514, 46.726076751246936 ], [ -63.985471381503189, 46.724535447655548 ], [ -63.986823805682661, 46.724064817029699 ], [ -63.987404960478884, 46.722925894502389 ], [ -63.984611874496771, 46.72332794522368 ], [ -63.98349645948548, 46.720997711893169 ], [ -63.982289183189422, 46.720810095546483 ], [ -63.984129835876757, 46.719129410472746 ], [ -63.980326950724248, 46.718676094050046 ], [ -63.980530164680943, 46.716892501704457 ], [ -63.975013979822023, 46.714293834242504 ], [ -63.976290476538324, 46.711799145960214 ], [ -63.974024299687457, 46.711647492308963 ], [ -63.968669186612971, 46.708498189058609 ], [ -63.965680337071035, 46.704491776756448 ], [ -63.971587808299262, 46.704918722921306 ], [ -63.971434566483197, 46.7043980651898 ], [ -63.973914147083171, 46.703342056188909 ], [ -63.974723803046714, 46.701085345476891 ], [ -63.978362656559447, 46.699767376836547 ], [ -63.977537393448124, 46.698253558099552 ], [ -63.971389178421354, 46.704056464933331 ], [ -63.964201094039829, 46.702965359583651 ], [ -63.960303751265911, 46.700064367236955 ], [ -63.952459357275949, 46.697313156907761 ], [ -63.94674646005884, 46.693742827183335 ], [ -63.947684540869268, 46.693537074704658 ], [ -63.944878659486633, 46.693137328345408 ], [ -63.945577746762872, 46.692726560275766 ], [ -63.944838734571441, 46.691598761973729 ], [ -63.942589336945176, 46.690852369189834 ], [ -63.942932387533297, 46.690273598933985 ], [ -63.942032392067013, 46.689660054583591 ], [ -63.942019899903961, 46.687437325141097 ], [ -63.942766394308997, 46.686747214641926 ], [ -63.945250890496126, 46.686735722113731 ], [ -63.948601047393694, 46.685376105636124 ], [ -63.950462622736879, 46.686386578471321 ], [ -63.953789070484817, 46.685917921914609 ], [ -63.957685825650621, 46.682204642942054 ], [ -63.96009754835665, 46.682526401593371 ], [ -63.961726935723838, 46.683709653759685 ], [ -63.962578591000359, 46.681596625180077 ], [ -63.96507191257615, 46.681359641751186 ], [ -63.968851114262634, 46.679176857960073 ], [ -63.966995147370945, 46.679219554348734 ], [ -63.965706217720744, 46.680265356959275 ], [ -63.964687854760406, 46.679617025754808 ], [ -63.963485328617971, 46.681112030249452 ], [ -63.959196559318876, 46.681859012025747 ], [ -63.958097891292574, 46.680365335081589 ], [ -63.955059852831361, 46.683081532439012 ], [ -63.953538623526221, 46.682833234909971 ], [ -63.95125079246283, 46.680629443315951 ], [ -63.952903206785678, 46.683135516017025 ], [ -63.952607294419693, 46.68415489970387 ], [ -63.950773372281148, 46.6847191317406 ], [ -63.949062268306257, 46.684085372073717 ], [ -63.945578005579264, 46.685248131947169 ], [ -63.943065709433192, 46.683657994676935 ], [ -63.929638014513159, 46.682246985962756 ], [ -63.925944863123263, 46.680387069823531 ], [ -63.923231062624382, 46.679968033877266 ], [ -63.923279421972431, 46.678968725945872 ], [ -63.925944753411763, 46.677318290092423 ], [ -63.920560952830918, 46.675192915068287 ], [ -63.914403224986124, 46.669014739234356 ], [ -63.912569300867432, 46.664133732644885 ], [ -63.911160437891532, 46.662750065219157 ], [ -63.911215380348857, 46.661344504740164 ], [ -64.046585825307091, 46.634541967996483 ], [ -64.073003948639723, 46.707675102770963 ], [ -64.063209170299601, 46.714548987770421 ], [ -64.060636259675903, 46.718733079835197 ], [ -64.063056205817119, 46.721923555142808 ], [ -64.072198495134785, 46.72356164074705 ], [ -64.074820224754419, 46.740364314520981 ], [ -64.067414603788365, 46.744111073386911 ], [ -64.067784221193293, 46.750258739911885 ], [ -64.063942854959933, 46.749200164497005 ], [ -64.060010561345223, 46.749175150596628 ], [ -64.055851968346246, 46.74673881487918 ], [ -64.055146303730524, 46.744792472054833 ], [ -64.053407093538169, 46.743548596455362 ], [ -64.054222499893186, 46.742398199328861 ], [ -64.051273811137662, 46.739536553307921 ], [ -64.047022445309423, 46.736983749450488 ], [ -64.043671308089301, 46.736294404015688 ], [ -64.035082410409998, 46.73207077830466 ], [ -64.033496046527389, 46.728503392853078 ], [ -64.029822835977527, 46.727357616074684 ], [ -64.02885581702553, 46.728122257777635 ], [ -64.029155591380587, 46.729433458021255 ], [ -64.02360376109948, 46.733442923842595 ], [ -64.020090363190704, 46.737307984527654 ], [ -64.020672284678128, 46.739705595436419 ], [ -64.017967102220553, 46.740638618333151 ], [ -64.013867073031449, 46.738398228771899 ], [ -64.011710644409575, 46.735780531821241 ] ] ], [ [ [ -63.975947552315169, 46.729062703543498 ], [ -63.970093413196814, 46.723730923101144 ], [ -63.939104061902064, 46.701797193343481 ], [ -63.91245640189949, 46.683834186743496 ], [ -63.878172453537026, 46.662225066028086 ], [ -63.874973095802268, 46.65918079751745 ], [ -63.874202368452281, 46.656774845320086 ], [ -63.878006335266733, 46.656808736136306 ], [ -63.883006584718792, 46.66369076328759 ], [ -63.888184766956506, 46.66459559890621 ], [ -63.89000505296265, 46.666390323498412 ], [ -63.893609170798641, 46.666155246365868 ], [ -63.897649791244255, 46.669390389368033 ], [ -63.899057772916279, 46.673096063420331 ], [ -63.901267424346685, 46.67546350805307 ], [ -63.906472435441536, 46.677105267902569 ], [ -63.906820058904259, 46.679127352752189 ], [ -63.908680594836945, 46.679355577764568 ], [ -63.91110329460799, 46.681910122135847 ], [ -63.915125794828747, 46.683164921517182 ], [ -63.923192666309205, 46.689228668099574 ], [ -63.926894292698144, 46.68926171932182 ], [ -63.929245510936781, 46.691384496592718 ], [ -63.929425807664835, 46.69427181494283 ], [ -63.933739419727019, 46.697161455671818 ], [ -63.935663645333193, 46.696488795805664 ], [ -63.93830786756947, 46.69736706637952 ], [ -63.939049008211313, 46.698620901835589 ], [ -63.941261111838749, 46.69871071119875 ], [ -63.94488786179852, 46.70191157966655 ], [ -63.947663955092757, 46.700583722069752 ], [ -63.949513579613608, 46.700883362833743 ], [ -63.948582139223497, 46.701476023237888 ], [ -63.949771065651944, 46.701394183332994 ], [ -63.949800397350728, 46.702320854332427 ], [ -63.950685510167808, 46.702070537813071 ], [ -63.949903115685188, 46.700718138522681 ], [ -63.951593147027332, 46.701613015268656 ], [ -63.953029184564649, 46.703679902995582 ], [ -63.952090139808313, 46.70830437537861 ], [ -63.959033471334166, 46.712539053388433 ], [ -63.96310688884315, 46.716464524878297 ], [ -63.964600973402284, 46.715866993781084 ], [ -63.967463229339785, 46.716418772152046 ], [ -63.968625091015575, 46.714807064803324 ], [ -63.971360059101904, 46.715557819218624 ], [ -63.97296794836349, 46.717659004128315 ], [ -63.972949046201407, 46.718793072858752 ], [ -63.973878586233397, 46.718092214919281 ], [ -63.975011530902115, 46.719243481003083 ], [ -63.97463010529308, 46.720587618238945 ], [ -63.973102566486752, 46.720780608067678 ], [ -63.971194482160186, 46.718726980529013 ], [ -63.970635629984251, 46.718938701608934 ], [ -63.972449531664758, 46.720849143926486 ], [ -63.971941680902553, 46.721717394855119 ], [ -63.973178784015033, 46.725018627445536 ], [ -63.981101314223579, 46.728910651512869 ], [ -63.980732835631571, 46.728076875181493 ], [ -63.982463500941833, 46.729690893312906 ], [ -63.98408989989268, 46.733483608486495 ], [ -63.990282932929205, 46.735742981956868 ], [ -63.989935794522523, 46.7382297861868 ], [ -63.990952777907758, 46.738724947164904 ], [ -63.992589962912916, 46.7380628020111 ], [ -63.996284970807579, 46.740397495232799 ], [ -63.996505860156098, 46.742438393404797 ], [ -63.998835848643552, 46.743138029458613 ], [ -63.997583650638248, 46.743382939963894 ], [ -63.9990830938371, 46.743765814912088 ], [ -64.000364246288129, 46.742962682348065 ], [ -64.002187769736665, 46.744584598502186 ], [ -64.004866853125094, 46.745038063963406 ], [ -64.005651750456494, 46.747118994540777 ], [ -64.004484377426778, 46.747705196609552 ], [ -64.001462827183929, 46.747146720935376 ], [ -63.996859789733683, 46.744595151089172 ], [ -63.975947552315169, 46.729062703543498 ] ] ], [ [ [ -63.961623712180312, 46.708836599226885 ], [ -63.962349409553006, 46.706238704389413 ], [ -63.964882284985038, 46.709628101912145 ], [ -63.964152077899818, 46.710498199677943 ], [ -63.961161883313572, 46.709353434293 ], [ -63.961148465631439, 46.708597599614997 ], [ -63.961623712180312, 46.708836599226885 ] ] ], [ [ [ -63.966624968220778, 46.709775386267857 ], [ -63.968845411610289, 46.711034499844743 ], [ -63.969136227213603, 46.711931965302384 ], [ -63.965150244367081, 46.710714747334521 ], [ -63.966624968220778, 46.709775386267857 ] ] ], [ [ [ -64.016075729225676, 46.745875004701837 ], [ -64.018135194288604, 46.746090685112897 ], [ -64.020589652246457, 46.750586445670535 ], [ -64.019641137029708, 46.751665808793739 ], [ -64.01845528853076, 46.751964338944688 ], [ -64.017148755351542, 46.750023129524635 ], [ -64.013787388791016, 46.748811066785187 ], [ -64.016075729225676, 46.745875004701837 ] ] ], [ [ [ -64.017543256555371, 46.77028588247574 ], [ -64.010293613505482, 46.761521866270776 ], [ -64.007312793564978, 46.756166612406737 ], [ -64.007304119670579, 46.754294866521185 ], [ -64.009404085941156, 46.752458494424232 ], [ -64.013075374825377, 46.751337166767108 ], [ -64.013533835858539, 46.752745968002692 ], [ -64.016692204525242, 46.752897931889663 ], [ -64.017607399209879, 46.754914639307735 ], [ -64.015357024629964, 46.757796378435174 ], [ -64.013960560639376, 46.756647862131629 ], [ -64.013818607439035, 46.755362221754829 ], [ -64.012917396187348, 46.754785269665469 ], [ -64.012378510761025, 46.755374968169129 ], [ -64.013343929969821, 46.757283273279114 ], [ -64.012545322413089, 46.761483970167077 ], [ -64.016516948225075, 46.765858380034381 ], [ -64.023209421921692, 46.768633493889375 ], [ -64.022376449117971, 46.775831315600755 ], [ -64.024246028090104, 46.775643620034742 ], [ -64.027117840943049, 46.777876655822119 ], [ -64.029700716227069, 46.777997451699385 ], [ -64.031589754294842, 46.779510293722701 ], [ -64.031572704962514, 46.78273216541303 ], [ -64.032766294257186, 46.784863217105354 ], [ -64.032449884297279, 46.789554640761665 ], [ -64.033083089790921, 46.792518668399886 ], [ -64.036123733476344, 46.794605971769435 ], [ -64.035333778605022, 46.797825820437218 ], [ -64.042703201891669, 46.799432766447602 ], [ -64.03749182295654, 46.801018980206315 ], [ -64.031673866546072, 46.796940954127592 ], [ -64.029252115480773, 46.792949138038971 ], [ -64.0265057622439, 46.783578664914081 ], [ -64.017543256555371, 46.77028588247574 ] ] ], [ [ [ -64.053976383117643, 46.789529388202546 ], [ -64.053449047319958, 46.791379082455975 ], [ -64.050643192621038, 46.792628760083183 ], [ -64.043726867005631, 46.793411976784228 ], [ -64.040459126113802, 46.792469823919497 ], [ -64.039673607728488, 46.789102278488649 ], [ -64.040369925966914, 46.785802255138648 ], [ -64.044912547233267, 46.782233162852727 ], [ -64.053976383117643, 46.789529388202546 ] ] ] ] } },
{ "type": "Feature", "properties": { "CSDUID": "1103038", "CSDNAME": "Lot 10", "PRUID": "11", "PRNAME": "Prince Edward Island", "pop_2021": 0.0, "pop_under_19": 0.0, "pop_0_4": 0.0, "pop_15_19": 0.0, "first_lang_eng_french": 0.0, "first_lang_french": 0.0, "know_eng_french": 0.0, "know_french_only": 0.0, "mother_eng_french": 0.0, "mother_french": 0.0, "mother_french_non_official": 0.0, "first_lang_eng_french_under_19": 0.0, "first_lang_eng_french_under_5": 0.0, "first_lang_french_under_19": 0.0, "first_lang_french_under_5": 0.0, "know_eng_french_under_19": 0.0, "know_eng_french_under_5": 0.0, "know_french_only_under_19": 0.0, "know_french_only_under_5": 0.0, "mother_eng_french_under_19": 0.0, "mother_eng_french_under_5": 0.0, "mother_french_under_19": 0.0, "mother_french_under_5": 0.0, "mother_french_non_official_under_19": 0.0, "mother_french_non_official_under_5": 0.0, "share_under_19": 0.0, "share_under_5": 0.0 }, "geometry": { "type": "Polygon", "coordinates": [ [ [ -64.07122495067911, 46.702746445802006 ], [ -64.025646016446956, 46.57676362743193 ], [ -64.059392368936372, 46.570714123056938 ], [ -64.057662102469706, 46.571980954291526 ], [ -64.055577799368237, 46.576411907363266 ], [ -64.062828951690676, 46.581476676070167 ], [ -64.065299807708996, 46.581494580825058 ], [ -64.068546608070946, 46.583327165632213 ], [ -64.072307215320009, 46.584065940572486 ], [ -64.079953770628521, 46.581978118852575 ], [ -64.081012250815391, 46.58269709628469 ], [ -64.080153788223654, 46.582849184055398 ], [ -64.08029966000727, 46.583621768443926 ], [ -64.083287692086444, 46.584880440176356 ], [ -64.085493910572097, 46.582933640206313 ], [ -64.086475085195701, 46.585660155663462 ], [ -64.085354604424779, 46.586417743153376 ], [ -64.083960657072282, 46.585900012400067 ], [ -64.079782986708182, 46.587838417621782 ], [ -64.077399202801331, 46.592702600043239 ], [ -64.074191853437497, 46.594892642388999 ], [ -64.075162558635597, 46.595126522429091 ], [ -64.075145413252059, 46.596899579890916 ], [ -64.078392829272715, 46.603303640286406 ], [ -64.081416225323437, 46.605632983277097 ], [ -64.082539975722455, 46.607638234537099 ], [ -64.081150329050956, 46.608677308076537 ], [ -64.080213354968791, 46.608182196946231 ], [ -64.081711747400988, 46.608015039513909 ], [ -64.08051148048952, 46.607414421685995 ], [ -64.076964101065656, 46.606979892101677 ], [ -64.075889908451259, 46.607466967621313 ], [ -64.079079063878197, 46.608273889015038 ], [ -64.074481543977811, 46.61020705523466 ], [ -64.07810339906932, 46.610433970603687 ], [ -64.080712529640437, 46.609644383867789 ], [ -64.07969323704377, 46.610922919089226 ], [ -64.081049139363927, 46.618028690705131 ], [ -64.08219016117252, 46.620231769819782 ], [ -64.081856951097137, 46.622520790442302 ], [ -64.079176348140649, 46.62565992137943 ], [ -64.077053075768646, 46.625958919175304 ], [ -64.076486898217382, 46.625073289294022 ], [ -64.074812889419022, 46.626951913158422 ], [ -64.070224150157699, 46.628092860986989 ], [ -64.067384746987358, 46.63051325717219 ], [ -64.066292268798037, 46.634087220964169 ], [ -64.066264118153853, 46.637975228613307 ], [ -64.068419302105156, 46.639269027181165 ], [ -64.069982302354859, 46.639020439329208 ], [ -64.067123163010791, 46.643123869363414 ], [ -64.06995990138887, 46.641198508612632 ], [ -64.070471949375204, 46.641985668354984 ], [ -64.069568950332695, 46.641913113874807 ], [ -64.070349207041218, 46.643048755753554 ], [ -64.071321051647473, 46.642634689694511 ], [ -64.071385613605685, 46.643920996611996 ], [ -64.072279278403997, 46.643516655711714 ], [ -64.074574184748826, 46.645250003127245 ], [ -64.074944868308108, 46.644832537399509 ], [ -64.076093643557201, 46.648070521308441 ], [ -64.075343370363797, 46.650435426077415 ], [ -64.07603348528437, 46.651625858005858 ], [ -64.077401994239622, 46.648148210230708 ], [ -64.077247628996716, 46.646295781419497 ], [ -64.077833046871689, 46.646164290863247 ], [ -64.078122417366799, 46.647574450687941 ], [ -64.079080303987254, 46.646458487758458 ], [ -64.07803671463121, 46.645892385218019 ], [ -64.07694672473086, 46.642986832812532 ], [ -64.078976016577954, 46.641212816022495 ], [ -64.074950793170231, 46.642492630090196 ], [ -64.07588840821461, 46.641673880336697 ], [ -64.074267110985616, 46.640960155573119 ], [ -64.074909607243214, 46.64041415101282 ], [ -64.072463616529333, 46.636315370276712 ], [ -64.073146228433686, 46.633834137658361 ], [ -64.08448337289046, 46.633034272390987 ], [ -64.089935315260689, 46.628680723387049 ], [ -64.090133483564514, 46.627490903004208 ], [ -64.089294064391993, 46.62667095480441 ], [ -64.090038069232918, 46.625340948067603 ], [ -64.0925406444385, 46.622473258972491 ], [ -64.096608889319739, 46.620055374425689 ], [ -64.099337110395922, 46.614842759066022 ], [ -64.09848498950187, 46.614136838347292 ], [ -64.103389808249503, 46.609355892100076 ], [ -64.107236605115332, 46.602677118138942 ], [ -64.113160687915126, 46.600746024963065 ], [ -64.11427907515791, 46.598889131262816 ], [ -64.113788605577909, 46.598086781705653 ], [ -64.116755771985126, 46.593171124990896 ], [ -64.118668202980189, 46.591952667694784 ], [ -64.13862912341753, 46.649411980814463 ], [ -64.152891850215255, 46.687664748676632 ], [ -64.07122495067911, 46.702746445802006 ] ] ] } },
{ "type": "Feature", "properties": { "CSDUID": "1103041", "CSDNAME": "Lot  6", "PRUID": "11", "PRNAME": "Prince Edward Island", "pop_2021": 389.0, "pop_under_19": 75.0, "pop_0_4": 15.0, "pop_15_19": 15.0, "first_lang_eng_french": 0.0, "first_lang_french": 5.0, "know_eng_french": 20.0, "know_french_only": 0.0, "mother_eng_french": 0.0, "mother_french": 5.0, "mother_french_non_official": 0.0, "first_lang_eng_french_under_19": 0.0, "first_lang_eng_french_under_5": 0.0, "first_lang_french_under_19": 0.96401028277634959, "first_lang_french_under_5": 0.19280205655526991, "know_eng_french_under_19": 3.8560411311053984, "know_eng_french_under_5": 0.77120822622107965, "know_french_only_under_19": 0.0, "know_french_only_under_5": 0.0, "mother_eng_french_under_19": 0.0, "mother_eng_french_under_5": 0.0, "mother_french_under_19": 0.96401028277634959, "mother_french_under_5": 0.19280205655526991, "mother_french_non_official_under_19": 0.0, "mother_french_non_official_under_5": 0.0, "share_under_19": 0.19280205655526991, "share_under_5": 0.038560411311053984 }, "geometry": { "type": "Polygon", "coordinates": [ [ [ -64.159013855325028, 46.700312367775389 ], [ -64.25990678795911, 46.68168129032 ], [ -64.266620791632221, 46.699882198199809 ], [ -64.27064992856512, 46.699182113614079 ], [ -64.278810800258952, 46.719921071071539 ], [ -64.165723832243415, 46.739609536020289 ], [ -64.077396196212248, 46.758129312566446 ], [ -64.07551647535702, 46.755977882051518 ], [ -64.077354505095769, 46.752936845532886 ], [ -64.067784221193293, 46.750258739911885 ], [ -64.067414603788365, 46.744111073386911 ], [ -64.074820224754419, 46.740364314520981 ], [ -64.072198495134785, 46.72356164074705 ], [ -64.063056205817119, 46.721923555142808 ], [ -64.060636259675903, 46.718733079835197 ], [ -64.063209170299601, 46.714548987770421 ], [ -64.073003948639723, 46.707675102770963 ], [ -64.07122495067911, 46.702746445802006 ], [ -64.152891850215255, 46.687664748676632 ], [ -64.159013855325028, 46.700312367775389 ] ], [ [ -64.123404602934784, 46.703177903919958 ], [ -64.135047590388382, 46.699463188626922 ], [ -64.123310964798122, 46.703184601102741 ], [ -64.123404602934784, 46.703177903919958 ] ], [ [ -64.224214568001955, 46.718921626195211 ], [ -64.222982621932587, 46.714382027858719 ], [ -64.227120846277188, 46.713966387132572 ], [ -64.228211359111953, 46.709729935313611 ], [ -64.233863252877313, 46.708759729350525 ], [ -64.233433548778535, 46.707848268397278 ], [ -64.235977746078888, 46.707324791302923 ], [ -64.236388208170652, 46.708291940121562 ], [ -64.240054476578564, 46.707425736089682 ], [ -64.239152557030977, 46.705158385986792 ], [ -64.239776813325719, 46.70453060562965 ], [ -64.239119320130285, 46.704917643728045 ], [ -64.236374861983251, 46.699023223810173 ], [ -64.232192295271545, 46.699768145501537 ], [ -64.231617669505752, 46.698266932367218 ], [ -64.227516660915157, 46.699013544734768 ], [ -64.228555258832515, 46.702998100165701 ], [ -64.225346499328538, 46.703853736212793 ], [ -64.225701766977934, 46.705121109601777 ], [ -64.215096695272649, 46.706740866942894 ], [ -64.215704533426248, 46.709636728310521 ], [ -64.218977737686942, 46.70909964183663 ], [ -64.222076410303913, 46.719280747862619 ], [ -64.224214568001955, 46.718921626195211 ] ], [ [ -64.101847597418043, 46.721872086674274 ], [ -64.128192298649651, 46.725143109909496 ], [ -64.128337082027713, 46.725074648721261 ], [ -64.101847597418043, 46.721872086674274 ] ] ] } },
{ "type": "Feature", "properties": { "CSDUID": "1103042", "CSDNAME": "O'Leary", "PRUID": "11", "PRNAME": "Prince Edward Island", "pop_2021": 876.0, "pop_under_19": 155.0, "pop_0_4": 40.0, "pop_15_19": 35.0, "first_lang_eng_french": 0.0, "first_lang_french": 10.0, "know_eng_french": 35.0, "know_french_only": 0.0, "mother_eng_french": 0.0, "mother_french": 10.0, "mother_french_non_official": 0.0, "first_lang_eng_french_under_19": 0.0, "first_lang_eng_french_under_5": 0.0, "first_lang_french_under_19": 1.371308016877637, "first_lang_french_under_5": 0.52742616033755274, "know_eng_french_under_19": 6.1008249889791548, "know_eng_french_under_5": 1.6145538132124191, "know_french_only_under_19": 0.0, "know_french_only_under_5": 0.0, "mother_eng_french_under_19": 0.0, "mother_eng_french_under_5": 0.0, "mother_french_under_19": 1.371308016877637, "mother_french_under_5": 0.52742616033755274, "mother_french_non_official_under_19": 0.0, "mother_french_non_official_under_5": 0.0, "share_under_19": 0.1769406392694064, "share_under_5": 0.045662100456621002 }, "geometry": { "type": "Polygon", "coordinates": [ [ [ -64.231617669505752, 46.698266932367218 ], [ -64.232192295271545, 46.699768145501537 ], [ -64.236374861983251, 46.699023223810173 ], [ -64.238998881152071, 46.704662291188413 ], [ -64.225260745506915, 46.707044313880232 ], [ -64.239776813325719, 46.70453060562965 ], [ -64.239152557030977, 46.705158385986792 ], [ -64.240054476578564, 46.707425736089682 ], [ -64.236388208170652, 46.708291940121562 ], [ -64.235977746078888, 46.707324791302923 ], [ -64.233433548778535, 46.707848268397278 ], [ -64.233863252877313, 46.708759729350525 ], [ -64.228211359111953, 46.709729935313611 ], [ -64.227120846277188, 46.713966387132572 ], [ -64.222982621932587, 46.714382027858719 ], [ -64.224214568001955, 46.718921626195211 ], [ -64.222076410303913, 46.719280747862619 ], [ -64.218977737686942, 46.70909964183663 ], [ -64.215704533426248, 46.709636728310521 ], [ -64.215096695272649, 46.706740866942894 ], [ -64.225701766977934, 46.705121109601777 ], [ -64.225346499328538, 46.703853736212793 ], [ -64.228555258832515, 46.702998100165701 ], [ -64.227516660915157, 46.699013544734768 ], [ -64.231617669505752, 46.698266932367218 ] ] ] } },
{ "type": "Feature", "properties": { "CSDUID": "1103044", "CSDNAME": "Lot  9", "PRUID": "11", "PRNAME": "Prince Edward Island", "pop_2021": 312.0, "pop_under_19": 80.0, "pop_0_4": 15.0, "pop_15_19": 15.0, "first_lang_eng_french": 0.0, "first_lang_french": 0.0, "know_eng_french": 20.0, "know_french_only": 0.0, "mother_eng_french": 0.0, "mother_french": 0.0, "mother_french_non_official": 0.0, "first_lang_eng_french_under_19": 0.0, "first_lang_eng_french_under_5": 0.0, "first_lang_french_under_19": 0.0, "first_lang_french_under_5": 0.0, "know_eng_french_under_19": 5.1282051282051277, "know_eng_french_under_5": 0.96153846153846156, "know_french_only_under_19": 0.0, "know_french_only_under_5": 0.0, "mother_eng_french_under_19": 0.0, "mother_eng_french_under_5": 0.0, "mother_french_under_19": 0.0, "mother_french_under_5": 0.0, "mother_french_non_official_under_19": 0.0, "mother_french_non_official_under_5": 0.0, "share_under_19": 0.25641025641025639, "share_under_5": 0.04807692307692308 }, "geometry": { "type": "MultiPolygon", "coordinates": [ [ [ [ -64.220097946204632, 46.624535510086112 ], [ -64.232298786927061, 46.623668623891028 ], [ -64.238698136689479, 46.623938512413204 ], [ -64.238902422482909, 46.624483492513569 ], [ -64.234307685106415, 46.626197162380549 ], [ -64.228983274557109, 46.625396968627889 ], [ -64.226187507615933, 46.625834514531824 ], [ -64.225930080111723, 46.624847335981556 ], [ -64.220308739682153, 46.625398060658114 ], [ -64.220097946204632, 46.624535510086112 ] ] ], [ [ [ -64.118375994967451, 46.591873634945493 ], [ -64.126218997132071, 46.588686584969381 ], [ -64.120737934461275, 46.58875841171924 ], [ -64.120711141888705, 46.588092715932667 ], [ -64.115846820124389, 46.5864123566515 ], [ -64.108419498078476, 46.587051545671322 ], [ -64.109556269203935, 46.585186625134227 ], [ -64.11404942059886, 46.585331936693372 ], [ -64.127249107870256, 46.588001464074367 ], [ -64.139329012810492, 46.592615537663669 ], [ -64.142640822362324, 46.593041466664381 ], [ -64.152648207936195, 46.596468885331369 ], [ -64.158030485347268, 46.599690332024643 ], [ -64.16245034787525, 46.601229414975165 ], [ -64.181513242584174, 46.613237427598229 ], [ -64.186242239657346, 46.615096367048835 ], [ -64.188238422411942, 46.615003646390541 ], [ -64.190821009448356, 46.617235669084081 ], [ -64.188955232972575, 46.616724104251432 ], [ -64.190514310788259, 46.618138791936815 ], [ -64.191492711792364, 46.62524045086419 ], [ -64.193474602474026, 46.626509950750958 ], [ -64.209660619334926, 46.626892409069967 ], [ -64.217159026280171, 46.630220244279954 ], [ -64.230714217188577, 46.629025698982453 ], [ -64.232934718584232, 46.630162717987027 ], [ -64.233553936401705, 46.632117933597442 ], [ -64.233989355889435, 46.630007366561053 ], [ -64.232533508893539, 46.629177108013742 ], [ -64.232650212415066, 46.628563898878873 ], [ -64.237356857189894, 46.627586135299268 ], [ -64.239393650695106, 46.62579773937766 ], [ -64.25990678795911, 46.68168129032 ], [ -64.159013855325028, 46.700312367775389 ], [ -64.153470070558114, 46.690002310362409 ], [ -64.118375994967451, 46.591873634945493 ] ] ] ] } },
{ "type": "Feature", "properties": { "CSDUID": "1103046", "CSDNAME": "Lot  8", "PRUID": "11", "PRNAME": "Prince Edward Island", "pop_2021": 0.0, "pop_under_19": 0.0, "pop_0_4": 0.0, "pop_15_19": 0.0, "first_lang_eng_french": 0.0, "first_lang_french": 0.0, "know_eng_french": 0.0, "know_french_only": 0.0, "mother_eng_french": 0.0, "mother_french": 0.0, "mother_french_non_official": 0.0, "first_lang_eng_french_under_19": 0.0, "first_lang_eng_french_under_5": 0.0, "first_lang_french_under_19": 0.0, "first_lang_french_under_5": 0.0, "know_eng_french_under_19": 0.0, "know_eng_french_under_5": 0.0, "know_french_only_under_19": 0.0, "know_french_only_under_5": 0.0, "mother_eng_french_under_19": 0.0, "mother_eng_french_under_5": 0.0, "mother_french_under_19": 0.0, "mother_french_under_5": 0.0, "mother_french_non_official_under_19": 0.0, "mother_french_non_official_under_5": 0.0, "share_under_19": 0.0, "share_under_5": 0.0 }, "geometry": { "type": "MultiPolygon", "coordinates": [ [ [ [ -64.288790661898588, 46.623629106791604 ], [ -64.300426378906266, 46.622701792660258 ], [ -64.309740252249938, 46.622730507358739 ], [ -64.30186934975238, 46.623504329656051 ], [ -64.298258970092618, 46.625471252769266 ], [ -64.297877639717484, 46.624818608195469 ], [ -64.298583395613818, 46.624288633012121 ], [ -64.301993044063749, 46.623214932356625 ], [ -64.300047336146307, 46.623237072628243 ], [ -64.293522837591297, 46.626802831485001 ], [ -64.29355339493803, 46.625344569652569 ], [ -64.291202942758744, 46.624326493798925 ], [ -64.281306286777635, 46.627495718804788 ], [ -64.283334782649732, 46.625711793096222 ], [ -64.288790661898588, 46.623629106791604 ] ] ], [ [ [ -64.2696050288083, 46.625977957289123 ], [ -64.275112177800352, 46.62739983403349 ], [ -64.268897111553514, 46.626226618385786 ], [ -64.263477510304824, 46.625619831371914 ], [ -64.25237325263123, 46.624890898924932 ], [ -64.238902422482909, 46.624483492513569 ], [ -64.238698136689479, 46.623938512413204 ], [ -64.2696050288083, 46.625977957289123 ] ] ], [ [ [ -64.290218683057475, 46.629584986757664 ], [ -64.290714837637651, 46.630513267457566 ], [ -64.292747744135823, 46.630756232623888 ], [ -64.292744002317022, 46.629205500581065 ], [ -64.301140367980068, 46.630694202560392 ], [ -64.30328561280723, 46.630264823793695 ], [ -64.307939437031948, 46.627682851277889 ], [ -64.30960841967935, 46.624846914003534 ], [ -64.312775637559781, 46.625098587311129 ], [ -64.313669532620139, 46.62587128832655 ], [ -64.320651266557533, 46.625052921073241 ], [ -64.322397916489223, 46.626508668928558 ], [ -64.322462956266349, 46.627569856774407 ], [ -64.32341477383072, 46.627495847086998 ], [ -64.323680347695458, 46.626601817181147 ], [ -64.322915359529176, 46.625764734351087 ], [ -64.323752499249721, 46.624738106135077 ], [ -64.323106398455636, 46.622882677901899 ], [ -64.324327625655158, 46.622076602822766 ], [ -64.32282418570621, 46.622021984654786 ], [ -64.319668428705086, 46.623849347864009 ], [ -64.322826049910091, 46.62156300201314 ], [ -64.338737954637793, 46.620612923995502 ], [ -64.343061453323429, 46.619563312628415 ], [ -64.371170176591519, 46.620633749455934 ], [ -64.372478555787907, 46.620204084686208 ], [ -64.372569229819362, 46.619141050780392 ], [ -64.378449588500089, 46.618224381820035 ], [ -64.382182564866127, 46.615047513142805 ], [ -64.385261616704327, 46.617485122080907 ], [ -64.389041077569672, 46.622272040763711 ], [ -64.3926148806855, 46.627673293422156 ], [ -64.39745982814668, 46.639286537241141 ], [ -64.401993589756657, 46.645854675992389 ], [ -64.406020328688086, 46.649459033220516 ], [ -64.408008295607857, 46.653547336643292 ], [ -64.409067995392689, 46.654092266691357 ], [ -64.409878256669998, 46.657106090233185 ], [ -64.411499943299248, 46.658148042500905 ], [ -64.41173678899581, 46.663229799472262 ], [ -64.412475500153732, 46.664489599660548 ], [ -64.412250683362558, 46.669910053566042 ], [ -64.413450245936545, 46.671794131426822 ], [ -64.412763811236161, 46.674889588714564 ], [ -64.266620791632221, 46.699882198199809 ], [ -64.23939369636058, 46.625797861643576 ], [ -64.257911904381757, 46.62534935442477 ], [ -64.273394517327475, 46.627433637082014 ], [ -64.280181843362712, 46.627753852561604 ], [ -64.290218683057475, 46.629584986757664 ] ] ] ] } },
{ "type": "Feature", "properties": { "CSDUID": "1103048", "CSDNAME": "Lot  7", "PRUID": "11", "PRNAME": "Prince Edward Island", "pop_2021": 484.0, "pop_under_19": 95.0, "pop_0_4": 25.0, "pop_15_19": 25.0, "first_lang_eng_french": 0.0, "first_lang_french": 5.0, "know_eng_french": 20.0, "know_french_only": 0.0, "mother_eng_french": 0.0, "mother_french": 5.0, "mother_french_non_official": 0.0, "first_lang_eng_french_under_19": 0.0, "first_lang_eng_french_under_5": 0.0, "first_lang_french_under_19": 0.98140495867768596, "first_lang_french_under_5": 0.25826446280991738, "know_eng_french_under_19": 3.9256198347107438, "know_eng_french_under_5": 1.0330578512396695, "know_french_only_under_19": 0.0, "know_french_only_under_5": 0.0, "mother_eng_french_under_19": 0.0, "mother_eng_french_under_5": 0.0, "mother_french_under_19": 0.98140495867768596, "mother_french_under_5": 0.25826446280991738, "mother_french_non_official_under_19": 0.0, "mother_french_non_official_under_5": 0.0, "share_under_19": 0.1962809917355372, "share_under_5": 0.051652892561983473 }, "geometry": { "type": "Polygon", "coordinates": [ [ [ -64.282336004637443, 46.727722088029005 ], [ -64.27064992856512, 46.699182113614079 ], [ -64.412763811236161, 46.674889588714564 ], [ -64.413411940617138, 46.681855948745948 ], [ -64.411105793483131, 46.685691177887399 ], [ -64.410216674029073, 46.689715889159466 ], [ -64.410228952345832, 46.691695609796888 ], [ -64.411595537773508, 46.694450570186582 ], [ -64.409528355175993, 46.701963554866985 ], [ -64.410399435138885, 46.705273596306228 ], [ -64.409974544146152, 46.707042708892914 ], [ -64.404016324731714, 46.71438748986229 ], [ -64.403038718416056, 46.717054281659117 ], [ -64.404044727440876, 46.718508850537951 ], [ -64.401342005433776, 46.720251866118581 ], [ -64.398771016445906, 46.724567008266021 ], [ -64.387532179206815, 46.729770499937956 ], [ -64.378393498992935, 46.737341407406355 ], [ -64.377184002595968, 46.738678868627346 ], [ -64.376927543690016, 46.739401901794203 ], [ -64.377696379316376, 46.739779632947815 ], [ -64.376880170153356, 46.740626389093947 ], [ -64.378305202718707, 46.741068200375672 ], [ -64.378365519282198, 46.743434297098062 ], [ -64.374465868750107, 46.747098917076897 ], [ -64.369346190459581, 46.749140169560285 ], [ -64.368915216539307, 46.750216246533633 ], [ -64.364859529693632, 46.751893566112528 ], [ -64.363715991593281, 46.753275083111802 ], [ -64.357894361419568, 46.755558157441271 ], [ -64.342268825429315, 46.768566508816839 ], [ -64.335859527662876, 46.773141141720536 ], [ -64.32763442958526, 46.777430526852989 ], [ -64.322007524653344, 46.781950310352478 ], [ -64.321937344302242, 46.783364006361097 ], [ -64.306612811188444, 46.792296279497897 ], [ -64.282336004637443, 46.727722088029005 ] ] ] } },
{ "type": "Feature", "properties": { "CSDUID": "1103049", "CSDNAME": "Lot  5", "PRUID": "11", "PRNAME": "Prince Edward Island", "pop_2021": 0.0, "pop_under_19": 0.0, "pop_0_4": 0.0, "pop_15_19": 0.0, "first_lang_eng_french": 0.0, "first_lang_french": 0.0, "know_eng_french": 0.0, "know_french_only": 0.0, "mother_eng_french": 0.0, "mother_french": 0.0, "mother_french_non_official": 0.0, "first_lang_eng_french_under_19": 0.0, "first_lang_eng_french_under_5": 0.0, "first_lang_french_under_19": 0.0, "first_lang_french_under_5": 0.0, "know_eng_french_under_19": 0.0, "know_eng_french_under_5": 0.0, "know_french_only_under_19": 0.0, "know_french_only_under_5": 0.0, "mother_eng_french_under_19": 0.0, "mother_eng_french_under_5": 0.0, "mother_french_under_19": 0.0, "mother_french_under_5": 0.0, "mother_french_non_official_under_19": 0.0, "mother_french_non_official_under_5": 0.0, "share_under_19": 0.0, "share_under_5": 0.0 }, "geometry": { "type": "MultiPolygon", "coordinates": [ [ [ [ -64.279538104805681, 46.720488901196795 ], [ -64.29639438643747, 46.764708838190998 ], [ -64.077420144032772, 46.803664779163917 ], [ -64.078626540005487, 46.802231537148828 ], [ -64.07625941974915, 46.801821864659658 ], [ -64.073755271271054, 46.799793584418815 ], [ -64.074620280920982, 46.797823638832121 ], [ -64.071171783078597, 46.796398089790557 ], [ -64.073053215239298, 46.793482736864178 ], [ -64.072543507385362, 46.791570682847791 ], [ -64.073948583486299, 46.789091725305205 ], [ -64.076131398033183, 46.788171300602684 ], [ -64.078507335409569, 46.790362738059152 ], [ -64.077411922821327, 46.788654204962668 ], [ -64.077465203039424, 46.786727888621328 ], [ -64.073576082001281, 46.785513550745968 ], [ -64.07405058075183, 46.784339192262969 ], [ -64.083257755299769, 46.782893528496182 ], [ -64.086073856022523, 46.78481966720998 ], [ -64.088872208637, 46.784559105509572 ], [ -64.090670897530075, 46.786044834005914 ], [ -64.090666689572373, 46.787133778629972 ], [ -64.094155179688485, 46.786011583990714 ], [ -64.095385605216151, 46.78660274779385 ], [ -64.095961184947242, 46.785913306089363 ], [ -64.097943177002776, 46.786740232007674 ], [ -64.095644733605297, 46.785169409844343 ], [ -64.092032962718378, 46.78537491500115 ], [ -64.092476850480224, 46.783354862070901 ], [ -64.088567993541659, 46.78154095992717 ], [ -64.090182897334202, 46.779934176601657 ], [ -64.093570978425007, 46.779076744166133 ], [ -64.093785932942581, 46.778417965399065 ], [ -64.090335555272915, 46.778406764867768 ], [ -64.086634139588114, 46.776705709879828 ], [ -64.0844763091538, 46.777209785848981 ], [ -64.080347730720518, 46.776172284382717 ], [ -64.073096133504777, 46.777184796804519 ], [ -64.069756359033434, 46.773904337946796 ], [ -64.070025831621749, 46.772299952941353 ], [ -64.074800532353279, 46.77230888287351 ], [ -64.079084225632457, 46.764647756475227 ], [ -64.076940170836593, 46.763685851211619 ], [ -64.078066519617877, 46.759751575935141 ], [ -64.077396196212248, 46.758129312566446 ], [ -64.165723832243415, 46.739609536020289 ], [ -64.277884805706606, 46.719795088502337 ], [ -64.279538104805681, 46.720488901196795 ] ], [ [ -64.127192790993618, 46.77577379249562 ], [ -64.125112589308856, 46.780923809935409 ], [ -64.127816805161061, 46.774935762782526 ], [ -64.127192790993618, 46.77577379249562 ] ], [ [ -64.128212099006475, 46.774404896649763 ], [ -64.128042909206698, 46.774632112772032 ], [ -64.133793505199122, 46.770102103462335 ], [ -64.128212099006475, 46.774404896649763 ] ], [ [ -64.136995793907772, 46.768540389723967 ], [ -64.136761041929446, 46.768654875150801 ], [ -64.145071902320723, 46.765841087000467 ], [ -64.136995793907772, 46.768540389723967 ] ] ], [ [ [ -64.058146965105507, 46.795754347000027 ], [ -64.059757338420837, 46.796351383512565 ], [ -64.060523968913643, 46.796020296305848 ], [ -64.059338696746764, 46.795050390669822 ], [ -64.06081009399071, 46.795909683645114 ], [ -64.062264321073897, 46.793898361186955 ], [ -64.062017210713734, 46.789995014764024 ], [ -64.059087770693097, 46.786935426704389 ], [ -64.054697302375857, 46.785267239532622 ], [ -64.058192830575322, 46.781573501778588 ], [ -64.063742266772977, 46.7817897074586 ], [ -64.068003135449629, 46.787914491345468 ], [ -64.06921181799369, 46.79072894119728 ], [ -64.068575844513134, 46.793020683468207 ], [ -64.069566087188804, 46.79472126793636 ], [ -64.068372807346137, 46.794678426743019 ], [ -64.067936367754143, 46.795798394968386 ], [ -64.068022959247301, 46.79951425217007 ], [ -64.067481221856283, 46.799951264346838 ], [ -64.06767948463586, 46.799373473888863 ], [ -64.066678730137681, 46.799130835655021 ], [ -64.06695566813454, 46.801207058855944 ], [ -64.065650403107625, 46.80540951645272 ], [ -64.057307191666325, 46.803755810206269 ], [ -64.057009917813545, 46.804436532095345 ], [ -64.054389944891824, 46.803996260653413 ], [ -64.054015717551337, 46.8022808753338 ], [ -64.059293927448408, 46.796656257583635 ], [ -64.058146965105507, 46.795754347000027 ] ] ], [ [ [ -64.0381009281285, 46.80543205504619 ], [ -64.038083869456983, 46.806074596129534 ], [ -64.054313000123059, 46.804499226250456 ], [ -64.054590008028626, 46.805515285570401 ], [ -64.052689833071227, 46.808709179651501 ], [ -64.029063424192273, 46.812737857218465 ], [ -64.029126996775247, 46.807690891203102 ], [ -64.032064921794131, 46.804370759419768 ], [ -64.0381009281285, 46.80543205504619 ] ] ] ] } },
{ "type": "Feature", "properties": { "CSDUID": "1103051", "CSDNAME": "Lot  4", "PRUID": "11", "PRNAME": "Prince Edward Island", "pop_2021": 0.0, "pop_under_19": 0.0, "pop_0_4": 0.0, "pop_15_19": 0.0, "first_lang_eng_french": 0.0, "first_lang_french": 0.0, "know_eng_french": 0.0, "know_french_only": 0.0, "mother_eng_french": 0.0, "mother_french": 0.0, "mother_french_non_official": 0.0, "first_lang_eng_french_under_19": 0.0, "first_lang_eng_french_under_5": 0.0, "first_lang_french_under_19": 0.0, "first_lang_french_under_5": 0.0, "know_eng_french_under_19": 0.0, "know_eng_french_under_5": 0.0, "know_french_only_under_19": 0.0, "know_french_only_under_5": 0.0, "mother_eng_french_under_19": 0.0, "mother_eng_french_under_5": 0.0, "mother_french_under_19": 0.0, "mother_french_under_5": 0.0, "mother_french_non_official_under_19": 0.0, "mother_french_non_official_under_5": 0.0, "share_under_19": 0.0, "share_under_5": 0.0 }, "geometry": { "type": "Polygon", "coordinates": [ [ [ -64.080380697432801, 46.809333333747773 ], [ -64.078153120751196, 46.804773762228727 ], [ -64.078635951619503, 46.80401329036642 ], [ -64.077420144032772, 46.803664779163917 ], [ -64.29639438643747, 46.764708838190998 ], [ -64.306612811188444, 46.792296279497897 ], [ -64.28722502382594, 46.806095819687094 ], [ -64.276035117596109, 46.817361243050236 ], [ -64.122257099232911, 46.843946009253933 ], [ -64.123874791671611, 46.841011787918497 ], [ -64.001890190728176, 46.861799198637058 ], [ -64.009833726438316, 46.853875243384422 ], [ -64.011807449808188, 46.850006205228873 ], [ -64.017016326863867, 46.844524609356597 ], [ -64.026632485793726, 46.830193164733203 ], [ -64.028044995484819, 46.825878906772701 ], [ -64.029063424192273, 46.812737857218465 ], [ -64.052689833071227, 46.808709179651501 ], [ -64.051777111929184, 46.810472695840367 ], [ -64.048617430343953, 46.811779588370463 ], [ -64.045792017974037, 46.814109212669763 ], [ -64.04552961705761, 46.816802345334935 ], [ -64.047182618946735, 46.818218107448949 ], [ -64.049912934402471, 46.819749956134821 ], [ -64.053362042701551, 46.819817250205396 ], [ -64.053521964360428, 46.820999351201344 ], [ -64.05474539983696, 46.821949246829902 ], [ -64.053750959900853, 46.822733094835719 ], [ -64.056226101483063, 46.821142987896586 ], [ -64.068631741141843, 46.81906391076074 ], [ -64.070906204399478, 46.822858327199008 ], [ -64.081401123300537, 46.820664008338113 ], [ -64.081117462477991, 46.820069756861841 ], [ -64.083517758417216, 46.819598889032136 ], [ -64.08290372355701, 46.817122114489685 ], [ -64.083989682690529, 46.816649684591468 ], [ -64.081793899624031, 46.809868941712203 ], [ -64.080380697432801, 46.809333333747773 ] ], [ [ -64.108695855153314, 46.832798562176009 ], [ -64.109217079543299, 46.832576504600539 ], [ -64.10939227559038, 46.832330672264234 ], [ -64.108695855153314, 46.832798562176009 ] ], [ [ -64.08002750644313, 46.838075112212643 ], [ -64.10792351646036, 46.833127602145922 ], [ -64.107991967897263, 46.833098439734478 ], [ -64.08002750644313, 46.838075112212643 ] ] ] } },
{ "type": "Feature", "properties": { "CSDUID": "1103052", "CSDNAME": "Alberton", "PRUID": "11", "PRNAME": "Prince Edward Island", "pop_2021": 1301.0, "pop_under_19": 185.0, "pop_0_4": 45.0, "pop_15_19": 45.0, "first_lang_eng_french": 0.0, "first_lang_french": 30.0, "know_eng_french": 80.0, "know_french_only": 0.0, "mother_eng_french": 5.0, "mother_french": 30.0, "mother_french_non_official": 0.0, "first_lang_eng_french_under_19": 0.0, "first_lang_eng_french_under_5": 0.0, "first_lang_french_under_19": 4.255426552246341, "first_lang_french_under_5": 0.93819860099516839, "know_eng_french_under_19": 11.36042402826855, "know_eng_french_under_5": 2.6211509338717818, "know_french_only_under_19": 0.0, "know_french_only_under_5": 0.0, "mother_eng_french_under_19": 0.71428571428571419, "mother_eng_french_under_5": 0.2040816326530612, "mother_french_under_19": 4.2478546188793542, "mother_french_under_5": 0.86662580226436869, "mother_french_non_official_under_19": 0.0, "mother_french_non_official_under_5": 0.0, "share_under_19": 0.14219830899308225, "share_under_5": 0.034588777863182166 }, "geometry": { "type": "MultiPolygon", "coordinates": [ [ [ [ -64.060331187686032, 46.804406102765782 ], [ -64.065650403107625, 46.80540951645272 ], [ -64.066153370724351, 46.807693923695311 ], [ -64.068130526419282, 46.80163704065194 ], [ -64.067694495781751, 46.800795206501959 ], [ -64.07142639900043, 46.800643315557934 ], [ -64.074787737357255, 46.802942604563334 ], [ -64.075102339070838, 46.804919464884009 ], [ -64.078326418490249, 46.806886943329019 ], [ -64.079896945497211, 46.810048849998239 ], [ -64.081750543800084, 46.810087540997429 ], [ -64.083989682690529, 46.816649684591468 ], [ -64.08290372355701, 46.817122114489685 ], [ -64.083517758417216, 46.819598889032136 ], [ -64.081117462477991, 46.820069756861841 ], [ -64.081401123300537, 46.820664008338113 ], [ -64.07080871282578, 46.822878711120119 ], [ -64.060331187686032, 46.804406102765782 ] ] ], [ [ [ -64.050097489677484, 46.819802240486233 ], [ -64.04552961705761, 46.816802345334935 ], [ -64.045691171204595, 46.814317106735302 ], [ -64.048617430343953, 46.811779588370463 ], [ -64.051880186827091, 46.810381758240752 ], [ -64.054590008028626, 46.805515285570401 ], [ -64.054427267507947, 46.803931148806036 ], [ -64.057009917813545, 46.804436532095345 ], [ -64.057307191666325, 46.803755810206269 ], [ -64.060331187686032, 46.804406102765782 ], [ -64.068631741141843, 46.81906391076074 ], [ -64.056226101483063, 46.821142987896586 ], [ -64.053750959900853, 46.822733094835719 ], [ -64.05474539983696, 46.821949246829902 ], [ -64.053521964360428, 46.820999351201344 ], [ -64.053362042701551, 46.819817250205396 ], [ -64.050097489677484, 46.819802240486233 ] ] ] ] } },
{ "type": "Feature", "properties": { "CSDUID": "1103054", "CSDNAME": "Lot  3", "PRUID": "11", "PRNAME": "Prince Edward Island", "pop_2021": 0.0, "pop_under_19": 0.0, "pop_0_4": 0.0, "pop_15_19": 0.0, "first_lang_eng_french": 0.0, "first_lang_french": 0.0, "know_eng_french": 0.0, "know_french_only": 0.0, "mother_eng_french": 0.0, "mother_french": 0.0, "mother_french_non_official": 0.0, "first_lang_eng_french_under_19": 0.0, "first_lang_eng_french_under_5": 0.0, "first_lang_french_under_19": 0.0, "first_lang_french_under_5": 0.0, "know_eng_french_under_19": 0.0, "know_eng_french_under_5": 0.0, "know_french_only_under_19": 0.0, "know_french_only_under_5": 0.0, "mother_eng_french_under_19": 0.0, "mother_eng_french_under_5": 0.0, "mother_french_under_19": 0.0, "mother_french_under_5": 0.0, "mother_french_non_official_under_19": 0.0, "mother_french_non_official_under_5": 0.0, "share_under_19": 0.0, "share_under_5": 0.0 }, "geometry": { "type": "Polygon", "coordinates": [ [ [ -64.123874791671611, 46.841011787918497 ], [ -64.12181109372419, 46.843941386410997 ], [ -64.276035117596109, 46.817361243050236 ], [ -64.262236611385603, 46.83096894840336 ], [ -64.25418294389857, 46.84775990765678 ], [ -64.247686705204885, 46.853833335325689 ], [ -64.243905011991842, 46.858824018475488 ], [ -64.100236508812927, 46.884276936870698 ], [ -64.099740848902684, 46.88301205806787 ], [ -63.976734301160704, 46.904348786891525 ], [ -63.975923949349465, 46.901639333753138 ], [ -63.976026421695686, 46.893539372302897 ], [ -63.973495692838512, 46.884993839119126 ], [ -63.974596365178101, 46.879819020454562 ], [ -63.978996874569859, 46.876424831010667 ], [ -63.98636085580042, 46.874372826482507 ], [ -63.992373944767849, 46.868831440669346 ], [ -64.001890190728176, 46.861799198637058 ], [ -64.123874791671611, 46.841011787918497 ] ], [ [ -64.084067404414483, 46.878091217520712 ], [ -64.083382402300359, 46.881747797718333 ], [ -64.084165476913896, 46.878275706543718 ], [ -64.084067404414483, 46.878091217520712 ] ], [ [ -64.083546786794045, 46.884697894464381 ], [ -64.08367946369313, 46.884709514601234 ], [ -64.083382402300359, 46.881747797718333 ], [ -64.083546786794045, 46.884697894464381 ] ] ] } },
{ "type": "Feature", "properties": { "CSDUID": "1103056", "CSDNAME": "Lot  2", "PRUID": "11", "PRNAME": "Prince Edward Island", "pop_2021": 520.0, "pop_under_19": 110.0, "pop_0_4": 20.0, "pop_15_19": 25.0, "first_lang_eng_french": 0.0, "first_lang_french": 50.0, "know_eng_french": 105.0, "know_french_only": 5.0, "mother_eng_french": 10.0, "mother_french": 65.0, "mother_french_non_official": 0.0, "first_lang_eng_french_under_19": 0.0, "first_lang_eng_french_under_5": 0.0, "first_lang_french_under_19": 10.576923076923077, "first_lang_french_under_5": 1.9230769230769231, "know_eng_french_under_19": 22.21153846153846, "know_eng_french_under_5": 4.0384615384615383, "know_french_only_under_19": 1.0576923076923077, "know_french_only_under_5": 0.19230769230769229, "mother_eng_french_under_19": 2.1153846153846154, "mother_eng_french_under_5": 0.38461538461538458, "mother_french_under_19": 13.75, "mother_french_under_5": 2.5, "mother_french_non_official_under_19": 0.0, "mother_french_non_official_under_5": 0.0, "share_under_19": 0.21153846153846154, "share_under_5": 0.038461538461538464 }, "geometry": { "type": "Polygon", "coordinates": [ [ [ -64.100236508812927, 46.884276936870698 ], [ -64.243905011991842, 46.858824018475488 ], [ -64.239389981987728, 46.864965401603712 ], [ -64.236763071614021, 46.873983919450907 ], [ -64.231121605035085, 46.873468788595055 ], [ -64.23265795369727, 46.876376957133161 ], [ -64.232356310836508, 46.877532107055927 ], [ -64.230017736982305, 46.878128398243369 ], [ -64.230656472423973, 46.877236104822572 ], [ -64.227535504138132, 46.875613107699266 ], [ -64.227815500355533, 46.874080245261446 ], [ -64.230227037157618, 46.873946354768925 ], [ -64.228315080206073, 46.869558577107483 ], [ -64.227344770257133, 46.868862436511812 ], [ -64.225942748869443, 46.869161442162827 ], [ -64.219834056125421, 46.874825471448311 ], [ -64.217228593729757, 46.878519912688851 ], [ -64.214338170906842, 46.879460883255938 ], [ -64.214852521327586, 46.88104313684363 ], [ -64.216369147784775, 46.880792424485513 ], [ -64.219660461004992, 46.890335701506608 ], [ -64.225949744926467, 46.889279085520329 ], [ -64.226501801486421, 46.895323150910478 ], [ -64.223920992275197, 46.899022413232352 ], [ -64.215239933689801, 46.904127365413267 ], [ -64.213132930398658, 46.906269484997736 ], [ -64.186645397932239, 46.910011915335495 ], [ -64.17408240343417, 46.913504414333367 ], [ -64.021946620742071, 46.940561297158737 ], [ -64.021151798089718, 46.938788574524239 ], [ -64.017331324583481, 46.938246675036986 ], [ -64.017005054131516, 46.9418311483495 ], [ -63.993000260769833, 46.94563462752361 ], [ -63.990678128572213, 46.935654754310043 ], [ -63.987516637575098, 46.931623525494786 ], [ -63.986747520334369, 46.928372537758968 ], [ -63.98466759004733, 46.924547878813186 ], [ -63.974937177871169, 46.910214798381425 ], [ -63.974832382294444, 46.908055925746645 ], [ -63.976793336754618, 46.906131425338693 ], [ -63.976734301160704, 46.904348786891525 ], [ -63.999875512343216, 46.899855381971513 ], [ -64.099740848902684, 46.88301205806787 ], [ -64.100236508812927, 46.884276936870698 ] ], [ [ -64.154343507088853, 46.909940751441127 ], [ -64.154537592527674, 46.910173086973508 ], [ -64.161784979823921, 46.915580207420938 ], [ -64.154343507088853, 46.909940751441127 ] ], [ [ -64.145547043293575, 46.883950524946606 ], [ -64.136851951288676, 46.885544179565237 ], [ -64.129439830667124, 46.887214709197757 ], [ -64.130914607809871, 46.891057221271041 ], [ -64.147692761033412, 46.888295008209525 ], [ -64.145547043293575, 46.883950524946606 ] ], [ [ -64.151726439362164, 46.906699490413189 ], [ -64.151801698651752, 46.906898006864097 ], [ -64.152407277301293, 46.907622932127921 ], [ -64.151726439362164, 46.906699490413189 ] ], [ [ -64.008673507569426, 46.94036599807135 ], [ -64.008761226508639, 46.940405647371669 ], [ -64.002542997380914, 46.93009811074019 ], [ -64.008673507569426, 46.94036599807135 ] ] ] } },
{ "type": "Feature", "properties": { "CSDUID": "1103057", "CSDNAME": "St. Louis", "PRUID": "11", "PRNAME": "Prince Edward Island", "pop_2021": 69.0, "pop_under_19": 10.0, "pop_0_4": 0.0, "pop_15_19": 0.0, "first_lang_eng_french": 0.0, "first_lang_french": 0.0, "know_eng_french": 10.0, "know_french_only": 0.0, "mother_eng_french": 5.0, "mother_french": 5.0, "mother_french_non_official": 0.0, "first_lang_eng_french_under_19": 0.0, "first_lang_eng_french_under_5": 0.0, "first_lang_french_under_19": 0.0, "first_lang_french_under_5": 0.0, "know_eng_french_under_19": 1.4492753623188406, "know_eng_french_under_5": 0.0, "know_french_only_under_19": 0.0, "know_french_only_under_5": 0.0, "mother_eng_french_under_19": 0.72463768115942029, "mother_eng_french_under_5": 0.0, "mother_french_under_19": 0.72463768115942029, "mother_french_under_5": 0.0, "mother_french_non_official_under_19": 0.0, "mother_french_non_official_under_5": 0.0, "share_under_19": 0.14492753623188406, "share_under_5": 0.0 }, "geometry": { "type": "Polygon", "coordinates": [ [ [ -64.129439830667124, 46.887214709197757 ], [ -64.145547043293575, 46.883950524946606 ], [ -64.147692761033412, 46.888295008209525 ], [ -64.130914607809871, 46.891057221271041 ], [ -64.129439830667124, 46.887214709197757 ] ] ] } },
{ "type": "Feature", "properties": { "CSDUID": "1103058", "CSDNAME": "Lot  1", "PRUID": "11", "PRNAME": "Prince Edward Island", "pop_2021": 462.0, "pop_under_19": 125.0, "pop_0_4": 35.0, "pop_15_19": 40.0, "first_lang_eng_french": 0.0, "first_lang_french": 20.0, "know_eng_french": 75.0, "know_french_only": 0.0, "mother_eng_french": 0.0, "mother_french": 30.0, "mother_french_non_official": 0.0, "first_lang_eng_french_under_19": 0.0, "first_lang_eng_french_under_5": 0.0, "first_lang_french_under_19": 5.4112554112554108, "first_lang_french_under_5": 1.5151515151515151, "know_eng_french_under_19": 20.29220779220779, "know_eng_french_under_5": 5.6818181818181817, "know_french_only_under_19": 0.0, "know_french_only_under_5": 0.0, "mother_eng_french_under_19": 0.0, "mother_eng_french_under_5": 0.0, "mother_french_under_19": 8.1168831168831161, "mother_french_under_5": 2.2727272727272729, "mother_french_non_official_under_19": 0.0, "mother_french_non_official_under_5": 0.0, "share_under_19": 0.27056277056277056, "share_under_5": 0.07575757575757576 }, "geometry": { "type": "Polygon", "coordinates": [ [ [ -64.053761589395833, 46.959532607874777 ], [ -64.038965887904808, 46.962293799431549 ], [ -64.054216119313111, 46.940513694054502 ], [ -64.046675243535972, 46.94146260914399 ], [ -64.046038402973906, 46.93988339418577 ], [ -64.038715140393847, 46.940963357462692 ], [ -64.036703480975618, 46.940601588555666 ], [ -64.036134405278773, 46.939706839047339 ], [ -64.032806883662843, 46.940897777753356 ], [ -64.030360014616576, 46.94005592408125 ], [ -64.027408908660803, 46.942386188738084 ], [ -64.025952899653902, 46.942516211310483 ], [ -64.023038783805148, 46.941975372401842 ], [ -64.021946620742071, 46.940561297158737 ], [ -64.17408240343417, 46.913504414333367 ], [ -64.186645397932239, 46.910011915335495 ], [ -64.213132930398658, 46.906269484997736 ], [ -64.204680747886812, 46.913390991467345 ], [ -64.200391737459725, 46.918331515210774 ], [ -64.189085374115734, 46.92731356113439 ], [ -64.187607106703595, 46.931153482875274 ], [ -64.188710579413623, 46.93471463170912 ], [ -64.18363272840422, 46.936198080308756 ], [ -64.176784617310702, 46.94084917381786 ], [ -64.174655594408733, 46.94322876065867 ], [ -64.169891796812266, 46.945914239525273 ], [ -64.165722771954975, 46.949988316199487 ], [ -64.150690288413173, 46.956790624361375 ], [ -64.134447626958433, 46.961245235489415 ], [ -64.125484873373438, 46.964944548775406 ], [ -64.124938397166673, 46.96597352233087 ], [ -64.120114108808934, 46.967865601035427 ], [ -64.116327643169697, 46.970368287966991 ], [ -64.10795929876042, 46.977018796392009 ], [ -64.102578915619816, 46.979437447759885 ], [ -64.092635352761079, 46.985733000351402 ], [ -64.087974161279476, 46.988027127556883 ], [ -64.07750018865724, 46.991653722558681 ], [ -64.068180286286193, 46.994521712214649 ], [ -64.057082368378786, 47.000059221060987 ], [ -64.047466878446031, 47.006708561258137 ], [ -64.039567842120263, 47.015896387384565 ], [ -64.026411983180409, 47.024221998688631 ], [ -64.021125409677708, 47.028908894576936 ], [ -64.02004528185158, 47.030241346314178 ], [ -64.020174022391359, 47.033645172515463 ], [ -64.015075585683604, 47.038256672815486 ], [ -64.013553472289971, 47.041815390520085 ], [ -64.007244030787632, 47.046898218533833 ], [ -64.002074012704853, 47.05413362045104 ], [ -63.997829804392502, 47.056638337124767 ], [ -63.997704863249922, 47.057549368849088 ], [ -63.995881089515031, 47.058748231941081 ], [ -63.995497554325247, 47.061026548420152 ], [ -63.991496023201819, 47.060628961916606 ], [ -63.987581701634987, 47.0438054691178 ], [ -63.990062224278105, 47.037689671102164 ], [ -63.989847075290072, 47.029519660324766 ], [ -63.991613553879333, 47.029257105050654 ], [ -63.989885356369058, 47.029368714749005 ], [ -63.989414730515286, 47.024615305507247 ], [ -63.989867277356097, 47.021544872351555 ], [ -63.989189289180139, 47.015582039457151 ], [ -63.990575569030888, 47.013470087013154 ], [ -63.989334026161004, 47.006296744324636 ], [ -63.990619240261715, 47.005663019104297 ], [ -63.991972991341697, 47.000215761340044 ], [ -63.989199009404658, 46.99156877187194 ], [ -63.990159655098601, 46.988752823488156 ], [ -63.989286296739913, 46.983469022774806 ], [ -63.994221770893262, 46.964555578089865 ], [ -63.993000260769833, 46.94563462752361 ], [ -64.013853713831509, 46.942707471368458 ], [ -64.015617992302623, 46.944912088987898 ], [ -64.015720699496811, 46.951732394522459 ], [ -64.012953660201319, 46.961813448049064 ], [ -64.02932328967573, 46.964110407803112 ], [ -64.053761589395833, 46.959532607874777 ] ], [ [ -64.067387593314166, 46.980472788337124 ], [ -64.057546183310393, 46.962827298767678 ], [ -64.067671073692622, 46.981234287981778 ], [ -64.067387593314166, 46.980472788337124 ] ], [ [ -64.053761589395833, 46.959532607874777 ], [ -64.054481308928317, 46.960704789665456 ], [ -64.057546183310393, 46.962827298767678 ], [ -64.053761589395833, 46.959532607874777 ] ], [ [ -64.076990721049938, 46.99051569548665 ], [ -64.076694487109549, 46.989803841476224 ], [ -64.076785484138341, 46.991748546927383 ], [ -64.076990721049938, 46.99051569548665 ] ], [ [ -64.07638269701026, 46.989054605813713 ], [ -64.074879674712989, 46.987896337228953 ], [ -64.076518498136195, 46.989380937685041 ], [ -64.07638269701026, 46.989054605813713 ] ], [ [ -64.068248906603259, 46.982786492612369 ], [ -64.068020937086402, 46.982817059448188 ], [ -64.069156239639767, 46.983485707357225 ], [ -64.068248906603259, 46.982786492612369 ] ], [ [ -64.077725391180877, 46.972105989967311 ], [ -64.068333003708474, 46.980010305063487 ], [ -64.068793994802292, 46.97978479382364 ], [ -64.077725391180877, 46.972105989967311 ] ], [ [ -63.996257300737625, 46.974364710348361 ], [ -63.996166284216265, 46.974509128264614 ], [ -64.006762789860716, 46.967397595853861 ], [ -63.996257300737625, 46.974364710348361 ] ], [ [ -64.012304300282082, 46.962903303487067 ], [ -64.012502349836822, 46.962570906340545 ], [ -64.006762789860716, 46.967397595853861 ], [ -64.012304300282082, 46.962903303487067 ] ], [ [ -64.012182509206767, 47.001032693433217 ], [ -64.014650814316269, 46.998707100243649 ], [ -64.011566665148209, 47.001288003957036 ], [ -64.012182509206767, 47.001032693433217 ] ], [ [ -64.002486000159521, 47.00386394858058 ], [ -64.009454622087944, 47.002163593828456 ], [ -64.010665427468254, 47.001661630138791 ], [ -64.002486000159521, 47.00386394858058 ] ], [ [ -63.993318920016605, 46.996014493607852 ], [ -63.999347782430107, 47.00121740118184 ], [ -63.992904587246969, 46.995314408746417 ], [ -63.993318920016605, 46.996014493607852 ] ], [ [ -63.992667191638191, 46.99491328896044 ], [ -63.992742735568442, 46.995040933129133 ], [ -63.992714260543806, 46.994578087341488 ], [ -63.992667191638191, 46.99491328896044 ] ] ] } },
{ "type": "Feature", "properties": { "CSDUID": "1103059", "CSDNAME": "Tignish", "PRUID": "11", "PRNAME": "Prince Edward Island", "pop_2021": 375.0, "pop_under_19": 65.0, "pop_0_4": 10.0, "pop_15_19": 20.0, "first_lang_eng_french": 0.0, "first_lang_french": 35.0, "know_eng_french": 55.0, "know_french_only": 0.0, "mother_eng_french": 5.0, "mother_french": 35.0, "mother_french_non_official": 0.0, "first_lang_eng_french_under_19": 0.0, "first_lang_eng_french_under_5": 0.0, "first_lang_french_under_19": 6.0666666666666664, "first_lang_french_under_5": 0.93333333333333324, "know_eng_french_under_19": 9.5333333333333314, "know_eng_french_under_5": 1.4666666666666668, "know_french_only_under_19": 0.0, "know_french_only_under_5": 0.0, "mother_eng_french_under_19": 0.8666666666666667, "mother_eng_french_under_5": 0.1333333333333333, "mother_french_under_19": 6.0666666666666664, "mother_french_under_5": 0.93333333333333324, "mother_french_non_official_under_19": 0.0, "mother_french_non_official_under_5": 0.0, "share_under_19": 0.17333333333333334, "share_under_5": 0.026666666666666668 }, "geometry": { "type": "Polygon", "coordinates": [ [ [ -64.013853713831509, 46.942707471368458 ], [ -64.017005054131516, 46.9418311483495 ], [ -64.016698169128986, 46.940196060690532 ], [ -64.017462518722994, 46.938236488978916 ], [ -64.021151798089718, 46.938788574524239 ], [ -64.022706572382518, 46.941780360067831 ], [ -64.025637255424812, 46.942501059285206 ], [ -64.027408908660803, 46.942386188738084 ], [ -64.030360014616576, 46.94005592408125 ], [ -64.032806883662843, 46.940897777753356 ], [ -64.036134405278773, 46.939706839047339 ], [ -64.036703480975618, 46.940601588555666 ], [ -64.038715140393847, 46.940963357462692 ], [ -64.046038402973906, 46.93988339418577 ], [ -64.046675243535972, 46.94146260914399 ], [ -64.054216119313111, 46.940513694054502 ], [ -64.038965887904808, 46.962293799431549 ], [ -64.02892889700496, 46.96410501074152 ], [ -64.013145193005201, 46.961491988313597 ], [ -64.01575469774653, 46.951444106384301 ], [ -64.015690507168983, 46.94596429119661 ], [ -64.014961201602588, 46.94353210297831 ], [ -64.013853713831509, 46.942707471368458 ] ] ] } },
{ "type": "Feature", "properties": { "CSDUID": "1103062", "CSDNAME": "Miminegash", "PRUID": "11", "PRNAME": "Prince Edward Island", "pop_2021": 148.0, "pop_under_19": 20.0, "pop_0_4": 5.0, "pop_15_19": 0.0, "first_lang_eng_french": 0.0, "first_lang_french": 5.0, "know_eng_french": 20.0, "know_french_only": 0.0, "mother_eng_french": 0.0, "mother_french": 5.0, "mother_french_non_official": 0.0, "first_lang_eng_french_under_19": 0.0, "first_lang_eng_french_under_5": 0.0, "first_lang_french_under_19": 0.67567567567567566, "first_lang_french_under_5": 0.16891891891891889, "know_eng_french_under_19": 2.7027027027027022, "know_eng_french_under_5": 0.67567567567567566, "know_french_only_under_19": 0.0, "know_french_only_under_5": 0.0, "mother_eng_french_under_19": 0.0, "mother_eng_french_under_5": 0.0, "mother_french_under_19": 0.67567567567567566, "mother_french_under_5": 0.16891891891891889, "mother_french_non_official_under_19": 0.0, "mother_french_non_official_under_5": 0.0, "share_under_19": 0.13513513513513514, "share_under_5": 0.033783783783783786 }, "geometry": { "type": "Polygon", "coordinates": [ [ [ -64.219660461004992, 46.890335701506608 ], [ -64.216369147784775, 46.880792424485513 ], [ -64.214852521327586, 46.88104313684363 ], [ -64.214338170906842, 46.879460883255938 ], [ -64.217228593729757, 46.878519912688851 ], [ -64.21868874070411, 46.875998361840253 ], [ -64.226134852186277, 46.869045699545175 ], [ -64.227968097829333, 46.869152716329872 ], [ -64.229795061346692, 46.872844120156003 ], [ -64.230189342651926, 46.874018760325463 ], [ -64.227815500355533, 46.874080245261446 ], [ -64.227476875341623, 46.875343765004288 ], [ -64.230656472423973, 46.877236104822572 ], [ -64.230017736982305, 46.878128398243369 ], [ -64.232714620606814, 46.877132267312227 ], [ -64.231121605035085, 46.873468788595055 ], [ -64.236763071614021, 46.873983919450907 ], [ -64.234101581149503, 46.879241105722407 ], [ -64.233013161417063, 46.879341026038873 ], [ -64.234348464619174, 46.879706408670842 ], [ -64.228242859384451, 46.88418163869963 ], [ -64.225949744926467, 46.889279085520329 ], [ -64.219660461004992, 46.890335701506608 ] ] ] } }
]
}
