{
"type": "FeatureCollection",
"name": "60_Yukon",
"crs": { "type": "name", "properties": { "name": "urn:ogc:def:crs:OGC:1.3:CRS84" } },
"features": [
{ "type": "Feature", "properties": { "CSDUID": "6001003", "CSDNAME": "Watson Lake", "PRUID": "60", "PRNAME": "Yukon", "pop_2021": 479.0, "pop_under_19": 135.0, "pop_0_4": 30.0, "pop_15_19": 30.0, "first_lang_eng_french": 0.0, "first_lang_french": 5.0, "know_eng_french": 15.0, "know_french_only": 0.0, "mother_eng_french": 0.0, "mother_french": 5.0, "mother_french_non_official": 0.0, "first_lang_eng_french_under_19": 0.0, "first_lang_eng_french_under_5": 0.0, "first_lang_french_under_19": 1.4091858037578289, "first_lang_french_under_5": 0.31315240083507301, "know_eng_french_under_19": 4.2275574112734864, "know_eng_french_under_5": 0.93945720250521925, "know_french_only_under_19": 0.0, "know_french_only_under_5": 0.0, "mother_eng_french_under_19": 0.0, "mother_eng_french_under_5": 0.0, "mother_french_under_19": 1.4091858037578289, "mother_french_under_5": 0.31315240083507301, "mother_french_non_official_under_19": 0.0, "mother_french_non_official_under_5": 0.0, "share_under_19": 0.28183716075156579, "share_under_5": 0.062630480167014613 }, "geometry": { "type": "Polygon", "coordinates": [ [ [ -128.692291794976001, 60.070961145327928 ], [ -128.654285288030138, 60.059826080843841 ], [ -128.654912168369975, 60.052959903374273 ], [ -128.661087380681579, 60.048949335326498 ], [ -128.698271991803722, 60.056852684905444 ], [ -128.728565624850489, 60.057117397304715 ], [ -128.727465879887689, 60.071136365502582 ], [ -128.724784648584318, 60.073076430781022 ], [ -128.703449413695068, 60.072526687932466 ], [ -128.692291794976001, 60.070961145327928 ] ] ] } },
{ "type": "Feature", "properties": { "CSDUID": "6001004", "CSDNAME": "Faro", "PRUID": "60", "PRNAME": "Yukon", "pop_2021": 440.0, "pop_under_19": 105.0, "pop_0_4": 30.0, "pop_15_19": 15.0, "first_lang_eng_french": 0.0, "first_lang_french": 30.0, "know_eng_french": 45.0, "know_french_only": 0.0, "mother_eng_french": 5.0, "mother_french": 35.0, "mother_french_non_official": 0.0, "first_lang_eng_french_under_19": 0.0, "first_lang_eng_french_under_5": 0.0, "first_lang_french_under_19": 7.1590909090909092, "first_lang_french_under_5": 2.0454545454545454, "know_eng_french_under_19": 10.738636363636363, "know_eng_french_under_5": 3.0681818181818179, "know_french_only_under_19": 0.0, "know_french_only_under_5": 0.0, "mother_eng_french_under_19": 1.1931818181818183, "mother_eng_french_under_5": 0.34090909090909088, "mother_french_under_19": 8.3522727272727284, "mother_french_under_5": 2.3863636363636358, "mother_french_non_official_under_19": 0.0, "mother_french_non_official_under_5": 0.0, "share_under_19": 0.23863636363636365, "share_under_5": 0.068181818181818177 }, "geometry": { "type": "Polygon", "coordinates": [ [ [ -133.198717347383678, 62.271119571837708 ], [ -133.199051747189429, 62.155347993795743 ], [ -133.509229461259963, 62.155478992511178 ], [ -133.512282359495345, 62.274349014808998 ], [ -133.198717347383678, 62.271119571837708 ] ] ] } },
{ "type": "Feature", "properties": { "CSDUID": "6001006", "CSDNAME": "Teslin", "PRUID": "60", "PRNAME": "Yukon", "pop_2021": 0.0, "pop_under_19": 0.0, "pop_0_4": 0.0, "pop_15_19": 0.0, "first_lang_eng_french": 0.0, "first_lang_french": 0.0, "know_eng_french": 0.0, "know_french_only": 0.0, "mother_eng_french": 0.0, "mother_french": 0.0, "mother_french_non_official": 0.0, "first_lang_eng_french_under_19": 0.0, "first_lang_eng_french_under_5": 0.0, "first_lang_french_under_19": 0.0, "first_lang_french_under_5": 0.0, "know_eng_french_under_19": 0.0, "know_eng_french_under_5": 0.0, "know_french_only_under_19": 0.0, "know_french_only_under_5": 0.0, "mother_eng_french_under_19": 0.0, "mother_eng_french_under_5": 0.0, "mother_french_under_19": 0.0, "mother_french_under_5": 0.0, "mother_french_non_official_under_19": 0.0, "mother_french_non_official_under_5": 0.0, "share_under_19": 0.0, "share_under_5": 0.0 }, "geometry": { "type": "Polygon", "coordinates": [ [ [ -132.703617078772112, 60.179112947651788 ], [ -132.691425630724979, 60.176108400043276 ], [ -132.695171054001833, 60.176550885567508 ], [ -132.698333234475115, 60.175941135611829 ], [ -132.699689316349975, 60.174599303261871 ], [ -132.701837839373582, 60.174816253774964 ], [ -132.704663184645028, 60.173086659904079 ], [ -132.709284988764978, 60.171962963424193 ], [ -132.705716151803443, 60.167814110119139 ], [ -132.706286862231678, 60.166350834254501 ], [ -132.714064567320918, 60.165191776906106 ], [ -132.719686055922182, 60.166267759226031 ], [ -132.71970882910594, 60.16255831336148 ], [ -132.72473410647217, 60.161523405437244 ], [ -132.726119966813286, 60.165147870460622 ], [ -132.720351107551892, 60.171659900848695 ], [ -132.724495095869173, 60.175395436619809 ], [ -132.728291188304752, 60.176171515787765 ], [ -132.725743842661643, 60.179517056710765 ], [ -132.712804747745906, 60.180247296674438 ], [ -132.703617078772112, 60.179112947651788 ] ] ] } },
{ "type": "Feature", "properties": { "CSDUID": "6001007", "CSDNAME": "Teslin Post 13", "PRUID": "60", "PRNAME": "Yukon", "pop_2021": 0.0, "pop_under_19": 0.0, "pop_0_4": 0.0, "pop_15_19": 0.0, "first_lang_eng_french": 0.0, "first_lang_french": 0.0, "know_eng_french": 0.0, "know_french_only": 0.0, "mother_eng_french": 0.0, "mother_french": 0.0, "mother_french_non_official": 0.0, "first_lang_eng_french_under_19": 0.0, "first_lang_eng_french_under_5": 0.0, "first_lang_french_under_19": 0.0, "first_lang_french_under_5": 0.0, "know_eng_french_under_19": 0.0, "know_eng_french_under_5": 0.0, "know_french_only_under_19": 0.0, "know_french_only_under_5": 0.0, "mother_eng_french_under_19": 0.0, "mother_eng_french_under_5": 0.0, "mother_french_under_19": 0.0, "mother_french_under_5": 0.0, "mother_french_non_official_under_19": 0.0, "mother_french_non_official_under_5": 0.0, "share_under_19": 0.0, "share_under_5": 0.0 }, "geometry": { "type": "Polygon", "coordinates": [ [ [ -132.726119966813286, 60.165147870460622 ], [ -132.724234015090786, 60.159875846376671 ], [ -132.76439752991763, 60.170952541366994 ], [ -132.754100308548487, 60.178699879164924 ], [ -132.728291188304752, 60.176171515787765 ], [ -132.724495095869173, 60.175395436619809 ], [ -132.720351107551892, 60.171659900848695 ], [ -132.726119966813286, 60.165147870460622 ] ] ] } },
{ "type": "Feature", "properties": { "CSDUID": "6001008", "CSDNAME": "Carcross 4", "PRUID": "60", "PRNAME": "Yukon", "pop_2021": 37.0, "pop_under_19": 0.0, "pop_0_4": 0.0, "pop_15_19": 0.0, "first_lang_eng_french": 0.0, "first_lang_french": 0.0, "know_eng_french": 0.0, "know_french_only": 0.0, "mother_eng_french": 0.0, "mother_french": 0.0, "mother_french_non_official": 0.0, "first_lang_eng_french_under_19": 0.0, "first_lang_eng_french_under_5": 0.0, "first_lang_french_under_19": 0.0, "first_lang_french_under_5": 0.0, "know_eng_french_under_19": 0.0, "know_eng_french_under_5": 0.0, "know_french_only_under_19": 0.0, "know_french_only_under_5": 0.0, "mother_eng_french_under_19": 0.0, "mother_eng_french_under_5": 0.0, "mother_french_under_19": 0.0, "mother_french_under_5": 0.0, "mother_french_non_official_under_19": 0.0, "mother_french_non_official_under_5": 0.0, "share_under_19": 0.0, "share_under_5": 0.0 }, "geometry": { "type": "Polygon", "coordinates": [ [ [ -134.674008192156322, 60.153576041910938 ], [ -134.68329573984181, 60.153284828179501 ], [ -134.683374183487501, 60.158726320182524 ], [ -134.691488400883571, 60.158746159393452 ], [ -134.691511794304034, 60.165655409458608 ], [ -134.688859409059091, 60.165316357234929 ], [ -134.680178933361304, 60.161156311627273 ], [ -134.673987556264791, 60.159757647375372 ], [ -134.674008192156322, 60.153576041910938 ] ] ] } },
{ "type": "Feature", "properties": { "CSDUID": "6001009", "CSDNAME": "Whitehorse", "PRUID": "60", "PRNAME": "Yukon", "pop_2021": 25147.0, "pop_under_19": 5685.0, "pop_0_4": 1410.0, "pop_15_19": 1315.0, "first_lang_eng_french": 105.0, "first_lang_french": 1095.0, "know_eng_french": 3840.0, "know_french_only": 45.0, "mother_eng_french": 300.0, "mother_french": 1060.0, "mother_french_non_official": 10.0, "first_lang_eng_french_under_19": 24.835888045354189, "first_lang_eng_french_under_5": 5.9529324120801803, "first_lang_french_under_19": 247.89346680737137, "first_lang_french_under_5": 60.993031696204476, "know_eng_french_under_19": 881.23402291120112, "know_eng_french_under_5": 214.69182341807181, "know_french_only_under_19": 10.450973216143177, "know_french_only_under_5": 2.5026787705966851, "mother_eng_french_under_19": 69.915904849793037, "mother_eng_french_under_5": 17.383633242710275, "mother_french_under_19": 240.12884588812298, "mother_french_under_5": 58.611458625621047, "mother_french_non_official_under_19": 2.3817540314181338, "mother_french_non_official_under_5": 0.42940691247416096, "share_under_19": 0.22607070425895734, "share_under_5": 0.056070306597208415 }, "geometry": { "type": "Polygon", "coordinates": [ [ [ -135.178083797341259, 60.663569630369537 ], [ -135.24699261794666, 60.749285174360779 ], [ -135.271807548531456, 60.783221017676468 ], [ -135.278724380519833, 60.839217086424654 ], [ -135.266664377742529, 60.837234424568557 ], [ -135.264104327409967, 60.837584805809591 ], [ -135.256785521070782, 60.842378365028502 ], [ -135.25529020063621, 60.842613132233502 ], [ -135.248075677319861, 60.840103722238467 ], [ -135.242884231886734, 60.837329563960132 ], [ -135.231483917803814, 60.834127250165579 ], [ -135.228705854349698, 60.835227726600863 ], [ -135.228866850025469, 60.835828474991338 ], [ -135.23461259551226, 60.837079481137337 ], [ -135.234663025305025, 60.837928524859429 ], [ -135.231219424684298, 60.841337268041656 ], [ -135.232746155711425, 60.845026478016727 ], [ -135.23006966675635, 60.846188621159541 ], [ -135.225488901930333, 60.842993267937203 ], [ -135.220432397066872, 60.842030893532048 ], [ -135.21823743075737, 60.840395550391683 ], [ -135.220563524082053, 60.838707922589343 ], [ -135.225511951287444, 60.837463929650028 ], [ -135.222080245596686, 60.834580710907098 ], [ -135.225382341461199, 60.831023920754063 ], [ -135.225027129753641, 60.829707906637871 ], [ -135.223289110087535, 60.82891413787771 ], [ -135.221096104987851, 60.829169466376698 ], [ -135.217076641625141, 60.8322946121597 ], [ -135.206727920733641, 60.83419436496186 ], [ -135.20182198404143, 60.837669031183751 ], [ -135.192867689491834, 60.837635429487925 ], [ -135.191908093257695, 60.83806614235732 ], [ -135.191749965606817, 60.841500720680536 ], [ -135.187774624492334, 60.842511083675255 ], [ -135.081435105962811, 60.840137363184155 ], [ -135.001681576618267, 60.782967511315832 ], [ -134.964876553765208, 60.749636066738034 ], [ -134.941441161109708, 60.702974986378024 ], [ -134.900328952372377, 60.658255879957096 ], [ -134.861323522115299, 60.645825031860227 ], [ -134.856728652260472, 60.589822737553675 ], [ -134.922797472258736, 60.565897677717068 ], [ -134.980878834662406, 60.557173187954753 ], [ -135.026418092519037, 60.55364071809629 ], [ -135.122879175232981, 60.618612677787262 ], [ -135.178077634547805, 60.663564639517119 ], [ -135.122364498334377, 60.673523233241504 ], [ -135.178083797341259, 60.663569630369537 ] ], [ [ -135.169483276915855, 60.794325635953314 ], [ -135.169718196573513, 60.794762291069347 ], [ -135.170391011486629, 60.795261720558209 ], [ -135.169483276915855, 60.794325635953314 ] ], [ [ -135.151934579218874, 60.773878367756261 ], [ -135.152295546537289, 60.774245120174434 ], [ -135.159591417998996, 60.777784102909521 ], [ -135.151934579218874, 60.773878367756261 ] ], [ [ -135.145016825657819, 60.766455290302076 ], [ -135.14819289402584, 60.77007671585438 ], [ -135.149855531262943, 60.771765999609819 ], [ -135.145016825657819, 60.766455290302076 ] ], [ [ -135.120563388711957, 60.775434559495224 ], [ -135.123104185732018, 60.776204224276064 ], [ -135.124672683799758, 60.776300754975658 ], [ -135.120563388711957, 60.775434559495224 ] ], [ [ -135.111322698602038, 60.772455693587524 ], [ -135.113605058673272, 60.773326724228603 ], [ -135.116848380976194, 60.7743091997785 ], [ -135.111322698602038, 60.772455693587524 ] ], [ [ -135.107428483698101, 60.769622398386353 ], [ -135.107503682021331, 60.769825459543583 ], [ -135.111322698602038, 60.772455693587524 ], [ -135.107428483698101, 60.769622398386353 ] ], [ [ -135.104645602429144, 60.762800412396778 ], [ -135.104272565385514, 60.762673200326397 ], [ -135.104752864385887, 60.763083723005352 ], [ -135.104645602429144, 60.762800412396778 ] ], [ [ -135.101651009009004, 60.761779204354731 ], [ -135.10039317221333, 60.76189451132911 ], [ -135.102876049293712, 60.762196964235642 ], [ -135.101651009009004, 60.761779204354731 ] ], [ [ -135.09898207203193, 60.762023868089088 ], [ -135.094644295402105, 60.763050305179362 ], [ -135.099240393255798, 60.762000187561654 ], [ -135.09898207203193, 60.762023868089088 ] ], [ [ -135.092587409051049, 60.762293771359154 ], [ -135.092917915291821, 60.762620506174009 ], [ -135.094644295402105, 60.763050305179362 ], [ -135.092587409051049, 60.762293771359154 ] ], [ [ -135.087712291084813, 60.753361858346246 ], [ -135.092207655073167, 60.761918350775957 ], [ -135.092275759237538, 60.76198567779975 ], [ -135.087712291084813, 60.753361858346246 ] ], [ [ -135.074312201958293, 60.756239616132497 ], [ -135.075194908801137, 60.757083072253948 ], [ -135.086312395387353, 60.764079255625987 ], [ -135.074312201958293, 60.756239616132497 ] ], [ [ -135.076322665585423, 60.72558019379003 ], [ -135.07341899139729, 60.726685765806891 ], [ -135.0717145147716, 60.727638820941095 ], [ -135.076322665585423, 60.72558019379003 ] ], [ [ -135.077563700027525, 60.723930361182603 ], [ -135.076562498449874, 60.724186880224934 ], [ -135.077799377086563, 60.724094538915153 ], [ -135.077563700027525, 60.723930361182603 ] ], [ [ -135.066503828089566, 60.717911746361871 ], [ -135.066039830837838, 60.717758125325112 ], [ -135.066630550705327, 60.718090336870986 ], [ -135.066503828089566, 60.717911746361871 ] ], [ [ -135.055582045069855, 60.706399822756978 ], [ -135.046486209634111, 60.706233563113393 ], [ -135.04133527684948, 60.702289002662503 ], [ -135.050164941811687, 60.709273453965302 ], [ -135.046487148603859, 60.706234175575943 ], [ -135.055582045069855, 60.706399822756978 ] ], [ [ -135.097457248439724, 60.696224163638313 ], [ -135.096808151390888, 60.69556869875511 ], [ -135.083311815687694, 60.688825367991932 ], [ -135.097457248439724, 60.696224163638313 ] ], [ [ -135.090699098586953, 60.734113413725581 ], [ -135.082607732803751, 60.73345439918868 ], [ -135.09016880306396, 60.734229298623134 ], [ -135.090699098586953, 60.734113413725581 ] ], [ [ -135.141185609059477, 60.759884996248388 ], [ -135.141211284145555, 60.760337087656218 ], [ -135.143133362544461, 60.753155160252639 ], [ -135.141185609059477, 60.759884996248388 ] ], [ [ -135.139325699889582, 60.745382225911165 ], [ -135.142381613793589, 60.746990934596177 ], [ -135.139751990800761, 60.74548540850143 ], [ -135.139325699889582, 60.745382225911165 ] ], [ [ -135.134819560691113, 60.744699178662074 ], [ -135.138208777897916, 60.745111877890125 ], [ -135.136496548120022, 60.744697437190169 ], [ -135.134819560691113, 60.744699178662074 ] ], [ [ -135.121029611294205, 60.743550121706789 ], [ -135.136476612131105, 60.744692611736653 ], [ -135.136222216147871, 60.744631035860145 ], [ -135.121029611294205, 60.743550121706789 ] ], [ [ -135.106763888601336, 60.723886570248418 ], [ -135.100574709824144, 60.72572119647041 ], [ -135.123783112858717, 60.7207118388664 ], [ -135.106763888601336, 60.723886570248418 ] ], [ [ -135.100574696743593, 60.725721131775131 ], [ -135.100574681749066, 60.725721239413666 ], [ -135.100574709824144, 60.72572119647041 ], [ -135.100574696743593, 60.725721131775131 ] ], [ [ -135.120845022976738, 60.717364664395795 ], [ -135.120337310957837, 60.717103377738411 ], [ -135.123783112858717, 60.7207118388664 ], [ -135.120845022976738, 60.717364664395795 ] ], [ [ -135.096368546986525, 60.73215488579936 ], [ -135.099535647208171, 60.727310532481063 ], [ -135.098392946436519, 60.728642896302446 ], [ -135.096368546986525, 60.73215488579936 ] ], [ [ -135.092713216071132, 60.733673270846388 ], [ -135.093695432903871, 60.733458628081927 ], [ -135.096368546986525, 60.73215488579936 ], [ -135.092713216071132, 60.733673270846388 ] ], [ [ -135.120171203767342, 60.697117375132542 ], [ -135.120304377837613, 60.697334529969268 ], [ -135.126687421705839, 60.707034288663266 ], [ -135.120171203767342, 60.697117375132542 ] ], [ [ -135.099610133681779, 60.712084998148846 ], [ -135.113232610554206, 60.712943469362592 ], [ -135.105357120068845, 60.71229358406827 ], [ -135.099610133681779, 60.712084998148846 ] ], [ [ -135.101971134284412, 60.700480067472675 ], [ -135.107100589350523, 60.706450875903002 ], [ -135.10257601868517, 60.701055473276831 ], [ -135.101971134284412, 60.700480067472675 ] ], [ [ -135.100467113755741, 60.725189035055337 ], [ -135.100379120716809, 60.724753828631926 ], [ -135.096059037878746, 60.71908064321196 ], [ -135.100467113755741, 60.725189035055337 ] ], [ [ -135.132612180153728, 60.74470147092206 ], [ -135.121314801438956, 60.744713202713989 ], [ -135.130798500341598, 60.744919765083814 ], [ -135.132612180153728, 60.74470147092206 ] ], [ [ -135.110825036440048, 60.745278918814051 ], [ -135.107597479495325, 60.745488051689279 ], [ -135.107043263889608, 60.745662182191687 ], [ -135.110825036440048, 60.745278918814051 ] ], [ [ -135.09141188992561, 60.752136712096636 ], [ -135.091430385193291, 60.752215212006632 ], [ -135.098180909964185, 60.757945928349415 ], [ -135.09141188992561, 60.752136712096636 ] ], [ [ -135.090994847189165, 60.747395307495815 ], [ -135.09090042288355, 60.74996588021375 ], [ -135.091223344139649, 60.751336462677081 ], [ -135.090994847189165, 60.747395307495815 ] ], [ [ -135.088354305044732, 60.746602766626005 ], [ -135.088331093454769, 60.746640549307372 ], [ -135.088425268789877, 60.746667233307619 ], [ -135.088354305044732, 60.746602766626005 ] ], [ [ -135.141319314424493, 60.762239303708377 ], [ -135.141550541841525, 60.762502954480148 ], [ -135.141299059794306, 60.761882656636494 ], [ -135.141319314424493, 60.762239303708377 ] ], [ [ -135.112585616423843, 60.774526307139951 ], [ -135.119048599272332, 60.779104329805534 ], [ -135.112710337479427, 60.774379547235654 ], [ -135.112585616423843, 60.774526307139951 ] ], [ [ -135.13143952847409, 60.784542949587063 ], [ -135.135954361117911, 60.785693233060108 ], [ -135.130631461854534, 60.784131463168343 ], [ -135.13143952847409, 60.784542949587063 ] ], [ [ -135.041027482765969, 60.712951797704108 ], [ -135.041476863791388, 60.71304938688445 ], [ -135.037562082829908, 60.710095328970397 ], [ -135.041027482765969, 60.712951797704108 ] ], [ [ -135.034810084705896, 60.70782690490924 ], [ -135.035515603893998, 60.708408452072334 ], [ -135.03421665094163, 60.706622175830802 ], [ -135.034810084705896, 60.70782690490924 ] ], [ [ -135.031867922648217, 60.70532140879439 ], [ -135.033800684519434, 60.706050152851915 ], [ -135.033708795474041, 60.705923790139273 ], [ -135.031867922648217, 60.70532140879439 ] ], [ [ -135.014930411991742, 60.705110189792826 ], [ -135.006870081164237, 60.703360508008224 ], [ -135.017385706535492, 60.705882000287588 ], [ -135.014930411991742, 60.705110189792826 ] ], [ [ -134.997097183388746, 60.694837196447168 ], [ -135.014275115746102, 60.71043542961327 ], [ -135.006870081164237, 60.703360508008224 ], [ -134.997097183388746, 60.694837196447168 ] ], [ [ -135.02347972999894, 60.69033467227122 ], [ -135.028796741946621, 60.689426443368951 ], [ -134.997097183388746, 60.694837196447168 ], [ -135.02347972999894, 60.69033467227122 ] ], [ [ -135.027465728027863, 60.663355364450922 ], [ -135.028369120026895, 60.666912744123088 ], [ -135.027833484950918, 60.664032852074143 ], [ -135.027465728027863, 60.663355364450922 ] ], [ [ -135.025195570750327, 60.660238956571085 ], [ -135.027294705356468, 60.663040303779368 ], [ -135.026917933894651, 60.662346209430204 ], [ -135.025195570750327, 60.660238956571085 ] ], [ [ -134.967995364575046, 60.631374936267825 ], [ -134.970534795299699, 60.634408899306649 ], [ -134.973451843419269, 60.636895617991613 ], [ -134.972264657867015, 60.635758137175898 ], [ -134.967995364575046, 60.631374936267825 ] ], [ [ -134.958381285257104, 60.626247168244397 ], [ -134.963630232178218, 60.626731281895786 ], [ -134.956716150374803, 60.625654358979588 ], [ -134.958381285257104, 60.626247168244397 ] ], [ [ -134.934747270844781, 60.617108785713057 ], [ -134.939143983537775, 60.617445801254455 ], [ -134.937816736008983, 60.617146695270264 ], [ -134.934747270844781, 60.617108785713057 ] ], [ [ -134.919178472698178, 60.632521314344885 ], [ -134.921105761976435, 60.631931146822645 ], [ -134.917445846197637, 60.632523111165803 ], [ -134.919178472698178, 60.632521314344885 ] ], [ [ -134.906465366969087, 60.627081524934653 ], [ -134.90702900611609, 60.626977681677467 ], [ -134.904887917968551, 60.626734878416492 ], [ -134.906465366969087, 60.627081524934653 ] ], [ [ -134.899207079287805, 60.625486506552654 ], [ -134.903359920169777, 60.626399098865761 ], [ -134.90138981288635, 60.625674684140428 ], [ -134.899207079287805, 60.625486506552654 ] ], [ [ -134.892460191162684, 60.625447194071256 ], [ -134.898842440946368, 60.625455070392256 ], [ -134.8965436403345, 60.625256886447957 ], [ -134.892460191162684, 60.625447194071256 ] ], [ [ -134.942316458056837, 60.579688423879439 ], [ -134.951140327164978, 60.58525860773095 ], [ -134.949116741188789, 60.583776376164906 ], [ -134.942316458056837, 60.579688423879439 ] ], [ [ -134.953441621083442, 60.588968631464134 ], [ -134.957671026770669, 60.591570750573126 ], [ -134.960170633872082, 60.593108341061729 ], [ -134.953441621083442, 60.588968631464134 ] ], [ [ -135.03926371240027, 60.693923693592609 ], [ -135.038207579396072, 60.694260804557821 ], [ -135.040325586146025, 60.693743646997639 ], [ -135.03926371240027, 60.693923693592609 ] ], [ [ -135.04056905284682, 60.697093592276367 ], [ -135.040593176770614, 60.696715695832523 ], [ -135.040193586871197, 60.696304499136886 ], [ -135.04056905284682, 60.697093592276367 ] ], [ [ -135.021285922885141, 60.702918594439829 ], [ -135.022274506301528, 60.702182194091549 ], [ -135.023720924171528, 60.701095597719473 ], [ -135.021285922885141, 60.702918594439829 ] ], [ [ -135.028616124759139, 60.71067249404431 ], [ -135.028784811404904, 60.710476887209481 ], [ -135.027959810419219, 60.709920496753668 ], [ -135.028616124759139, 60.71067249404431 ] ], [ [ -135.023765594464692, 60.712103002893478 ], [ -135.028113563836598, 60.711255257136962 ], [ -135.028384312418751, 60.710941300611509 ], [ -135.023765594464692, 60.712103002893478 ] ], [ [ -135.06018592329221, 60.718232740969164 ], [ -135.058955176392942, 60.716680042695856 ], [ -135.060792236669528, 60.719040508615954 ], [ -135.06018592329221, 60.718232740969164 ] ], [ [ -135.05018408227491, 60.72101750393692 ], [ -135.044846291530831, 60.715599315799658 ], [ -135.051453606055105, 60.722523275731554 ], [ -135.05018408227491, 60.72101750393692 ] ] ] } },
{ "type": "Feature", "properties": { "CSDUID": "6001010", "CSDNAME": "Lake Laberge 1", "PRUID": "60", "PRNAME": "Yukon", "pop_2021": 24.0, "pop_under_19": 0.0, "pop_0_4": 0.0, "pop_15_19": 0.0, "first_lang_eng_french": 0.0, "first_lang_french": 0.0, "know_eng_french": 0.0, "know_french_only": 0.0, "mother_eng_french": 0.0, "mother_french": 0.0, "mother_french_non_official": 0.0, "first_lang_eng_french_under_19": 0.0, "first_lang_eng_french_under_5": 0.0, "first_lang_french_under_19": 0.0, "first_lang_french_under_5": 0.0, "know_eng_french_under_19": 0.0, "know_eng_french_under_5": 0.0, "know_french_only_under_19": 0.0, "know_french_only_under_5": 0.0, "mother_eng_french_under_19": 0.0, "mother_eng_french_under_5": 0.0, "mother_french_under_19": 0.0, "mother_french_under_5": 0.0, "mother_french_non_official_under_19": 0.0, "mother_french_non_official_under_5": 0.0, "share_under_19": 0.0, "share_under_5": 0.0 }, "geometry": { "type": "Polygon", "coordinates": [ [ [ -135.116215168112518, 60.98957623865688 ], [ -135.115815360809052, 60.972099770404085 ], [ -135.138664943414369, 60.972702422017846 ], [ -135.137599536119922, 60.989817542366616 ], [ -135.116215168112518, 60.98957623865688 ] ] ] } },
{ "type": "Feature", "properties": { "CSDUID": "6001012", "CSDNAME": "Carmacks", "PRUID": "60", "PRNAME": "Yukon", "pop_2021": 0.0, "pop_under_19": 0.0, "pop_0_4": 0.0, "pop_15_19": 0.0, "first_lang_eng_french": 0.0, "first_lang_french": 0.0, "know_eng_french": 0.0, "know_french_only": 0.0, "mother_eng_french": 0.0, "mother_french": 0.0, "mother_french_non_official": 0.0, "first_lang_eng_french_under_19": 0.0, "first_lang_eng_french_under_5": 0.0, "first_lang_french_under_19": 0.0, "first_lang_french_under_5": 0.0, "know_eng_french_under_19": 0.0, "know_eng_french_under_5": 0.0, "know_french_only_under_19": 0.0, "know_french_only_under_5": 0.0, "mother_eng_french_under_19": 0.0, "mother_eng_french_under_5": 0.0, "mother_french_under_19": 0.0, "mother_french_under_5": 0.0, "mother_french_non_official_under_19": 0.0, "mother_french_non_official_under_5": 0.0, "share_under_19": 0.0, "share_under_5": 0.0 }, "geometry": { "type": "Polygon", "coordinates": [ [ [ -136.226111759662132, 62.126307990673972 ], [ -136.17454191559554, 62.114968515599074 ], [ -136.154538979875554, 62.114132838868429 ], [ -136.151593684009725, 62.094958844245753 ], [ -136.234785465018035, 62.093970445148592 ], [ -136.234491670108298, 62.067537505184283 ], [ -136.324863025745969, 62.067459691734165 ], [ -136.325147331788628, 62.125542257114702 ], [ -136.275465523909418, 62.125684992627122 ], [ -136.262396729156904, 62.129670637845351 ], [ -136.235184460043172, 62.1297932704068 ], [ -136.235152968735662, 62.126966693817373 ], [ -136.226111759662132, 62.126307990673972 ] ] ] } },
{ "type": "Feature", "properties": { "CSDUID": "6001016", "CSDNAME": "Klukshu", "PRUID": "60", "PRNAME": "Yukon", "pop_2021": 0.0, "pop_under_19": 0.0, "pop_0_4": 0.0, "pop_15_19": 0.0, "first_lang_eng_french": 0.0, "first_lang_french": 0.0, "know_eng_french": 0.0, "know_french_only": 0.0, "mother_eng_french": 0.0, "mother_french": 0.0, "mother_french_non_official": 0.0, "first_lang_eng_french_under_19": 0.0, "first_lang_eng_french_under_5": 0.0, "first_lang_french_under_19": 0.0, "first_lang_french_under_5": 0.0, "know_eng_french_under_19": 0.0, "know_eng_french_under_5": 0.0, "know_french_only_under_19": 0.0, "know_french_only_under_5": 0.0, "mother_eng_french_under_19": 0.0, "mother_eng_french_under_5": 0.0, "mother_french_under_19": 0.0, "mother_french_under_5": 0.0, "mother_french_non_official_under_19": 0.0, "mother_french_non_official_under_5": 0.0, "share_under_19": 0.0, "share_under_5": 0.0 }, "geometry": { "type": "Polygon", "coordinates": [ [ [ -136.976612371723462, 60.292562937651866 ], [ -136.983982395535719, 60.289348338564885 ], [ -136.992120013992832, 60.287447404118311 ], [ -136.999357740717812, 60.287720624207033 ], [ -137.007550721291636, 60.289153755998292 ], [ -137.014026148496498, 60.291244584681735 ], [ -137.018363725571731, 60.294098032743506 ], [ -137.019946611088471, 60.29857458483999 ], [ -137.018091010564149, 60.30384560936433 ], [ -137.015560275851584, 60.306641779980978 ], [ -137.009427134967581, 60.309704036678575 ], [ -137.001483473574694, 60.311894720476531 ], [ -136.994154487513953, 60.312180558465755 ], [ -136.987231528871206, 60.310875049235214 ], [ -136.97516648399656, 60.305117674070765 ], [ -136.972774458552266, 60.302256108847807 ], [ -136.971892422748084, 60.299050176936078 ], [ -136.972718160486295, 60.295788558691733 ], [ -136.976612371723462, 60.292562937651866 ] ] ] } },
{ "type": "Feature", "properties": { "CSDUID": "6001018", "CSDNAME": "Haines Junction", "PRUID": "60", "PRNAME": "Yukon", "pop_2021": 0.0, "pop_under_19": 0.0, "pop_0_4": 0.0, "pop_15_19": 0.0, "first_lang_eng_french": 0.0, "first_lang_french": 0.0, "know_eng_french": 0.0, "know_french_only": 0.0, "mother_eng_french": 0.0, "mother_french": 0.0, "mother_french_non_official": 0.0, "first_lang_eng_french_under_19": 0.0, "first_lang_eng_french_under_5": 0.0, "first_lang_french_under_19": 0.0, "first_lang_french_under_5": 0.0, "know_eng_french_under_19": 0.0, "know_eng_french_under_5": 0.0, "know_french_only_under_19": 0.0, "know_french_only_under_5": 0.0, "mother_eng_french_under_19": 0.0, "mother_eng_french_under_5": 0.0, "mother_french_under_19": 0.0, "mother_french_under_5": 0.0, "mother_french_non_official_under_19": 0.0, "mother_french_non_official_under_5": 0.0, "share_under_19": 0.0, "share_under_5": 0.0 }, "geometry": { "type": "Polygon", "coordinates": [ [ [ -137.526017926356872, 60.79337606890202 ], [ -137.524004175581354, 60.793943934447398 ], [ -137.523012404985565, 60.795588464795991 ], [ -137.52329269340305, 60.798215133162699 ], [ -137.521570100835561, 60.799217647856651 ], [ -137.512309661428873, 60.800747834379031 ], [ -137.505598976205818, 60.798270966614204 ], [ -137.509121621555693, 60.796964555731783 ], [ -137.514708921387353, 60.79313484033397 ], [ -137.452402542234722, 60.792808312689523 ], [ -137.451349807399907, 60.740640304878305 ], [ -137.477406126297382, 60.741284735853604 ], [ -137.493858988792084, 60.742858641424284 ], [ -137.49640245783155, 60.739615109845651 ], [ -137.506843751366773, 60.741685007142237 ], [ -137.512803670152437, 60.743734379173659 ], [ -137.518325288582048, 60.748954720091525 ], [ -137.538951828452667, 60.751832891460388 ], [ -137.543386632895874, 60.753485971967997 ], [ -137.541605342145886, 60.756767566612204 ], [ -137.546728383457236, 60.757893295594073 ], [ -137.558461695243295, 60.764466719469446 ], [ -137.579467248813017, 60.771260358684493 ], [ -137.585783753241742, 60.772896389491301 ], [ -137.590032166891291, 60.77305653971645 ], [ -137.580725384354395, 60.786188845586771 ], [ -137.581296649851424, 60.788497560698858 ], [ -137.579438554283513, 60.790985629710974 ], [ -137.565887014813057, 60.793886382068017 ], [ -137.555678577208056, 60.793560138065018 ], [ -137.55088314083136, 60.794504738398409 ], [ -137.544879821047431, 60.793666525665948 ], [ -137.526017926356872, 60.79337606890202 ] ] ] } },
{ "type": "Feature", "properties": { "CSDUID": "6001019", "CSDNAME": "Kloo Lake", "PRUID": "60", "PRNAME": "Yukon", "pop_2021": 0.0, "pop_under_19": 0.0, "pop_0_4": 0.0, "pop_15_19": 0.0, "first_lang_eng_french": 0.0, "first_lang_french": 0.0, "know_eng_french": 0.0, "know_french_only": 0.0, "mother_eng_french": 0.0, "mother_french": 0.0, "mother_french_non_official": 0.0, "first_lang_eng_french_under_19": 0.0, "first_lang_eng_french_under_5": 0.0, "first_lang_french_under_19": 0.0, "first_lang_french_under_5": 0.0, "know_eng_french_under_19": 0.0, "know_eng_french_under_5": 0.0, "know_french_only_under_19": 0.0, "know_french_only_under_5": 0.0, "mother_eng_french_under_19": 0.0, "mother_eng_french_under_5": 0.0, "mother_french_under_19": 0.0, "mother_french_under_5": 0.0, "mother_french_non_official_under_19": 0.0, "mother_french_non_official_under_5": 0.0, "share_under_19": 0.0, "share_under_5": 0.0 }, "geometry": { "type": "Polygon", "coordinates": [ [ [ -137.830662912823698, 60.916387880123708 ], [ -137.836067297709405, 60.913277215221527 ], [ -137.84336575915296, 60.910854144093889 ], [ -137.852654994622299, 60.909709244894181 ], [ -137.8637748857156, 60.909753240518448 ], [ -137.872780397983405, 60.911496123317548 ], [ -137.881235891540967, 60.915531574260562 ], [ -137.884473350520551, 60.919913010609648 ], [ -137.884320869645279, 60.923142183848256 ], [ -137.880838010105208, 60.926774757112106 ], [ -137.8765101040172, 60.929583814967081 ], [ -137.870515471770801, 60.931922330572625 ], [ -137.859253686760809, 60.933596793356209 ], [ -137.850575572506642, 60.933291025661248 ], [ -137.843434713062663, 60.931771577167758 ], [ -137.836209720188776, 60.92823317509685 ], [ -137.831725945142836, 60.924862212262184 ], [ -137.829757497985298, 60.920728064644933 ], [ -137.830662912823698, 60.916387880123708 ] ] ] } },
{ "type": "Feature", "properties": { "CSDUID": "6001022", "CSDNAME": "Mayo", "PRUID": "60", "PRNAME": "Yukon", "pop_2021": 188.0, "pop_under_19": 30.0, "pop_0_4": 15.0, "pop_15_19": 5.0, "first_lang_eng_french": 0.0, "first_lang_french": 10.0, "know_eng_french": 20.0, "know_french_only": 0.0, "mother_eng_french": 5.0, "mother_french": 10.0, "mother_french_non_official": 0.0, "first_lang_eng_french_under_19": 0.0, "first_lang_eng_french_under_5": 0.0, "first_lang_french_under_19": 1.5957446808510638, "first_lang_french_under_5": 0.7978723404255319, "know_eng_french_under_19": 3.191489361702128, "know_eng_french_under_5": 1.5957446808510638, "know_french_only_under_19": 0.0, "know_french_only_under_5": 0.0, "mother_eng_french_under_19": 0.7978723404255319, "mother_eng_french_under_5": 0.39893617021276589, "mother_french_under_19": 1.5957446808510638, "mother_french_under_5": 0.7978723404255319, "mother_french_non_official_under_19": 0.0, "mother_french_non_official_under_5": 0.0, "share_under_19": 0.15957446808510639, "share_under_5": 0.079787234042553196 }, "geometry": { "type": "Polygon", "coordinates": [ [ [ -135.891010873250139, 63.593635094787423 ], [ -135.885144736998171, 63.590223959313796 ], [ -135.890810542232259, 63.588391357458455 ], [ -135.893442268209242, 63.590220592428977 ], [ -135.90244113817289, 63.590235633867259 ], [ -135.903128271909054, 63.591121097662096 ], [ -135.902916214223666, 63.594021473199319 ], [ -135.903637980250096, 63.594311696083231 ], [ -135.903418902102743, 63.603701033546628 ], [ -135.890959867076361, 63.603645055138678 ], [ -135.88994636601285, 63.60138694680839 ], [ -135.890060352250288, 63.594913222525577 ], [ -135.891010873250139, 63.593635094787423 ] ] ] } },
{ "type": "Feature", "properties": { "CSDUID": "6001029", "CSDNAME": "Dawson", "PRUID": "60", "PRNAME": "Yukon", "pop_2021": 1577.0, "pop_under_19": 315.0, "pop_0_4": 75.0, "pop_15_19": 80.0, "first_lang_eng_french": 5.0, "first_lang_french": 70.0, "know_eng_french": 200.0, "know_french_only": 0.0, "mother_eng_french": 25.0, "mother_french": 80.0, "mother_french_non_official": 0.0, "first_lang_eng_french_under_19": 0.99183197199533257, "first_lang_eng_french_under_5": 0.23337222870478411, "first_lang_french_under_19": 14.036772332425773, "first_lang_french_under_5": 3.3640444703746923, "know_eng_french_under_19": 40.066203163490215, "know_eng_french_under_5": 9.5866556463114225, "know_french_only_under_19": 0.0, "know_french_only_under_5": 0.0, "mother_eng_french_under_19": 5.0044972773239973, "mother_eng_french_under_5": 1.1959111240762348, "mother_french_under_19": 16.035548748865551, "mother_french_under_5": 3.8404722546350323, "mother_french_non_official_under_19": 0.0, "mother_french_non_official_under_5": 0.0, "share_under_19": 0.19974635383639822, "share_under_5": 0.047558655675332913 }, "geometry": { "type": "Polygon", "coordinates": [ [ [ -139.415783323294335, 64.089982310873879 ], [ -139.411446112578062, 64.069186882307918 ], [ -139.377106145299933, 64.058448714011803 ], [ -139.37797937011311, 64.053788067145518 ], [ -139.277724107321092, 64.050669168767428 ], [ -139.279478405236716, 64.024452484334006 ], [ -139.449858848184732, 64.028226319645199 ], [ -139.46127004419904, 64.024553725768399 ], [ -139.470633411790601, 64.024374319007535 ], [ -139.479141291971644, 64.02284054912694 ], [ -139.487931146691977, 64.027246887181917 ], [ -139.487929383229073, 64.029267718406928 ], [ -139.477419410619774, 64.033556188973577 ], [ -139.474975699314115, 64.040065039480325 ], [ -139.469808409429788, 64.04691324212537 ], [ -139.467212340754912, 64.048681079586743 ], [ -139.458366941688013, 64.051944567789249 ], [ -139.448083412623959, 64.075075654980822 ], [ -139.445643580672851, 64.076458584127465 ], [ -139.44457741638243, 64.07806729967082 ], [ -139.450862190187735, 64.08060926573647 ], [ -139.452132455421264, 64.082052858537438 ], [ -139.443409606266755, 64.08282415203243 ], [ -139.446506283406762, 64.087614515253449 ], [ -139.458421530631597, 64.090306969451731 ], [ -139.415783323294335, 64.089982310873879 ] ] ] } },
{ "type": "Feature", "properties": { "CSDUID": "6001031", "CSDNAME": "Moosehide Creek 2", "PRUID": "60", "PRNAME": "Yukon", "pop_2021": 0.0, "pop_under_19": 0.0, "pop_0_4": 0.0, "pop_15_19": 0.0, "first_lang_eng_french": 0.0, "first_lang_french": 0.0, "know_eng_french": 0.0, "know_french_only": 0.0, "mother_eng_french": 0.0, "mother_french": 0.0, "mother_french_non_official": 0.0, "first_lang_eng_french_under_19": 0.0, "first_lang_eng_french_under_5": 0.0, "first_lang_french_under_19": 0.0, "first_lang_french_under_5": 0.0, "know_eng_french_under_19": 0.0, "know_eng_french_under_5": 0.0, "know_french_only_under_19": 0.0, "know_french_only_under_5": 0.0, "mother_eng_french_under_19": 0.0, "mother_eng_french_under_5": 0.0, "mother_french_under_19": 0.0, "mother_french_under_5": 0.0, "mother_french_non_official_under_19": 0.0, "mother_french_non_official_under_5": 0.0, "share_under_19": 0.0, "share_under_5": 0.0 }, "geometry": { "type": "Polygon", "coordinates": [ [ [ -139.405869604205833, 64.126528109455876 ], [ -139.382394847750845, 64.100324997748672 ], [ -139.447735380108014, 64.091524375934256 ], [ -139.45493092281211, 64.104301182926292 ], [ -139.468121555020531, 64.114561531636483 ], [ -139.405869604205833, 64.126528109455876 ] ] ] } },
{ "type": "Feature", "properties": { "CSDUID": "6001032", "CSDNAME": "Upper Liard", "PRUID": "60", "PRNAME": "Yukon", "pop_2021": 130.0, "pop_under_19": 20.0, "pop_0_4": 10.0, "pop_15_19": 0.0, "first_lang_eng_french": 0.0, "first_lang_french": 0.0, "know_eng_french": 0.0, "know_french_only": 0.0, "mother_eng_french": 0.0, "mother_french": 0.0, "mother_french_non_official": 0.0, "first_lang_eng_french_under_19": 0.0, "first_lang_eng_french_under_5": 0.0, "first_lang_french_under_19": 0.0, "first_lang_french_under_5": 0.0, "know_eng_french_under_19": 0.0, "know_eng_french_under_5": 0.0, "know_french_only_under_19": 0.0, "know_french_only_under_5": 0.0, "mother_eng_french_under_19": 0.0, "mother_eng_french_under_5": 0.0, "mother_french_under_19": 0.0, "mother_french_under_5": 0.0, "mother_french_non_official_under_19": 0.0, "mother_french_non_official_under_5": 0.0, "share_under_19": 0.15384615384615385, "share_under_5": 0.076923076923076927 }, "geometry": { "type": "Polygon", "coordinates": [ [ [ -128.890615660163462, 60.046543001199517 ], [ -128.896421322297044, 60.043604130771271 ], [ -128.913263677571308, 60.041311236731623 ], [ -128.927197210053663, 60.041944404390208 ], [ -128.938893288059461, 60.046141172478592 ], [ -128.94423651864966, 60.05158118463585 ], [ -128.94106454635309, 60.056819810869719 ], [ -128.936454059583752, 60.061380702939282 ], [ -128.92942148518523, 60.064040455743637 ], [ -128.923216441747144, 60.065313326193156 ], [ -128.905556239204373, 60.065175082921165 ], [ -128.895595655609895, 60.05826236111956 ], [ -128.892298985067555, 60.053481521651648 ], [ -128.890615660163462, 60.046543001199517 ] ] ] } },
{ "type": "Feature", "properties": { "CSDUID": "6001035", "CSDNAME": "Two Mile and Two and One-Half Mile Village", "PRUID": "60", "PRNAME": "Yukon", "pop_2021": 162.0, "pop_under_19": 40.0, "pop_0_4": 5.0, "pop_15_19": 10.0, "first_lang_eng_french": 0.0, "first_lang_french": 0.0, "know_eng_french": 5.0, "know_french_only": 0.0, "mother_eng_french": 0.0, "mother_french": 0.0, "mother_french_non_official": 0.0, "first_lang_eng_french_under_19": 0.0, "first_lang_eng_french_under_5": 0.0, "first_lang_french_under_19": 0.0, "first_lang_french_under_5": 0.0, "know_eng_french_under_19": 1.2345679012345678, "know_eng_french_under_5": 0.1543209876543209, "know_french_only_under_19": 0.0, "know_french_only_under_5": 0.0, "mother_eng_french_under_19": 0.0, "mother_eng_french_under_5": 0.0, "mother_french_under_19": 0.0, "mother_french_under_5": 0.0, "mother_french_non_official_under_19": 0.0, "mother_french_non_official_under_5": 0.0, "share_under_19": 0.24691358024691357, "share_under_5": 0.030864197530864196 }, "geometry": { "type": "Polygon", "coordinates": [ [ [ -128.753007254933806, 60.09535450846527 ], [ -128.743769849896182, 60.097093733380184 ], [ -128.739974728324199, 60.097219704804147 ], [ -128.735022230146711, 60.093709312194726 ], [ -128.738127224535162, 60.09212618372797 ], [ -128.739825527311922, 60.086508542673123 ], [ -128.738101688987399, 60.082327933530223 ], [ -128.743222132588073, 60.081980696137656 ], [ -128.746106400120766, 60.083198460666736 ], [ -128.751732582582719, 60.083137293315154 ], [ -128.75075540549966, 60.081732889078118 ], [ -128.75221061224147, 60.08171605388668 ], [ -128.753007254933806, 60.09535450846527 ] ] ] } },
{ "type": "Feature", "properties": { "CSDUID": "6001036", "CSDNAME": "Tagish", "PRUID": "60", "PRNAME": "Yukon", "pop_2021": 311.0, "pop_under_19": 35.0, "pop_0_4": 10.0, "pop_15_19": 10.0, "first_lang_eng_french": 0.0, "first_lang_french": 5.0, "know_eng_french": 20.0, "know_french_only": 0.0, "mother_eng_french": 0.0, "mother_french": 5.0, "mother_french_non_official": 0.0, "first_lang_eng_french_under_19": 0.0, "first_lang_eng_french_under_5": 0.0, "first_lang_french_under_19": 0.56270096463022512, "first_lang_french_under_5": 0.16077170418006431, "know_eng_french_under_19": 2.2508038585209005, "know_eng_french_under_5": 0.64308681672025725, "know_french_only_under_19": 0.0, "know_french_only_under_5": 0.0, "mother_eng_french_under_19": 0.0, "mother_eng_french_under_5": 0.0, "mother_french_under_19": 0.56270096463022512, "mother_french_under_5": 0.16077170418006431, "mother_french_non_official_under_19": 0.0, "mother_french_non_official_under_5": 0.0, "share_under_19": 0.11254019292604502, "share_under_5": 0.03215434083601286 }, "geometry": { "type": "Polygon", "coordinates": [ [ [ -134.24186243023928, 60.328409919361121 ], [ -134.22550501620853, 60.257694980767923 ], [ -134.269449179924237, 60.239844105355125 ], [ -134.292199652407589, 60.241130913185039 ], [ -134.302861714992076, 60.226247944550877 ], [ -134.328419368474243, 60.22095435613442 ], [ -134.33403400715622, 60.225004032337232 ], [ -134.329115228443499, 60.263792417626128 ], [ -134.341243265181731, 60.326171556583787 ], [ -134.24186243023928, 60.328409919361121 ] ] ] } },
{ "type": "Feature", "properties": { "CSDUID": "6001037", "CSDNAME": "Ross River", "PRUID": "60", "PRNAME": "Yukon", "pop_2021": 355.0, "pop_under_19": 90.0, "pop_0_4": 15.0, "pop_15_19": 30.0, "first_lang_eng_french": 0.0, "first_lang_french": 5.0, "know_eng_french": 15.0, "know_french_only": 0.0, "mother_eng_french": 0.0, "mother_french": 5.0, "mother_french_non_official": 0.0, "first_lang_eng_french_under_19": 0.0, "first_lang_eng_french_under_5": 0.0, "first_lang_french_under_19": 1.267605633802817, "first_lang_french_under_5": 0.21126760563380281, "know_eng_french_under_19": 3.8028169014084505, "know_eng_french_under_5": 0.63380281690140849, "know_french_only_under_19": 0.0, "know_french_only_under_5": 0.0, "mother_eng_french_under_19": 0.0, "mother_eng_french_under_5": 0.0, "mother_french_under_19": 1.267605633802817, "mother_french_under_5": 0.21126760563380281, "mother_french_non_official_under_19": 0.0, "mother_french_non_official_under_5": 0.0, "share_under_19": 0.25352112676056338, "share_under_5": 0.042253521126760563 }, "geometry": { "type": "Polygon", "coordinates": [ [ [ -132.447568729257114, 62.002806005863171 ], [ -132.392580281274945, 61.95647270229653 ], [ -132.453894578412559, 61.94060519597619 ], [ -132.508331112527515, 61.98761707393097 ], [ -132.447568729257114, 62.002806005863171 ] ] ] } },
{ "type": "Feature", "properties": { "CSDUID": "6001038", "CSDNAME": "Champagne Landing 10", "PRUID": "60", "PRNAME": "Yukon", "pop_2021": 0.0, "pop_under_19": 0.0, "pop_0_4": 0.0, "pop_15_19": 0.0, "first_lang_eng_french": 0.0, "first_lang_french": 0.0, "know_eng_french": 0.0, "know_french_only": 0.0, "mother_eng_french": 0.0, "mother_french": 0.0, "mother_french_non_official": 0.0, "first_lang_eng_french_under_19": 0.0, "first_lang_eng_french_under_5": 0.0, "first_lang_french_under_19": 0.0, "first_lang_french_under_5": 0.0, "know_eng_french_under_19": 0.0, "know_eng_french_under_5": 0.0, "know_french_only_under_19": 0.0, "know_french_only_under_5": 0.0, "mother_eng_french_under_19": 0.0, "mother_eng_french_under_5": 0.0, "mother_french_under_19": 0.0, "mother_french_under_5": 0.0, "mother_french_non_official_under_19": 0.0, "mother_french_non_official_under_5": 0.0, "share_under_19": 0.0, "share_under_5": 0.0 }, "geometry": { "type": "Polygon", "coordinates": [ [ [ -136.453411334616106, 60.781873242165538 ], [ -136.456412818315357, 60.778947299535908 ], [ -136.463056567887264, 60.77704871404211 ], [ -136.471484610533679, 60.776100278590874 ], [ -136.479270863274337, 60.776611753798505 ], [ -136.487390347220611, 60.778813917048289 ], [ -136.493123070912389, 60.781298824464329 ], [ -136.496816289739314, 60.784767223493816 ], [ -136.497696280904051, 60.788272612920416 ], [ -136.496634687780784, 60.790821504346994 ], [ -136.493454891756073, 60.793893484439643 ], [ -136.488099571283414, 60.796456661108436 ], [ -136.474410035926013, 60.798028567548712 ], [ -136.467820694830493, 60.796880102768888 ], [ -136.460369922224316, 60.794399394031984 ], [ -136.455401134016824, 60.791105853506842 ], [ -136.452698313277466, 60.785541997238496 ], [ -136.453411334616106, 60.781873242165538 ] ] ] } },
{ "type": "Feature", "properties": { "CSDUID": "6001039", "CSDNAME": "Burwash Landing", "PRUID": "60", "PRNAME": "Yukon", "pop_2021": 64.0, "pop_under_19": 5.0, "pop_0_4": 0.0, "pop_15_19": 0.0, "first_lang_eng_french": 0.0, "first_lang_french": 5.0, "know_eng_french": 5.0, "know_french_only": 0.0, "mother_eng_french": 0.0, "mother_french": 5.0, "mother_french_non_official": 0.0, "first_lang_eng_french_under_19": 0.0, "first_lang_eng_french_under_5": 0.0, "first_lang_french_under_19": 0.390625, "first_lang_french_under_5": 0.0, "know_eng_french_under_19": 0.390625, "know_eng_french_under_5": 0.0, "know_french_only_under_19": 0.0, "know_french_only_under_5": 0.0, "mother_eng_french_under_19": 0.0, "mother_eng_french_under_5": 0.0, "mother_french_under_19": 0.390625, "mother_french_under_5": 0.0, "mother_french_non_official_under_19": 0.0, "mother_french_non_official_under_5": 0.0, "share_under_19": 0.078125, "share_under_5": 0.0 }, "geometry": { "type": "Polygon", "coordinates": [ [ [ -138.925221213524367, 61.339258955761714 ], [ -138.976941285044717, 61.313678734755591 ], [ -139.094344453713035, 61.363380441118643 ], [ -139.03952799439034, 61.388775215089417 ], [ -138.925221213524367, 61.339258955761714 ] ] ] } },
{ "type": "Feature", "properties": { "CSDUID": "6001041", "CSDNAME": "Pelly Crossing", "PRUID": "60", "PRNAME": "Yukon", "pop_2021": 316.0, "pop_under_19": 80.0, "pop_0_4": 15.0, "pop_15_19": 15.0, "first_lang_eng_french": 0.0, "first_lang_french": 0.0, "know_eng_french": 5.0, "know_french_only": 0.0, "mother_eng_french": 0.0, "mother_french": 10.0, "mother_french_non_official": 0.0, "first_lang_eng_french_under_19": 0.0, "first_lang_eng_french_under_5": 0.0, "first_lang_french_under_19": 0.0, "first_lang_french_under_5": 0.0, "know_eng_french_under_19": 1.2658227848101269, "know_eng_french_under_5": 0.23734177215189869, "know_french_only_under_19": 0.0, "know_french_only_under_5": 0.0, "mother_eng_french_under_19": 0.0, "mother_eng_french_under_5": 0.0, "mother_french_under_19": 2.5316455696202533, "mother_french_under_5": 0.4746835443037975, "mother_french_non_official_under_19": 0.0, "mother_french_non_official_under_5": 0.0, "share_under_19": 0.25316455696202533, "share_under_5": 0.04746835443037975 }, "geometry": { "type": "Polygon", "coordinates": [ [ [ -136.557359176233689, 62.858210870027264 ], [ -136.513762503469593, 62.795852654021111 ], [ -136.60416370821153, 62.783647880827438 ], [ -136.64675421642761, 62.845416731184422 ], [ -136.557359176233689, 62.858210870027264 ] ] ] } },
{ "type": "Feature", "properties": { "CSDUID": "6001042", "CSDNAME": "Beaver Creek", "PRUID": "60", "PRNAME": "Yukon", "pop_2021": 78.0, "pop_under_19": 5.0, "pop_0_4": 5.0, "pop_15_19": 0.0, "first_lang_eng_french": 0.0, "first_lang_french": 5.0, "know_eng_french": 10.0, "know_french_only": 0.0, "mother_eng_french": 0.0, "mother_french": 5.0, "mother_french_non_official": 0.0, "first_lang_eng_french_under_19": 0.0, "first_lang_eng_french_under_5": 0.0, "first_lang_french_under_19": 0.32051282051282048, "first_lang_french_under_5": 0.32051282051282048, "know_eng_french_under_19": 0.64102564102564097, "know_eng_french_under_5": 0.64102564102564097, "know_french_only_under_19": 0.0, "know_french_only_under_5": 0.0, "mother_eng_french_under_19": 0.0, "mother_eng_french_under_5": 0.0, "mother_french_under_19": 0.32051282051282048, "mother_french_under_5": 0.32051282051282048, "mother_french_non_official_under_19": 0.0, "mother_french_non_official_under_5": 0.0, "share_under_19": 0.064102564102564097, "share_under_5": 0.064102564102564097 }, "geometry": { "type": "Polygon", "coordinates": [ [ [ -140.835609607296846, 62.369799081699746 ], [ -140.844908690284569, 62.363815641235853 ], [ -140.866363158289886, 62.356922542219223 ], [ -140.878393554612785, 62.354436871086904 ], [ -140.895362424898195, 62.353641226617356 ], [ -140.917035519848412, 62.356438439518044 ], [ -140.926725692154832, 62.360397446745395 ], [ -140.937102132457056, 62.365354705795838 ], [ -140.949016748511923, 62.372724459532058 ], [ -140.95290831657428, 62.379959539634996 ], [ -140.950360472405833, 62.387650944820926 ], [ -140.941368063526426, 62.395798319845575 ], [ -140.925427144355865, 62.403153918216731 ], [ -140.912505651616158, 62.405057843227837 ], [ -140.901591446500817, 62.405565084745959 ], [ -140.879105650610427, 62.40474912299613 ], [ -140.869337733419854, 62.402941071033474 ], [ -140.859449193638255, 62.399390997057637 ], [ -140.847485953861678, 62.393836314813214 ], [ -140.841184769440446, 62.389978862057426 ], [ -140.83489246948352, 62.380568230741325 ], [ -140.832593965017935, 62.37458430531769 ], [ -140.835609607296846, 62.369799081699746 ] ] ] } },
{ "type": "Feature", "properties": { "CSDUID": "6001043", "CSDNAME": "Old Crow", "PRUID": "60", "PRNAME": "Yukon", "pop_2021": 236.0, "pop_under_19": 55.0, "pop_0_4": 10.0, "pop_15_19": 15.0, "first_lang_eng_french": 0.0, "first_lang_french": 0.0, "know_eng_french": 5.0, "know_french_only": 0.0, "mother_eng_french": 0.0, "mother_french": 0.0, "mother_french_non_official": 0.0, "first_lang_eng_french_under_19": 0.0, "first_lang_eng_french_under_5": 0.0, "first_lang_french_under_19": 0.0, "first_lang_french_under_5": 0.0, "know_eng_french_under_19": 1.1652542372881356, "know_eng_french_under_5": 0.21186440677966101, "know_french_only_under_19": 0.0, "know_french_only_under_5": 0.0, "mother_eng_french_under_19": 0.0, "mother_eng_french_under_5": 0.0, "mother_french_under_19": 0.0, "mother_french_under_5": 0.0, "mother_french_non_official_under_19": 0.0, "mother_french_non_official_under_5": 0.0, "share_under_19": 0.23305084745762711, "share_under_5": 0.042372881355932202 }, "geometry": { "type": "Polygon", "coordinates": [ [ [ -139.768347313314138, 67.56077832839884 ], [ -139.788349315843135, 67.553921531189047 ], [ -139.804364075639057, 67.549524001568273 ], [ -139.836406937370413, 67.548895116768179 ], [ -139.848506278261254, 67.551281998981082 ], [ -139.869342544353572, 67.557989446419683 ], [ -139.877486099743777, 67.564492810591275 ], [ -139.882399852964426, 67.571225091698764 ], [ -139.880067171817473, 67.578983660674893 ], [ -139.854780648396286, 67.587668250244278 ], [ -139.823812492033596, 67.59162491909467 ], [ -139.803401139336898, 67.591378809818082 ], [ -139.785206408916622, 67.586404685677138 ], [ -139.771130282335207, 67.579129577176275 ], [ -139.766398662234565, 67.573891235468849 ], [ -139.765678834357772, 67.569182980035094 ], [ -139.768347313314138, 67.56077832839884 ] ] ] } },
{ "type": "Feature", "properties": { "CSDUID": "6001044", "CSDNAME": "Mt. Lorne", "PRUID": "60", "PRNAME": "Yukon", "pop_2021": 468.0, "pop_under_19": 80.0, "pop_0_4": 10.0, "pop_15_19": 25.0, "first_lang_eng_french": 10.0, "first_lang_french": 55.0, "know_eng_french": 120.0, "know_french_only": 0.0, "mother_eng_french": 10.0, "mother_french": 50.0, "mother_french_non_official": 0.0, "first_lang_eng_french_under_19": 1.7094017094017095, "first_lang_eng_french_under_5": 0.21367521367521369, "first_lang_french_under_19": 9.4017094017094021, "first_lang_french_under_5": 1.1752136752136753, "know_eng_french_under_19": 20.512820512820515, "know_eng_french_under_5": 2.5641025641025643, "know_french_only_under_19": 0.0, "know_french_only_under_5": 0.0, "mother_eng_french_under_19": 1.7094017094017095, "mother_eng_french_under_5": 0.21367521367521369, "mother_french_under_19": 8.5470085470085468, "mother_french_under_5": 1.0683760683760684, "mother_french_non_official_under_19": 0.0, "mother_french_non_official_under_5": 0.0, "share_under_19": 0.17094017094017094, "share_under_5": 0.021367521367521368 }, "geometry": { "type": "Polygon", "coordinates": [ [ [ -134.824136452259353, 60.487019649484161 ], [ -134.822883113160913, 60.475908807667075 ], [ -134.823402077507353, 60.466375366500628 ], [ -134.810267440598409, 60.444266097645574 ], [ -134.80277107803937, 60.436099624103527 ], [ -134.836718067147189, 60.432179700206717 ], [ -134.835268039946129, 60.430448036819953 ], [ -134.836224007481746, 60.430245237032004 ], [ -134.83867102878952, 60.432943813325544 ], [ -134.854151761499935, 60.428726480672438 ], [ -134.85842407410712, 60.422786543683358 ], [ -134.85775944631655, 60.415568298045237 ], [ -134.851449865897877, 60.414142726133356 ], [ -134.850310585756461, 60.413153777682467 ], [ -134.848582545825565, 60.4138611519463 ], [ -134.846717245898077, 60.412862396460355 ], [ -134.84484691028257, 60.412932046263791 ], [ -134.846596490258463, 60.411506462102672 ], [ -134.845749084251679, 60.410275410199141 ], [ -134.846606668244902, 60.409351577268588 ], [ -134.846321584589703, 60.40821993360057 ], [ -134.842561669288074, 60.408700389802412 ], [ -134.840859840857604, 60.407773562708101 ], [ -134.84158124364842, 60.405000002876172 ], [ -134.845237634399012, 60.403298352045582 ], [ -134.848141834052626, 60.403247808845634 ], [ -134.848127029451859, 60.40252949369868 ], [ -134.850142567885769, 60.402316271350898 ], [ -134.852297127984968, 60.403458999096834 ], [ -134.850732851259522, 60.404202484402873 ], [ -134.851529657825324, 60.404598437804772 ], [ -134.857274730925582, 60.402422876934502 ], [ -134.860340139948562, 60.402848140083073 ], [ -134.858473981370821, 60.401009253110047 ], [ -134.866324805489853, 60.404587476087514 ], [ -134.886249738019643, 60.390407263962139 ], [ -134.893772852829898, 60.370729188414018 ], [ -134.909211668885405, 60.36236359117548 ], [ -134.931020402561785, 60.356920694514123 ], [ -134.937311862510768, 60.351986264487948 ], [ -134.942082615626418, 60.341584403148119 ], [ -134.991118553978737, 60.338203244153213 ], [ -134.987936958409193, 60.336639625838536 ], [ -134.983936068198119, 60.332643630945057 ], [ -134.984102351985513, 60.325882601597343 ], [ -134.981784645471379, 60.325882303569379 ], [ -134.979031147342766, 60.327875192044708 ], [ -134.976461007382454, 60.326303478024556 ], [ -134.976337459290932, 60.321894851703995 ], [ -134.974600873123507, 60.320026929826426 ], [ -134.981100522353472, 60.319112189462018 ], [ -134.98196978283795, 60.318555615844922 ], [ -134.981536258642365, 60.316912415181065 ], [ -134.972468566589413, 60.315402404845386 ], [ -134.970189056442649, 60.314055109344473 ], [ -134.971379553871714, 60.277829285571869 ], [ -134.976133237948574, 60.279200371590385 ], [ -134.977000335316603, 60.280340833450204 ], [ -134.984194918064929, 60.284113013727868 ], [ -134.987504245857281, 60.284059490582976 ], [ -134.992223716799003, 60.285613208043387 ], [ -134.996961815459258, 60.285415867358203 ], [ -135.000289363767365, 60.286699864917423 ], [ -135.004882884937359, 60.286205942669575 ], [ -135.009639294990365, 60.286717481652104 ], [ -135.013653619809929, 60.285289484539582 ], [ -135.031265226100686, 60.282736502397753 ], [ -135.048955181894513, 60.273931871201867 ], [ -135.06161904145938, 60.269257581830871 ], [ -135.064458569338484, 60.266202814028063 ], [ -135.073998659790533, 60.270902323096237 ], [ -135.075012955067649, 60.277557218898544 ], [ -135.068948767699567, 60.285589142890849 ], [ -135.058165600616405, 60.29283212753235 ], [ -135.054588131734619, 60.303151226489597 ], [ -135.056397080844846, 60.312408614486202 ], [ -135.058290226298908, 60.317493847895001 ], [ -135.054994327844241, 60.322708483423632 ], [ -135.0479937555493, 60.327457312312198 ], [ -135.048179678471541, 60.33541642104111 ], [ -135.050725267714768, 60.339997513757304 ], [ -135.049261955068602, 60.350564032835109 ], [ -135.044290325672165, 60.355959530932381 ], [ -135.041295743886792, 60.362268241833242 ], [ -135.034678272588991, 60.371483879881353 ], [ -135.01768374495478, 60.386029451256675 ], [ -135.013678744045905, 60.388554160378938 ], [ -134.985244416886076, 60.400043276516925 ], [ -134.977982723507949, 60.40478888435171 ], [ -134.967635484441985, 60.414930588978258 ], [ -134.954490798208042, 60.42201286677205 ], [ -134.944251555906021, 60.426084173328 ], [ -134.935835798494907, 60.43050954245254 ], [ -134.934217679012562, 60.433930835185556 ], [ -134.934388533001453, 60.437876146563568 ], [ -134.922315672288363, 60.447818888513751 ], [ -134.918340886915018, 60.44799387048171 ], [ -134.915759497651379, 60.458978005674872 ], [ -134.901325795908718, 60.457830570223301 ], [ -134.90234997476901, 60.458897044803209 ], [ -134.902091126397636, 60.468256380534328 ], [ -134.879589412201454, 60.468479931068117 ], [ -134.879627855975912, 60.464047980231761 ], [ -134.863781996439855, 60.463458867096811 ], [ -134.891674164433795, 60.487761578454432 ], [ -134.904671512452182, 60.492332640413046 ], [ -134.910007104307084, 60.497759416656081 ], [ -134.909564456229816, 60.499833165643025 ], [ -134.908396621131573, 60.500829001175241 ], [ -134.89438345883309, 60.510775894219243 ], [ -134.892501917195034, 60.512561129967487 ], [ -134.892496016725033, 60.51433887880053 ], [ -134.917662003021576, 60.536928845703905 ], [ -134.920115450443603, 60.53971368259576 ], [ -134.92012868846146, 60.541611573771689 ], [ -134.921491158025191, 60.54361117693955 ], [ -134.923658002320394, 60.544600075621133 ], [ -134.924360267971679, 60.548308584766481 ], [ -134.925985355806688, 60.55054252328781 ], [ -134.920451840280947, 60.555476670126041 ], [ -134.913062801882091, 60.561451543101185 ], [ -134.896879340262842, 60.567849291263585 ], [ -134.814337813766031, 60.573309841403265 ], [ -134.829094759405933, 60.562401043645671 ], [ -134.835384039453373, 60.553858396518784 ], [ -134.83789587012933, 60.548745010153361 ], [ -134.838361754368009, 60.540559225763708 ], [ -134.836547133538062, 60.531576547889713 ], [ -134.832152670699145, 60.52070369853687 ], [ -134.828528572474596, 60.501527032802798 ], [ -134.824136452259353, 60.487019649484161 ] ] ] } },
{ "type": "Feature", "properties": { "CSDUID": "6001045", "CSDNAME": "Yukon, Unorganized", "PRUID": "60", "PRNAME": "Yukon", "pop_2021": 0.0, "pop_under_19": 0.0, "pop_0_4": 0.0, "pop_15_19": 0.0, "first_lang_eng_french": 0.0, "first_lang_french": 0.0, "know_eng_french": 0.0, "know_french_only": 0.0, "mother_eng_french": 0.0, "mother_french": 0.0, "mother_french_non_official": 0.0, "first_lang_eng_french_under_19": 0.0, "first_lang_eng_french_under_5": 0.0, "first_lang_french_under_19": 0.0, "first_lang_french_under_5": 0.0, "know_eng_french_under_19": 0.0, "know_eng_french_under_5": 0.0, "know_french_only_under_19": 0.0, "know_french_only_under_5": 0.0, "mother_eng_french_under_19": 0.0, "mother_eng_french_under_5": 0.0, "mother_french_under_19": 0.0, "mother_french_under_5": 0.0, "mother_french_non_official_under_19": 0.0, "mother_french_non_official_under_5": 0.0, "share_under_19": 0.0, "share_under_5": 0.0 }, "geometry": { "type": "MultiPolygon", "coordinates": [ [ [ [ -138.58298088558692, 69.252228933142092 ], [ -138.587253313802506, 69.250224674336152 ], [ -138.588057319904379, 69.250505130154323 ], [ -138.585810325089227, 69.255463250184107 ], [ -138.588444428647904, 69.25750121670238 ], [ -138.589711520940057, 69.261593064696584 ], [ -138.592454717474169, 69.262429991180994 ], [ -138.59387456354267, 69.266523910091777 ], [ -138.596891971401874, 69.26992213587441 ], [ -138.602502577165211, 69.274621590593171 ], [ -138.605450368560867, 69.275918787662206 ], [ -138.605482875227466, 69.27677175185687 ], [ -138.601895136950645, 69.275761825365649 ], [ -138.593977088359338, 69.269253420586566 ], [ -138.590928441027785, 69.264544510031726 ], [ -138.589452341566385, 69.263698317916337 ], [ -138.58767911511643, 69.263476149886415 ], [ -138.59238060653027, 69.269715763758271 ], [ -138.602625639237232, 69.277862878628625 ], [ -138.599367236006941, 69.277081783511534 ], [ -138.593307073499574, 69.273237471141741 ], [ -138.58664695327667, 69.266835950123124 ], [ -138.582953567454638, 69.26179480195961 ], [ -138.582745720938988, 69.260024019224076 ], [ -138.58396804609032, 69.257914281473035 ], [ -138.58298088558692, 69.252228933142092 ] ] ], [ [ [ -138.603412954643858, 69.27280355193102 ], [ -138.601772088961184, 69.272062900359103 ], [ -138.599913620218757, 69.269398776409972 ], [ -138.601211879213508, 69.269111697724597 ], [ -138.60857123089346, 69.272892944671824 ], [ -138.603412954643858, 69.27280355193102 ] ] ], [ [ [ -138.619702591784716, 69.283653592691977 ], [ -138.619347151880362, 69.282966679803522 ], [ -138.62095579886909, 69.282396552883625 ], [ -138.629449122339452, 69.28144533960392 ], [ -138.623101328854972, 69.284095193993139 ], [ -138.619702591784716, 69.283653592691977 ] ] ], [ [ [ -138.926806641912634, 69.362840502812119 ], [ -138.92056500337381, 69.363734800818733 ], [ -138.920380414433964, 69.363275006943582 ], [ -138.926425409053024, 69.361247851029859 ], [ -138.926806641912634, 69.362840502812119 ] ] ], [ [ [ -139.110632351454058, 69.482995305556926 ], [ -139.111018089547684, 69.483842782725915 ], [ -139.1043055928304, 69.485707754337923 ], [ -139.1029731417824, 69.485154970546191 ], [ -139.108190209173216, 69.482556119086524 ], [ -139.110632351454058, 69.482995305556926 ] ] ], [ [ [ -139.487211611758823, 69.535905892136284 ], [ -139.484898136080432, 69.537805435457159 ], [ -139.480930836872176, 69.536990616411046 ], [ -139.480254090961495, 69.534607636913051 ], [ -139.479044607843178, 69.533592472093545 ], [ -139.479562645980252, 69.531713269561322 ], [ -139.48861464422302, 69.533101427608941 ], [ -139.487211611758823, 69.535905892136284 ] ] ], [ [ [ -139.489749229017235, 69.537363048435751 ], [ -139.488218978853894, 69.536524564522864 ], [ -139.488790613006358, 69.535327545455587 ], [ -139.491290470110016, 69.534048464393663 ], [ -139.492797250337134, 69.534492050844705 ], [ -139.489749229017235, 69.537363048435751 ] ] ], [ [ [ -139.311628516278745, 69.540460250391959 ], [ -139.326557084945335, 69.542039152411562 ], [ -139.325306355631312, 69.54261922337804 ], [ -139.315967635021963, 69.542018155426717 ], [ -139.311628516278745, 69.540460250391959 ] ] ], [ [ [ -139.480056285062744, 69.542804561185164 ], [ -139.482069985282806, 69.541530375394473 ], [ -139.483247759179221, 69.541917335915457 ], [ -139.483753246590936, 69.544191155570772 ], [ -139.481469080492019, 69.544216177027849 ], [ -139.480056285062744, 69.542804561185164 ] ] ], [ [ [ -139.591268622137562, 69.548292884803118 ], [ -139.578143779522293, 69.551263280900073 ], [ -139.574679537397998, 69.550894226723315 ], [ -139.573085050860414, 69.549033440764461 ], [ -139.57465381197099, 69.544355037944456 ], [ -139.577361144706316, 69.543363517467824 ], [ -139.58030500720244, 69.543441261589749 ], [ -139.586471152388327, 69.545204456306749 ], [ -139.591268622137562, 69.548292884803118 ] ] ], [ [ [ -139.368727887799338, 69.550959752372606 ], [ -139.337350436510405, 69.547354026638132 ], [ -139.330387029017743, 69.545538403160194 ], [ -139.335255374166138, 69.545270859263582 ], [ -139.344827938579328, 69.547182788245863 ], [ -139.359858816282838, 69.547853711529953 ], [ -139.37882521824497, 69.551098514318738 ], [ -139.395190476195154, 69.552155513259194 ], [ -139.402974464796017, 69.553733781122645 ], [ -139.419514489602506, 69.554897702991838 ], [ -139.421530579052444, 69.555741177232676 ], [ -139.407674256648875, 69.555741135821179 ], [ -139.383067949628526, 69.553344502918648 ], [ -139.368727887799338, 69.550959752372606 ] ] ], [ [ [ -139.434187699413116, 69.55704799457429 ], [ -139.459564340846583, 69.556367388194516 ], [ -139.479006057193345, 69.557210315170153 ], [ -139.505729617703111, 69.554857335408343 ], [ -139.509509772816642, 69.555104876883689 ], [ -139.505821993678524, 69.556104945765341 ], [ -139.490605613666247, 69.557561987651198 ], [ -139.440952364781992, 69.558238674727647 ], [ -139.434187699413116, 69.55704799457429 ] ] ], [ [ [ -139.090819085151992, 69.639151422424931 ], [ -139.05629384487861, 69.633245849328063 ], [ -139.03697501606004, 69.632976865595495 ], [ -139.015541341241402, 69.629703265377501 ], [ -138.996216645353172, 69.629259214969096 ], [ -138.975726010052426, 69.62483404320119 ], [ -138.967502437367131, 69.623859649064485 ], [ -138.931931504662401, 69.615261190177534 ], [ -138.900701071728122, 69.604410387901169 ], [ -138.892098240524092, 69.602180658660814 ], [ -138.869602065735791, 69.592299147206148 ], [ -138.861177758591452, 69.586830968367877 ], [ -138.847305258814913, 69.579626544749104 ], [ -138.845235920783836, 69.576963185595389 ], [ -138.845457237212059, 69.574516424760219 ], [ -138.848951377196187, 69.572217625843379 ], [ -138.85864303005377, 69.570344632464014 ], [ -138.885535001155517, 69.570070592528424 ], [ -138.914796114713454, 69.56814290323301 ], [ -138.917411559459367, 69.568183034199905 ], [ -138.918253726785764, 69.569027458591322 ], [ -138.908057904489937, 69.570341389989593 ], [ -138.906470014681275, 69.571605414525905 ], [ -138.906900539437174, 69.573763879191887 ], [ -138.907768162242718, 69.574608679399105 ], [ -138.914007319994994, 69.575427853258105 ], [ -138.946956013041927, 69.575799603525056 ], [ -138.958918616049829, 69.57669318550343 ], [ -138.975525645562328, 69.576302931399951 ], [ -138.990258502995886, 69.573709439913699 ], [ -139.004503263199013, 69.568606052112372 ], [ -139.028101381105245, 69.558610043151191 ], [ -139.037119791897453, 69.553481025309466 ], [ -139.04652508016926, 69.54659750062163 ], [ -139.058403170487168, 69.540656092578573 ], [ -139.081707565984829, 69.526155391294566 ], [ -139.093801178364032, 69.515827100497887 ], [ -139.09860745590791, 69.514201854620055 ], [ -139.09942802585519, 69.514479919784762 ], [ -139.094270348190776, 69.51832626275359 ], [ -139.093246124983949, 69.520046576308189 ], [ -139.094103813048548, 69.521060737548822 ], [ -139.098248584546525, 69.522281200761384 ], [ -139.107275678717997, 69.526829097896865 ], [ -139.127144149259692, 69.532318429649905 ], [ -139.134844654362269, 69.530732139432189 ], [ -139.138690423519336, 69.535142184276495 ], [ -139.141686235754463, 69.536367239858393 ], [ -139.155316863330398, 69.538261084061702 ], [ -139.168645445080699, 69.543111125854381 ], [ -139.171958374697141, 69.54695854679855 ], [ -139.186130425399313, 69.552255588973779 ], [ -139.204414471456829, 69.550237454459605 ], [ -139.21133628549893, 69.548765410883505 ], [ -139.212033103324245, 69.549328731081289 ], [ -139.21178052348202, 69.550815319148185 ], [ -139.214672103267134, 69.55244170724049 ], [ -139.216110793034801, 69.554878549085501 ], [ -139.214620468521957, 69.557052245421517 ], [ -139.214868731504822, 69.561145533036637 ], [ -139.21578847896231, 69.56273381626535 ], [ -139.232655914733925, 69.571705499677293 ], [ -139.241684600165968, 69.572774273852446 ], [ -139.252575878153351, 69.572120873586258 ], [ -139.259357807011583, 69.575875447310935 ], [ -139.259947106485612, 69.577469138941822 ], [ -139.258358791769723, 69.578045423423688 ], [ -139.245261282371928, 69.577690330639271 ], [ -139.239631319505378, 69.578988379091527 ], [ -139.238641775317689, 69.581328769780598 ], [ -139.241865121234952, 69.588358440058826 ], [ -139.240852061201991, 69.590357731952068 ], [ -139.242357528230684, 69.590803452656061 ], [ -139.24604513100968, 69.590033031723181 ], [ -139.248684364358979, 69.587628375716534 ], [ -139.262232376493387, 69.580003668894648 ], [ -139.267626031632773, 69.577805482182953 ], [ -139.269275849107288, 69.575516303807902 ], [ -139.279092541153744, 69.570993218343631 ], [ -139.277409162325114, 69.570214128073658 ], [ -139.270074597720196, 69.57009692672942 ], [ -139.269204668745374, 69.569424483066243 ], [ -139.269678576179444, 69.568962686933986 ], [ -139.271265892856746, 69.568386311465517 ], [ -139.279470076355324, 69.569175865176646 ], [ -139.284963413808612, 69.568557008660179 ], [ -139.290207209439018, 69.566240071835566 ], [ -139.301599077381979, 69.558582466756846 ], [ -139.310112741593116, 69.554125811760571 ], [ -139.314845335863453, 69.549426024659496 ], [ -139.317893895168197, 69.548827462281849 ], [ -139.320093535306256, 69.549889175335267 ], [ -139.319365520767747, 69.551317492070851 ], [ -139.305656232362423, 69.560819628919816 ], [ -139.281205242868083, 69.573140040493939 ], [ -139.258426042717645, 69.586980976527514 ], [ -139.241056434183378, 69.593490605754084 ], [ -139.216336920885198, 69.609343355126612 ], [ -139.165052308395133, 69.62769797639767 ], [ -139.132912934774168, 69.637433389173722 ], [ -139.115554167867401, 69.640001950004489 ], [ -139.090819085151992, 69.639151422424931 ] ] ], [ [ [ -131.828390708388355, 64.401146208501302 ], [ -131.858310474438809, 64.381272373166041 ], [ -131.808421633479298, 64.368817886729687 ], [ -131.765440571501813, 64.379849141482509 ], [ -131.721379926677059, 64.370298975917152 ], [ -131.676324937145552, 64.377195418974452 ], [ -131.623513430574349, 64.353666252794014 ], [ -131.578756439592297, 64.369923503457088 ], [ -131.559461756766297, 64.383336832006094 ], [ -131.51798528706567, 64.379195319970449 ], [ -131.503554280123893, 64.389750341104929 ], [ -131.45103160854859, 64.391864273687361 ], [ -131.419606377438868, 64.411458780734151 ], [ -131.431959585543296, 64.437923955480613 ], [ -131.372362785920927, 64.45087293921128 ], [ -131.38048897787391, 64.435682923926507 ], [ -131.295525121131618, 64.446784771608279 ], [ -131.225117717142069, 64.421606604467271 ], [ -131.147351740279163, 64.403791861816558 ], [ -131.110381855120011, 64.376464785856598 ], [ -131.068174454700369, 64.361319169905428 ], [ -131.062865679284585, 64.328252390666435 ], [ -131.026617291548945, 64.30469722305061 ], [ -131.079118358790566, 64.284971963743459 ], [ -131.073707979151379, 64.272870389195276 ], [ -130.982648254492034, 64.250740447306271 ], [ -130.94720044630094, 64.223016602924829 ], [ -130.938185380048623, 64.200364039716717 ], [ -130.94396511315577, 64.185781654349313 ], [ -130.870812894108838, 64.185665045625484 ], [ -130.859059454895117, 64.171961246767509 ], [ -130.905088999499611, 64.145963128374106 ], [ -130.952801289677495, 64.141063867432649 ], [ -130.967768772507867, 64.13004531051476 ], [ -130.955416684505622, 64.113324608744477 ], [ -130.883474580190551, 64.082036014704926 ], [ -130.870342964456484, 64.031888361518156 ], [ -130.80898269234649, 64.040451703744949 ], [ -130.723321698306819, 64.026565400960465 ], [ -130.771725385569624, 64.008866389592299 ], [ -130.775702577917798, 63.976250817535913 ], [ -130.718105779725079, 63.963733278635232 ], [ -130.688662370228997, 63.946308733324642 ], [ -130.630581127248803, 63.947636392927848 ], [ -130.592077711205462, 63.921740107640865 ], [ -130.55722112808121, 63.916676677581904 ], [ -130.538236806891803, 63.925681575462761 ], [ -130.442895052776606, 63.891143227683557 ], [ -130.411598084957291, 63.869624210192271 ], [ -130.394376763434792, 63.852983753432795 ], [ -130.369145919614908, 63.848525977486197 ], [ -130.339362557762769, 63.813278093676686 ], [ -130.308324676262288, 63.822939602945119 ], [ -130.24568508539366, 63.836227237914066 ], [ -130.23987723327474, 63.855560413214569 ], [ -130.218575871779791, 63.869319178039156 ], [ -130.185897376592635, 63.854207151607888 ], [ -130.144234702327424, 63.861424209708098 ], [ -130.109368056370073, 63.839414919729315 ], [ -130.132695463475017, 63.829267173780536 ], [ -130.129325245926339, 63.810783690719816 ], [ -130.137662463007871, 63.799294073551941 ], [ -130.106265542118848, 63.787358283467711 ], [ -130.101228527740176, 63.754179283994276 ], [ -130.121958068612514, 63.743215587662419 ], [ -130.189609921147252, 63.741996575608297 ], [ -130.215678382002523, 63.717794936069659 ], [ -130.269487040841739, 63.713501981186099 ], [ -130.318012976138476, 63.713794963555145 ], [ -130.339667004436109, 63.690882767156516 ], [ -130.309710916149925, 63.677999158145951 ], [ -130.307760441509629, 63.665506305859111 ], [ -130.268635408362769, 63.644783939055735 ], [ -130.232144396685356, 63.647553108234 ], [ -130.15288625807915, 63.674156546205388 ], [ -130.106187809386654, 63.688480768970848 ], [ -130.072512464821415, 63.682868956647425 ], [ -130.091548223757684, 63.660565024717293 ], [ -130.099276849244944, 63.632647656186094 ], [ -130.081363682387178, 63.608026140318763 ], [ -130.042710799392069, 63.60428223771158 ], [ -130.010277050782179, 63.613364713853429 ], [ -129.962460774542365, 63.609801189090653 ], [ -129.928072544732487, 63.592000324918857 ], [ -129.960327510203797, 63.565757613111955 ], [ -129.89737179002725, 63.55286069237728 ], [ -129.870533963215564, 63.521733511129376 ], [ -129.784928019648419, 63.445969540340201 ], [ -129.87432280565929, 63.457481218640346 ], [ -129.885683081399776, 63.435963335773529 ], [ -129.908527149607437, 63.417636887803077 ], [ -129.86622001623968, 63.367073574388357 ], [ -129.923697393374709, 63.344283084626639 ], [ -129.990351005383076, 63.327568483697831 ], [ -130.040836430883587, 63.329947758836596 ], [ -130.057976212631786, 63.304158261146043 ], [ -130.10830467026878, 63.305617799875726 ], [ -130.145267459319143, 63.288789420657146 ], [ -130.130001654802783, 63.266816469829948 ], [ -130.15776290246032, 63.242357562689527 ], [ -130.104037052678308, 63.244052303214566 ], [ -130.048781132624441, 63.252350721367499 ], [ -130.013893945659561, 63.236448661345264 ], [ -129.987583810033101, 63.198898043738232 ], [ -129.942593708441251, 63.183051666831091 ], [ -129.910485527029749, 63.192100875727064 ], [ -129.895728358998269, 63.178488483812444 ], [ -129.870462298346979, 63.171834243380509 ], [ -129.868510755721246, 63.157544830481136 ], [ -129.844916329864418, 63.131865213350274 ], [ -129.813495939706002, 63.103673220604215 ], [ -129.821000904719114, 63.082389669596886 ], [ -129.773732422820927, 63.076571910935932 ], [ -129.740713352937689, 63.060512149455938 ], [ -129.673561647716241, 63.061619075776179 ], [ -129.613208522937072, 63.073047940411456 ], [ -129.588583658058582, 63.042165233998546 ], [ -129.607947271051046, 63.0100687654759 ], [ -129.637317587375748, 62.978967871227908 ], [ -129.649357016783313, 62.952987872279365 ], [ -129.678711505059596, 62.941168378584834 ], [ -129.675225382826085, 62.926455123624557 ], [ -129.709677737295294, 62.907657780076015 ], [ -129.684236966665765, 62.87594230719472 ], [ -129.750034401228788, 62.881064380730223 ], [ -129.743257547624722, 62.838368826077385 ], [ -129.702125651427338, 62.822116011035384 ], [ -129.665256919770002, 62.814203446967248 ], [ -129.665563634445675, 62.795724237384057 ], [ -129.636207140420197, 62.774169157726412 ], [ -129.607974540092954, 62.749490157767482 ], [ -129.59012724342719, 62.701012634447153 ], [ -129.566695690686402, 62.681179501067419 ], [ -129.530398949792072, 62.682021389053091 ], [ -129.526659609996813, 62.668714461116508 ], [ -129.485219466454737, 62.662427756677396 ], [ -129.504990104925298, 62.640376089014381 ], [ -129.462344733802155, 62.620386927305894 ], [ -129.464583743182686, 62.595143330605659 ], [ -129.484966814106343, 62.584850127165097 ], [ -129.522642704678731, 62.575397773347511 ], [ -129.522394753566203, 62.552206356621497 ], [ -129.482405420748449, 62.551079803228873 ], [ -129.453651343905278, 62.564712447065325 ], [ -129.43934809026149, 62.5779378293199 ], [ -129.386953293081973, 62.571304532886558 ], [ -129.356568941666382, 62.553080357828428 ], [ -129.324273780114737, 62.524604171232646 ], [ -129.274307582458391, 62.514118907087763 ], [ -129.212470150793536, 62.504507386449205 ], [ -129.186236507252033, 62.47931918698027 ], [ -129.159681940233185, 62.478618257530236 ], [ -129.174080892908108, 62.445005246314743 ], [ -129.222718167311683, 62.441104076543596 ], [ -129.24390761679598, 62.430868758372632 ], [ -129.238492403820061, 62.41405624043859 ], [ -129.28485596754345, 62.399721514731148 ], [ -129.263064256420449, 62.374292362459151 ], [ -129.189498383522704, 62.361555350657113 ], [ -129.214221027129753, 62.352436290121624 ], [ -129.256281985588288, 62.327955081703649 ], [ -129.264541193267661, 62.299880704525876 ], [ -129.245948310485858, 62.282172523162004 ], [ -129.269670353248443, 62.257982512548985 ], [ -129.221745001810888, 62.236364827004657 ], [ -129.205019489954481, 62.209223193466492 ], [ -129.163325751484223, 62.203971337724042 ], [ -129.193882188711882, 62.168067765072621 ], [ -129.237241818060653, 62.151061356557776 ], [ -129.235705275416819, 62.138048612016348 ], [ -129.199786981723776, 62.139443425478895 ], [ -129.176133093114515, 62.123900169535986 ], [ -129.128868322463063, 62.099457005658785 ], [ -129.07300735566912, 62.098307187500914 ], [ -129.033990429481861, 62.111804368024664 ], [ -128.999079864495201, 62.10788378238793 ], [ -128.972499718926827, 62.116923094006715 ], [ -128.944664795174646, 62.119084203902148 ], [ -128.920547798469357, 62.095490834580474 ], [ -128.851609939328341, 62.099364318119505 ], [ -128.819795462225159, 62.087471984753726 ], [ -128.809039055403304, 62.048335576412548 ], [ -128.730360164765955, 62.043142514701493 ], [ -128.71938600853548, 62.069182154864045 ], [ -128.687581456663708, 62.086870190316446 ], [ -128.669031639256843, 62.109078209116305 ], [ -128.635169718017607, 62.118200249021378 ], [ -128.597780207405208, 62.10718801382184 ], [ -128.549640394232796, 62.116250195201708 ], [ -128.511381390200654, 62.100351400328563 ], [ -128.464037260907304, 62.070463000821213 ], [ -128.437283029838255, 62.054934409803238 ], [ -128.410180667946889, 62.042800532507762 ], [ -128.388424727630792, 62.020103176716908 ], [ -128.347939218002239, 62.014836214976931 ], [ -128.356872740984187, 61.990803768507448 ], [ -128.350097230808842, 61.973509055708597 ], [ -128.306947984628522, 61.967559800775447 ], [ -128.304831232199376, 61.949148536100189 ], [ -128.248577134440467, 61.937032407148322 ], [ -128.208276315416839, 61.887029851635994 ], [ -128.200278979700528, 61.858854648387485 ], [ -128.188346217488032, 61.828416355819932 ], [ -128.149643490436745, 61.837855017329254 ], [ -128.106569205202646, 61.830941164489268 ], [ -128.054034897090162, 61.832687489220348 ], [ -128.020653268002661, 61.82353902892568 ], [ -128.013981720633922, 61.804896574646442 ], [ -127.999723878479998, 61.798667512308526 ], [ -127.985996826495096, 61.791578076934478 ], [ -127.99992452569218, 61.780091880003887 ], [ -128.017583389559206, 61.766989402170388 ], [ -128.012622489241181, 61.753193012852094 ], [ -128.04745997549665, 61.728720358903097 ], [ -127.982103741314504, 61.701981917051327 ], [ -127.961646610440425, 61.690046484313946 ], [ -127.911887003006072, 61.669443727073379 ], [ -127.881851533818519, 61.667558353917499 ], [ -127.865555587126337, 61.652607104871144 ], [ -127.832871483258941, 61.629702425582707 ], [ -127.798686897564735, 61.610534415276419 ], [ -127.76680544680886, 61.594138781363128 ], [ -127.718976402095919, 61.584049566823246 ], [ -127.668550330960187, 61.582552406700621 ], [ -127.646453900752093, 61.563752751266435 ], [ -127.629076163843507, 61.546993949941019 ], [ -127.622722417780537, 61.532228033488053 ], [ -127.569856455813294, 61.523892430478504 ], [ -127.469189996475023, 61.485154942030086 ], [ -127.422377009165999, 61.496799296755327 ], [ -127.388688447566508, 61.496676071337248 ], [ -127.363538256058177, 61.491241086239228 ], [ -127.316414925586443, 61.500109982518559 ], [ -127.237836279415887, 61.500177761371553 ], [ -127.202421890899174, 61.490019167350042 ], [ -127.191701957028968, 61.461136796566571 ], [ -127.167989100474912, 61.456203428233387 ], [ -127.127238859341801, 61.458992839525223 ], [ -127.102956202163426, 61.458150429920522 ], [ -127.094033305062268, 61.437655417733019 ], [ -127.08513967769747, 61.387595278170274 ], [ -127.090756335893843, 61.368085348307183 ], [ -127.029240780242773, 61.361254058487177 ], [ -127.021019683629817, 61.33795420863499 ], [ -127.03340143506874, 61.322409479731455 ], [ -127.020048494913638, 61.287925149945337 ], [ -126.999588286347006, 61.251109307771785 ], [ -126.996409387656755, 61.222138632741547 ], [ -126.952926146312294, 61.214963574787049 ], [ -126.975879403844402, 61.177715503727306 ], [ -126.960740113483482, 61.16792861333888 ], [ -127.012099174795921, 61.137667485308661 ], [ -126.984101738647951, 61.121403375418019 ], [ -127.041050874526405, 61.102810603882915 ], [ -127.042648862909033, 61.082086432029804 ], [ -127.072434800062638, 61.066597132652106 ], [ -127.042334307084289, 61.030943734331437 ], [ -127.047019929801507, 61.017279528985298 ], [ -126.999494163809885, 61.026177876482294 ], [ -126.966123652081492, 61.050067646059865 ], [ -126.896773993741093, 61.04098893520014 ], [ -126.906827249592695, 61.007140351158014 ], [ -126.873479331198467, 60.964725074627154 ], [ -126.85358648076479, 60.931631368966833 ], [ -126.866038726544289, 60.895929821530174 ], [ -126.856369729072895, 60.870329911591035 ], [ -126.877041408368001, 60.847895002296646 ], [ -126.849878838529278, 60.83259932531071 ], [ -126.82524651244438, 60.831495626338913 ], [ -126.845142926540433, 60.774978500337717 ], [ -126.81274730024721, 60.758561542309124 ], [ -126.769834774635555, 60.7486389689372 ], [ -126.763492450697271, 60.763189115309601 ], [ -126.692653577927487, 60.769031798129191 ], [ -126.682600079154085, 60.75381274899383 ], [ -126.659835569131985, 60.751184309659862 ], [ -126.639041204072569, 60.730789379304852 ], [ -126.608232465306287, 60.739768291533878 ], [ -126.566694074528769, 60.764767319486637 ], [ -126.533428032459327, 60.782238932661635 ], [ -126.486370111834219, 60.800148663205057 ], [ -126.431654431943855, 60.781829293947055 ], [ -126.387089026176412, 60.765548975821083 ], [ -126.28349984400937, 60.758828434687715 ], [ -126.234642002340195, 60.769249926914654 ], [ -126.197926147806584, 60.782235473900961 ], [ -126.184681763138826, 60.796927227371384 ], [ -126.189745693177159, 60.811812642654509 ], [ -126.210654161811021, 60.834433285116404 ], [ -126.181239750162476, 60.841760111860054 ], [ -126.137156577782051, 60.843554125947968 ], [ -126.097418768330073, 60.850117007270264 ], [ -126.063350617639259, 60.851368033790678 ], [ -126.070489385393586, 60.832040052804999 ], [ -126.083305157268967, 60.813783563112253 ], [ -126.05656131007791, 60.7952454469213 ], [ -126.013077414443302, 60.791774095375331 ], [ -125.966803125316943, 60.789242672111101 ], [ -125.940492250373325, 60.804615138584857 ], [ -125.938536379814423, 60.830014470461997 ], [ -125.920818279553231, 60.848597624594532 ], [ -125.876665805345624, 60.865916199945914 ], [ -125.832224755954286, 60.881287566175928 ], [ -125.792497311721718, 60.8681948608466 ], [ -125.755358172333374, 60.845326373801825 ], [ -125.714101280984778, 60.830770060620608 ], [ -125.692783157199401, 60.818221119654538 ], [ -125.669639231251736, 60.803108985020351 ], [ -125.625349755700327, 60.809708597274948 ], [ -125.568914159871326, 60.801503986049923 ], [ -125.53379371957277, 60.812355198996705 ], [ -125.467009497142897, 60.788705199876851 ], [ -125.41847878223399, 60.777856675343088 ], [ -125.374912309007527, 60.766383928095969 ], [ -125.322173853034158, 60.767957438075797 ], [ -125.264067260189194, 60.768347962534385 ], [ -125.222780082290086, 60.79632423509694 ], [ -125.171352186395794, 60.809660102096949 ], [ -125.147881625354273, 60.832508587569365 ], [ -125.054124810380074, 60.832887535479379 ], [ -124.992454646014536, 60.840048830075936 ], [ -124.967497429456216, 60.849241409265858 ], [ -124.905946992354444, 60.839852197810906 ], [ -124.825797717772886, 60.837046969679861 ], [ -124.821439912392194, 60.853649399739638 ], [ -124.837430287756931, 60.899313223175447 ], [ -124.819195737869933, 60.919245474101196 ], [ -124.795248201360621, 60.932507419955861 ], [ -124.788376913572876, 60.954509047704022 ], [ -124.766154115665202, 60.958063531968456 ], [ -124.728159340547563, 60.938989630484365 ], [ -124.665379607244375, 60.938661122748037 ], [ -124.633227176850696, 60.926798989257058 ], [ -124.592754594180064, 60.945836694622024 ], [ -124.539382164549977, 60.938606894432077 ], [ -124.536690773786489, 60.914140226469293 ], [ -124.510779925097296, 60.864986337306057 ], [ -124.511479366580971, 60.839444775618574 ], [ -124.498447730897581, 60.826114169724804 ], [ -124.496253981419741, 60.802502617308306 ], [ -124.476256146525685, 60.791413943927793 ], [ -124.450519620854635, 60.786545894739803 ], [ -124.449216613903417, 60.764682616942103 ], [ -124.491783059677559, 60.728397590126782 ], [ -124.541463356844517, 60.717940747737707 ], [ -124.562746950286538, 60.69565590750036 ], [ -124.599452651045098, 60.687867622369659 ], [ -124.571065574810504, 60.641415429936444 ], [ -124.490534300244022, 60.591993177931819 ], [ -124.447194651763965, 60.572809315572599 ], [ -124.43315571254287, 60.542145738657013 ], [ -124.393773259814168, 60.518900785134456 ], [ -124.38914599216811, 60.45845880877615 ], [ -124.312446906678687, 60.459254513453502 ], [ -124.234966504528003, 60.453947138052769 ], [ -124.197862516544532, 60.445915704724136 ], [ -124.200635076758445, 60.397335063644498 ], [ -124.21446781077907, 60.36457205617193 ], [ -124.203678645984851, 60.350328696107432 ], [ -124.182371733751793, 60.306757141733868 ], [ -124.159327743723608, 60.291057348164863 ], [ -124.155883520277214, 60.266945220436853 ], [ -124.120268726839754, 60.238628815602382 ], [ -124.123828515069846, 60.206001410366106 ], [ -124.099629454024338, 60.191569180120808 ], [ -124.068691474244673, 60.168697467313429 ], [ -124.029960778307782, 60.148158305925001 ], [ -124.002973586700563, 60.110761339440764 ], [ -124.000526943410449, 60.109197587825783 ], [ -123.789324835578967, 60.000032620541084 ], [ -130.98598397347061, 60.000013028181783 ], [ -130.986274806308131, 60.016132402919546 ], [ -130.990271242324496, 60.024369022496415 ], [ -131.001972554987447, 60.031997876793291 ], [ -131.027833315450465, 60.03751404944849 ], [ -131.043176831591865, 60.037485327346438 ], [ -131.064574546764845, 60.034387169972071 ], [ -131.081666133415581, 60.02907441163994 ], [ -131.091892271364856, 60.023929057221721 ], [ -131.097809875985973, 60.019140520711602 ], [ -131.102152467447837, 60.007063062599101 ], [ -131.103628622957473, 60.000059723249379 ], [ -134.986227548996425, 60.000012819862171 ], [ -134.990462483495349, 60.088461809070068 ], [ -134.986137695368313, 60.193604064074513 ], [ -134.726011525192348, 60.240054990347076 ], [ -134.469027071560845, 60.281330669516564 ], [ -134.419564227920006, 60.29089412686686 ], [ -134.333859306247405, 60.333829292110423 ], [ -134.209841192953064, 60.387374078322551 ], [ -134.037497082268629, 60.454986174474733 ], [ -133.882789563748929, 60.511672516820987 ], [ -134.028989801169956, 60.588584098824029 ], [ -134.261317405411489, 60.707790459720059 ], [ -134.471839893588651, 60.819544490148452 ], [ -134.479022432577864, 60.836376124074512 ], [ -134.528403566465755, 60.860145463776249 ], [ -134.656420795439487, 60.938927738237332 ], [ -134.676775495017239, 61.035077842761666 ], [ -134.731947178094202, 61.137716875506264 ], [ -134.855396438967773, 61.20955413067589 ], [ -134.98770150036114, 61.249027241976052 ], [ -135.153436156692464, 61.270020938772937 ], [ -135.550577724156369, 61.231329135741824 ], [ -135.73084189019707, 61.155679994321019 ], [ -135.902446283595253, 61.018333581415618 ], [ -135.984216374261734, 60.890363760280529 ], [ -135.988710631077083, 60.825533660082741 ], [ -136.005734504565623, 60.820195154775746 ], [ -136.004529357034841, 60.813790926202032 ], [ -136.023630322358571, 60.814645312511779 ], [ -136.025763811791904, 60.808390518730597 ], [ -136.02451132002318, 60.802219780398538 ], [ -136.004036346758227, 60.797187784047189 ], [ -136.00193936033881, 60.765995680758252 ], [ -135.993610154612014, 60.76759427507708 ], [ -135.986983690513398, 60.771782438032041 ], [ -135.986114908813022, 60.772785489978624 ], [ -135.98630117837601, 60.774068090200508 ], [ -135.988845786902829, 60.776805922766378 ], [ -135.989557946702661, 60.779655968543437 ], [ -135.985056452684773, 60.781969694814329 ], [ -135.978602810616877, 60.781720576768471 ], [ -135.972054647729948, 60.77713506910623 ], [ -135.9588991426956, 60.781772969288141 ], [ -135.955083468653243, 60.781297351308559 ], [ -135.953882477549854, 60.779815403954331 ], [ -135.953351659520166, 60.775545232591561 ], [ -135.952157351048896, 60.774278732854242 ], [ -135.947595494070185, 60.773368228045413 ], [ -135.941047034097267, 60.774038716662169 ], [ -135.760617031801615, 60.686992607989737 ], [ -135.486102936452426, 60.556040205182811 ], [ -135.482731600294557, 60.360572554651256 ], [ -135.536453715339576, 60.184158000505711 ], [ -135.598022451985457, 60.000058645598244 ], [ -139.056793771162546, 60.000043199279574 ], [ -139.177019186028048, 60.082859842722556 ], [ -139.048517699286322, 60.325894284657252 ], [ -139.052068169385961, 60.353726372179715 ], [ -139.680062474449869, 60.335720822319317 ], [ -139.971679236103824, 60.183882282024179 ], [ -140.447975841424466, 60.307960170845547 ], [ -140.517084149116187, 60.220162704795293 ], [ -140.997970942035721, 60.308041435832784 ], [ -140.99720605642861, 60.774019095588152 ], [ -140.997955690997827, 61.219015551241149 ], [ -141.001070967212229, 62.081975000205986 ], [ -140.998931347911423, 62.570418169906553 ], [ -141.001109842159423, 62.7809810730623 ], [ -141.000552963180837, 62.873249035105481 ], [ -141.001356360305181, 62.873472336387287 ], [ -141.000548104395932, 62.8740496187663 ], [ -140.999782160748083, 63.000000016555781 ], [ -141.003570504001686, 63.321496747121941 ], [ -141.003223982854109, 64.203424198961287 ], [ -141.004444074655026, 64.48119445861856 ], [ -140.998703237754, 64.682248724591375 ], [ -141.001611558960775, 64.855355855316134 ], [ -141.00787757708116, 65.091199175636376 ], [ -141.006903036161958, 65.293736290122567 ], [ -141.007182238452202, 65.568867586099287 ], [ -141.008203324434191, 65.752124750976932 ], [ -141.004274366856123, 66.341950004356107 ], [ -141.005273689345643, 66.514764399651384 ], [ -141.002947729050646, 66.85796323178451 ], [ -141.00486831231126, 67.059681199864556 ], [ -141.008933357249987, 67.265735574965518 ], [ -141.014143290741572, 67.862767313897137 ], [ -141.013176805232348, 68.017108324316354 ], [ -141.013418719011753, 68.855301521904408 ], [ -141.014267388963617, 69.036869121843267 ], [ -141.015961062500054, 69.172213738555584 ], [ -141.015931365014239, 69.287485714420768 ], [ -141.018073157627839, 69.502875492190569 ], [ -141.012845421058017, 69.630150810056435 ], [ -141.011432860480909, 69.647455303562367 ], [ -140.965461684139001, 69.641389310461477 ], [ -140.890760706553408, 69.633189236044842 ], [ -140.871795786768359, 69.631580169732985 ], [ -140.847260049867629, 69.631829553659458 ], [ -140.84185546429066, 69.631600591733431 ], [ -140.841577077302816, 69.630954656323496 ], [ -140.856057899071828, 69.629003235910943 ], [ -140.863102516152111, 69.626300662142484 ], [ -140.869622714223169, 69.624888740310226 ], [ -140.871286530668527, 69.622127947413503 ], [ -140.875362860016821, 69.620319425296458 ], [ -140.874056648872681, 69.619296177237544 ], [ -140.886560459541414, 69.619385434780057 ], [ -140.891354849472066, 69.617666667698671 ], [ -140.897938303019771, 69.618226618636513 ], [ -140.895434185709291, 69.619955906552605 ], [ -140.896426176379038, 69.622314968206325 ], [ -140.899789003987337, 69.624047676869381 ], [ -140.898287470784396, 69.625912068305411 ], [ -140.912515525515744, 69.627022757563068 ], [ -140.901792315532447, 69.624918660257464 ], [ -140.902931348328536, 69.623457573866574 ], [ -140.901131190434199, 69.62319651382164 ], [ -140.898669770057921, 69.621302936327069 ], [ -140.898675638984201, 69.620065418257852 ], [ -140.899887298078625, 69.619563926795308 ], [ -140.901481266011189, 69.619833854097337 ], [ -140.90155354162718, 69.620892065451841 ], [ -140.903146748709105, 69.621359283381878 ], [ -140.909578736537384, 69.621568959116203 ], [ -140.911614204219347, 69.620924334386231 ], [ -140.911797720168636, 69.620108359301241 ], [ -140.91020456191265, 69.619605384063661 ], [ -140.906243732121169, 69.619271520031205 ], [ -140.907817447021813, 69.618285908125486 ], [ -140.907924526042763, 69.617317460293151 ], [ -140.893960571757049, 69.616206551358033 ], [ -140.892574914661594, 69.61549726567155 ], [ -140.893379982691954, 69.613982218594998 ], [ -140.888454122109749, 69.611531008477414 ], [ -140.881408608699189, 69.611230451116455 ], [ -140.878544974958544, 69.612761962266475 ], [ -140.874151525786175, 69.611942785608676 ], [ -140.866302667807531, 69.612618519648265 ], [ -140.864781008743364, 69.613263045413717 ], [ -140.8651109714217, 69.613962753348403 ], [ -140.870280619528359, 69.61405633400247 ], [ -140.871230261671116, 69.614406790013149 ], [ -140.870733711265586, 69.615697759013869 ], [ -140.87273743060868, 69.616165515991284 ], [ -140.883899128741376, 69.616720307014575 ], [ -140.888587957208529, 69.615440968077635 ], [ -140.891107716998221, 69.615675711790288 ], [ -140.885564383370024, 69.618012730030827 ], [ -140.868842563303787, 69.617848567416047 ], [ -140.87019756325023, 69.619248514120542 ], [ -140.862467321172858, 69.621036153730088 ], [ -140.858969043396115, 69.624745974072255 ], [ -140.850032901222136, 69.625590493500454 ], [ -140.841574503054431, 69.624381376271614 ], [ -140.840260784420508, 69.621115982170153 ], [ -140.838417337935823, 69.619903663986463 ], [ -140.836055884059249, 69.615821198737791 ], [ -140.833500676941981, 69.616894911106073 ], [ -140.830813017135881, 69.615188491405675 ], [ -140.823930027336587, 69.613854497113564 ], [ -140.816837517459362, 69.613049128012037 ], [ -140.809633052648621, 69.613319449761747 ], [ -140.790318031545894, 69.615718662293887 ], [ -140.783450468349855, 69.615629608818693 ], [ -140.779627468732173, 69.617149347592573 ], [ -140.773919980133087, 69.616792355845391 ], [ -140.779516587316436, 69.620404474615142 ], [ -140.831887647302864, 69.628963790231197 ], [ -140.83095784491033, 69.62935749025948 ], [ -140.809078902099401, 69.626366737000694 ], [ -140.743582228077486, 69.615208170866609 ], [ -140.704372303352017, 69.610088645750722 ], [ -140.64769719131624, 69.604953012566995 ], [ -140.622124491939474, 69.604343740049629 ], [ -140.593959296459388, 69.602236085215182 ], [ -140.567361030394636, 69.599186163751014 ], [ -140.533792722944725, 69.597880428055987 ], [ -140.532521782337454, 69.597231361855364 ], [ -140.538008768234562, 69.595479242339266 ], [ -140.537844987140545, 69.59473447816535 ], [ -140.535224794474743, 69.59349896941491 ], [ -140.539340822960696, 69.592110854313518 ], [ -140.534058754390884, 69.591585718376237 ], [ -140.53117209438966, 69.591981556089422 ], [ -140.530963032908829, 69.593308255190507 ], [ -140.533307366476635, 69.595395045868571 ], [ -140.527386930783962, 69.595809636788999 ], [ -140.525727260762807, 69.59763459722204 ], [ -140.519067404402847, 69.597750967975813 ], [ -140.491096806377811, 69.596882774988231 ], [ -140.46854771248033, 69.594098542649732 ], [ -140.419309105568061, 69.59026537415113 ], [ -140.38887141708588, 69.588986999093308 ], [ -140.307147813065711, 69.590323949500373 ], [ -140.263844908051141, 69.593474494122972 ], [ -140.219580541355384, 69.593740266195937 ], [ -140.192293802076136, 69.596280146556055 ], [ -140.138609090079427, 69.606230449881167 ], [ -140.124305928508107, 69.607612435080298 ], [ -140.122624058574161, 69.607236329004849 ], [ -140.122973940639383, 69.606233604272376 ], [ -140.116003220616193, 69.607516960362247 ], [ -140.08887027283825, 69.606947516448173 ], [ -140.063209895546947, 69.60917991994333 ], [ -140.053112890637635, 69.608937333114184 ], [ -140.022663355586701, 69.611137894790318 ], [ -139.999999977310921, 69.611888922107866 ], [ -139.987159668362921, 69.613456546130891 ], [ -139.938398756920094, 69.613177020453136 ], [ -139.907219557153155, 69.615191755084979 ], [ -139.888034011385855, 69.614559891200614 ], [ -139.835033677512627, 69.608959871762579 ], [ -139.788250275225977, 69.601225192684012 ], [ -139.771401124662646, 69.599134611643862 ], [ -139.703246329528241, 69.585171411102408 ], [ -139.678551258433657, 69.578600537654737 ], [ -139.664446480580779, 69.575784699261504 ], [ -139.607555116711808, 69.568389846370508 ], [ -139.574820114201117, 69.563022472953975 ], [ -139.522300147149537, 69.556406436410057 ], [ -139.522832581882142, 69.554643860613936 ], [ -139.528680597705346, 69.554298463273568 ], [ -139.539324428191748, 69.55510530102454 ], [ -139.542549235625899, 69.55672884871538 ], [ -139.558767078867589, 69.559760495149106 ], [ -139.568884123917542, 69.56005884089204 ], [ -139.574408083017858, 69.561888942110755 ], [ -139.623926802574772, 69.569308709428057 ], [ -139.639896698939879, 69.570913526796957 ], [ -139.70752302077895, 69.583705138711338 ], [ -139.71675358593933, 69.586571488358118 ], [ -139.761357054427322, 69.59633727205275 ], [ -139.787390602167932, 69.599613765046612 ], [ -139.78502666133474, 69.597785620547455 ], [ -139.783664535952653, 69.595524900227744 ], [ -139.753410166030534, 69.589365595633566 ], [ -139.75063356052874, 69.58763269807578 ], [ -139.744279395961428, 69.587757674013275 ], [ -139.737499098110163, 69.585529368605464 ], [ -139.726316787817183, 69.58390567162391 ], [ -139.720103997115984, 69.581689786700295 ], [ -139.718535842327412, 69.579570508263856 ], [ -139.712509070145984, 69.57898812613935 ], [ -139.707772310678109, 69.577042752086754 ], [ -139.700817443137936, 69.575690699218228 ], [ -139.699910204185812, 69.574562801072005 ], [ -139.692635999590891, 69.571737070886769 ], [ -139.66928625933997, 69.569417362708236 ], [ -139.66413090190224, 69.568104412917904 ], [ -139.660879689117536, 69.568366577677963 ], [ -139.655162311937232, 69.566205911160324 ], [ -139.659945434110767, 69.564843378578402 ], [ -139.657730789597991, 69.563732119176535 ], [ -139.657085704095039, 69.561744893089752 ], [ -139.650873580656253, 69.56379596421759 ], [ -139.646759502058273, 69.563100456235276 ], [ -139.64085054415736, 69.560767399776466 ], [ -139.635311597909521, 69.562706560962127 ], [ -139.6366416576559, 69.565192530555819 ], [ -139.627750708043266, 69.566136581944036 ], [ -139.622983935355279, 69.563623514871722 ], [ -139.622932215028044, 69.562833765267953 ], [ -139.624627455367772, 69.561618284366602 ], [ -139.63056329869454, 69.560705104140027 ], [ -139.630519117518617, 69.560193497203869 ], [ -139.622649991604135, 69.559647328981285 ], [ -139.61702245985029, 69.560553721436818 ], [ -139.615672099870892, 69.561987164395404 ], [ -139.613602514564747, 69.562634512948691 ], [ -139.605747498070855, 69.562258134539746 ], [ -139.603770009090027, 69.561883574009229 ], [ -139.604519536006137, 69.560624836520049 ], [ -139.598264895230614, 69.560512046665181 ], [ -139.596520510688919, 69.558937320595319 ], [ -139.593693260041618, 69.558223944949162 ], [ -139.593262419520613, 69.556973692882934 ], [ -139.586517589335358, 69.554201480510017 ], [ -139.582712174724378, 69.553551764068288 ], [ -139.584756640171946, 69.552509904556373 ], [ -139.584972114109291, 69.551193100303067 ], [ -139.610268949851417, 69.54759286094648 ], [ -139.613082223779998, 69.546135198275735 ], [ -139.62061230603922, 69.544302179457176 ], [ -139.617514488169576, 69.542636257860707 ], [ -139.60371062485612, 69.547083146061667 ], [ -139.597264136600472, 69.548000245703761 ], [ -139.592351921701578, 69.547422586555101 ], [ -139.591132193185189, 69.546470938612657 ], [ -139.591573035575806, 69.546008065304974 ], [ -139.596164715566317, 69.544430458310245 ], [ -139.593361567656814, 69.543771067569722 ], [ -139.593281791363239, 69.543034901313163 ], [ -139.595195374845503, 69.540449074601739 ], [ -139.599856802365508, 69.537391945484885 ], [ -139.601288611759969, 69.535098200170168 ], [ -139.601642973615611, 69.532813764112817 ], [ -139.59791177440519, 69.533429679522655 ], [ -139.598679502261234, 69.535014496911614 ], [ -139.597905928044753, 69.535474714338775 ], [ -139.592448403719402, 69.536605882982315 ], [ -139.589373819522308, 69.538913229137933 ], [ -139.586821731587634, 69.53951152028236 ], [ -139.581889659126716, 69.538879560102998 ], [ -139.580112525647877, 69.537071168903665 ], [ -139.571645588151938, 69.537944004772967 ], [ -139.562567932468539, 69.534541753506929 ], [ -139.559740800451891, 69.534653024093643 ], [ -139.559632247219923, 69.535504263322991 ], [ -139.569600587402789, 69.539389347060975 ], [ -139.569854972977879, 69.540952164924448 ], [ -139.569084678647442, 69.541735219282458 ], [ -139.569874917157506, 69.543338315706265 ], [ -139.568942946321357, 69.544236626684338 ], [ -139.564226359141088, 69.542296346595748 ], [ -139.562826820825251, 69.543280480298321 ], [ -139.56278013835032, 69.544356490739489 ], [ -139.555701250954883, 69.545509069521756 ], [ -139.546555519073195, 69.545361489614393 ], [ -139.530897265185672, 69.542952257863163 ], [ -139.526602768430138, 69.544243663951306 ], [ -139.521223100985651, 69.542305566940541 ], [ -139.522915792753906, 69.538588385038352 ], [ -139.522475563163226, 69.537167406229585 ], [ -139.51986220978867, 69.534920747570467 ], [ -139.525111296977059, 69.531287475826375 ], [ -139.52625660595146, 69.529171248241454 ], [ -139.525309420079566, 69.527297516852585 ], [ -139.525430446561614, 69.52479592637421 ], [ -139.52159452269251, 69.522834971290365 ], [ -139.515358376433568, 69.527051770137675 ], [ -139.517261626702435, 69.528799125479409 ], [ -139.517375882706403, 69.530109699209405 ], [ -139.513634882266587, 69.534527042440331 ], [ -139.514094624172031, 69.536396690011685 ], [ -139.518775040003476, 69.537665313460693 ], [ -139.516107206327604, 69.541383141717532 ], [ -139.517135127390759, 69.543939338781996 ], [ -139.512073320178047, 69.545923536725709 ], [ -139.509238780632643, 69.545379132571966 ], [ -139.510043445810737, 69.547081317226755 ], [ -139.50891181260954, 69.547125494911711 ], [ -139.506409169748963, 69.54660179698179 ], [ -139.501629905173587, 69.543798156059751 ], [ -139.500997806200957, 69.544034909930716 ], [ -139.50110042239848, 69.547327780221721 ], [ -139.497581125737952, 69.548499560363936 ], [ -139.495082610362914, 69.547554138380079 ], [ -139.493851405309698, 69.548646850949154 ], [ -139.492233870583988, 69.548668791218645 ], [ -139.490630861732171, 69.547031397214937 ], [ -139.487637014611067, 69.546207179575489 ], [ -139.487253895939631, 69.545459362812409 ], [ -139.488493288545016, 69.542438193345291 ], [ -139.490463438509977, 69.540320365903341 ], [ -139.491369720280261, 69.537287343974512 ], [ -139.49399164095766, 69.53755215681916 ], [ -139.492887422267756, 69.540125999949353 ], [ -139.491358182463983, 69.541449351067712 ], [ -139.491959062615933, 69.542746221052511 ], [ -139.49513753447323, 69.543858972436539 ], [ -139.496888701007833, 69.543389649716531 ], [ -139.494143287340279, 69.541589970834551 ], [ -139.494233309104175, 69.540675801242529 ], [ -139.498055154093038, 69.539560520850074 ], [ -139.498491804598302, 69.538819764044803 ], [ -139.498002243013161, 69.536662765108545 ], [ -139.498745110117028, 69.535574799504886 ], [ -139.498679257137582, 69.529573297024399 ], [ -139.494823390863445, 69.529010878459147 ], [ -139.493394946881978, 69.529644409882394 ], [ -139.493098328038769, 69.53203684376814 ], [ -139.491839047877932, 69.532447572075554 ], [ -139.477874611308295, 69.529500892528787 ], [ -139.476377112876747, 69.530375878271997 ], [ -139.477433984628419, 69.533892389647107 ], [ -139.475831675963889, 69.53407576118569 ], [ -139.474473842795618, 69.53334631857534 ], [ -139.474252580404197, 69.53033939718712 ], [ -139.473378448810422, 69.529658991473781 ], [ -139.470454798724774, 69.529687251475281 ], [ -139.471951933206356, 69.532409313988396 ], [ -139.467602303307132, 69.533017070348023 ], [ -139.457593076586647, 69.529636946950077 ], [ -139.457124701628913, 69.530090287309832 ], [ -139.459193363381871, 69.531615523074024 ], [ -139.456046969925211, 69.532951214951851 ], [ -139.450419506018505, 69.533852220587676 ], [ -139.447181962236527, 69.535725174305171 ], [ -139.447349767728696, 69.538005084739893 ], [ -139.449921933321036, 69.538243202943903 ], [ -139.451169064007132, 69.537662232515757 ], [ -139.45154527504755, 69.536006074527862 ], [ -139.457693846281046, 69.533216923940387 ], [ -139.465504300055954, 69.53332158142679 ], [ -139.469154530591283, 69.534250612523678 ], [ -139.475136823447855, 69.538070365238241 ], [ -139.476585636830038, 69.540047459871928 ], [ -139.475628324674943, 69.542326472585884 ], [ -139.477248547326354, 69.544421647844231 ], [ -139.479790284719797, 69.545825171842722 ], [ -139.479524616985685, 69.546675010706693 ], [ -139.474368144882504, 69.547410468381145 ], [ -139.469763756015482, 69.546876882629874 ], [ -139.466110187371953, 69.548109661416916 ], [ -139.460408463825786, 69.545718312443611 ], [ -139.450426945096098, 69.549675662742118 ], [ -139.446393910321603, 69.550106329738 ], [ -139.437419954017798, 69.547236615296583 ], [ -139.433472394569208, 69.545102248100889 ], [ -139.429333965760776, 69.546276096971511 ], [ -139.394903515590528, 69.543335025847568 ], [ -139.390404570156733, 69.542800277917422 ], [ -139.385434867097842, 69.540691254789252 ], [ -139.376883231573856, 69.539508687806162 ], [ -139.372349776953314, 69.539780482929004 ], [ -139.371832893240878, 69.539497586395242 ], [ -139.37255287370931, 69.53812284523508 ], [ -139.368380785493741, 69.536684555614102 ], [ -139.367608616977321, 69.535044736112184 ], [ -139.363343356310764, 69.534502461564401 ], [ -139.358703120088791, 69.535508487159888 ], [ -139.349753647359535, 69.535872704844579 ], [ -139.337399276958109, 69.53353090828972 ], [ -139.333510642015568, 69.53145754620445 ], [ -139.333871174970511, 69.52946054240121 ], [ -139.327973105389106, 69.526551538188031 ], [ -139.312877438649167, 69.52235164088863 ], [ -139.306935612898883, 69.51875968622366 ], [ -139.295521659006482, 69.515724219368167 ], [ -139.290448563865681, 69.512857782928734 ], [ -139.28296232951871, 69.512640773996452 ], [ -139.27405422805839, 69.511000979780732 ], [ -139.275038438178541, 69.508319485710317 ], [ -139.27291332579091, 69.505777685864672 ], [ -139.263734585191401, 69.502152071212819 ], [ -139.256331832304653, 69.500956891060554 ], [ -139.243598164002577, 69.499860325429765 ], [ -139.219898624752176, 69.503235439005863 ], [ -139.205610080475083, 69.50328642751208 ], [ -139.200337481945979, 69.502361953905648 ], [ -139.20293255696987, 69.499500008496682 ], [ -139.202829364644401, 69.4976778198901 ], [ -139.201527516559139, 69.497027462366816 ], [ -139.194593796928871, 69.501261970628789 ], [ -139.15891817880302, 69.502674435638554 ], [ -139.150377699871058, 69.504046421264249 ], [ -139.144812336868284, 69.500614123000773 ], [ -139.133786375010175, 69.498190900733107 ], [ -139.133426083773287, 69.492041698817786 ], [ -139.130407650913583, 69.487631357639287 ], [ -139.123280520209818, 69.485177372292441 ], [ -139.118680684031347, 69.481628970428005 ], [ -139.112329047212256, 69.478536930015537 ], [ -139.109026151446244, 69.477424553625966 ], [ -139.09683643518116, 69.4770586213493 ], [ -139.08746588987438, 69.475188670164869 ], [ -139.083403105559796, 69.475161976738022 ], [ -139.075799430982386, 69.47270970480416 ], [ -139.070427996133049, 69.469330832260567 ], [ -139.070033908125509, 69.468312682212172 ], [ -139.070663041624755, 69.467853125655694 ], [ -139.07489028376898, 69.468025478557024 ], [ -139.074647156445508, 69.466461747181469 ], [ -139.072345749631523, 69.465906974974786 ], [ -139.069129135692691, 69.466436557326631 ], [ -139.065799550431933, 69.465098747159914 ], [ -139.061759048391451, 69.465412682852204 ], [ -139.07235158993123, 69.47495039662418 ], [ -139.075365383514566, 69.476410164596913 ], [ -139.079721456332607, 69.481733478157182 ], [ -139.086705007110282, 69.484582477261171 ], [ -139.087259087019191, 69.486113698297615 ], [ -139.084137698843364, 69.488124949322795 ], [ -139.084512078321865, 69.489089013691554 ], [ -139.091529078231474, 69.492458473940104 ], [ -139.098563448026795, 69.499407444635622 ], [ -139.106840054667856, 69.501910776436603 ], [ -139.113382683719948, 69.502322553449673 ], [ -139.116059877867144, 69.500987837831374 ], [ -139.118837535448279, 69.501421523288897 ], [ -139.11084987008698, 69.503757485773207 ], [ -139.108082806226577, 69.503781338036461 ], [ -139.099292827248519, 69.500707293521771 ], [ -139.085845423605377, 69.49249489137128 ], [ -139.081204195118573, 69.488316976374804 ], [ -139.079400612012051, 69.48503147494354 ], [ -139.072863272339589, 69.478078160638958 ], [ -139.062627349374367, 69.469100730318445 ], [ -139.057744332698888, 69.466004954821372 ], [ -139.055143122375995, 69.463122956212743 ], [ -139.032404678842369, 69.450531455846431 ], [ -139.019782671195429, 69.441452409321329 ], [ -139.011971173791181, 69.437864321972171 ], [ -139.006367279191608, 69.43306306386917 ], [ -138.992807523671246, 69.427972612295747 ], [ -138.983206077923342, 69.42235273841986 ], [ -138.985531511505997, 69.421760630561735 ], [ -138.985153142864306, 69.420625770470039 ], [ -138.988331214083786, 69.419639754739251 ], [ -138.989418175499281, 69.418378321111518 ], [ -138.990009781381275, 69.414500298641144 ], [ -138.999643529478504, 69.412619643618015 ], [ -139.000900324438504, 69.411988114209038 ], [ -139.000837761515413, 69.410740278962223 ], [ -138.996062810069304, 69.412470731498274 ], [ -138.988825620491212, 69.413257446142879 ], [ -138.985968712313507, 69.414363818273543 ], [ -138.98452537474347, 69.418070443654457 ], [ -138.979694958515068, 69.420903383781649 ], [ -138.971513482803061, 69.416788671186339 ], [ -138.946905949591212, 69.406639416756846 ], [ -138.909319848372945, 69.392643138534879 ], [ -138.896572866024513, 69.389366838457732 ], [ -138.896209609181767, 69.388913840595166 ], [ -138.899962146683009, 69.389345061742219 ], [ -138.904583019178489, 69.388180633856891 ], [ -138.90617515589571, 69.387257745689752 ], [ -138.907780847998453, 69.383831713130547 ], [ -138.913710071741178, 69.382548233006275 ], [ -138.91301125704382, 69.378457428844655 ], [ -138.915080086817312, 69.377594032206488 ], [ -138.914181325378195, 69.375833626696362 ], [ -138.914629368695046, 69.37514814943178 ], [ -138.920048765600598, 69.373580201543177 ], [ -138.920818827142796, 69.372719139349755 ], [ -138.918810111637214, 69.370855736609784 ], [ -138.924384488230032, 69.369513841707885 ], [ -138.925130939195014, 69.368365334252076 ], [ -138.925020722908442, 69.36580692170709 ], [ -138.923876862244271, 69.365533041194851 ], [ -138.919422004520499, 69.367148512377497 ], [ -138.919158915330229, 69.368293822556041 ], [ -138.917564334112399, 69.368472085792916 ], [ -138.912641479686414, 69.367022245673411 ], [ -138.912945842672201, 69.366505499735069 ], [ -138.918101621080694, 69.36659434996082 ], [ -138.928609685915688, 69.363400365734279 ], [ -138.928841076230356, 69.36151894960615 ], [ -138.929926400091091, 69.36054497553971 ], [ -138.927603755812527, 69.359305969823822 ], [ -138.925036828891706, 69.359553427837866 ], [ -138.92344110818712, 69.356313279846532 ], [ -138.925251246230403, 69.354145702768562 ], [ -138.923502679563171, 69.350912704103095 ], [ -138.926539636576621, 69.347081969769619 ], [ -138.924060304357113, 69.345903861257639 ], [ -138.920040985810601, 69.346205607285583 ], [ -138.91293219200449, 69.342441507901952 ], [ -138.908310262190241, 69.343722684363499 ], [ -138.901685139466906, 69.343642609817536 ], [ -138.901705566667999, 69.344217086974723 ], [ -138.904156943348681, 69.344883782335998 ], [ -138.911072426430479, 69.34433021712789 ], [ -138.912724995871883, 69.345112773245802 ], [ -138.913270768396671, 69.346303689660402 ], [ -138.915567271635524, 69.347264439210107 ], [ -138.915296102204707, 69.348230194422385 ], [ -138.920734156760403, 69.350359121137359 ], [ -138.921208583592147, 69.353881967140154 ], [ -138.91378152175983, 69.360755316461493 ], [ -138.908698887112024, 69.362551399209536 ], [ -138.910122102081317, 69.364928268222187 ], [ -138.90856090461935, 69.366075867119946 ], [ -138.908614390173682, 69.367099367733843 ], [ -138.911713644915523, 69.367935221872372 ], [ -138.911734346245254, 69.368509709239888 ], [ -138.909396042067357, 69.370060684874119 ], [ -138.901091735866373, 69.371988202876508 ], [ -138.897613928225496, 69.373991813856605 ], [ -138.897660751650278, 69.375078030779974 ], [ -138.900484889005838, 69.376655464842102 ], [ -138.899781891774069, 69.378647824140785 ], [ -138.897984895280359, 69.381676670406662 ], [ -138.890361716538251, 69.384392568387312 ], [ -138.89076344641191, 69.386272676924932 ], [ -138.892415865022343, 69.38734250877954 ], [ -138.890819610431151, 69.387520527521573 ], [ -138.872786853120061, 69.382392625185119 ], [ -138.845855296588383, 69.376228360822054 ], [ -138.793942983702237, 69.360187870658393 ], [ -138.748830755005713, 69.350348065079558 ], [ -138.719258400325117, 69.340764029879296 ], [ -138.712274192021852, 69.335682854340874 ], [ -138.71184550521437, 69.333012135004338 ], [ -138.710494530695541, 69.331136808895735 ], [ -138.712734129564751, 69.326293907599762 ], [ -138.707393758576416, 69.322050744897609 ], [ -138.687712875457578, 69.312815686141889 ], [ -138.670457078614731, 69.307604073192365 ], [ -138.652968200273705, 69.300404316295285 ], [ -138.636065249886855, 69.291658228318923 ], [ -138.618997162156234, 69.286614180701378 ], [ -138.613445167327541, 69.283854485968419 ], [ -138.617452815766967, 69.283828982916603 ], [ -138.625597744825313, 69.286758767270157 ], [ -138.625861161466048, 69.285048414044866 ], [ -138.632182067074837, 69.281716102468479 ], [ -138.632477596784412, 69.280634320841529 ], [ -138.637459775252239, 69.280729405014398 ], [ -138.655032990208213, 69.277352257261356 ], [ -138.655288123430267, 69.275695618134165 ], [ -138.653663890105435, 69.275251811258514 ], [ -138.645366821890519, 69.276996539340189 ], [ -138.639365776838588, 69.279750386803968 ], [ -138.636944257316372, 69.279878817369337 ], [ -138.635305923738116, 69.278636000792247 ], [ -138.635734562558696, 69.277493238949432 ], [ -138.642050777021183, 69.274169512121347 ], [ -138.650458894696641, 69.272094446105143 ], [ -138.644416182424408, 69.272451903987999 ], [ -138.63199850529449, 69.276203724532962 ], [ -138.62885305675195, 69.278089970470774 ], [ -138.628861200248963, 69.278942570731047 ], [ -138.622038878513678, 69.281765347150852 ], [ -138.612575921371928, 69.282541299698764 ], [ -138.608371214131552, 69.281828095158943 ], [ -138.604781850546345, 69.280136207446915 ], [ -138.604420381821939, 69.279278690283434 ], [ -138.611730467291125, 69.281013053044703 ], [ -138.607976291009408, 69.279435603459774 ], [ -138.607646178150333, 69.278982339945486 ], [ -138.609864095132991, 69.278402805308318 ], [ -138.607066176268887, 69.276201420469263 ], [ -138.607832085000354, 69.27500054450941 ], [ -138.611058417905667, 69.27515284547043 ], [ -138.61214076624259, 69.274297332506194 ], [ -138.609666401297829, 69.271920981487071 ], [ -138.605565189058609, 69.270060456447595 ], [ -138.596334403101366, 69.258266278508017 ], [ -138.595959930274631, 69.256618847019809 ], [ -138.598672473988216, 69.250635106848691 ], [ -138.599080580173393, 69.244197521997265 ], [ -138.598402510116159, 69.242779198796768 ], [ -138.592681510875167, 69.240070153140522 ], [ -138.592667855821702, 69.239280262920559 ], [ -138.610062956439378, 69.236363184177179 ], [ -138.611643860757511, 69.235326151875796 ], [ -138.611277621232773, 69.234746764005862 ], [ -138.603642764410608, 69.236328001452137 ], [ -138.603312842242559, 69.235650377001249 ], [ -138.605354876199073, 69.234332634424888 ], [ -138.602400998168378, 69.234058327431967 ], [ -138.599277420746574, 69.235549438266574 ], [ -138.594747128210912, 69.234436410187442 ], [ -138.589939980204889, 69.234683428336282 ], [ -138.57532615654236, 69.239181118496688 ], [ -138.575021899597829, 69.23986783871355 ], [ -138.576186070721548, 69.240996971086844 ], [ -138.575109967072393, 69.242704863731433 ], [ -138.578336552460371, 69.243037320113828 ], [ -138.580563819795771, 69.242574973977085 ], [ -138.581487864940584, 69.241546959261129 ], [ -138.582640168967345, 69.241877179102318 ], [ -138.583550882963209, 69.245515409549967 ], [ -138.591316313681943, 69.246907188549386 ], [ -138.59292421014149, 69.247468063342254 ], [ -138.592803612346017, 69.248327862189441 ], [ -138.572664611737594, 69.246475486329714 ], [ -138.557893354375807, 69.246644106949034 ], [ -138.53915567037933, 69.248316495104376 ], [ -138.527491808472774, 69.250294712474187 ], [ -138.494923727580073, 69.252006109736598 ], [ -138.48701008850071, 69.250616762424073 ], [ -138.483756834688279, 69.249205279154012 ], [ -138.49609206354296, 69.248020468276678 ], [ -138.506739861888775, 69.244109160777015 ], [ -138.512375423969274, 69.23930843342832 ], [ -138.513151794376881, 69.237829874403829 ], [ -138.510961938885146, 69.234423948987029 ], [ -138.506560799001306, 69.232224536986493 ], [ -138.487363104292854, 69.234225566863032 ], [ -138.481536339594612, 69.233000863030142 ], [ -138.467856931587477, 69.225818461620463 ], [ -138.464437415590396, 69.223273301600088 ], [ -138.456505302985107, 69.220850054057436 ], [ -138.455183490336736, 69.219834376577566 ], [ -138.454801076958205, 69.217270964409124 ], [ -138.452661457824661, 69.214609790384074 ], [ -138.447559753626223, 69.211141929419597 ], [ -138.444526097396647, 69.210082835088926 ], [ -138.443400639878178, 69.210200768991271 ], [ -138.443250200669837, 69.211051137081796 ], [ -138.447890682803433, 69.216504699339836 ], [ -138.450002547613224, 69.217460322442733 ], [ -138.451526112664652, 69.220417580621046 ], [ -138.459651744091133, 69.224423440752375 ], [ -138.457399490665807, 69.224659503132969 ], [ -138.454174225205406, 69.223705500294585 ], [ -138.449390060118219, 69.224406648243104 ], [ -138.44785581286385, 69.227139185051541 ], [ -138.441354635861074, 69.230175050427988 ], [ -138.43700967891607, 69.230137490261583 ], [ -138.436076460175258, 69.225187519899009 ], [ -138.436509940372673, 69.222797705320019 ], [ -138.434039310182698, 69.220813455613566 ], [ -138.433801649221806, 69.217686709138661 ], [ -138.424817823352555, 69.21117169820414 ], [ -138.39915574614642, 69.210687761276318 ], [ -138.38918948598436, 69.209522958124552 ], [ -138.386493992788246, 69.210720670462749 ], [ -138.387660393881276, 69.213000028705949 ], [ -138.38640702206493, 69.213968290864685 ], [ -138.378924551728744, 69.216717753004517 ], [ -138.3640453389784, 69.218752685137886 ], [ -138.352893230637676, 69.221292376399902 ], [ -138.343415365707301, 69.221487705992729 ], [ -138.32149857481005, 69.215745554487484 ], [ -138.30870988489491, 69.210035510676761 ], [ -138.306067932024604, 69.206682313985056 ], [ -138.30534846253866, 69.201680705895171 ], [ -138.304040057596268, 69.200825507851917 ], [ -138.290721142167143, 69.200293529347263 ], [ -138.293855446272715, 69.196411496273939 ], [ -138.294749109526293, 69.193284093527751 ], [ -138.294565451591609, 69.191916929356495 ], [ -138.292148535278244, 69.19044286604732 ], [ -138.292329622052421, 69.192438282301964 ], [ -138.289853039611387, 69.196312680764791 ], [ -138.287159197149208, 69.198478273369972 ], [ -138.287179289831073, 69.19973517356361 ], [ -138.288337041057474, 69.200983032104105 ], [ -138.293157558381779, 69.201821754729167 ], [ -138.302144610981941, 69.20185495965228 ], [ -138.302947719160727, 69.202711219242332 ], [ -138.301732216206602, 69.205384847088851 ], [ -138.30337690814406, 69.208623803112545 ], [ -138.320085657205453, 69.217572536698086 ], [ -138.342552362750951, 69.222757877157122 ], [ -138.353386586810274, 69.222430823122764 ], [ -138.364068293396741, 69.219605675037457 ], [ -138.369364241160696, 69.219704470966334 ], [ -138.371810157777674, 69.221007254695365 ], [ -138.373162603859896, 69.224249912471905 ], [ -138.37952937929748, 69.228897097053547 ], [ -138.384544104096079, 69.230301493541546 ], [ -138.399014567231291, 69.231731854130302 ], [ -138.405015451216286, 69.234846749142307 ], [ -138.411934394836891, 69.234941677230097 ], [ -138.414363230580932, 69.235785810991771 ], [ -138.413080869985379, 69.236358946582143 ], [ -138.405366825234125, 69.235929023857878 ], [ -138.404266916009391, 69.236666368567711 ], [ -138.414742232577794, 69.238340352143723 ], [ -138.429839527929715, 69.245009698514309 ], [ -138.430521637907248, 69.246087855948758 ], [ -138.429087553121491, 69.24665884105255 ], [ -138.420204132144505, 69.244749307382705 ], [ -138.416055414621837, 69.246015531834075 ], [ -138.404396352702378, 69.242358400210406 ], [ -138.404420955699635, 69.243211387650021 ], [ -138.407697775303944, 69.245647943445732 ], [ -138.40805779629676, 69.247295746185316 ], [ -138.411820304482461, 69.250125407930355 ], [ -138.411545524171828, 69.252006007762517 ], [ -138.407881012940322, 69.25344086476295 ], [ -138.407598405031109, 69.254746955614053 ], [ -138.405523658200082, 69.256008174019556 ], [ -138.400182261777928, 69.254312388550886 ], [ -138.400285867007057, 69.251756087487863 ], [ -138.396201047884603, 69.249091821349907 ], [ -138.391221402739887, 69.248828163147209 ], [ -138.389186360576133, 69.244283010421384 ], [ -138.378194455053801, 69.24101106797697 ], [ -138.386827534758595, 69.246221817752655 ], [ -138.388017758067321, 69.248950264734049 ], [ -138.396296998208044, 69.252512720299478 ], [ -138.397005873308302, 69.255467177787665 ], [ -138.401061173891549, 69.257332195727159 ], [ -138.406198020582281, 69.263287965136954 ], [ -138.403894235216768, 69.268360032636281 ], [ -138.393676950330445, 69.277495279729933 ], [ -138.389201063063183, 69.279097082041233 ], [ -138.387916887948307, 69.27881739474347 ], [ -138.387872087571878, 69.277506382542711 ], [ -138.382393110647882, 69.277127332252377 ], [ -138.377927704173601, 69.27884568888652 ], [ -138.385646935593911, 69.278935674523282 ], [ -138.380909940503415, 69.281852628104247 ], [ -138.380797840287102, 69.283619016098797 ], [ -138.385700816871406, 69.287525509147102 ], [ -138.391888586739526, 69.290464005946077 ], [ -138.388404793385149, 69.293489822487189 ], [ -138.389920386479446, 69.296276976258412 ], [ -138.396534548539137, 69.296538195415366 ], [ -138.417084076964414, 69.287997110398948 ], [ -138.423470799744223, 69.286099984393573 ], [ -138.435396055409655, 69.279806506398771 ], [ -138.437303939113605, 69.280175841590832 ], [ -138.433856037430786, 69.282538886100369 ], [ -138.409631783036644, 69.292857687589503 ], [ -138.394068242124717, 69.298484513944885 ], [ -138.383214480284551, 69.298455324238532 ], [ -138.371390219802294, 69.295763043823499 ], [ -138.355125330472447, 69.288128601990906 ], [ -138.34048104364129, 69.279978907999677 ], [ -138.332278848881288, 69.271864545738836 ], [ -138.326726192861145, 69.267784762110026 ], [ -138.323239298534844, 69.262785358410483 ], [ -138.316870445619259, 69.256942353245449 ], [ -138.311872956284788, 69.248023872121948 ], [ -138.30694392636147, 69.242463094558275 ], [ -138.297348933810071, 69.227862616618367 ], [ -138.283405652521623, 69.21236716564826 ], [ -138.259407437844686, 69.196665838989986 ], [ -138.232943797363816, 69.185346138839236 ], [ -138.22067306817047, 69.178263993111344 ], [ -138.199385017070995, 69.16761447266758 ], [ -138.149529470022543, 69.148699511799265 ], [ -138.106574904592208, 69.136483017473239 ], [ -138.003057022093685, 69.113612437681383 ], [ -137.980658529386972, 69.106920597079338 ], [ -137.972359092211008, 69.103222306212857 ], [ -137.967057908329252, 69.099364077065403 ], [ -137.967077232309094, 69.098394220665085 ], [ -137.969794172630088, 69.098221545512388 ], [ -137.9721805102796, 69.099131814862417 ], [ -137.973146929511415, 69.101063095085493 ], [ -137.979886197502026, 69.105497666285203 ], [ -137.985763194619551, 69.106176553104021 ], [ -137.988616278543617, 69.103496577923181 ], [ -137.988154941444833, 69.101960535346407 ], [ -137.986553268235014, 69.100543058568363 ], [ -137.983522029720348, 69.099518533583677 ], [ -137.98731340457914, 69.097639168154188 ], [ -137.987002769566971, 69.096100496974003 ], [ -137.98189355855817, 69.093657767182947 ], [ -137.97471509333937, 69.093548987745294 ], [ -137.96512931165779, 69.095151238162103 ], [ -137.945233001785311, 69.094308927737032 ], [ -137.92639370533638, 69.089702972267318 ], [ -137.908539217740014, 69.08658645338673 ], [ -137.894722630491685, 69.082807560658807 ], [ -137.899263268215435, 69.081240738161981 ], [ -137.905155869991631, 69.080781959793867 ], [ -137.911199004330541, 69.079189335009261 ], [ -137.919512220023222, 69.078617113857987 ], [ -137.925541275331966, 69.079187637906273 ], [ -137.930039208793232, 69.081453807050096 ], [ -137.940406316932808, 69.084014361464739 ], [ -137.941506613641337, 69.083789011629392 ], [ -137.943102322309443, 69.081454552638888 ], [ -137.951360292896425, 69.079912227660841 ], [ -137.952648435473009, 69.078660188477841 ], [ -137.952960970813848, 69.077810951522224 ], [ -137.94047713124337, 69.0725674900402 ], [ -137.939897687726813, 69.072927517172815 ], [ -137.940376176851373, 69.075370044914763 ], [ -137.943869417801693, 69.077069593664817 ], [ -137.945165806924592, 69.078492619184516 ], [ -137.944674752239962, 69.078949907326034 ], [ -137.9359285350981, 69.08059902216489 ], [ -137.93273308881129, 69.079809877915139 ], [ -137.930821441159736, 69.078101021855417 ], [ -137.918067066684273, 69.076630897839081 ], [ -137.903257505333954, 69.0783993450964 ], [ -137.894823200943193, 69.078057189758837 ], [ -137.888763489036592, 69.080672866897089 ], [ -137.874089074530019, 69.076808129855053 ], [ -137.862915671638603, 69.075675494271863 ], [ -137.820702308039074, 69.068664461032384 ], [ -137.773920293197648, 69.059437518867369 ], [ -137.732922777811496, 69.0490021594551 ], [ -137.679397556025378, 69.037057586926608 ], [ -137.66861633597324, 69.034147391290304 ], [ -137.642462114896205, 69.025075104719917 ], [ -137.630099283139089, 69.022043404055651 ], [ -137.57873083288041, 69.011839765279646 ], [ -137.521967559680007, 69.00478824585133 ], [ -137.472461083921701, 69.002307202471457 ], [ -137.466138732378255, 69.001267701758763 ], [ -137.459617785259411, 68.999118027890503 ], [ -137.442453091239543, 68.998430727672755 ], [ -137.435638552657537, 68.99631129536192 ], [ -137.425792118758523, 68.996855123501888 ], [ -137.407256351688261, 68.995268416668196 ], [ -137.388521431710188, 68.995046567857344 ], [ -137.382999877664389, 68.993490336837596 ], [ -137.374307842221526, 68.99244464861961 ], [ -137.368325771075121, 68.990311065372126 ], [ -137.359296676555147, 68.989834667313858 ], [ -137.358178767769999, 68.989437271162416 ], [ -137.369135972148712, 68.989474229145983 ], [ -137.380188569068281, 68.991779576520216 ], [ -137.379571662255529, 68.990468962801359 ], [ -137.381003500941318, 68.99029647577116 ], [ -137.385409956658719, 68.992649064333335 ], [ -137.391406240798318, 68.993740880371789 ], [ -137.39839268373521, 68.993813534821513 ], [ -137.404474353839504, 68.99155636532447 ], [ -137.410048342127141, 68.990840725225141 ], [ -137.411611437391855, 68.991410958436063 ], [ -137.406050085219618, 68.992243156090098 ], [ -137.419835512325193, 68.992963956221871 ], [ -137.410778182551638, 68.994079071517064 ], [ -137.412818034946355, 68.994660533405792 ], [ -137.428212567017567, 68.995438723384183 ], [ -137.429318409714682, 68.994579435230904 ], [ -137.44356489524921, 68.996727667886233 ], [ -137.448513496965234, 68.996235092564916 ], [ -137.45435900371632, 68.997955120873982 ], [ -137.461022161250639, 68.997805505626246 ], [ -137.455680579931283, 68.99522588846547 ], [ -137.459221227258041, 68.991989078762444 ], [ -137.459274888371738, 68.990678054376332 ], [ -137.458467731215791, 68.990393521113148 ], [ -137.452512806672388, 68.993512402300823 ], [ -137.449197368084498, 68.993389406767292 ], [ -137.437064431824211, 68.989308972075165 ], [ -137.400262457505164, 68.981142771074431 ], [ -137.376294333701054, 68.973778041784783 ], [ -137.367604654641809, 68.972678240151311 ], [ -137.356605449407112, 68.968666432999186 ], [ -137.338936071661323, 68.964844177915268 ], [ -137.319468102910463, 68.962857275354935 ], [ -137.310746702185099, 68.962813993263168 ], [ -137.275518136554922, 68.964633066933132 ], [ -137.269871750169187, 68.962680192447706 ], [ -137.267692106325825, 68.960914445517446 ], [ -137.267761742262024, 68.958921405209381 ], [ -137.269655255462453, 68.958636023203653 ], [ -137.270060454542687, 68.96063172070582 ], [ -137.271522631241055, 68.960522543692278 ], [ -137.27201778155046, 68.959268629978553 ], [ -137.273120565023191, 68.9597923833593 ], [ -137.273210259957352, 68.962115313187141 ], [ -137.276362147991733, 68.962647658459289 ], [ -137.274841386997451, 68.96025402378892 ], [ -137.274892866196467, 68.958090711533245 ], [ -137.27894470655167, 68.955254885918222 ], [ -137.27508149027048, 68.952174646907849 ], [ -137.245122948166255, 68.9406276766003 ], [ -137.228319684798549, 68.936065163788669 ], [ -137.212330317951029, 68.930593175737044 ], [ -137.205477337584767, 68.92914748731144 ], [ -137.189757802720436, 68.928802676469346 ], [ -137.181321717563691, 68.929736316773273 ], [ -137.158244558580066, 68.934480518576805 ], [ -137.141702188637908, 68.936223374732577 ], [ -137.130464185474324, 68.93634614526178 ], [ -137.12827127191602, 68.935592861898243 ], [ -137.126737767695431, 68.933655888741043 ], [ -137.123453385275496, 68.932440611289294 ], [ -137.113202464800423, 68.932173097937863 ], [ -137.112844169667454, 68.932859455403531 ], [ -137.119115943283219, 68.935320989635045 ], [ -137.125614226364576, 68.939861206138232 ], [ -137.116133035051462, 68.940728673206038 ], [ -137.11285055563269, 68.941787361955136 ], [ -137.093558581240018, 68.940926353513859 ], [ -137.085619759629424, 68.941942894285546 ], [ -137.084368482492891, 68.941374968840563 ], [ -137.085980782519499, 68.939955510067179 ], [ -137.084128597744041, 68.939098827523893 ], [ -137.082062074242742, 68.939141998179281 ], [ -137.080599092912792, 68.940559596430106 ], [ -137.077402520171745, 68.941056133822798 ], [ -137.076675410259412, 68.939692159629885 ], [ -137.077867176332234, 68.937246063895287 ], [ -137.077123277903979, 68.935702844844087 ], [ -137.078438759299843, 68.934574203140713 ], [ -137.079143216980924, 68.932519843053882 ], [ -137.075385299532599, 68.93154272055061 ], [ -137.076713091828907, 68.933994044009779 ], [ -137.073607820382477, 68.937046641200808 ], [ -137.072557075952147, 68.939670464948165 ], [ -137.068166788736335, 68.942603938174571 ], [ -137.044437894510423, 68.942324612294769 ], [ -137.035805002036483, 68.939888576756744 ], [ -137.037422633683235, 68.93903482259995 ], [ -137.020799260735828, 68.938389100538657 ], [ -137.015498303026504, 68.936612443143787 ], [ -137.00941696788567, 68.937760873848404 ], [ -137.007379486019602, 68.937300353221588 ], [ -137.005541836765076, 68.935742819404766 ], [ -137.007611391298155, 68.931896237785892 ], [ -137.005048406839251, 68.92454208507651 ], [ -137.003673762966486, 68.923678962474298 ], [ -136.99845986655626, 68.923085152724056 ], [ -136.989606053369073, 68.919160097765328 ], [ -136.988367163136047, 68.918133759981359 ], [ -136.987238615617429, 68.915006604176554 ], [ -136.982746455683554, 68.912708170023677 ], [ -136.981961135841715, 68.912008479935864 ], [ -136.983127669306555, 68.910665751002696 ], [ -136.981327695293743, 68.909910484873237 ], [ -136.966627306493791, 68.908803533002398 ], [ -136.947885345426272, 68.909835242591555 ], [ -136.935473218079295, 68.908630811922251 ], [ -136.924817189158546, 68.905835558304531 ], [ -136.917095829426643, 68.902100487881398 ], [ -136.908008953360792, 68.900111996152788 ], [ -136.904191995790285, 68.900029096412382 ], [ -136.901187414642465, 68.896940375944084 ], [ -136.901540598318235, 68.895013735003275 ], [ -136.89187961297884, 68.892907915806347 ], [ -136.891931435432269, 68.891767888567912 ], [ -136.888867016321285, 68.889693481866971 ], [ -136.883961619728836, 68.889667079315757 ], [ -136.878241183439116, 68.887074573562913 ], [ -136.868526678194172, 68.885198641068897 ], [ -136.866067245756796, 68.883476093640454 ], [ -136.863203121466114, 68.878170892024826 ], [ -136.860811910944818, 68.878036356276795 ], [ -136.855674803043598, 68.879713829973241 ], [ -136.849310910496285, 68.880366237928612 ], [ -136.847323000945437, 68.879499598983671 ], [ -136.847449739183872, 68.876546493634109 ], [ -136.845953161816027, 68.874705572995339 ], [ -136.840738105235602, 68.872478015783756 ], [ -136.837207870830895, 68.876020338615646 ], [ -136.832674698574721, 68.874741386716863 ], [ -136.821476888532601, 68.874673170492684 ], [ -136.810359944134404, 68.869202395413524 ], [ -136.796393282912362, 68.864389061410193 ], [ -136.792585281079454, 68.861567277952261 ], [ -136.78990884812228, 68.861667215558214 ], [ -136.784577326517194, 68.85719256255247 ], [ -136.784107367079542, 68.857529440916935 ], [ -136.787018489692997, 68.862505057706201 ], [ -136.779176679908232, 68.86142990777752 ], [ -136.778024671400033, 68.860091589646842 ], [ -136.774960788484606, 68.859033264944586 ], [ -136.766572618989358, 68.860780696751007 ], [ -136.759593463146501, 68.858341008488637 ], [ -136.75519252428856, 68.858314688113452 ], [ -136.751335523961217, 68.859825782436673 ], [ -136.722450514510001, 68.860084771042352 ], [ -136.712043409037221, 68.862746654859322 ], [ -136.709545229388652, 68.861514381922703 ], [ -136.699668858628854, 68.860100716235479 ], [ -136.687123736080366, 68.862573921189892 ], [ -136.682268414051748, 68.864757147008049 ], [ -136.667718631613297, 68.864990081216277 ], [ -136.663653976740051, 68.867470039326591 ], [ -136.639649109741839, 68.8748671060807 ], [ -136.636881820811084, 68.88064801562669 ], [ -136.63446007929096, 68.881541473199974 ], [ -136.623860732950334, 68.881858197967844 ], [ -136.606262134916363, 68.88514701702664 ], [ -136.597960238883587, 68.88422933723686 ], [ -136.598187490640584, 68.88565359357186 ], [ -136.597386355267389, 68.885930216656021 ], [ -136.587560948940393, 68.886318133255756 ], [ -136.561081261239281, 68.880247443322233 ], [ -136.523300377921828, 68.878140613754368 ], [ -136.515154653085631, 68.876867699798822 ], [ -136.510384922573479, 68.875124914091714 ], [ -136.501379016796676, 68.869938787993135 ], [ -136.486506822820786, 68.865431511438288 ], [ -136.480881050121894, 68.861964084194796 ], [ -136.482995269820094, 68.861245944766466 ], [ -136.489590668106047, 68.861753495288298 ], [ -136.493561988772001, 68.860938243092036 ], [ -136.502665815283677, 68.862149858067085 ], [ -136.509324394851262, 68.861750052370354 ], [ -136.525121365970364, 68.856181884844418 ], [ -136.526606337710007, 68.854652504960342 ], [ -136.526408861745551, 68.853227922596588 ], [ -136.520552666411447, 68.850795481556275 ], [ -136.511216506857977, 68.848671896429394 ], [ -136.497787145497654, 68.844018297740817 ], [ -136.483239983662742, 68.842244037763251 ], [ -136.487077358273012, 68.843923918585446 ], [ -136.498204239074454, 68.845046250522799 ], [ -136.505744505789153, 68.847832330802433 ], [ -136.521754994537787, 68.851663866962724 ], [ -136.524052741111063, 68.852926105441753 ], [ -136.524471840577547, 68.853962950298737 ], [ -136.523911263442329, 68.855205950480496 ], [ -136.519505905485858, 68.857272750448729 ], [ -136.508898559720961, 68.860605552709146 ], [ -136.501010449372245, 68.86082784099311 ], [ -136.492850421167816, 68.859966700521241 ], [ -136.489646172615551, 68.860730356472288 ], [ -136.480960246556492, 68.860546053386997 ], [ -136.47898572206401, 68.862240711206482 ], [ -136.484138061684348, 68.865694391458902 ], [ -136.476076649271278, 68.868195537486088 ], [ -136.468599584320174, 68.868754831997705 ], [ -136.465323506583587, 68.303473675418331 ], [ -136.458349032327334, 67.812912039896716 ], [ -136.448772699876457, 67.64947145927384 ], [ -136.41621270940206, 67.640143968188795 ], [ -136.378039113266283, 67.639208112281636 ], [ -136.359379846403783, 67.628352452799191 ], [ -136.289893115879721, 67.634233375730318 ], [ -136.279267610032747, 67.621126837244176 ], [ -136.241353578448809, 67.610886539540189 ], [ -136.199979759997262, 67.561662094949071 ], [ -136.218361749532107, 67.531381047377749 ], [ -136.218714875320728, 67.513403074361449 ], [ -136.169919739113965, 67.50384397306405 ], [ -136.2021247385903, 67.481877380443436 ], [ -136.178667688613018, 67.457729566707513 ], [ -136.204267661838458, 67.439305585671221 ], [ -136.201545280191908, 67.418460456716687 ], [ -136.222053607307828, 67.405471620836494 ], [ -136.18720781128016, 67.393396120623663 ], [ -136.168875957752874, 67.377975114426036 ], [ -136.140034340359563, 67.366441189863252 ], [ -136.146187907988605, 67.345377281075969 ], [ -136.135510377559115, 67.329988992472479 ], [ -136.08655748151196, 67.30070614957576 ], [ -136.110823572828849, 67.288744891508088 ], [ -136.127236191373953, 67.273499617799757 ], [ -136.137496071974226, 67.232634158596468 ], [ -136.235096074765636, 67.172542379709228 ], [ -136.221287865876434, 67.153901064538488 ], [ -136.191524657302068, 67.143903836764792 ], [ -136.232449549580792, 67.106696675253446 ], [ -136.200315877272999, 67.061423002938426 ], [ -136.216264763748995, 67.050977770402426 ], [ -136.181790987213617, 67.034681174826858 ], [ -136.164413575525089, 67.000000059976088 ], [ -133.829634968022305, 67.000000115773716 ], [ -133.846883301410855, 66.983665105355854 ], [ -133.901258704811028, 66.981850060338644 ], [ -134.014209639520999, 66.985841037463643 ], [ -134.067203063216937, 66.975204552260877 ], [ -134.117847032277496, 66.95691748616494 ], [ -134.091709250389698, 66.936910391890962 ], [ -134.000687580005547, 66.909414658063199 ], [ -133.943290134929214, 66.90526296003128 ], [ -133.890467059629202, 66.883499185650649 ], [ -133.889531855238289, 66.869099662701927 ], [ -133.850280213503112, 66.854947526613515 ], [ -133.853261082233814, 66.841915057696511 ], [ -133.83302509743956, 66.825961013566086 ], [ -133.78747145782404, 66.81707239854876 ], [ -133.759663914352728, 66.801026959051669 ], [ -133.775931159949153, 66.765208947239756 ], [ -133.803803663617174, 66.743191014437301 ], [ -133.832177910014565, 66.733888857995467 ], [ -133.846330128745308, 66.722796297582647 ], [ -133.805293961175238, 66.705434882595313 ], [ -133.762075584424053, 66.692401196076389 ], [ -133.748066570180242, 66.678963612745619 ], [ -133.762065869944195, 66.664208391299141 ], [ -133.793368468826174, 66.649443201151186 ], [ -133.76205391729988, 66.634433134015424 ], [ -133.717583278399132, 66.62500195232488 ], [ -133.696485957171575, 66.595487717163437 ], [ -133.676774562790399, 66.583179853008843 ], [ -133.637253030329958, 66.576376827378155 ], [ -133.582365856705906, 66.562251974127733 ], [ -133.588187400605165, 66.549978971805587 ], [ -133.690053046565737, 66.527902242327343 ], [ -133.693442359553245, 66.50348549630688 ], [ -133.609827329273912, 66.436065247231696 ], [ -133.639316502288864, 66.430020611105007 ], [ -133.68164182947271, 66.433412666203637 ], [ -133.734190841003198, 66.440356617457894 ], [ -133.766378768762252, 66.417767934085063 ], [ -133.764960412662703, 66.391916610355992 ], [ -133.768069494105532, 66.366183517804217 ], [ -133.811318397192991, 66.341215002184342 ], [ -133.835423560235427, 66.317217725941944 ], [ -133.821909689241181, 66.303036487306088 ], [ -133.785759880379231, 66.295380238540432 ], [ -133.626228241518021, 66.298617072472609 ], [ -133.580511211571434, 66.286136589166048 ], [ -133.553533961470237, 66.257008916845962 ], [ -133.566323999838687, 66.235886303806055 ], [ -133.567959353222705, 66.208993389127684 ], [ -133.55547353104717, 66.188050359288383 ], [ -133.548914250751324, 66.169986805255306 ], [ -133.571165099194445, 66.149793790602715 ], [ -133.601686588184634, 66.134336341947133 ], [ -133.657854175091785, 66.12180553952247 ], [ -133.679605031573146, 66.097641349346333 ], [ -133.690705924823163, 66.071173285774179 ], [ -133.681254713729345, 66.05914565034476 ], [ -133.638091112320751, 66.060302706876072 ], [ -133.598556208922446, 66.056515301408751 ], [ -133.603035527069551, 66.038200357586831 ], [ -133.62205151935035, 66.015706375942969 ], [ -133.633023010441121, 65.999817468194649 ], [ -133.634419066500271, 65.994696573205587 ], [ -133.662792467739138, 65.98129681436491 ], [ -133.658330879264412, 65.959680990049478 ], [ -133.621445600915393, 65.94206621946698 ], [ -133.594964037908454, 65.935869529599856 ], [ -133.555528327798555, 65.95183782196051 ], [ -133.525811344719301, 65.954306419390988 ], [ -133.487238775023854, 65.942188114608413 ], [ -133.446919508398906, 65.933467491246958 ], [ -133.405185185705704, 65.938858504682756 ], [ -133.323446023622523, 65.970270750694297 ], [ -133.268578847316178, 65.995846645480441 ], [ -133.196254655734975, 66.006880324010169 ], [ -133.1528293298297, 66.019407123184877 ], [ -133.12807022994042, 66.030939700284662 ], [ -133.055838267558812, 66.01922278552442 ], [ -133.005180580128723, 66.016816565899845 ], [ -132.92114750801187, 66.020421576497981 ], [ -132.912263515040507, 66.00154363089618 ], [ -132.934712703145038, 65.984463092491296 ], [ -132.961971496034721, 65.960548986881506 ], [ -133.021484828839505, 65.918812422293726 ], [ -132.996470925952337, 65.908711842316521 ], [ -132.909215971470246, 65.884044083247574 ], [ -132.837186504849853, 65.90036712598301 ], [ -132.805285411349985, 65.920576536758432 ], [ -132.799338051204074, 65.950514577838632 ], [ -132.749399742788029, 65.970219858615863 ], [ -132.706274427922864, 65.989021164274362 ], [ -132.656596873408205, 66.015831569084241 ], [ -132.616147963667203, 66.022304558469529 ], [ -132.568262732781477, 66.022875135299515 ], [ -132.540444285096839, 66.015024646267378 ], [ -132.519207498044722, 65.999063427683581 ], [ -132.508230637064571, 65.984268866859423 ], [ -132.494541860832925, 65.971988776804309 ], [ -132.460260194238003, 65.974633031874959 ], [ -132.426407243070344, 65.982286239175011 ], [ -132.377888326652993, 65.989040255618718 ], [ -132.350122258307181, 65.952316432642974 ], [ -132.460896178461923, 65.930503116592917 ], [ -132.530863364824825, 65.905896624453618 ], [ -132.577899650562784, 65.875552826804224 ], [ -132.596368963886704, 65.856704131038086 ], [ -132.563679587464662, 65.830170195330055 ], [ -132.519702554306974, 65.819574719566617 ], [ -132.48464637569208, 65.801189443561853 ], [ -132.414387790596038, 65.78877613472163 ], [ -132.375483009870862, 65.766425810993454 ], [ -132.354482619778793, 65.746922990992928 ], [ -132.313460959800778, 65.739857551038995 ], [ -132.299729006397484, 65.721532954400345 ], [ -132.283225022590585, 65.704697413553774 ], [ -132.298616199384099, 65.685962261598632 ], [ -132.24469789772985, 65.666695273697187 ], [ -132.221065337303514, 65.639599455110414 ], [ -132.198812889855759, 65.61859464772543 ], [ -132.16832125672363, 65.602427313718223 ], [ -132.19103123520739, 65.574822826241856 ], [ -132.214873711085403, 65.553115161749048 ], [ -132.248183703713977, 65.528580335436018 ], [ -132.283368513331283, 65.500553320871987 ], [ -132.281635606963675, 65.480841661008697 ], [ -132.275370327604094, 65.457700750413437 ], [ -132.314957644359737, 65.4472405944271 ], [ -132.349387157185561, 65.429423575808784 ], [ -132.37643655586092, 65.402358992858453 ], [ -132.446253135591093, 65.388208304081843 ], [ -132.504617449302373, 65.368612020913986 ], [ -132.537148178807229, 65.350464377360652 ], [ -132.555090969014572, 65.315153547541982 ], [ -132.566424278912052, 65.28404347521203 ], [ -132.607558731877788, 65.282602708934178 ], [ -132.65700471421988, 65.278130467508262 ], [ -132.669354296947319, 65.259662539101711 ], [ -132.747897169534184, 65.227366898442753 ], [ -132.706687005339802, 65.19928629256016 ], [ -132.763964695034304, 65.196464757703865 ], [ -132.772721218897431, 65.183043278992287 ], [ -132.726871571411323, 65.158380834145674 ], [ -132.656710342183175, 65.140809057939649 ], [ -132.596631930095043, 65.146276148338785 ], [ -132.554764240799642, 65.171238144430177 ], [ -132.509337146993317, 65.17351212295597 ], [ -132.534462079659789, 65.121183015024741 ], [ -132.542742072409368, 65.089901096026807 ], [ -132.519368448068235, 65.081518434182072 ], [ -132.45946831943354, 65.081111620016557 ], [ -132.336100219708072, 65.060719684118112 ], [ -132.33772455270983, 65.03830567832523 ], [ -132.371217727301143, 65.025309713171026 ], [ -132.405598749172555, 65.010006573021741 ], [ -132.414188741380769, 64.984382692391137 ], [ -132.490318728255602, 64.96240338545806 ], [ -132.491279713737583, 64.935562759274816 ], [ -132.462292296246034, 64.90157045271566 ], [ -132.481683061864743, 64.884023245246141 ], [ -132.51113354977528, 64.866227938049263 ], [ -132.553819381541018, 64.849302544054808 ], [ -132.586896599924131, 64.834589222367299 ], [ -132.627649066837989, 64.829681060430389 ], [ -132.559226249268903, 64.796122050013693 ], [ -132.546027571685158, 64.770245900257621 ], [ -132.511911371034074, 64.774481725118562 ], [ -132.464239760644887, 64.788694097576027 ], [ -132.422031458883168, 64.777790881747464 ], [ -132.356964199775661, 64.783168013887249 ], [ -132.299090171154774, 64.761211402711723 ], [ -132.216249456389363, 64.742877764286177 ], [ -132.124261477661577, 64.703741659246731 ], [ -132.037715788828848, 64.696423103260301 ], [ -131.98199014010271, 64.631832307204292 ], [ -131.93809604763743, 64.590343070385146 ], [ -131.896407808202127, 64.566273353643254 ], [ -131.830102592953978, 64.548772702034057 ], [ -131.8553722573767, 64.537824956747201 ], [ -131.838720117075326, 64.525344949495391 ], [ -131.806390678829615, 64.533934250136085 ], [ -131.684646179075884, 64.521371236388788 ], [ -131.707467133054394, 64.508183104310007 ], [ -131.676037867117543, 64.485509120597072 ], [ -131.716042267093513, 64.475496680328021 ], [ -131.824854644011651, 64.424699746720663 ], [ -131.828390708388355, 64.401146208501302 ] ], [ [ -136.25868571904752, 62.018776688745938 ], [ -136.252018767501909, 62.012759370015047 ], [ -136.247004717960607, 62.00880068060907 ], [ -136.25868571904752, 62.018776688745938 ] ], [ [ -136.27266841532915, 62.039295260535077 ], [ -136.272490056201519, 62.038221712845761 ], [ -136.269343536761795, 62.031993137826703 ], [ -136.27266841532915, 62.039295260535077 ] ], [ [ -136.27357835003653, 62.056472443784628 ], [ -136.273695857991981, 62.057122415172714 ], [ -136.273714634577601, 62.056063920537802 ], [ -136.27357835003653, 62.056472443784628 ] ], [ [ -136.274126039681249, 62.059501877811314 ], [ -136.274481808012808, 62.060349408604161 ], [ -136.273965464193736, 62.058613687117202 ], [ -136.274126039681249, 62.059501877811314 ] ], [ [ -136.27563516752025, 62.063097004753317 ], [ -136.27743629299502, 62.065004004482354 ], [ -136.275493443897318, 62.062759382981376 ], [ -136.27563516752025, 62.063097004753317 ] ], [ [ -136.154538979875554, 62.114132838868429 ], [ -136.17454191559554, 62.114968515599074 ], [ -136.226111759662132, 62.126307990673972 ], [ -136.235152968735662, 62.126966693817373 ], [ -136.235184460043172, 62.1297932704068 ], [ -136.262396729156904, 62.129670637845351 ], [ -136.275465523909418, 62.125684992627122 ], [ -136.325147331788628, 62.125542257114702 ], [ -136.324863025745969, 62.067459691734165 ], [ -136.234491670108298, 62.067537505184283 ], [ -136.234785465018035, 62.093970445148592 ], [ -136.151593684009725, 62.094958844245753 ], [ -136.154538979875554, 62.114132838868429 ] ], [ [ -136.29455739611808, 62.146970755340476 ], [ -136.294297823114704, 62.146425345175203 ], [ -136.28843745534607, 62.141263964407877 ], [ -136.29455739611808, 62.146970755340476 ] ], [ [ -136.295183439891048, 62.150986712614745 ], [ -136.295246410672547, 62.148418500433912 ], [ -136.294927723805131, 62.147748881271795 ], [ -136.295183439891048, 62.150986712614745 ] ], [ [ -136.267338543042143, 62.159701247085657 ], [ -136.266488161410479, 62.160482578766917 ], [ -136.269012030549106, 62.158988531257613 ], [ -136.267338543042143, 62.159701247085657 ] ], [ [ -136.295747835020478, 62.204129066979419 ], [ -136.287151686206471, 62.199989660635815 ], [ -136.283154579344654, 62.198383510816107 ], [ -136.295747835020478, 62.204129066979419 ] ], [ [ -136.64675421642761, 62.845416731184422 ], [ -136.60416370821153, 62.783647880827438 ], [ -136.513762503469593, 62.795852654021111 ], [ -136.557359176233689, 62.858210870027264 ], [ -136.64675421642761, 62.845416731184422 ] ], [ [ -136.503521416632111, 62.882949767829231 ], [ -136.503261240643781, 62.882414821060522 ], [ -136.498060736466044, 62.87800846757186 ], [ -136.503521416632111, 62.882949767829231 ] ], [ [ -136.507632587257802, 62.891713446274125 ], [ -136.508490925120356, 62.893167553586061 ], [ -136.506007125420837, 62.888060623342831 ], [ -136.507632587257802, 62.891713446274125 ] ], [ [ -136.510066795691699, 62.896966030806311 ], [ -136.51056280235224, 62.8974275317549 ], [ -136.510012156293811, 62.896295350681804 ], [ -136.510066795691699, 62.896966030806311 ] ], [ [ -128.667973553968778, 60.06434272661803 ], [ -128.694328243947808, 60.071512207147357 ], [ -128.703449413695068, 60.072526687932466 ], [ -128.724784648584318, 60.073076430781022 ], [ -128.727465879887689, 60.071136365502582 ], [ -128.728565624850489, 60.057117397304715 ], [ -128.698271991803722, 60.056852684905444 ], [ -128.661087380681579, 60.048949335326498 ], [ -128.654912168369975, 60.052959903374273 ], [ -128.654285288030138, 60.059826080843841 ], [ -128.667973553968778, 60.06434272661803 ] ], [ [ -128.751732582582719, 60.083137293315154 ], [ -128.746106400120766, 60.083198460666736 ], [ -128.743222132588073, 60.081980696137656 ], [ -128.738101688987399, 60.082327933530223 ], [ -128.739825527311922, 60.086508542673123 ], [ -128.738127224535162, 60.09212618372797 ], [ -128.735022230146711, 60.093709312194726 ], [ -128.739974728324199, 60.097219704804147 ], [ -128.753007254933806, 60.09535450846527 ], [ -128.75221061224147, 60.08171605388668 ], [ -128.75075540549966, 60.081732889078118 ], [ -128.751732582582719, 60.083137293315154 ] ], [ [ -128.895595655609895, 60.05826236111956 ], [ -128.905556239204373, 60.065175082921165 ], [ -128.923216441747144, 60.065313326193156 ], [ -128.92942148518523, 60.064040455743637 ], [ -128.936454059583752, 60.061380702939282 ], [ -128.94106454635309, 60.056819810869719 ], [ -128.94423651864966, 60.05158118463585 ], [ -128.938893288059461, 60.046141172478592 ], [ -128.927197210053663, 60.041944404390208 ], [ -128.913263677571308, 60.041311236731623 ], [ -128.896421322297044, 60.043604130771271 ], [ -128.890615660163462, 60.046543001199517 ], [ -128.892298985067555, 60.053481521651648 ], [ -128.895595655609895, 60.05826236111956 ] ], [ [ -132.453894578412559, 61.94060519597619 ], [ -132.392580281274945, 61.95647270229653 ], [ -132.447568729257114, 62.002806005863171 ], [ -132.508331112527515, 61.98761707393097 ], [ -132.453894578412559, 61.94060519597619 ] ], [ [ -132.719686055922182, 60.166267759226031 ], [ -132.714064567320918, 60.165191776906106 ], [ -132.706286862231678, 60.166350834254501 ], [ -132.705716151803443, 60.167814110119139 ], [ -132.709284988764978, 60.171962963424193 ], [ -132.704663184645028, 60.173086659904079 ], [ -132.701837839373582, 60.174816253774964 ], [ -132.699689316349975, 60.174599303261871 ], [ -132.698333234475115, 60.175941135611829 ], [ -132.695171054001833, 60.176550885567508 ], [ -132.691425630724979, 60.176108400043276 ], [ -132.703617078772112, 60.179112947651788 ], [ -132.712804747745906, 60.180247296674438 ], [ -132.725743842661643, 60.179517056710765 ], [ -132.728291188304752, 60.176171515787765 ], [ -132.754100308548487, 60.178699879164924 ], [ -132.76439752991763, 60.170952541366994 ], [ -132.724234015090786, 60.159875846376671 ], [ -132.72473410647217, 60.161523405437244 ], [ -132.71970882910594, 60.16255831336148 ], [ -132.719686055922182, 60.166267759226031 ] ], [ [ -132.740093782706879, 60.197715034284784 ], [ -132.728714094951869, 60.198939787243503 ], [ -132.727345078549092, 60.19994931900289 ], [ -132.727540745431355, 60.205207456065715 ], [ -132.726248798498261, 60.212398312049551 ], [ -132.727574692030146, 60.216714713562368 ], [ -132.731159776251928, 60.222048832286696 ], [ -132.732704319875239, 60.226090415512644 ], [ -132.73697229762837, 60.229405989909473 ], [ -132.73741406028401, 60.231380699847627 ], [ -132.739354453087742, 60.234089993290539 ], [ -132.745490175377086, 60.2573021085988 ], [ -132.762931205041866, 60.26719042152525 ], [ -132.808633064692685, 60.23428031726975 ], [ -132.796943819112926, 60.196617868169312 ], [ -132.757865915040867, 60.190298921999592 ], [ -132.753770727387746, 60.193752663799977 ], [ -132.740093782706879, 60.197715034284784 ] ], [ [ -133.509229461259963, 62.155478992511178 ], [ -133.199051747189429, 62.155347993795743 ], [ -133.198717347383678, 62.271119571837708 ], [ -133.512282359495345, 62.274349014808998 ], [ -133.509229461259963, 62.155478992511178 ] ], [ [ -133.243469772806009, 60.491003839198029 ], [ -133.249324786557622, 60.499680815854255 ], [ -133.263406563910621, 60.508623854041744 ], [ -133.276643466598358, 60.511539442011738 ], [ -133.297709141656043, 60.514459592491725 ], [ -133.312332703927012, 60.5132697732531 ], [ -133.331830815328829, 60.508928194351128 ], [ -133.34369690827512, 60.500786702133901 ], [ -133.345820056134102, 60.492592243126765 ], [ -133.34493699631625, 60.484713498106963 ], [ -133.338541510584207, 60.474874854155722 ], [ -133.328083202710985, 60.46811052719756 ], [ -133.313963234113942, 60.464857801013508 ], [ -133.296291850753676, 60.465843339220726 ], [ -133.274494581994475, 60.469329800510437 ], [ -133.263770206180709, 60.473090275901782 ], [ -133.254456650766912, 60.477587671175058 ], [ -133.246837445097469, 60.484256409414293 ], [ -133.243469772806009, 60.491003839198029 ] ], [ [ -134.302861714992076, 60.226247944550877 ], [ -134.292199652407589, 60.241130913185039 ], [ -134.269449179924237, 60.239844105355125 ], [ -134.22550501620853, 60.257694980767923 ], [ -134.24186243023928, 60.328409919361121 ], [ -134.341243265181731, 60.326171556583787 ], [ -134.329115228443499, 60.263792417626128 ], [ -134.33403400715622, 60.225004032337232 ], [ -134.328419368474243, 60.22095435613442 ], [ -134.302861714992076, 60.226247944550877 ] ], [ [ -134.674009139976675, 60.153289367586133 ], [ -134.673856344370733, 60.198995688773408 ], [ -134.75470095709278, 60.199281830728509 ], [ -134.755502822172247, 60.153226346958512 ], [ -134.674009139976675, 60.153289367586133 ] ], [ [ -136.937966338928533, 65.831608972529878 ], [ -136.947294014336535, 65.832150189544549 ], [ -136.945208538060569, 65.831822307724536 ], [ -136.937966338928533, 65.831608972529878 ] ], [ [ -136.446866165101113, 63.029868829685917 ], [ -136.447198760773006, 63.028994068938751 ], [ -136.446574336646137, 63.03000313573127 ], [ -136.446866165101113, 63.029868829685917 ] ], [ [ -136.427156114293894, 63.047187870928035 ], [ -136.43154549178243, 63.039504229901006 ], [ -136.430264979625321, 63.04121380584742 ], [ -136.427156114293894, 63.047187870928035 ] ], [ [ -136.640409779018597, 63.343648445300865 ], [ -136.636854273235372, 63.342199858406396 ], [ -136.637367004770681, 63.342498435577085 ], [ -136.640409779018597, 63.343648445300865 ] ], [ [ -136.729048526715331, 63.340223231087798 ], [ -136.645267749421407, 63.344657855003639 ], [ -136.629602669867609, 63.345481355568388 ], [ -136.650867238416112, 63.399608031716745 ], [ -136.750789830430421, 63.394488514488714 ], [ -136.729048526715331, 63.340223231087798 ] ], [ [ -135.235433654738557, 63.96013169590362 ], [ -135.247569316217238, 63.968429703707912 ], [ -135.280952651568015, 63.958848409953632 ], [ -135.30837398931186, 63.942022133103258 ], [ -135.333550276343459, 63.937221716230596 ], [ -135.354523694683024, 63.947972291778399 ], [ -135.363861486126609, 63.938067473404807 ], [ -135.33931722707743, 63.922511631576953 ], [ -135.357863028992796, 63.915860748959012 ], [ -135.363945375393797, 63.904777852241409 ], [ -135.357513122410239, 63.893296287927967 ], [ -135.33522217075361, 63.884644550070099 ], [ -135.242182404458418, 63.899025799196025 ], [ -135.157399392850891, 63.913171626328584 ], [ -135.153706958475539, 63.926167605178058 ], [ -135.187196967947784, 63.943204410559268 ], [ -135.257035341966059, 63.948210333240112 ], [ -135.235433654738557, 63.96013169590362 ] ], [ [ -135.88994636601285, 63.60138694680839 ], [ -135.890959867076361, 63.603645055138678 ], [ -135.903418902102743, 63.603701033546628 ], [ -135.903637980250096, 63.594311696083231 ], [ -135.902916214223666, 63.594021473199319 ], [ -135.903128271909054, 63.591121097662096 ], [ -135.90244113817289, 63.590235633867259 ], [ -135.893442268209242, 63.590220592428977 ], [ -135.890810542232259, 63.588391357458455 ], [ -135.885144736998171, 63.590223959313796 ], [ -135.891010873250139, 63.593635094787423 ], [ -135.890060352250288, 63.594913222525577 ], [ -135.88994636601285, 63.60138694680839 ] ], [ [ -136.452698313277466, 60.785541997238496 ], [ -136.455401134016824, 60.791105853506842 ], [ -136.460369922224316, 60.794399394031984 ], [ -136.467820694830493, 60.796880102768888 ], [ -136.474410035926013, 60.798028567548712 ], [ -136.488099571283414, 60.796456661108436 ], [ -136.493454891756073, 60.793893484439643 ], [ -136.496634687780784, 60.790821504346994 ], [ -136.497696280904051, 60.788272612920416 ], [ -136.496816289739314, 60.784767223493816 ], [ -136.493123070912389, 60.781298824464329 ], [ -136.487390347220611, 60.778813917048289 ], [ -136.477682390978146, 60.776507438922529 ], [ -136.471484610533679, 60.776100278590874 ], [ -136.463056567887264, 60.77704871404211 ], [ -136.456412818315357, 60.778947299535908 ], [ -136.453411334616106, 60.781873242165538 ], [ -136.452698313277466, 60.785541997238496 ] ], [ [ -136.971892422748084, 60.299050176936078 ], [ -136.972774458552266, 60.302256108847807 ], [ -136.97516648399656, 60.305117674070765 ], [ -136.987231528871206, 60.310875049235214 ], [ -136.994154487513953, 60.312180558465755 ], [ -137.001483473574694, 60.311894720476531 ], [ -137.009427134967581, 60.309704036678575 ], [ -137.015560275851584, 60.306641779980978 ], [ -137.018091010564149, 60.30384560936433 ], [ -137.019946611088471, 60.29857458483999 ], [ -137.018363725571731, 60.294098032743506 ], [ -137.014026148496498, 60.291244584681735 ], [ -137.007550721291636, 60.289153755998292 ], [ -136.999357740717812, 60.287720624207033 ], [ -136.992120013992832, 60.287447404118311 ], [ -136.983982395535719, 60.289348338564885 ], [ -136.976612371723462, 60.292562937651866 ], [ -136.972718160486295, 60.295788558691733 ], [ -136.971892422748084, 60.299050176936078 ] ], [ [ -137.452402542234722, 60.792808312689523 ], [ -137.514708921387353, 60.79313484033397 ], [ -137.509121621555693, 60.796964555731783 ], [ -137.505598976205818, 60.798270966614204 ], [ -137.512309661428873, 60.800747834379031 ], [ -137.521570100835561, 60.799217647856651 ], [ -137.52329269340305, 60.798215133162699 ], [ -137.523012404985565, 60.795588464795991 ], [ -137.524004175581354, 60.793943934447398 ], [ -137.526017926356872, 60.79337606890202 ], [ -137.544879821047431, 60.793666525665948 ], [ -137.55088314083136, 60.794504738398409 ], [ -137.555678577208056, 60.793560138065018 ], [ -137.565887014813057, 60.793886382068017 ], [ -137.579438554283513, 60.790985629710974 ], [ -137.581296649851424, 60.788497560698858 ], [ -137.580725384354395, 60.786188845586771 ], [ -137.590032166891291, 60.77305653971645 ], [ -137.585783753241742, 60.772896389491301 ], [ -137.579467248813017, 60.771260358684493 ], [ -137.558461695243295, 60.764466719469446 ], [ -137.546728383457236, 60.757893295594073 ], [ -137.541605342145886, 60.756767566612204 ], [ -137.543386632895874, 60.753485971967997 ], [ -137.538951828452667, 60.751832891460388 ], [ -137.518325288582048, 60.748954720091525 ], [ -137.512803670152437, 60.743734379173659 ], [ -137.510467489030788, 60.742705672652022 ], [ -137.49640245783155, 60.739615109845651 ], [ -137.493858988792084, 60.742858641424284 ], [ -137.477406126297382, 60.741284735853604 ], [ -137.451349807399907, 60.740640304878305 ], [ -137.452402542234722, 60.792808312689523 ] ], [ [ -137.829757497985298, 60.920728064644933 ], [ -137.831725945142836, 60.924862212262184 ], [ -137.836209720188776, 60.92823317509685 ], [ -137.843434713062663, 60.931771577167758 ], [ -137.850575572506642, 60.933291025661248 ], [ -137.859253686760809, 60.933596793356209 ], [ -137.870515471770801, 60.931922330572625 ], [ -137.8765101040172, 60.929583814967081 ], [ -137.880838010105208, 60.926774757112106 ], [ -137.884320869645279, 60.923142183848256 ], [ -137.884473350520551, 60.919913010609648 ], [ -137.881235891540967, 60.915531574260562 ], [ -137.872780397983405, 60.911496123317548 ], [ -137.8637748857156, 60.909753240518448 ], [ -137.852654994622299, 60.909709244894181 ], [ -137.84336575915296, 60.910854144093889 ], [ -137.836067297709405, 60.913277215221527 ], [ -137.830662912823698, 60.916387880123708 ], [ -137.829757497985298, 60.920728064644933 ] ], [ [ -138.769740913211706, 61.220945160734324 ], [ -138.729674358625118, 61.239314378011841 ], [ -138.827016157525009, 61.282798272677184 ], [ -138.865089690039866, 61.264266589163292 ], [ -138.769740913211706, 61.220945160734324 ] ], [ [ -138.976941285044717, 61.313678734755591 ], [ -138.925221213524367, 61.339258955761714 ], [ -139.03952799439034, 61.388775215089417 ], [ -139.094344453713035, 61.363380441118643 ], [ -138.976941285044717, 61.313678734755591 ] ], [ [ -139.446506283406762, 64.087614515253449 ], [ -139.443409606266755, 64.08282415203243 ], [ -139.452132455421264, 64.082052858537438 ], [ -139.450862190187735, 64.08060926573647 ], [ -139.44457741638243, 64.07806729967082 ], [ -139.445643580672851, 64.076458584127465 ], [ -139.448083412623959, 64.075075654980822 ], [ -139.458366941688013, 64.051944567789249 ], [ -139.467212340754912, 64.048681079586743 ], [ -139.469808409429788, 64.04691324212537 ], [ -139.474975699314115, 64.040065039480325 ], [ -139.477419410619774, 64.033556188973577 ], [ -139.487929383229073, 64.029267718406928 ], [ -139.487931146691977, 64.027246887181917 ], [ -139.479141291971644, 64.02284054912694 ], [ -139.470633411790601, 64.024374319007535 ], [ -139.46127004419904, 64.024553725768399 ], [ -139.449858848184732, 64.028226319645199 ], [ -139.279478405236716, 64.024452484334006 ], [ -139.277724107321092, 64.050669168767428 ], [ -139.37797937011311, 64.053788067145518 ], [ -139.377106145299933, 64.058448714011803 ], [ -139.411446112578062, 64.069186882307918 ], [ -139.415783323294335, 64.089982310873879 ], [ -139.458421530631597, 64.090306969451731 ], [ -139.449376600859921, 64.08874915553973 ], [ -139.446506283406762, 64.087614515253449 ] ], [ [ -139.45493092281211, 64.104301182926292 ], [ -139.447735380108014, 64.091524375934256 ], [ -139.382394847750845, 64.100324997748672 ], [ -139.405869604205833, 64.126528109455876 ], [ -139.468121555020531, 64.114561531636483 ], [ -139.45493092281211, 64.104301182926292 ] ], [ [ -139.785206408916622, 67.586404685677138 ], [ -139.803401139336898, 67.591378809818082 ], [ -139.823812492033596, 67.59162491909467 ], [ -139.854780648396286, 67.587668250244278 ], [ -139.880067171817473, 67.578983660674893 ], [ -139.882399852964426, 67.571225091698764 ], [ -139.877486099743777, 67.564492810591275 ], [ -139.869342544353572, 67.557989446419683 ], [ -139.848506278261254, 67.551281998981082 ], [ -139.836406937370413, 67.548895116768179 ], [ -139.804364075639057, 67.549524001568273 ], [ -139.789480093345588, 67.55361112745797 ], [ -139.768347313314138, 67.56077832839884 ], [ -139.765678834357772, 67.569182980035094 ], [ -139.766398662234565, 67.573891235468849 ], [ -139.771130282335207, 67.579129577176275 ], [ -139.785206408916622, 67.586404685677138 ] ], [ [ -140.83489246948352, 62.380568230741325 ], [ -140.841184769440446, 62.389978862057426 ], [ -140.847485953861678, 62.393836314813214 ], [ -140.859449193638255, 62.399390997057637 ], [ -140.869337733419854, 62.402941071033474 ], [ -140.879105650610427, 62.40474912299613 ], [ -140.901591446500817, 62.405565084745959 ], [ -140.912505651616158, 62.405057843227837 ], [ -140.925427144355865, 62.403153918216731 ], [ -140.935559123496517, 62.398910205276344 ], [ -140.941368063526426, 62.395798319845575 ], [ -140.950360472405833, 62.387650944820926 ], [ -140.95290831657428, 62.379959539634996 ], [ -140.949016748511923, 62.372724459532058 ], [ -140.937102132457056, 62.365354705795838 ], [ -140.926725692154832, 62.360397446745395 ], [ -140.917035519848412, 62.356438439518044 ], [ -140.895362424898195, 62.353641226617356 ], [ -140.878393554612785, 62.354436871086904 ], [ -140.856460101341895, 62.359753739058434 ], [ -140.844908690284569, 62.363815641235853 ], [ -140.835609607296846, 62.369799081699746 ], [ -140.832593965017935, 62.37458430531769 ], [ -140.83489246948352, 62.380568230741325 ] ] ], [ [ [ -136.51647200659653, 68.881215727146596 ], [ -136.537228867546617, 68.882796859016096 ], [ -136.538270202458534, 68.884177901893892 ], [ -136.540569691482858, 68.885045236652658 ], [ -136.546534448524966, 68.885663976136186 ], [ -136.549126993970788, 68.887156468240036 ], [ -136.549095278708762, 68.888125608482454 ], [ -136.544216987332874, 68.89025112774867 ], [ -136.545396915854781, 68.896457169138614 ], [ -136.54445028982181, 68.899300515142954 ], [ -136.541938772755827, 68.90184406669718 ], [ -136.527770937987555, 68.900760615030109 ], [ -136.527867029643687, 68.901791400935778 ], [ -136.526569058342233, 68.902466848182073 ], [ -136.520972067799676, 68.903270438147629 ], [ -136.510460324741359, 68.90175817544575 ], [ -136.503991076999313, 68.901824342952864 ], [ -136.500108386129369, 68.900378439136787 ], [ -136.498442966956674, 68.897109816130737 ], [ -136.496898682422881, 68.896360886038579 ], [ -136.492595325954568, 68.896775413512202 ], [ -136.490108910464528, 68.896079540387191 ], [ -136.494378224620704, 68.891108295511117 ], [ -136.494487096201567, 68.889402911861964 ], [ -136.493061532557846, 68.88671526462106 ], [ -136.49153153988118, 68.885795728810109 ], [ -136.483758833996831, 68.883791421847704 ], [ -136.474037744246516, 68.883140251766278 ], [ -136.472919913311614, 68.882791095086446 ], [ -136.478350244141438, 68.88215196966523 ], [ -136.46865190512068, 68.880629427026349 ], [ -136.46860965700148, 68.871048828825764 ], [ -136.468599584320174, 68.868754831997705 ], [ -136.468609665590236, 68.871048791713932 ], [ -136.490371588613442, 68.874108198617961 ], [ -136.506617989297666, 68.879706408006896 ], [ -136.51647200659653, 68.881215727146596 ] ], [ [ -136.503085876853163, 68.885936345233503 ], [ -136.501117977273424, 68.887003273661435 ], [ -136.49755764354353, 68.891017593824046 ], [ -136.497102593842442, 68.893120718639878 ], [ -136.498319058896556, 68.893809730166126 ], [ -136.503870829919293, 68.890899172072793 ], [ -136.506678805014246, 68.886084024540878 ], [ -136.503085876853163, 68.885936345233503 ] ], [ [ -136.502129084498591, 68.896404572166588 ], [ -136.500762196732211, 68.897537959269457 ], [ -136.502552810663133, 68.899710991205026 ], [ -136.505816211074119, 68.900471613409096 ], [ -136.502129084498591, 68.896404572166588 ] ], [ [ -136.50464546280844, 68.881060478809999 ], [ -136.502861094718241, 68.881892571213498 ], [ -136.505619332087633, 68.882944687389724 ], [ -136.522894575390552, 68.884899186421578 ], [ -136.50464546280844, 68.881060478809999 ] ], [ [ -136.516916318692523, 68.886612119494387 ], [ -136.524645212869899, 68.887197992899402 ], [ -136.536308679339157, 68.889255129225191 ], [ -136.521737823289101, 68.885806604077047 ], [ -136.513050783175117, 68.885390616367118 ], [ -136.516916318692523, 68.886612119494387 ] ], [ [ -136.519454019655598, 68.889146154884244 ], [ -136.515164157732897, 68.889731583841908 ], [ -136.521376694477539, 68.891775364345349 ], [ -136.522981298970791, 68.891222776521545 ], [ -136.519454019655598, 68.889146154884244 ] ], [ [ -136.524237816168807, 68.896459394195531 ], [ -136.528917033929304, 68.897529855113518 ], [ -136.526977128349102, 68.895753095246462 ], [ -136.522811152619653, 68.894175659881796 ], [ -136.520270748368631, 68.894153482987903 ], [ -136.524237816168807, 68.896459394195531 ] ], [ [ -136.535117447870846, 68.896837174407082 ], [ -136.54147073413489, 68.899058394539068 ], [ -136.536106949768424, 68.896388683924457 ], [ -136.535117447870846, 68.896837174407082 ] ], [ [ -136.542417719684778, 68.896215063327276 ], [ -136.537335667207628, 68.894009330509135 ], [ -136.535407907227182, 68.894564967193688 ], [ -136.54037531017633, 68.896197635030063 ], [ -136.542417719684778, 68.896215063327276 ] ] ], [ [ [ -136.468616133075699, 68.89430080481489 ], [ -136.468706775987272, 68.89304494048487 ], [ -136.47103744317198, 68.893024813688498 ], [ -136.474756047562778, 68.891682983503827 ], [ -136.474806490505017, 68.890946946441659 ], [ -136.468689245659561, 68.889076647061074 ], [ -136.468681046684651, 68.88721951081537 ], [ -136.47333255527613, 68.886375751936967 ], [ -136.473896746960435, 68.885132943618842 ], [ -136.475185342565652, 68.884682215154868 ], [ -136.478971107519357, 68.885115855332515 ], [ -136.477488064348364, 68.886007840761195 ], [ -136.478507270992651, 68.887111341163546 ], [ -136.475282887713377, 68.888386206766498 ], [ -136.47489199210915, 68.88924179182554 ], [ -136.477850255247461, 68.889942778583304 ], [ -136.479824697579971, 68.891558279968436 ], [ -136.47942761252142, 68.89269202404563 ], [ -136.482919251213161, 68.892428443163652 ], [ -136.484932373707693, 68.893128550640753 ], [ -136.476844125341728, 68.896577509257042 ], [ -136.474091487287353, 68.895815941957608 ], [ -136.473771478379774, 68.894463405085062 ], [ -136.472239546688229, 68.893884583924034 ], [ -136.468616133075699, 68.89430080481489 ] ] ], [ [ [ -136.546690779522237, 68.903927076513256 ], [ -136.544130302273373, 68.904703828738775 ], [ -136.541478474144128, 68.904171657780708 ], [ -136.542005127684632, 68.903153183348323 ], [ -136.54473040981074, 68.902599227102883 ], [ -136.54674647217189, 68.903298603293294 ], [ -136.546690779522237, 68.903927076513256 ] ] ], [ [ [ -136.624375181983282, 68.914301472421357 ], [ -136.628132046561745, 68.915584403897284 ], [ -136.630409685476138, 68.916737844036319 ], [ -136.630381268918256, 68.917366075728097 ], [ -136.609692648642067, 68.919320945774771 ], [ -136.602603363197005, 68.919154461547237 ], [ -136.596434770979528, 68.916207071015833 ], [ -136.590643839950388, 68.915023208043991 ], [ -136.584013277097057, 68.914977297007908 ], [ -136.572794983018554, 68.917332824251844 ], [ -136.569530631043307, 68.916277431041792 ], [ -136.568545971295322, 68.914339833686142 ], [ -136.567442347897128, 68.913883478019329 ], [ -136.561386911133297, 68.914567009177389 ], [ -136.553723189256317, 68.910806484228189 ], [ -136.544052305793514, 68.908579905943427 ], [ -136.542377328805316, 68.907419894737032 ], [ -136.550109699986962, 68.90509808630074 ], [ -136.551288398981939, 68.903795579154632 ], [ -136.550798991819818, 68.898946836999116 ], [ -136.556403839302646, 68.897577016802003 ], [ -136.565288820570345, 68.897190612698296 ], [ -136.583979528289603, 68.899206786922235 ], [ -136.611504583364962, 68.905210449595486 ], [ -136.616422389398963, 68.906733786484324 ], [ -136.616787872531887, 68.908668055893358 ], [ -136.618329246466914, 68.909308324625101 ], [ -136.628774253331017, 68.912465304079234 ], [ -136.636954251020541, 68.913257143172558 ], [ -136.640047023378202, 68.914312933151834 ], [ -136.641689530789023, 68.915965743200942 ], [ -136.639580254897908, 68.917089475306383 ], [ -136.637681599527838, 68.916686081420934 ], [ -136.637285534975689, 68.915712043707856 ], [ -136.628205774176109, 68.913879181081228 ], [ -136.625492757991992, 68.913914057133894 ], [ -136.624375181983282, 68.914301472421357 ] ] ], [ [ [ -136.975096737877408, 68.925528632091257 ], [ -136.977813775023293, 68.92496779062806 ], [ -136.98806080749327, 68.925808689559744 ], [ -136.988884130986008, 68.925538876020056 ], [ -136.988108697155639, 68.924955758281826 ], [ -136.989221186155419, 68.924574901697696 ], [ -136.994724511843856, 68.92533608435474 ], [ -137.000916272714704, 68.929014012451361 ], [ -137.001009940912326, 68.930322870953418 ], [ -137.000474341489166, 68.93156735033007 ], [ -136.998386552711366, 68.932471106636626 ], [ -136.98812570620774, 68.931792474363462 ], [ -136.976131940864406, 68.927346991853256 ], [ -136.974893267173201, 68.926320556637748 ], [ -136.975096737877408, 68.925528632091257 ] ] ], [ [ [ -137.204226145250999, 68.999540600123652 ], [ -137.201379317310654, 68.998841470197718 ], [ -137.227326006035412, 68.996665952102546 ], [ -137.230861942005163, 68.995767415407514 ], [ -137.233454626278558, 68.993956846413923 ], [ -137.238859830839772, 68.993984859833716 ], [ -137.25890518156163, 68.986542437706106 ], [ -137.264424056672482, 68.986962954592002 ], [ -137.262490434822155, 68.98882813299015 ], [ -137.250142784629645, 68.993280402713225 ], [ -137.229969841444984, 68.99831848724105 ], [ -137.204226145250999, 68.999540600123652 ] ] ], [ [ [ -138.431850968032393, 69.235275128335275 ], [ -138.429447364933139, 69.236136817735314 ], [ -138.423999405485034, 69.236432516267229 ], [ -138.418668926676531, 69.235311787711751 ], [ -138.420267814418082, 69.234626681815456 ], [ -138.423503293459845, 69.235069917168516 ], [ -138.425864162795875, 69.233929451304164 ], [ -138.421499409536921, 69.232347530624949 ], [ -138.419408647074619, 69.232064976542247 ], [ -138.418939245620379, 69.233036233003787 ], [ -138.415895942008262, 69.233107354877021 ], [ -138.414962994450349, 69.234358820626909 ], [ -138.413532095970567, 69.234480985840321 ], [ -138.404660756815673, 69.233369529498574 ], [ -138.400118498177761, 69.230536880826278 ], [ -138.390794509493503, 69.230055076780729 ], [ -138.382877899192636, 69.228597902568097 ], [ -138.378656351616144, 69.22565282424533 ], [ -138.37465089825281, 69.218833666802965 ], [ -138.386434308804638, 69.21584448461924 ], [ -138.388979086209417, 69.214644494754509 ], [ -138.390513306202791, 69.211966245980463 ], [ -138.392432271351481, 69.211555495813045 ], [ -138.410596061759946, 69.212636984868467 ], [ -138.424925809270718, 69.215382509790885 ], [ -138.429157766633267, 69.217420076791328 ], [ -138.431156506994995, 69.22082439850017 ], [ -138.429952177423218, 69.223956604308938 ], [ -138.428354394159356, 69.224641792165684 ], [ -138.424470718362443, 69.223067109017364 ], [ -138.422887874906849, 69.223411431708229 ], [ -138.422413764841536, 69.224212083935498 ], [ -138.42375975106313, 69.22693361119272 ], [ -138.425254897848475, 69.228185470364224 ], [ -138.430913514732197, 69.230154530904457 ], [ -138.436554891201496, 69.230992303458265 ], [ -138.442384506568203, 69.233241710074466 ], [ -138.444329227718981, 69.234984701923764 ], [ -138.445253454998124, 69.23852543186851 ], [ -138.444003029538152, 69.240122358215288 ], [ -138.442389955880429, 69.240071559001308 ], [ -138.433991292656827, 69.237712192150227 ], [ -138.433164030568605, 69.236578030291867 ], [ -138.436008747907351, 69.234977944983569 ], [ -138.436283496180351, 69.232863989643832 ], [ -138.433040221918816, 69.231631113539024 ], [ -138.427449798412283, 69.232499179220767 ], [ -138.431169066314055, 69.234196972475829 ], [ -138.431850968032393, 69.235275128335275 ] ] ], [ [ [ -138.43047778945305, 69.238117611776829 ], [ -138.438480052943277, 69.243836779858029 ], [ -138.437891387628014, 69.244537046987446 ], [ -138.435296913497893, 69.244651101491982 ], [ -138.432227415305334, 69.243860574645666 ], [ -138.420689177429097, 69.238321618814993 ], [ -138.420651204496977, 69.237576156871512 ], [ -138.43047778945305, 69.238117611776829 ] ] ], [ [ [ -138.453772627341806, 69.269218865244923 ], [ -138.458021999105227, 69.266248021504524 ], [ -138.460440970558977, 69.266355393732411 ], [ -138.458568486893853, 69.268068927156619 ], [ -138.453772627341806, 69.269218865244923 ] ] ], [ [ [ -138.445407411122545, 69.275503304096802 ], [ -138.439831763737573, 69.278086281211614 ], [ -138.437106972354314, 69.277983095496992 ], [ -138.442961386699238, 69.274542742136703 ], [ -138.445687988063412, 69.274197163895579 ], [ -138.445407411122545, 69.275503304096802 ] ] ] ] } },
{ "type": "Feature", "properties": { "CSDUID": "6001046", "CSDNAME": "Swift River", "PRUID": "60", "PRNAME": "Yukon", "pop_2021": 0.0, "pop_under_19": 0.0, "pop_0_4": 0.0, "pop_15_19": 0.0, "first_lang_eng_french": 0.0, "first_lang_french": 0.0, "know_eng_french": 0.0, "know_french_only": 0.0, "mother_eng_french": 0.0, "mother_french": 0.0, "mother_french_non_official": 0.0, "first_lang_eng_french_under_19": 0.0, "first_lang_eng_french_under_5": 0.0, "first_lang_french_under_19": 0.0, "first_lang_french_under_5": 0.0, "know_eng_french_under_19": 0.0, "know_eng_french_under_5": 0.0, "know_french_only_under_19": 0.0, "know_french_only_under_5": 0.0, "mother_eng_french_under_19": 0.0, "mother_eng_french_under_5": 0.0, "mother_french_under_19": 0.0, "mother_french_under_5": 0.0, "mother_french_non_official_under_19": 0.0, "mother_french_non_official_under_5": 0.0, "share_under_19": 0.0, "share_under_5": 0.0 }, "geometry": { "type": "Polygon", "coordinates": [ [ [ -130.986274806308131, 60.016132402919546 ], [ -130.98598397347061, 60.000013028181783 ], [ -131.103628622957473, 60.000059723249379 ], [ -131.102152467447837, 60.007063062599101 ], [ -131.097809875985973, 60.019140520711602 ], [ -131.091892271364856, 60.023929057221721 ], [ -131.081666133415581, 60.02907441163994 ], [ -131.064574546764845, 60.034387169972071 ], [ -131.043176831591865, 60.037485327346438 ], [ -131.027833315450465, 60.03751404944849 ], [ -131.001972554987447, 60.031997876793291 ], [ -130.990271242324496, 60.024369022496415 ], [ -130.986274806308131, 60.016132402919546 ] ] ] } },
{ "type": "Feature", "properties": { "CSDUID": "6001047", "CSDNAME": "Johnsons Crossing", "PRUID": "60", "PRNAME": "Yukon", "pop_2021": 10.0, "pop_under_19": 0.0, "pop_0_4": 0.0, "pop_15_19": 0.0, "first_lang_eng_french": 0.0, "first_lang_french": 0.0, "know_eng_french": 0.0, "know_french_only": 0.0, "mother_eng_french": 0.0, "mother_french": 0.0, "mother_french_non_official": 0.0, "first_lang_eng_french_under_19": 0.0, "first_lang_eng_french_under_5": 0.0, "first_lang_french_under_19": 0.0, "first_lang_french_under_5": 0.0, "know_eng_french_under_19": 0.0, "know_eng_french_under_5": 0.0, "know_french_only_under_19": 0.0, "know_french_only_under_5": 0.0, "mother_eng_french_under_19": 0.0, "mother_eng_french_under_5": 0.0, "mother_french_under_19": 0.0, "mother_french_under_5": 0.0, "mother_french_non_official_under_19": 0.0, "mother_french_non_official_under_5": 0.0, "share_under_19": 0.0, "share_under_5": 0.0 }, "geometry": { "type": "Polygon", "coordinates": [ [ [ -133.254456650766912, 60.477587671175058 ], [ -133.263770206180709, 60.473090275901782 ], [ -133.274494581994475, 60.469329800510437 ], [ -133.296291850753676, 60.465843339220726 ], [ -133.313963234113942, 60.464857801013508 ], [ -133.328083202710985, 60.46811052719756 ], [ -133.338541510584207, 60.474874854155722 ], [ -133.34493699631625, 60.484713498106963 ], [ -133.345820056134102, 60.492592243126765 ], [ -133.34369690827512, 60.500786702133901 ], [ -133.331830815328829, 60.508928194351128 ], [ -133.312332703927012, 60.5132697732531 ], [ -133.297709141656043, 60.514459592491725 ], [ -133.276643466598358, 60.511539442011738 ], [ -133.263406563910621, 60.508623854041744 ], [ -133.249324786557622, 60.499680815854255 ], [ -133.243469772806009, 60.491003839198029 ], [ -133.246837445097469, 60.484256409414293 ], [ -133.254456650766912, 60.477587671175058 ] ] ] } },
{ "type": "Feature", "properties": { "CSDUID": "6001048", "CSDNAME": "Carcross", "PRUID": "60", "PRNAME": "Yukon", "pop_2021": 317.0, "pop_under_19": 60.0, "pop_0_4": 15.0, "pop_15_19": 15.0, "first_lang_eng_french": 0.0, "first_lang_french": 10.0, "know_eng_french": 20.0, "know_french_only": 0.0, "mother_eng_french": 5.0, "mother_french": 15.0, "mother_french_non_official": 0.0, "first_lang_eng_french_under_19": 0.0, "first_lang_eng_french_under_5": 0.0, "first_lang_french_under_19": 1.8927444794952679, "first_lang_french_under_5": 0.47318611987381698, "know_eng_french_under_19": 3.7854889589905358, "know_eng_french_under_5": 0.94637223974763396, "know_french_only_under_19": 0.0, "know_french_only_under_5": 0.0, "mother_eng_french_under_19": 0.94637223974763396, "mother_eng_french_under_5": 0.23659305993690849, "mother_french_under_19": 2.8391167192429019, "mother_french_under_5": 0.70977917981072547, "mother_french_non_official_under_19": 0.0, "mother_french_non_official_under_5": 0.0, "share_under_19": 0.1892744479495268, "share_under_5": 0.047318611987381701 }, "geometry": { "type": "Polygon", "coordinates": [ [ [ -134.673856344370733, 60.198995688773408 ], [ -134.673987556264791, 60.159757647375372 ], [ -134.680178933361304, 60.161156311627273 ], [ -134.688859409059091, 60.165316357234929 ], [ -134.691511794304034, 60.165655409458608 ], [ -134.691488400883571, 60.158746159393452 ], [ -134.683374183487501, 60.158726320182524 ], [ -134.68329573984181, 60.153284828179501 ], [ -134.755502822172247, 60.153226346958512 ], [ -134.75470095709278, 60.199281830728509 ], [ -134.673856344370733, 60.198995688773408 ] ] ] } },
{ "type": "Feature", "properties": { "CSDUID": "6001049", "CSDNAME": "Destruction Bay", "PRUID": "60", "PRNAME": "Yukon", "pop_2021": 40.0, "pop_under_19": 5.0, "pop_0_4": 0.0, "pop_15_19": 0.0, "first_lang_eng_french": 0.0, "first_lang_french": 0.0, "know_eng_french": 5.0, "know_french_only": 0.0, "mother_eng_french": 0.0, "mother_french": 0.0, "mother_french_non_official": 0.0, "first_lang_eng_french_under_19": 0.0, "first_lang_eng_french_under_5": 0.0, "first_lang_french_under_19": 0.0, "first_lang_french_under_5": 0.0, "know_eng_french_under_19": 0.625, "know_eng_french_under_5": 0.0, "know_french_only_under_19": 0.0, "know_french_only_under_5": 0.0, "mother_eng_french_under_19": 0.0, "mother_eng_french_under_5": 0.0, "mother_french_under_19": 0.0, "mother_french_under_5": 0.0, "mother_french_non_official_under_19": 0.0, "mother_french_non_official_under_5": 0.0, "share_under_19": 0.125, "share_under_5": 0.0 }, "geometry": { "type": "Polygon", "coordinates": [ [ [ -138.729674358625118, 61.239314378011841 ], [ -138.769740913211706, 61.220945160734324 ], [ -138.865089690039866, 61.264266589163292 ], [ -138.827016157525009, 61.282798272677184 ], [ -138.729674358625118, 61.239314378011841 ] ] ] } },
{ "type": "Feature", "properties": { "CSDUID": "6001050", "CSDNAME": "Stewart Crossing", "PRUID": "60", "PRNAME": "Yukon", "pop_2021": 10.0, "pop_under_19": 0.0, "pop_0_4": 0.0, "pop_15_19": 0.0, "first_lang_eng_french": 0.0, "first_lang_french": 0.0, "know_eng_french": 0.0, "know_french_only": 0.0, "mother_eng_french": 0.0, "mother_french": 0.0, "mother_french_non_official": 0.0, "first_lang_eng_french_under_19": 0.0, "first_lang_eng_french_under_5": 0.0, "first_lang_french_under_19": 0.0, "first_lang_french_under_5": 0.0, "know_eng_french_under_19": 0.0, "know_eng_french_under_5": 0.0, "know_french_only_under_19": 0.0, "know_french_only_under_5": 0.0, "mother_eng_french_under_19": 0.0, "mother_eng_french_under_5": 0.0, "mother_french_under_19": 0.0, "mother_french_under_5": 0.0, "mother_french_non_official_under_19": 0.0, "mother_french_non_official_under_5": 0.0, "share_under_19": 0.0, "share_under_5": 0.0 }, "geometry": { "type": "Polygon", "coordinates": [ [ [ -136.650867238416112, 63.399608031716745 ], [ -136.629602669867609, 63.345481355568388 ], [ -136.729048526715331, 63.340223231087798 ], [ -136.750789830430421, 63.394488514488714 ], [ -136.650867238416112, 63.399608031716745 ] ] ] } },
{ "type": "Feature", "properties": { "CSDUID": "6001052", "CSDNAME": "Keno Hill", "PRUID": "60", "PRNAME": "Yukon", "pop_2021": 20.0, "pop_under_19": 0.0, "pop_0_4": 0.0, "pop_15_19": 0.0, "first_lang_eng_french": 0.0, "first_lang_french": 0.0, "know_eng_french": 0.0, "know_french_only": 0.0, "mother_eng_french": 0.0, "mother_french": 0.0, "mother_french_non_official": 0.0, "first_lang_eng_french_under_19": 0.0, "first_lang_eng_french_under_5": 0.0, "first_lang_french_under_19": 0.0, "first_lang_french_under_5": 0.0, "know_eng_french_under_19": 0.0, "know_eng_french_under_5": 0.0, "know_french_only_under_19": 0.0, "know_french_only_under_5": 0.0, "mother_eng_french_under_19": 0.0, "mother_eng_french_under_5": 0.0, "mother_french_under_19": 0.0, "mother_french_under_5": 0.0, "mother_french_non_official_under_19": 0.0, "mother_french_non_official_under_5": 0.0, "share_under_19": 0.0, "share_under_5": 0.0 }, "geometry": { "type": "Polygon", "coordinates": [ [ [ -135.333550276343459, 63.937221716230596 ], [ -135.30837398931186, 63.942022133103258 ], [ -135.280952651568015, 63.958848409953632 ], [ -135.247569316217238, 63.968429703707912 ], [ -135.235433654738557, 63.96013169590362 ], [ -135.257035341966059, 63.948210333240112 ], [ -135.187196967947784, 63.943204410559268 ], [ -135.153706958475539, 63.926167605178058 ], [ -135.157399392850891, 63.913171626328584 ], [ -135.250774926647892, 63.897588566812225 ], [ -135.33522217075361, 63.884644550070099 ], [ -135.357513122410239, 63.893296287927967 ], [ -135.363945375393797, 63.904777852241409 ], [ -135.357863028992796, 63.915860748959012 ], [ -135.33931722707743, 63.922511631576953 ], [ -135.363861486126609, 63.938067473404807 ], [ -135.354523694683024, 63.947972291778399 ], [ -135.333550276343459, 63.937221716230596 ] ] ] } },
{ "type": "Feature", "properties": { "CSDUID": "6001055", "CSDNAME": "Ibex Valley", "PRUID": "60", "PRNAME": "Yukon", "pop_2021": 523.0, "pop_under_19": 145.0, "pop_0_4": 50.0, "pop_15_19": 30.0, "first_lang_eng_french": 0.0, "first_lang_french": 45.0, "know_eng_french": 75.0, "know_french_only": 5.0, "mother_eng_french": 10.0, "mother_french": 40.0, "mother_french_non_official": 0.0, "first_lang_eng_french_under_19": 0.0, "first_lang_eng_french_under_5": 0.0, "first_lang_french_under_19": 12.476099426386233, "first_lang_french_under_5": 4.3021032504780123, "know_eng_french_under_19": 20.793499043977054, "know_eng_french_under_5": 7.1701720841300185, "know_french_only_under_19": 1.3862332695984705, "know_french_only_under_5": 0.47801147227533458, "mother_eng_french_under_19": 2.7724665391969405, "mother_eng_french_under_5": 0.95602294455066916, "mother_french_under_19": 11.089866156787762, "mother_french_under_5": 3.8240917782026767, "mother_french_non_official_under_19": 0.0, "mother_french_non_official_under_5": 0.0, "share_under_19": 0.27724665391969405, "share_under_5": 0.095602294455066919 }, "geometry": { "type": "Polygon", "coordinates": [ [ [ -136.023630322358571, 60.814645312511779 ], [ -136.004529357034841, 60.813790926202032 ], [ -136.005734504565623, 60.820195154775746 ], [ -135.941245514935076, 60.83910578925493 ], [ -135.901017302226961, 60.849108724570321 ], [ -135.86251131291732, 60.857068142570412 ], [ -135.842549473852671, 60.857860685625091 ], [ -135.829851382143517, 60.859474064407266 ], [ -135.82392351904133, 60.874316063367409 ], [ -135.767067398835536, 60.885819601085089 ], [ -135.75744273831836, 60.881357725697278 ], [ -135.755686829697908, 60.878779031200743 ], [ -135.741735636644336, 60.8770522588026 ], [ -135.733463825698692, 60.879260017451884 ], [ -135.731671640791518, 60.882370932029438 ], [ -135.724811721253701, 60.885498009304612 ], [ -135.714063196931249, 60.886177124851137 ], [ -135.705126286406625, 60.889442434922252 ], [ -135.692912294767467, 60.889628385818298 ], [ -135.691367939441307, 60.890417786224972 ], [ -135.69088489437911, 60.89320122184494 ], [ -135.689760656185456, 60.89466971671505 ], [ -135.685788398566984, 60.896325121055717 ], [ -135.681303801211698, 60.895319042258407 ], [ -135.673798387694262, 60.889791630656859 ], [ -135.667874966600237, 60.890441390381568 ], [ -135.658774405060143, 60.893797518410608 ], [ -135.647170011988379, 60.892655651372735 ], [ -135.642264402722446, 60.890292597912755 ], [ -135.636152648982716, 60.884947192974138 ], [ -135.625290566752227, 60.882198563299355 ], [ -135.616370426951931, 60.881339597128459 ], [ -135.613917070064559, 60.882349414430365 ], [ -135.612361405877465, 60.885774877713708 ], [ -135.610479660052079, 60.886851600571021 ], [ -135.608367966367666, 60.887173436526076 ], [ -135.605808830006822, 60.886442520527254 ], [ -135.598231370719731, 60.881346207483389 ], [ -135.596513101680529, 60.878339020724113 ], [ -135.598257014531868, 60.876224549198966 ], [ -135.604615735382311, 60.873925054671716 ], [ -135.60816374505464, 60.871457168050476 ], [ -135.607870102467814, 60.870158224764879 ], [ -135.606154155304239, 60.868689834662213 ], [ -135.60290847132751, 60.867587849236244 ], [ -135.594765647036127, 60.86807725413199 ], [ -135.583977294326786, 60.872395591373909 ], [ -135.581964888971044, 60.872400475169123 ], [ -135.580348981493643, 60.871815686034878 ], [ -135.57870561606191, 60.868963949336539 ], [ -135.582264338407185, 60.865077014659299 ], [ -135.581761473271257, 60.862415314879229 ], [ -135.578054795150081, 60.860512763256416 ], [ -135.568615826768735, 60.858503491015888 ], [ -135.562610159135858, 60.859059796113371 ], [ -135.553373495135133, 60.863923766621035 ], [ -135.531370394208096, 60.861981551506005 ], [ -135.516370784603765, 60.858008205762644 ], [ -135.511771250854906, 60.858123126314041 ], [ -135.497981041940733, 60.862153666715884 ], [ -135.477740130781854, 60.861099595610717 ], [ -135.462392674134719, 60.86457715651936 ], [ -135.453880301919554, 60.869538024583868 ], [ -135.449098574550504, 60.871197709529604 ], [ -135.444904668924408, 60.874712514325878 ], [ -135.441971119510413, 60.875143592373412 ], [ -135.422594012957859, 60.871553071494198 ], [ -135.414654157340493, 60.871703170740389 ], [ -135.406304022917169, 60.873828174520348 ], [ -135.402844095179205, 60.873116217367894 ], [ -135.398880360897579, 60.870823303707887 ], [ -135.397088521725522, 60.868096436802887 ], [ -135.396341730044469, 60.865015299723261 ], [ -135.399525442484645, 60.86337995990754 ], [ -135.408601779039031, 60.863760499369121 ], [ -135.411851014710209, 60.863142838376874 ], [ -135.413350637274334, 60.861931499090183 ], [ -135.411968363837161, 60.859901554154071 ], [ -135.408839954881785, 60.858935437221902 ], [ -135.403794157953939, 60.858855428692827 ], [ -135.390192675876762, 60.861565438960412 ], [ -135.387574292126374, 60.860150463509903 ], [ -135.385617815577405, 60.857888775825124 ], [ -135.376183991686304, 60.85623726220598 ], [ -135.369747151061176, 60.851858676863472 ], [ -135.36189594143255, 60.851603823725796 ], [ -135.358425517752579, 60.850957644488069 ], [ -135.352489819826815, 60.848083588393237 ], [ -135.34748208956421, 60.847975144452249 ], [ -135.345968739165244, 60.847194425631059 ], [ -135.345267090609298, 60.842814859431179 ], [ -135.343114290456981, 60.841776501736938 ], [ -135.331451781982622, 60.845284923298472 ], [ -135.326403393712411, 60.844270810769117 ], [ -135.319483268931265, 60.844460584563834 ], [ -135.317734626375511, 60.84397803795693 ], [ -135.314557970554205, 60.839840923918324 ], [ -135.308330528368117, 60.838118035955681 ], [ -135.305274728648925, 60.839177887254124 ], [ -135.305530132627439, 60.841532404326855 ], [ -135.304548484372162, 60.842075626900296 ], [ -135.293172064448811, 60.843930557380119 ], [ -135.289576550455422, 60.842339075978764 ], [ -135.29265537994084, 60.839531450867568 ], [ -135.292844003488796, 60.838638107939367 ], [ -135.291527683715287, 60.837753699257611 ], [ -135.278724380519833, 60.839217086424654 ], [ -135.272876327580178, 60.791732270117159 ], [ -135.370381413008943, 60.792586074623479 ], [ -135.388860676988401, 60.786285838920321 ], [ -135.437880578035163, 60.785764947270344 ], [ -135.464920902869636, 60.799863393508801 ], [ -135.446463977791126, 60.809172756147987 ], [ -135.440179716680575, 60.815580872588455 ], [ -135.441804603398367, 60.822449745531785 ], [ -135.450015293105054, 60.83213271333301 ], [ -135.716726695512705, 60.833993350549228 ], [ -135.719125818046734, 60.828001130169177 ], [ -135.756534988522134, 60.82683641946204 ], [ -135.76399548070853, 60.840897581440117 ], [ -135.76921332096282, 60.838454422617168 ], [ -135.775720386878561, 60.841272207761463 ], [ -135.77951692487261, 60.841537576260421 ], [ -135.784362229277491, 60.84330508879092 ], [ -135.788803696853506, 60.845838002173835 ], [ -135.78895729063467, 60.846842693634713 ], [ -135.790566620871346, 60.847183417748504 ], [ -135.794793093566625, 60.845461543265813 ], [ -135.795771010337063, 60.842609545059844 ], [ -135.790797751759243, 60.840151840345136 ], [ -135.783424519280715, 60.838821284184547 ], [ -135.7819520678066, 60.838039730516641 ], [ -135.78222556298806, 60.837185192565066 ], [ -135.791560700510303, 60.83678036674393 ], [ -135.800813533388521, 60.838242941015032 ], [ -135.803284343827841, 60.837734386621499 ], [ -135.806015290195063, 60.835141171222801 ], [ -135.808487563967645, 60.834704356486256 ], [ -135.817426253652286, 60.838986947128838 ], [ -135.82160779829988, 60.839913190534482 ], [ -135.824343328769061, 60.838262336843044 ], [ -135.824164996821168, 60.837051323210311 ], [ -135.820792115218978, 60.835366008541016 ], [ -135.820481496672812, 60.834012158029822 ], [ -135.828452565053652, 60.831413317888156 ], [ -135.830044778180138, 60.830397883951854 ], [ -135.830280150933305, 60.828124854179634 ], [ -135.836196440163008, 60.824388965050751 ], [ -135.839397681937271, 60.824449818111162 ], [ -135.846789014055702, 60.827195804354844 ], [ -135.85326285600658, 60.822378214149374 ], [ -135.866033636087423, 60.817977772266829 ], [ -135.867030200104466, 60.81675921393947 ], [ -135.867523933852169, 60.81190752876531 ], [ -135.868385826436025, 60.810474350670034 ], [ -135.872547210990149, 60.808041097348912 ], [ -135.878130923061718, 60.808579360130381 ], [ -135.881658019289659, 60.809849183084324 ], [ -135.885803175674482, 60.813521157107644 ], [ -135.89216037271683, 60.816047000720815 ], [ -135.900482511217916, 60.816494294007292 ], [ -135.911409670948075, 60.815441934685758 ], [ -135.922650444445424, 60.813174391019331 ], [ -135.927689543961492, 60.810077931679878 ], [ -135.928540887178713, 60.80837504969336 ], [ -135.928019222707718, 60.804957743189057 ], [ -135.926646701599026, 60.802614766014742 ], [ -135.920623441590351, 60.798921027034552 ], [ -135.913208935003212, 60.797292610321868 ], [ -135.911149221642063, 60.796579315638468 ], [ -135.910700228521733, 60.795648565417743 ], [ -135.913445799682563, 60.79399578001388 ], [ -135.926542162506109, 60.791365069958857 ], [ -135.927974597693321, 60.790080186752817 ], [ -135.930600236786006, 60.782439002851952 ], [ -135.936215638256584, 60.775998053727498 ], [ -135.938852536718429, 60.774498121793613 ], [ -135.947595494070185, 60.773368228045413 ], [ -135.952157351048896, 60.774278732854242 ], [ -135.953351659520166, 60.775545232591561 ], [ -135.953882477549854, 60.779815403954331 ], [ -135.955083468653243, 60.781297351308559 ], [ -135.956846713803543, 60.781922307565416 ], [ -135.972054647729948, 60.77713506910623 ], [ -135.978602810616877, 60.781720576768471 ], [ -135.985056452684773, 60.781969694814329 ], [ -135.989557946702661, 60.779655968543437 ], [ -135.988845786902829, 60.776805922766378 ], [ -135.98630117837601, 60.774068090200508 ], [ -135.986114908813022, 60.772785489978624 ], [ -135.986983690513398, 60.771782438032041 ], [ -135.993610154612014, 60.76759427507708 ], [ -136.00193936033881, 60.765995680758252 ], [ -136.004036346758227, 60.797187784047189 ], [ -136.02451132002318, 60.802219780398538 ], [ -136.025763811791904, 60.808390518730597 ], [ -136.023630322358571, 60.814645312511779 ] ] ] } },
{ "type": "Feature", "properties": { "CSDUID": "6001057", "CSDNAME": "Teslin", "PRUID": "60", "PRNAME": "Yukon", "pop_2021": 0.0, "pop_under_19": 0.0, "pop_0_4": 0.0, "pop_15_19": 0.0, "first_lang_eng_french": 0.0, "first_lang_french": 0.0, "know_eng_french": 0.0, "know_french_only": 0.0, "mother_eng_french": 0.0, "mother_french": 0.0, "mother_french_non_official": 0.0, "first_lang_eng_french_under_19": 0.0, "first_lang_eng_french_under_5": 0.0, "first_lang_french_under_19": 0.0, "first_lang_french_under_5": 0.0, "know_eng_french_under_19": 0.0, "know_eng_french_under_5": 0.0, "know_french_only_under_19": 0.0, "know_french_only_under_5": 0.0, "mother_eng_french_under_19": 0.0, "mother_eng_french_under_5": 0.0, "mother_french_under_19": 0.0, "mother_french_under_5": 0.0, "mother_french_non_official_under_19": 0.0, "mother_french_non_official_under_5": 0.0, "share_under_19": 0.0, "share_under_5": 0.0 }, "geometry": { "type": "Polygon", "coordinates": [ [ [ -132.739354453087742, 60.234089993290539 ], [ -132.73741406028401, 60.231380699847627 ], [ -132.73697229762837, 60.229405989909473 ], [ -132.732704319875239, 60.226090415512644 ], [ -132.726355822428673, 60.213460107046757 ], [ -132.727540745431355, 60.205207456065715 ], [ -132.727345078549092, 60.19994931900289 ], [ -132.728714094951869, 60.198939787243503 ], [ -132.746417898666493, 60.19626872745711 ], [ -132.753770727387746, 60.193752663799977 ], [ -132.757865915040867, 60.190298921999592 ], [ -132.796943819112926, 60.196617868169312 ], [ -132.808633064692685, 60.23428031726975 ], [ -132.762931205041866, 60.26719042152525 ], [ -132.745490175377086, 60.2573021085988 ], [ -132.739354453087742, 60.234089993290539 ] ] ] } },
{ "type": "Feature", "properties": { "CSDUID": "6001058", "CSDNAME": "Marsh Lake", "PRUID": "60", "PRNAME": "Yukon", "pop_2021": 746.0, "pop_under_19": 110.0, "pop_0_4": 25.0, "pop_15_19": 30.0, "first_lang_eng_french": 5.0, "first_lang_french": 45.0, "know_eng_french": 95.0, "know_french_only": 0.0, "mother_eng_french": 5.0, "mother_french": 45.0, "mother_french_non_official": 0.0, "first_lang_eng_french_under_19": 0.73726541554959779, "first_lang_eng_french_under_5": 0.16756032171581769, "first_lang_french_under_19": 6.6353887399463805, "first_lang_french_under_5": 1.5080428954423593, "know_eng_french_under_19": 14.008042895442358, "know_eng_french_under_5": 3.1836461126005364, "know_french_only_under_19": 0.0, "know_french_only_under_5": 0.0, "mother_eng_french_under_19": 0.73726541554959779, "mother_eng_french_under_5": 0.16756032171581769, "mother_french_under_19": 6.6353887399463805, "mother_french_under_5": 1.5080428954423593, "mother_french_non_official_under_19": 0.0, "mother_french_non_official_under_5": 0.0, "share_under_19": 0.14745308310991956, "share_under_5": 0.03351206434316354 }, "geometry": { "type": "Polygon", "coordinates": [ [ [ -134.687921765409982, 60.585140594809936 ], [ -134.656772058398587, 60.581522629547273 ], [ -134.564145036459394, 60.592907639722 ], [ -134.508331586792508, 60.563520372260832 ], [ -134.502958247427898, 60.568250662298887 ], [ -134.497732501066224, 60.566904072841069 ], [ -134.479758107504921, 60.607008555501643 ], [ -134.449562616440204, 60.628158332693246 ], [ -134.455734033954059, 60.656213055348516 ], [ -134.380048507059172, 60.658899637207007 ], [ -134.364651777457169, 60.617920145418623 ], [ -134.436524772575382, 60.603906990048365 ], [ -134.459913112777315, 60.569991268419386 ], [ -134.41904115939596, 60.566314180687058 ], [ -134.414353540784276, 60.560585394549804 ], [ -134.401103930724986, 60.55907708028748 ], [ -134.370867311840925, 60.537972966298042 ], [ -134.338111133657407, 60.533835951796561 ], [ -134.333818516104202, 60.531525928919024 ], [ -134.205595033977943, 60.679319182358157 ], [ -134.028989801169956, 60.588584098824029 ], [ -133.882789563748929, 60.511672516820987 ], [ -134.037497082268629, 60.454986174474733 ], [ -134.209841192953064, 60.387374078322551 ], [ -134.333859306247405, 60.333829292110423 ], [ -134.419564227920006, 60.29089412686686 ], [ -134.463936470053284, 60.282200617037304 ], [ -134.499971766580245, 60.276393384742647 ], [ -134.628854593279073, 60.555231571616737 ], [ -134.639535784705004, 60.556768456985537 ], [ -134.643853755389273, 60.558782277122177 ], [ -134.65500666984417, 60.561253699392147 ], [ -134.663939674979048, 60.565128278883471 ], [ -134.677356669062306, 60.571419393448913 ], [ -134.681446639705257, 60.576645739779693 ], [ -134.676398057690363, 60.57631822966291 ], [ -134.680443894595243, 60.578412120102747 ], [ -134.683937658574138, 60.579417054416552 ], [ -134.701295212819957, 60.58104617037435 ], [ -134.704088110555205, 60.582407347893373 ], [ -134.687921765409982, 60.585140594809936 ] ] ] } },
{ "type": "Feature", "properties": { "CSDUID": "6001059", "CSDNAME": "Macpherson-Grizzly Valley", "PRUID": "60", "PRNAME": "Yukon", "pop_2021": 1014.0, "pop_under_19": 215.0, "pop_0_4": 55.0, "pop_15_19": 40.0, "first_lang_eng_french": 5.0, "first_lang_french": 60.0, "know_eng_french": 165.0, "know_french_only": 5.0, "mother_eng_french": 10.0, "mother_french": 65.0, "mother_french_non_official": 0.0, "first_lang_eng_french_under_19": 1.0601577909270217, "first_lang_eng_french_under_5": 0.27120315581854038, "first_lang_french_under_19": 12.721893491124259, "first_lang_french_under_5": 3.2544378698224854, "know_eng_french_under_19": 34.985207100591715, "know_eng_french_under_5": 8.949704142011834, "know_french_only_under_19": 1.0601577909270217, "know_french_only_under_5": 0.27120315581854038, "mother_eng_french_under_19": 2.1203155818540438, "mother_eng_french_under_5": 0.54240631163708086, "mother_french_under_19": 13.782051282051285, "mother_french_under_5": 3.5256410256410251, "mother_french_non_official_under_19": 0.0, "mother_french_non_official_under_5": 0.0, "share_under_19": 0.21203155818540434, "share_under_5": 0.054240631163708086 }, "geometry": { "type": "Polygon", "coordinates": [ [ [ -135.187774624492334, 60.842511083675255 ], [ -135.191749965606817, 60.841500720680536 ], [ -135.191908093257695, 60.83806614235732 ], [ -135.192867689491834, 60.837635429487925 ], [ -135.20182198404143, 60.837669031183751 ], [ -135.206727920733641, 60.83419436496186 ], [ -135.217076641625141, 60.8322946121597 ], [ -135.221096104987851, 60.829169466376698 ], [ -135.223289110087535, 60.82891413787771 ], [ -135.225027129753641, 60.829707906637871 ], [ -135.225382341461199, 60.831023920754063 ], [ -135.222080245596686, 60.834580710907098 ], [ -135.225511951287444, 60.837463929650028 ], [ -135.220563524082053, 60.838707922589343 ], [ -135.21823743075737, 60.840395550391683 ], [ -135.220432397066872, 60.842030893532048 ], [ -135.225488901930333, 60.842993267937203 ], [ -135.23006966675635, 60.846188621159541 ], [ -135.232746155711425, 60.845026478016727 ], [ -135.231219424684298, 60.841337268041656 ], [ -135.234663025305025, 60.837928524859429 ], [ -135.23461259551226, 60.837079481137337 ], [ -135.228866850025469, 60.835828474991338 ], [ -135.228705854349698, 60.835227726600863 ], [ -135.231483917803814, 60.834127250165579 ], [ -135.242884231886734, 60.837329563960132 ], [ -135.248075677319861, 60.840103722238467 ], [ -135.25529020063621, 60.842613132233502 ], [ -135.256785521070782, 60.842378365028502 ], [ -135.262802498336498, 60.83799870539719 ], [ -135.266664377742529, 60.837234424568557 ], [ -135.277859904612427, 60.839238090986022 ], [ -135.291527683715287, 60.837753699257611 ], [ -135.292844003488796, 60.838638107939367 ], [ -135.29265537994084, 60.839531450867568 ], [ -135.289576550455422, 60.842339075978764 ], [ -135.293172064448811, 60.843930557380119 ], [ -135.304548484372162, 60.842075626900296 ], [ -135.305530132627439, 60.841532404326855 ], [ -135.305274728648925, 60.839177887254124 ], [ -135.308330528368117, 60.838118035955681 ], [ -135.314557970554205, 60.839840923918324 ], [ -135.317734626375511, 60.84397803795693 ], [ -135.319483268931265, 60.844460584563834 ], [ -135.326403393712411, 60.844270810769117 ], [ -135.331451781982622, 60.845284923298472 ], [ -135.343114290456981, 60.841776501736938 ], [ -135.345267090609298, 60.842814859431179 ], [ -135.345968739165244, 60.847194425631059 ], [ -135.34748208956421, 60.847975144452249 ], [ -135.352489819826815, 60.848083588393237 ], [ -135.358425517752579, 60.850957644488069 ], [ -135.36189594143255, 60.851603823725796 ], [ -135.369747151061176, 60.851858676863472 ], [ -135.376183991686304, 60.85623726220598 ], [ -135.385617815577405, 60.857888775825124 ], [ -135.387574292126374, 60.860150463509903 ], [ -135.390192675876762, 60.861565438960412 ], [ -135.403794157953939, 60.858855428692827 ], [ -135.408839954881785, 60.858935437221902 ], [ -135.411968363837161, 60.859901554154071 ], [ -135.413350637274334, 60.861931499090183 ], [ -135.411851014710209, 60.863142838376874 ], [ -135.408601779039031, 60.863760499369121 ], [ -135.399525442484645, 60.86337995990754 ], [ -135.396341730044469, 60.865015299723261 ], [ -135.397088521725522, 60.868096436802887 ], [ -135.398880360897579, 60.870823303707887 ], [ -135.402844095179205, 60.873116217367894 ], [ -135.406304022917169, 60.873828174520348 ], [ -135.414654157340493, 60.871703170740389 ], [ -135.422594012957859, 60.871553071494198 ], [ -135.441971119510413, 60.875143592373412 ], [ -135.444904668924408, 60.874712514325878 ], [ -135.449098574550504, 60.871197709529604 ], [ -135.453880301919554, 60.869538024583868 ], [ -135.462392674134719, 60.86457715651936 ], [ -135.477740130781854, 60.861099595610717 ], [ -135.497981041940733, 60.862153666715884 ], [ -135.511771250854906, 60.858123126314041 ], [ -135.515680363182355, 60.858005345313792 ], [ -135.531370394208096, 60.861981551506005 ], [ -135.553373495135133, 60.863923766621035 ], [ -135.564002853595184, 60.85868725583807 ], [ -135.568615826768735, 60.858503491015888 ], [ -135.578054795150081, 60.860512763256416 ], [ -135.581761473271257, 60.862415314879229 ], [ -135.582264338407185, 60.865077014659299 ], [ -135.57870561606191, 60.868963949336539 ], [ -135.580348981493643, 60.871815686034878 ], [ -135.581964888971044, 60.872400475169123 ], [ -135.583977294326786, 60.872395591373909 ], [ -135.594765647036127, 60.86807725413199 ], [ -135.60290847132751, 60.867587849236244 ], [ -135.606154155304239, 60.868689834662213 ], [ -135.607870102467814, 60.870158224764879 ], [ -135.60816374505464, 60.871457168050476 ], [ -135.604615735382311, 60.873925054671716 ], [ -135.598257014531868, 60.876224549198966 ], [ -135.596513101680529, 60.878339020724113 ], [ -135.598231370719731, 60.881346207483389 ], [ -135.605808830006822, 60.886442520527254 ], [ -135.608367966367666, 60.887173436526076 ], [ -135.610479660052079, 60.886851600571021 ], [ -135.612361405877465, 60.885774877713708 ], [ -135.613917070064559, 60.882349414430365 ], [ -135.616370426951931, 60.881339597128459 ], [ -135.625290566752227, 60.882198563299355 ], [ -135.636152648982716, 60.884947192974138 ], [ -135.642264402722446, 60.890292597912755 ], [ -135.647170011988379, 60.892655651372735 ], [ -135.658774405060143, 60.893797518410608 ], [ -135.667874966600237, 60.890441390381568 ], [ -135.673798387694262, 60.889791630656859 ], [ -135.681303801211698, 60.895319042258407 ], [ -135.685788398566984, 60.896325121055717 ], [ -135.689760656185456, 60.89466971671505 ], [ -135.69088489437911, 60.89320122184494 ], [ -135.691367939441307, 60.890417786224972 ], [ -135.692912294767467, 60.889628385818298 ], [ -135.705126286406625, 60.889442434922252 ], [ -135.714063196931249, 60.886177124851137 ], [ -135.724811721253701, 60.885498009304612 ], [ -135.731671640791518, 60.882370932029438 ], [ -135.733463825698692, 60.879260017451884 ], [ -135.741735636644336, 60.8770522588026 ], [ -135.755686829697908, 60.878779031200743 ], [ -135.75744273831836, 60.881357725697278 ], [ -135.767067398835536, 60.885819601085089 ], [ -135.82392351904133, 60.874316063367409 ], [ -135.829851382143517, 60.859474064407266 ], [ -135.842549473852671, 60.857860685625091 ], [ -135.86251131291732, 60.857068142570412 ], [ -135.901017302226961, 60.849108724570321 ], [ -135.941245514935076, 60.83910578925493 ], [ -135.988710631077083, 60.825533660082741 ], [ -135.984216374261734, 60.890363760280529 ], [ -135.902446283595253, 61.018333581415618 ], [ -135.73084189019707, 61.155679994321019 ], [ -135.550577724156369, 61.231329135741824 ], [ -135.153436156692464, 61.270020938772937 ], [ -134.98770150036114, 61.249027241976052 ], [ -134.989672393408625, 61.043602360830619 ], [ -134.981023997155461, 60.825360099625435 ], [ -134.964876553765208, 60.749636066738034 ], [ -135.001681576618267, 60.782967511315832 ], [ -135.081436975619397, 60.840137404918799 ], [ -135.187774624492334, 60.842511083675255 ] ], [ [ -135.115815360809052, 60.972099770404085 ], [ -135.116215168112518, 60.98957623865688 ], [ -135.137599536119922, 60.989817542366616 ], [ -135.138664943414369, 60.972702422017846 ], [ -135.115815360809052, 60.972099770404085 ] ] ] } },
{ "type": "Feature", "properties": { "CSDUID": "6001060", "CSDNAME": "Whitehorse, Unorganized", "PRUID": "60", "PRNAME": "Yukon", "pop_2021": 411.0, "pop_under_19": 80.0, "pop_0_4": 25.0, "pop_15_19": 20.0, "first_lang_eng_french": 0.0, "first_lang_french": 45.0, "know_eng_french": 100.0, "know_french_only": 0.0, "mother_eng_french": 5.0, "mother_french": 45.0, "mother_french_non_official": 0.0, "first_lang_eng_french_under_19": 0.0, "first_lang_eng_french_under_5": 0.0, "first_lang_french_under_19": 8.7591240875912408, "first_lang_french_under_5": 2.7372262773722627, "know_eng_french_under_19": 19.464720194647203, "know_eng_french_under_5": 6.0827250608272507, "know_french_only_under_19": 0.0, "know_french_only_under_5": 0.0, "mother_eng_french_under_19": 0.97323600973236002, "mother_eng_french_under_5": 0.30413625304136249, "mother_french_under_19": 8.7591240875912408, "mother_french_under_5": 2.7372262773722627, "mother_french_non_official_under_19": 0.0, "mother_french_non_official_under_5": 0.0, "share_under_19": 0.19464720194647203, "share_under_5": 0.060827250608272508 }, "geometry": { "type": "Polygon", "coordinates": [ [ [ -134.471839893588651, 60.819544490148452 ], [ -134.261317405411489, 60.707790459720059 ], [ -134.205595033977943, 60.679319182358157 ], [ -134.333818516104202, 60.531525928919024 ], [ -134.338111133657407, 60.533835951796561 ], [ -134.370867311840925, 60.537972966298042 ], [ -134.401103930724986, 60.55907708028748 ], [ -134.414353540784276, 60.560585394549804 ], [ -134.41904115939596, 60.566314180687058 ], [ -134.459913112777315, 60.569991268419386 ], [ -134.436524772575382, 60.603906990048365 ], [ -134.364651777457169, 60.617920145418623 ], [ -134.380048507059172, 60.658899637207007 ], [ -134.455734033954059, 60.656213055348516 ], [ -134.449562616440204, 60.628158332693246 ], [ -134.479758107504921, 60.607008555501643 ], [ -134.497732501066224, 60.566904072841069 ], [ -134.502958247427898, 60.568250662298887 ], [ -134.508331586792508, 60.563520372260832 ], [ -134.564145036459394, 60.592907639722 ], [ -134.656772058398587, 60.581522629547273 ], [ -134.687921765409982, 60.585140594809936 ], [ -134.704088110555205, 60.582407347893373 ], [ -134.701295212819957, 60.58104617037435 ], [ -134.683937658574138, 60.579417054416552 ], [ -134.680443894595243, 60.578412120102747 ], [ -134.676398057690363, 60.57631822966291 ], [ -134.681446639705257, 60.576645739779693 ], [ -134.677356669062306, 60.571419393448913 ], [ -134.663939674979048, 60.565128278883471 ], [ -134.65500666984417, 60.561253699392147 ], [ -134.643853755389273, 60.558782277122177 ], [ -134.639535784705004, 60.556768456985537 ], [ -134.628854593279073, 60.555231571616737 ], [ -134.499971766580245, 60.276393384742647 ], [ -134.726011525192348, 60.240054990347076 ], [ -134.986137695368313, 60.193604064074513 ], [ -134.990462483495349, 60.088461809070068 ], [ -134.986227548996425, 60.000012819862171 ], [ -135.598022451985457, 60.000058645598244 ], [ -135.536453715339576, 60.184158000505711 ], [ -135.482731600294557, 60.360572554651256 ], [ -135.486102936452426, 60.556040205182811 ], [ -135.760617031801615, 60.686992607989737 ], [ -135.941047034097267, 60.774038716662169 ], [ -135.936215638256584, 60.775998053727498 ], [ -135.930600236786006, 60.782439002851952 ], [ -135.927974597693321, 60.790080186752817 ], [ -135.926542162506109, 60.791365069958857 ], [ -135.913445799682563, 60.79399578001388 ], [ -135.910700228521733, 60.795648565417743 ], [ -135.911149221642063, 60.796579315638468 ], [ -135.913208935003212, 60.797292610321868 ], [ -135.920623441590351, 60.798921027034552 ], [ -135.926646701599026, 60.802614766014742 ], [ -135.928019222707718, 60.804957743189057 ], [ -135.928540887178713, 60.80837504969336 ], [ -135.927689543961492, 60.810077931679878 ], [ -135.922650444445424, 60.813174391019331 ], [ -135.911409670948075, 60.815441934685758 ], [ -135.900482511217916, 60.816494294007292 ], [ -135.89216037271683, 60.816047000720815 ], [ -135.885803175674482, 60.813521157107644 ], [ -135.881658019289659, 60.809849183084324 ], [ -135.878130923061718, 60.808579360130381 ], [ -135.872547210990149, 60.808041097348912 ], [ -135.868385826436025, 60.810474350670034 ], [ -135.867523933852169, 60.81190752876531 ], [ -135.867030200104466, 60.81675921393947 ], [ -135.866033636087423, 60.817977772266829 ], [ -135.85326285600658, 60.822378214149374 ], [ -135.846789014055702, 60.827195804354844 ], [ -135.839397681937271, 60.824449818111162 ], [ -135.836196440163008, 60.824388965050751 ], [ -135.830280150933305, 60.828124854179634 ], [ -135.830044778180138, 60.830397883951854 ], [ -135.828452565053652, 60.831413317888156 ], [ -135.820481496672812, 60.834012158029822 ], [ -135.820792115218978, 60.835366008541016 ], [ -135.824164996821168, 60.837051323210311 ], [ -135.824343328769061, 60.838262336843044 ], [ -135.82160779829988, 60.839913190534482 ], [ -135.817426253652286, 60.838986947128838 ], [ -135.808487563967645, 60.834704356486256 ], [ -135.806015290195063, 60.835141171222801 ], [ -135.803284343827841, 60.837734386621499 ], [ -135.800813533388521, 60.838242941015032 ], [ -135.791560700510303, 60.83678036674393 ], [ -135.78222556298806, 60.837185192565066 ], [ -135.7819520678066, 60.838039730516641 ], [ -135.783424519280715, 60.838821284184547 ], [ -135.790797751759243, 60.840151840345136 ], [ -135.795771010337063, 60.842609545059844 ], [ -135.794793093566625, 60.845461543265813 ], [ -135.790566620871346, 60.847183417748504 ], [ -135.78895729063467, 60.846842693634713 ], [ -135.788803696853506, 60.845838002173835 ], [ -135.784362229277491, 60.84330508879092 ], [ -135.77951692487261, 60.841537576260421 ], [ -135.775720386878561, 60.841272207761463 ], [ -135.76921332096282, 60.838454422617168 ], [ -135.76399548070853, 60.840897581440117 ], [ -135.756534988522134, 60.82683641946204 ], [ -135.719125818046734, 60.828001130169177 ], [ -135.716726695512705, 60.833993350549228 ], [ -135.450015293105054, 60.83213271333301 ], [ -135.441804603398367, 60.822449745531785 ], [ -135.440179716680575, 60.815580872588455 ], [ -135.446463977791126, 60.809172756147987 ], [ -135.464920902869636, 60.799863393508801 ], [ -135.437880578035163, 60.785764947270344 ], [ -135.388860676988401, 60.786285838920321 ], [ -135.370381413008943, 60.792586074623479 ], [ -135.272876327580178, 60.791732270117159 ], [ -135.271807548531456, 60.783221017676468 ], [ -135.24699261794666, 60.749285174360779 ], [ -135.178083797341259, 60.663569630369537 ], [ -135.122879175232981, 60.618612677787262 ], [ -135.026418092519037, 60.55364071809629 ], [ -134.980878834662406, 60.557173187954753 ], [ -134.922797472258736, 60.565897677717068 ], [ -134.856728652260472, 60.589822737553675 ], [ -134.861323522115299, 60.645825031860227 ], [ -134.900328952372377, 60.658255879957096 ], [ -134.941441161109708, 60.702974986378024 ], [ -134.964876553765208, 60.749636066738034 ], [ -134.981023997155461, 60.825360099625435 ], [ -134.989672393408625, 61.043602360830619 ], [ -134.98770150036114, 61.249027241976052 ], [ -134.855396438967773, 61.20955413067589 ], [ -134.731947178094202, 61.137716875506264 ], [ -134.676775495017239, 61.035077842761666 ], [ -134.656420795439487, 60.938927738237332 ], [ -134.528403566465755, 60.860145463776249 ], [ -134.479022432577864, 60.836376124074512 ], [ -134.471839893588651, 60.819544490148452 ] ], [ [ -134.891674164433795, 60.487761578454432 ], [ -134.863781996439855, 60.463458867096811 ], [ -134.879627855975912, 60.464047980231761 ], [ -134.879589412201454, 60.468479931068117 ], [ -134.902091126397636, 60.468256380534328 ], [ -134.90234997476901, 60.458897044803209 ], [ -134.901325795908718, 60.457830570223301 ], [ -134.915759497651379, 60.458978005674872 ], [ -134.918340886915018, 60.44799387048171 ], [ -134.922315672288363, 60.447818888513751 ], [ -134.934388533001453, 60.437876146563568 ], [ -134.934217679012562, 60.433930835185556 ], [ -134.935835798494907, 60.43050954245254 ], [ -134.944251555906021, 60.426084173328 ], [ -134.954490798208042, 60.42201286677205 ], [ -134.967635484441985, 60.414930588978258 ], [ -134.977982723507949, 60.40478888435171 ], [ -134.985244416886076, 60.400043276516925 ], [ -135.013678744045905, 60.388554160378938 ], [ -135.01768374495478, 60.386029451256675 ], [ -135.034678272588991, 60.371483879881353 ], [ -135.041295743886792, 60.362268241833242 ], [ -135.044290325672165, 60.355959530932381 ], [ -135.049261955068602, 60.350564032835109 ], [ -135.050725267714768, 60.339997513757304 ], [ -135.048179678471541, 60.33541642104111 ], [ -135.0479937555493, 60.327457312312198 ], [ -135.054994327844241, 60.322708483423632 ], [ -135.058290226298908, 60.317493847895001 ], [ -135.056397080844846, 60.312408614486202 ], [ -135.054588131734619, 60.303151226489597 ], [ -135.058165600616405, 60.29283212753235 ], [ -135.068948767699567, 60.285589142890849 ], [ -135.075012955067649, 60.277557218898544 ], [ -135.073998659790533, 60.270902323096237 ], [ -135.064458569338484, 60.266202814028063 ], [ -135.06161904145938, 60.269257581830871 ], [ -135.048955181894513, 60.273931871201867 ], [ -135.031265226100686, 60.282736502397753 ], [ -135.013653619809929, 60.285289484539582 ], [ -135.009639294990365, 60.286717481652104 ], [ -135.004882884937359, 60.286205942669575 ], [ -135.000289363767365, 60.286699864917423 ], [ -134.996961815459258, 60.285415867358203 ], [ -134.992223716799003, 60.285613208043387 ], [ -134.987504245857281, 60.284059490582976 ], [ -134.984194918064929, 60.284113013727868 ], [ -134.977000335316603, 60.280340833450204 ], [ -134.976133237948574, 60.279200371590385 ], [ -134.971379553871714, 60.277829285571869 ], [ -134.970189056442649, 60.314055109344473 ], [ -134.972468566589413, 60.315402404845386 ], [ -134.981536258642365, 60.316912415181065 ], [ -134.98196978283795, 60.318555615844922 ], [ -134.981100522353472, 60.319112189462018 ], [ -134.974600873123507, 60.320026929826426 ], [ -134.976337459290932, 60.321894851703995 ], [ -134.976461007382454, 60.326303478024556 ], [ -134.979031147342766, 60.327875192044708 ], [ -134.981784645471379, 60.325882303569379 ], [ -134.984102351985513, 60.325882601597343 ], [ -134.983936068198119, 60.332643630945057 ], [ -134.987936958409193, 60.336639625838536 ], [ -134.991118553978737, 60.338203244153213 ], [ -134.942082615626418, 60.341584403148119 ], [ -134.937311862510768, 60.351986264487948 ], [ -134.931020402561785, 60.356920694514123 ], [ -134.909211668885405, 60.36236359117548 ], [ -134.893772852829898, 60.370729188414018 ], [ -134.886249738019643, 60.390407263962139 ], [ -134.866324805489853, 60.404587476087514 ], [ -134.858473981370821, 60.401009253110047 ], [ -134.860340139948562, 60.402848140083073 ], [ -134.857274730925582, 60.402422876934502 ], [ -134.851529657825324, 60.404598437804772 ], [ -134.850732851259522, 60.404202484402873 ], [ -134.852297127984968, 60.403458999096834 ], [ -134.850142567885769, 60.402316271350898 ], [ -134.848127029451859, 60.40252949369868 ], [ -134.848141834052626, 60.403247808845634 ], [ -134.845237634399012, 60.403298352045582 ], [ -134.84158124364842, 60.405000002876172 ], [ -134.840859840857604, 60.407773562708101 ], [ -134.842561669288074, 60.408700389802412 ], [ -134.846321584589703, 60.40821993360057 ], [ -134.846606668244902, 60.409351577268588 ], [ -134.845749084251679, 60.410275410199141 ], [ -134.846596490258463, 60.411506462102672 ], [ -134.84484691028257, 60.412932046263791 ], [ -134.846717245898077, 60.412862396460355 ], [ -134.848582545825565, 60.4138611519463 ], [ -134.850310585756461, 60.413153777682467 ], [ -134.851449865897877, 60.414142726133356 ], [ -134.85775944631655, 60.415568298045237 ], [ -134.85842407410712, 60.422786543683358 ], [ -134.854151761499935, 60.428726480672438 ], [ -134.83867102878952, 60.432943813325544 ], [ -134.836224007481746, 60.430245237032004 ], [ -134.835268039946129, 60.430448036819953 ], [ -134.836718067147189, 60.432179700206717 ], [ -134.80277107803937, 60.436099624103527 ], [ -134.810267440598409, 60.444266097645574 ], [ -134.823402077507353, 60.466375366500628 ], [ -134.822883113160913, 60.475908807667075 ], [ -134.824136452259353, 60.487019649484161 ], [ -134.828528572474596, 60.501527032802798 ], [ -134.832152670699145, 60.52070369853687 ], [ -134.836547133538062, 60.531576547889713 ], [ -134.838361754368009, 60.540559225763708 ], [ -134.83789587012933, 60.548745010153361 ], [ -134.835384039453373, 60.553858396518784 ], [ -134.829094759405933, 60.562401043645671 ], [ -134.814337813766031, 60.573309841403265 ], [ -134.896879340262842, 60.567849291263585 ], [ -134.913062801882091, 60.561451543101185 ], [ -134.925985355806688, 60.55054252328781 ], [ -134.924360267971679, 60.548308584766481 ], [ -134.923658002320394, 60.544600075621133 ], [ -134.921491158025191, 60.54361117693955 ], [ -134.92012868846146, 60.541611573771689 ], [ -134.920115450443603, 60.53971368259576 ], [ -134.917662003021576, 60.536928845703905 ], [ -134.892496016725033, 60.51433887880053 ], [ -134.892501917195034, 60.512561129967487 ], [ -134.89438345883309, 60.510775894219243 ], [ -134.908396621131573, 60.500829001175241 ], [ -134.909564456229816, 60.499833165643025 ], [ -134.910007104307084, 60.497759416656081 ], [ -134.904671512452182, 60.492332640413046 ], [ -134.891674164433795, 60.487761578454432 ] ] ] } }
]
}
