{"type":"FeatureCollection","name":"boundaries.geojson","crs":{"type":"name","properties":{"name":"urn:ogc:def:crs:OGC:1.3:CRS84"}},"features":[{"type":"Feature","properties":{"id":10101},"geometry":{"type":"MultiPolygon","coordinates":[[[[-64.52866452,44.14156123300008],[-64.525625489,44.13861281000003],[-64.53190419499997,44.13581880800012],[-64.52866452,44.14156123300008]]],[[[-64.55099374799994,44.152055008000026],[-64.54846228399992,44.15232344800008],[-64.54843359299991,44.15074826900006],[-64.55099374799994,44.152055008000026]]],[[[-64.555971237,44.15588568600006],[-64.55733554463295,44.153146691933145],[-64.55732884599992,44.15567812000009],[-64.555971237,44.15588568600006]]],[[[-64.56618639967074,44.156948803776885],[-64.565328856,44.15696425600007],[-64.56528332807501,44.15665850297782],[-64.56618639967074,44.156948803776885]]],[[[-64.40165409499993,44.15803670100008],[-64.40248019799996,44.16440079600004],[-64.39827117199997,44.162534738000055],[-64.40165409499993,44.15803670100008]]],[[[-64.43331139399994,44.21914419500006],[-64.43645548099998,44.1986226510001],[-64.46404532999995,44.18074325100009],[-64.48085124299993,44.18139990500005],[-64.47963076499994,44.15310982000008],[-64.49355156199996,44.14925534700003],[-64.49217842999994,44.139918965000014],[-64.50532168999997,44.14350083400008],[-64.52023423799994,44.1336248960001],[-64.50223021999996,44.14583735400006],[-64.52230846800002,44.144779235000044],[-64.52991380599995,44.16233281900004],[-64.538880762,44.150769345000086],[-64.553618346,44.16010418300006],[-64.56677682093522,44.15785767662119],[-64.87780902163533,44.41856615359035],[-64.86333976327084,44.42424780782598],[-64.85450554441046,44.45945919810244],[-64.9454742335365,44.53751351875299],[-64.67458054803558,44.73548553420045],[-64.63921478181265,44.71164503713968],[-64.63071031705337,44.7180005673105],[-64.63581957695749,44.72187948647995],[-64.61433574062247,44.722590381313275],[-64.6156435680061,44.71241726042374],[-64.62917738862683,44.716915149999615],[-64.5991018794417,44.690756381388454],[-64.59105640979523,44.648107351131195],[-64.55907682741443,44.63404554020585],[-64.55637638582913,44.643859050407166],[-64.55388810242304,44.63040019601028],[-64.33936420571996,44.48966318724095],[-64.37072646663906,44.47212781222908],[-64.37147671634138,44.45760910074808],[-64.38100852999997,44.45377426100005],[-64.35235100516303,44.437695311530405],[-64.35575130065578,44.428897103081056],[-64.34070440542666,44.41963441524475],[-64.34325739897643,44.4042384096309],[-64.35168060343646,44.399507087686175],[-64.38972018016156,44.43215740684717],[-64.42240332008403,44.40270929877614],[-64.45748888703979,44.42601089621756],[-64.48059158633444,44.40418259529031],[-64.43528219765972,44.37047829738112],[-64.44436848699723,44.36549769599075],[-64.43446669945847,44.35131419194065],[-64.40693649886595,44.345292366755885],[-64.4154107036849,44.32390668737915],[-64.34407618934321,44.30311926114894],[-64.3449145098336,44.31024659128312],[-64.3377511808926,44.331632699404445],[-64.338042203,44.321286824000126],[-64.3053778009472,44.2984461999832],[-64.34858535297052,44.29319867714642],[-64.36880202799998,44.25967501100008],[-64.40210648199995,44.250979228000055],[-64.39594160599998,44.245589887000065],[-64.411561565,44.2362418030001],[-64.3830715969999,44.2308464210001],[-64.38392499300002,44.22558728400009],[-64.44567556099993,44.23430259200007],[-64.43331139399994,44.21914419500006]],[[-64.43773551742835,44.332559142258305],[-64.4135290937653,44.31208578824718],[-64.40362226496876,44.31578583824772],[-64.41012108368987,44.31814633419444],[-64.4315422933345,44.33667455062038],[-64.43773551742835,44.332559142258305]]],[[[-64.37912911799998,44.22984972300003],[-64.37587997199992,44.23872092400005],[-64.36789668700001,44.23791650200009],[-64.37912911799998,44.22984972300003]]],[[[-64.35749993599998,44.21274187400005],[-64.33332711299998,44.20158368100007],[-64.34553299099998,44.199540875000096],[-64.33783735499995,44.19350014300006],[-64.34572525499995,44.18104618000009],[-64.37817672799991,44.19278646400007],[-64.39739711299995,44.18007457600004],[-64.38339393199995,44.22322591000005],[-64.37593678199995,44.21482606900012],[-64.38141674300002,44.214165710000145],[-64.3836617,44.20258755700008],[-64.37462868000006,44.21133061400012],[-64.379886968,44.19475550000008],[-64.35749993599998,44.21274187400005]]],[[[-64.33900980299997,44.21819094800007],[-64.34448930699992,44.217478355000125],[-64.34479398200003,44.21821302700006],[-64.33900980299997,44.21819094800007]]],[[[-64.34761094399997,44.21822484600004],[-64.35315440599996,44.219761845000036],[-64.34492884199993,44.222487908000105],[-64.34761094399997,44.21822484600004]]],[[[-64.36705601699997,44.222162189000045],[-64.36813799599997,44.225093249000096],[-64.36479208699991,44.221712095000086],[-64.36705601699997,44.222162189000045]]],[[[-64.35912342,44.224003452000076],[-64.35355597199998,44.22690553100007],[-64.35435249499997,44.22342091800004],[-64.35912342,44.224003452000076]]],[[[-64.35226801900004,44.2236977030001],[-64.34700948100001,44.226433747000044],[-64.34459964999996,44.22507565900009],[-64.35226801900004,44.2236977030001]]],[[[-64.37524320799994,44.22589921500009],[-64.37422016199996,44.22820732600008],[-64.37227190599995,44.22572787400007],[-64.37524320799994,44.22589921500009]]],[[[-64.35864830399994,44.22838460400006],[-64.36555504299993,44.22384571200009],[-64.37185633499998,44.229937313000065],[-64.36700797,44.231444928000116],[-64.35864830399994,44.22838460400006]]],[[[-64.36968495499995,44.231872020000104],[-64.36831754099998,44.23392310300007],[-64.36731297299997,44.23217952900006],[-64.36968495499995,44.231872020000104]]],[[[-64.31479566399996,44.23605527500011],[-64.32361580399996,44.22786863500003],[-64.35851109099998,44.23765939],[-64.34511624299996,44.24115807800006],[-64.31479566399996,44.23605527500011]]],[[[-64.36159776999997,44.24660770600009],[-64.36373159899998,44.24138746400005],[-64.36543580399989,44.24522041300011],[-64.36159776999997,44.24660770600009]]],[[[-64.37122177599993,44.24574531100007],[-64.3690904949999,44.24781456100007],[-64.369200229,44.244446105000044],[-64.37122177599993,44.24574531100007]]],[[[-64.33678251199996,44.2475490410001],[-64.33168892899994,44.24994933500004],[-64.32989345199992,44.24864681800006],[-64.33678251199996,44.2475490410001]]],[[[-64.36714647800002,44.251484074000054],[-64.36613819499996,44.246346412000015],[-64.36866313500002,44.25044857600003],[-64.36714647800002,44.251484074000054]]],[[[-64.34884665,44.25369134300013],[-64.34512843799993,44.25008324600008],[-64.35093454399998,44.25187504600011],[-64.34884665,44.25369134300013]]],[[[-64.368047871,44.256866097000085],[-64.36980588699997,44.25489137700009],[-64.37071135399998,44.25558275000007],[-64.368047871,44.256866097000085]]],[[[-64.337052452,44.32574586300006],[-64.33664851699992,44.32286965100013],[-64.33756602799996,44.324614478000065],[-64.337052452,44.32574586300006]]]]}},{"type":"Feature","properties":{"id":10102},"geometry":{"type":"MultiPolygon","coordinates":[[[[-64.33981855899998,44.4405177460001],[-64.33956598099996,44.44321252900011],[-64.33729333999993,44.44164569200006],[-64.33981855899998,44.4405177460001]]],[[[-64.32513710200001,44.44533447100006],[-64.325521429,44.44232308900007],[-64.32688984299996,44.444485861000054],[-64.32513710200001,44.44533447100006]]],[[[-64.29518143199995,44.448378960000085],[-64.29961740100002,44.439289796000104],[-64.30342453699996,44.43984059700004],[-64.30476738499998,44.44766665800006],[-64.29518143199995,44.448378960000085]]],[[[-64.31469075099997,44.45136103400006],[-64.30436275500006,44.45376614500009],[-64.30794994299991,44.44610879600005],[-64.31469075099997,44.45136103400006]]],[[[-64.29766814099997,44.454544613000074],[-64.30331562699999,44.45415622800002],[-64.30283625300005,44.458600036000114],[-64.29766814099997,44.454544613000074]]],[[[-64.28271466899994,44.453570208000116],[-64.28266843199995,44.45719883700007],[-64.28039326699995,44.457197355000105],[-64.28271466899994,44.453570208000116]]],[[[-64.29870203599994,44.46602935700005],[-64.29254960899992,44.458401840000064],[-64.302850574,44.460373403000034],[-64.29870203599994,44.46602935700005]]],[[[-64.285612932,44.46765390000009],[-64.27831316699995,44.46728572200006],[-64.2829677269999,44.46455070700009],[-64.285612932,44.46765390000009]]],[[[-64.293119033,44.471098249000086],[-64.29547869699992,44.471485624000096],[-64.29533360900001,44.47231550800004],[-64.293119033,44.471098249000086]]],[[[-64.28825210599994,44.479039602000036],[-64.27425542399999,44.47377700900003],[-64.28924672400007,44.47567037800009],[-64.28825210599994,44.479039602000036]]],[[[-64.29713780999995,44.47657131100006],[-64.29375757399997,44.478374209],[-64.29180728399997,44.476037576000095],[-64.29713780999995,44.47657131100006]]],[[[-64.28876328399994,44.51595383500005],[-64.29417700999994,44.51041899500002],[-64.30142903799994,44.514612854000084],[-64.28876328399994,44.51595383500005]]],[[[-64.26780055143274,44.55403550968707],[-64.26302416699994,44.538865024000046],[-64.30678302399996,44.56723498900005],[-64.30820428399997,44.55760397300011],[-64.29514103699995,44.54370881500003],[-64.31699716499995,44.54555390900002],[-64.30420843999994,44.52019878700006],[-64.31308107899994,44.51185968200008],[-64.300565566,44.50973424000006],[-64.31428771999992,44.49445263400006],[-64.29444735199998,44.48227353800011],[-64.31145685199996,44.49104617700002],[-64.313058335,44.48058462300007],[-64.33315958799997,44.48585238600001],[-64.31617280899998,44.47648855600004],[-64.32932058399994,44.47850592100002],[-64.32218008999999,44.47245798900006],[-64.332732646,44.47373074600009],[-64.32884473700001,44.466960989000086],[-64.30423266499994,44.467118677000066],[-64.32681042600007,44.447637755000045],[-64.373184511,44.44922319900011],[-64.37072646663906,44.47212781222908],[-64.33936420571996,44.48966318724095],[-64.55388810242304,44.63040019601028],[-64.55637638582913,44.643859050407166],[-64.55907682741443,44.63404554020585],[-64.59105640979523,44.648107351131195],[-64.5991018794417,44.690756381388454],[-64.62917738862683,44.716915149999615],[-64.6156435680061,44.71241726042374],[-64.61433574062247,44.722590381313275],[-64.63581957695749,44.72187948647995],[-64.63071031705337,44.7180005673105],[-64.63921478181265,44.71164503713968],[-64.67458054803558,44.73548553420045],[-64.52943389084841,44.84131621435747],[-64.52364039918511,44.83713697065997],[-64.43221014167037,44.89931141426829],[-64.06474389950367,44.636678342089574],[-64.05387192600003,44.62103750600009],[-64.062199755,44.58623758400005],[-64.036662609,44.56911530700009],[-64.016355995,44.538427870000085],[-64.02573094099998,44.5332665750001],[-64.009574271,44.52329157500014],[-64.00600654399997,44.50755937500008],[-64.050359185,44.52331085500002],[-64.046980728,44.511737452000055],[-64.06597844300002,44.502748071000056],[-64.06422549499987,44.48591137200002],[-64.08014371399996,44.4728070080001],[-64.07395803700001,44.472136135000135],[-64.08806165400003,44.469256797000085],[-64.11034170699995,44.4766496680001],[-64.11828027199994,44.49202086300006],[-64.11042477000002,44.49958775600008],[-64.12673673899995,44.507278324000026],[-64.12488215699996,44.529893258000094],[-64.116939194,44.53441852300007],[-64.10048840999998,44.52436924600005],[-64.140149513,44.566715590000115],[-64.16842202,44.57051698600009],[-64.16696936447441,44.5923360477076],[-64.186759813,44.57612554600007],[-64.20790940899997,44.578658582000095],[-64.207124376,44.565676190000055],[-64.21317449600002,44.56957319800005],[-64.218105028,44.55961787200004],[-64.21087292199994,44.53754837500009],[-64.21893340199998,44.532952308000056],[-64.23775746699995,44.541050236000075],[-64.242913864,44.535511651],[-64.24560281399995,44.54533120100008],[-64.25786232699998,44.54056948900011],[-64.26780055143274,44.55403550968707]],[[-64.27239892886246,44.556646643287955],[-64.27239892887445,44.556646643293355],[-64.27286170475766,44.55685459858044],[-64.27239892886246,44.556646643287955]]],[[[-64.28334121099996,44.55152124600009],[-64.28100948199999,44.544516402000056],[-64.28692495400001,44.54846504200008],[-64.28334121099996,44.55152124600009]]],[[[-64.30674334399998,44.55702652200005],[-64.29598679399999,44.55402519400005],[-64.29668346099997,44.55081237100007],[-64.30674334399998,44.55702652200005]]],[[[-64.26114789199995,44.45831179400001],[-64.259096158,44.45525548400011],[-64.25411402199998,44.445641358000074],[-64.26114789199995,44.45831179400001]]],[[[-64.23253726600002,44.4516740380001],[-64.24312558400001,44.45489929100008],[-64.23066486500005,44.456474684000035],[-64.23253726600002,44.4516740380001]]],[[[-64.24377854099991,44.4560535360001],[-64.248257582,44.45979482000011],[-64.24479047700002,44.461678229000086],[-64.24377854099991,44.4560535360001]]],[[[-64.26902965799991,44.46645297800005],[-64.271485756,44.46550738200004],[-64.27279432299999,44.4690308740001],[-64.26902965799991,44.46645297800005]]],[[[-64.2716672169999,44.48659871100007],[-64.267871588,44.481482370000066],[-64.276002442,44.48240011700003],[-64.2716672169999,44.48659871100007]]],[[[-64.27962064499998,44.50179643500008],[-64.27777427399997,44.4996204650001],[-64.281343196,44.50175910200003],[-64.27962064499998,44.50179643500008]]],[[[-64.25163386700001,44.50836346600007],[-64.25175649499998,44.51115293400009],[-64.25048724099997,44.50945634100009],[-64.25163386700001,44.50836346600007]]],[[[-64.23091211599993,44.51606990000005],[-64.23650216799993,44.51564040200007],[-64.23826882499998,44.51766485800008],[-64.23091211599993,44.51606990000005]]],[[[-64.25075227199997,44.51714169500007],[-64.25282822399996,44.51537242900008],[-64.25401305500003,44.51840233400008],[-64.25075227199997,44.51714169500007]]],[[[-64.27495397999989,44.51681105100008],[-64.27609775699996,44.51502473900009],[-64.28088046699997,44.51911241600003],[-64.27495397999989,44.51681105100008]]],[[[-64.254224531,44.52356752100012],[-64.258228875,44.527196537000094],[-64.25714412099994,44.528252800000075],[-64.254224531,44.52356752100012]]],[[[-64.22474216300002,44.529064039000076],[-64.225351672,44.522719624000075],[-64.23282725999995,44.524547746000046],[-64.22474216300002,44.529064039000076]]],[[[-64.24207417139864,44.527391416376396],[-64.24739930346456,44.53277994555009],[-64.24532062199997,44.53563846900006],[-64.24207417139864,44.527391416376396]]],[[[-64.25618668099995,44.53464620300008],[-64.25528599699997,44.529632643000014],[-64.25858973000004,44.534601739000074],[-64.25618668099995,44.53464620300008]]],[[[-64.27995900299999,44.535642603000056],[-64.280079866,44.53771184000002],[-64.27957086599997,44.53573696900012],[-64.27995900299999,44.535642603000056]]],[[[-64.0493838589999,44.38610878000011],[-64.05013686399994,44.38258172500007],[-64.051612255,44.38645738300005],[-64.0493838589999,44.38610878000011]]],[[[-64.132688173,44.42802238900001],[-64.1265152219999,44.42125932100003],[-64.13425722499997,44.42015637700003],[-64.132688173,44.42802238900001]]],[[[-64.07525840199995,44.438183519000084],[-64.09102400899994,44.43390169500005],[-64.09535152199996,44.43620101800013],[-64.08464001699996,44.44199300300005],[-64.07525840199995,44.438183519000084]]],[[[-64.15519818699995,44.469911828000036],[-64.15010934999991,44.45662114000007],[-64.17101069699997,44.44772107800012],[-64.155993889,44.438880291000096],[-64.17618067799998,44.440438736000054],[-64.17662279599998,44.461833731000034],[-64.15519818699995,44.469911828000036]]],[[[-64.136395586,44.474745890000044],[-64.126660966,44.46741509800009],[-64.142624717,44.468570883000055],[-64.136395586,44.474745890000044]]],[[[-64.03515915199993,44.50064589100004],[-64.029975522,44.49415678500008],[-64.03641497199999,44.49626817500008],[-64.03515915199993,44.50064589100004]]],[[[-63.99835904700002,44.50912093200009],[-63.993368135999944,44.50563541300003],[-63.99539758299993,44.503655132000056],[-63.99835904700002,44.50912093200009]]],[[[-64.02827288799996,44.51178138600008],[-64.02700004699996,44.507363517],[-64.029557792,44.51115762200007],[-64.02827288799996,44.51178138600008]]],[[[-64.21079969400007,44.51943583400004],[-64.21377817900002,44.52168190000009],[-64.21319460100005,44.525091094000075],[-64.21079969400007,44.51943583400004]]],[[[-64.0109738649999,44.52781651800008],[-64.00510587299992,44.52176451000012],[-64.00168777400003,44.519831980000035],[-64.00572125599989,44.51949942200005],[-64.0109738649999,44.52781651800008]]],[[[-64.19786911899998,44.525198867000064],[-64.20001071,44.52714796500005],[-64.19756031099995,44.527938904000095],[-64.19786911899998,44.525198867000064]]],[[[-64.17385124699993,44.538637117000114],[-64.17498060399993,44.54221755800006],[-64.17231646899995,44.540561429000086],[-64.17385124699993,44.538637117000114]]],[[[-64.20315343599992,44.56181097200007],[-64.20634288900001,44.55467426400009],[-64.21244226199998,44.56282003900008],[-64.20315343599992,44.56181097200007]]],[[[-64.06394096599996,44.636086319000135],[-64.0643304050194,44.636390158525444],[-64.06388116059922,44.63607705328461],[-64.06394096599996,44.636086319000135]]]]}},{"type":"Feature","properties":{"id":10103},"geometry":{"type":"MultiPolygon","coordinates":[[[[-64.78102581900002,43.89903758200008],[-64.77914638599994,43.899481033000086],[-64.77876155499995,43.8978483870001],[-64.78102581900002,43.89903758200008]]],[[[-64.75958888799995,43.90975981200003],[-64.75417097999993,43.896175824000096],[-64.76330450299994,43.884600764000126],[-64.78184578599995,43.91233193900007],[-64.75958888799995,43.90975981200003]]],[[[-64.8066563,43.909502337000056],[-64.80787324599996,43.912265152000096],[-64.80404531599999,43.91376621400004],[-64.8066563,43.909502337000056]]],[[[-64.802797519,43.91410104100008],[-64.803006853,43.91732096200009],[-64.80108426000005,43.91510944700013],[-64.802797519,43.91410104100008]]],[[[-64.87780902163533,44.41856615359035],[-64.55661592599998,44.14568532100014],[-64.569423,44.14157566900012],[-64.57339893099999,44.15428747000003],[-64.59489560899996,44.15986836400002],[-64.61657895999996,44.15381950500008],[-64.59640254899998,44.135052582000064],[-64.61887664099993,44.14089443400013],[-64.62506268599995,44.13396417500006],[-64.59670651400003,44.12916925800004],[-64.59044694499993,44.11716528100005],[-64.575218172,44.132888855000054],[-64.54720803100001,44.122981041000074],[-64.53876457299992,44.10297289900005],[-64.55215928399993,44.095841169000074],[-64.54998575099998,44.10684563200007],[-64.56498404299997,44.109369105000084],[-64.56072790899994,44.101009306],[-64.569508145,44.09900730900007],[-64.56403764299998,44.08959292800003],[-64.575403894,44.08955376400011],[-64.56247189979122,44.08373522975044],[-64.56055286085666,44.08818206394602],[-64.56730158293657,44.096135247488604],[-64.56418882733946,44.09886408989347],[-64.55187789861729,44.07170726677836],[-64.56502229000002,44.071509890000094],[-64.57501607890191,44.05814570284669],[-64.58277689619987,44.07186848104419],[-64.598083541,44.06153564300009],[-64.61523614255489,44.074754251900856],[-64.62755404099998,44.05987708900009],[-64.638548901,44.06333019900007],[-64.65439841785614,44.04063855820304],[-64.66451982594916,44.047739128313616],[-64.69195318413546,44.04454505803361],[-64.69092111000002,44.05521122900007],[-64.69371935870335,44.04739091661435],[-64.71050196609437,44.05063411797976],[-64.66248141619275,44.0190836457901],[-64.6607745247473,43.98918184528402],[-64.70299727132605,43.98771708614667],[-64.71538168378403,43.969242685532315],[-64.73957943599996,43.966283779000015],[-64.72980585699999,43.96669331100011],[-64.73235241099997,43.952231240000046],[-64.8206606789999,43.94605005200013],[-64.81452948400003,43.953413367000024],[-64.83123005400002,43.9546414290001],[-64.81907231999992,43.93809833300009],[-64.83498588599993,43.92441067600003],[-64.84195626999994,43.933112872000024],[-64.85436323799992,43.91862367100006],[-64.78893304199998,43.8928186800001],[-64.78316534399995,43.86350333800002],[-64.82428711299995,43.87228078300008],[-64.82017565000004,43.85823780900007],[-64.81307683699997,43.85844072800007],[-64.805807316,43.86370589600007],[-64.80199789899991,43.86324384700009],[-64.81278778099998,43.85629347900009],[-64.80735791699993,43.8437745130001],[-64.830899321,43.837430312000066],[-64.83698951700002,43.81295082300009],[-64.85843366699997,43.82845934400007],[-64.85734237399996,43.85301178300003],[-64.86908114599998,43.8659474830001],[-64.91603116000002,43.8790441070001],[-64.91262314199997,43.86511876900003],[-64.88180617,43.84796561900008],[-64.874215371,43.83002926600011],[-64.89218820599997,43.81786628400004],[-64.8849344049999,43.79519805800007],[-64.90407661699993,43.788551091000045],[-64.93729129899995,43.834100084000056],[-64.93736478299995,43.85212392600004],[-64.97158447597181,43.87083822547925],[-65.39582100789423,44.23231761135973],[-65.33162633649289,44.31157764995699],[-65.17976745490324,44.42153296096827],[-65.15204547634406,44.46061014770675],[-65.0615112400091,44.45484227753802],[-64.94501319359522,44.53710476629761],[-64.85450554441046,44.45945919810244],[-64.86333976327084,44.42424780782598],[-64.87780902163533,44.41856615359035]]],[[[-64.63412488843528,44.04309036541106],[-64.62599756842536,44.0344829400634],[-64.6283425435031,44.03348289190923],[-64.63412488843528,44.04309036541106]]],[[[-64.63034119916563,44.045882260112876],[-64.63006647699999,44.04496781000008],[-64.63175177153973,44.04465744070687],[-64.63034119916563,44.045882260112876]]],[[[-64.52031729599996,44.11298843900008],[-64.52350769599994,44.10924558000007],[-64.52460582299997,44.11404767200012],[-64.52031729599996,44.11298843900008]]],[[[-64.52957598299993,44.12166096000006],[-64.52492911399999,44.11932824300005],[-64.52107054099994,44.1175070300001],[-64.52422714399998,44.11633054],[-64.52957598299993,44.12166096000006]]],[[[-64.5350558719999,44.13297650000005],[-64.51725069999998,44.127929526000074],[-64.52179610399998,44.12386263200005],[-64.52849491499998,44.122872878000095],[-64.5350558719999,44.13297650000005]]],[[[-64.57524573,44.14896814300012],[-64.57411585299992,44.14597665300006],[-64.57598243800004,44.14658114400004],[-64.57524573,44.14896814300012]]],[[[-64.55758091699995,44.15242453900005],[-64.55680495653942,44.152782729093865],[-64.55752593599996,44.15223620400005],[-64.55758091699995,44.15242453900005]]]]}},{"type":"Feature","properties":{"id":10104},"geometry":{"type":"MultiPolygon","coordinates":[[[[-64.33629639785025,44.3212367134053],[-64.33644651717157,44.32120739522379],[-64.33667071860144,44.32118159338177],[-64.33629639785025,44.3212367134053]]],[[[-64.33481806108203,44.32170994454244],[-64.33503908282759,44.32157860683535],[-64.33529365439239,44.32147814965755],[-64.33481806108203,44.32170994454244]]],[[[-64.33419376917736,44.32436784168978],[-64.33374112700001,44.32462321200008],[-64.33363815800001,44.324507362000105],[-64.33419376917736,44.32436784168978]]],[[[-64.336170784,44.32944738600009],[-64.33628628746702,44.328964099187644],[-64.33668730412556,44.329778630089756],[-64.336170784,44.32944738600009]]],[[[-64.30675114750964,44.36749194461386],[-64.32024050999989,44.35676742000004],[-64.34298843099998,44.36711657700008],[-64.33673988499996,44.344007439000045],[-64.343638664,44.3406584360001],[-64.33613190599996,44.336019972000116],[-64.34195317920452,44.30635906700218],[-64.35774040209365,44.30256711333659],[-64.41569928780736,44.32412369997263],[-64.40693649886595,44.345292366755885],[-64.43446669945847,44.35131419194065],[-64.44436848699723,44.36549769599075],[-64.438947488841,44.36754268885215],[-64.43528219765972,44.37047829738112],[-64.48064271954121,44.40402079663165],[-64.45748888703979,44.42601089621756],[-64.42240332008403,44.40270929877614],[-64.38972018016156,44.43215740684717],[-64.35168060343646,44.399507087686175],[-64.33937779575912,44.40895829977621],[-64.3398548124802,44.40911199268994],[-64.34028141726283,44.40931050129623],[-64.34090688833511,44.41010399215194],[-64.34213550161222,44.41064538851672],[-64.34316590024595,44.41225561379413],[-64.34414948519493,44.41511499297173],[-64.34090593699995,44.42158115300002],[-64.33350749599992,44.41221484900009],[-64.342031239,44.41091762400003],[-64.32566085299995,44.40458179500004],[-64.252054128,44.41097621800011],[-64.25967067799994,44.398936716000065],[-64.26467515799997,44.405075369000095],[-64.267455176,44.405287613000034],[-64.270005139,44.3977689280001],[-64.29308932299996,44.40310064800011],[-64.325936877,44.4006803710001],[-64.33184746700002,44.3949668170001],[-64.29800091999996,44.395212479000044],[-64.29209259299998,44.37949749900011],[-64.29667321699998,44.38455919700004],[-64.31058620899996,44.38525564000012],[-64.31470233867502,44.38349780933791],[-64.29009843699994,44.375576791000086],[-64.28603028499995,44.38240180400003],[-64.27935700499995,44.37053897400006],[-64.27322486000001,44.37252512400009],[-64.28267637699989,44.3794325850001],[-64.27853788400002,44.38538485900009],[-64.2247912699999,44.372667674000105],[-64.2331960459999,44.37004742800008],[-64.23467998400001,44.36480972700006],[-64.21852788699996,44.372662644000116],[-64.22959271,44.36399131900005],[-64.2156202739999,44.36983971100008],[-64.21243075899994,44.363679641000076],[-64.22134351799998,44.35775980700004],[-64.23859795599998,44.36015781200006],[-64.233495445,44.35500936900005],[-64.24039731199996,44.35265687200006],[-64.27396172400003,44.35903959100007],[-64.28545266200003,44.36690538700012],[-64.29541765899994,44.36121099600011],[-64.30180668862607,44.37430955182299],[-64.31687549571106,44.376837644822956],[-64.30675114750964,44.36749194461386]],[[-64.27966830599992,44.37849402000006],[-64.279800872,44.378816636000046],[-64.28040656899996,44.37838670700008],[-64.27966830599992,44.37849402000006]],[[-64.23270111799992,44.36140999900007],[-64.23062342499992,44.36107230000008],[-64.22982497099994,44.3612969690001],[-64.23270111799992,44.36140999900007]],[[-64.251263978,44.3615322250001],[-64.25115679799998,44.35826535400009],[-64.249051222,44.35956681900004],[-64.251263978,44.3615322250001]],[[-64.26624541499993,44.35967457900012],[-64.26585299000003,44.35951687900004],[-64.26602189399998,44.35978508800009],[-64.26624541499993,44.35967457900012]],[[-64.26697481499997,44.35974751500005],[-64.26678770799994,44.359218414000054],[-64.26661789099998,44.35949038700003],[-64.26697481499997,44.35974751500005]]],[[[-64.33192600799997,44.35856736400012],[-64.31707136599995,44.345253284000066],[-64.32102605899996,44.335322423000086],[-64.33028759600002,44.341615981000075],[-64.33192600799997,44.35856736400012]]],[[[-64.31685326600001,44.4099953570001],[-64.31864226500007,44.413035652000076],[-64.31551404699991,44.41188337400008],[-64.31685326600001,44.4099953570001]]],[[[-64.318053444,44.42037074200009],[-64.327960778,44.41187435300013],[-64.33822655799997,44.42197269000012],[-64.318053444,44.42037074200009]]],[[[-64.32075464099998,44.42764078100005],[-64.32000729499998,44.42402130300009],[-64.32532786399997,44.42709265100009],[-64.32075464099998,44.42764078100005]]],[[[-64.343979721,44.43675970500002],[-64.33524691799995,44.42517655400005],[-64.33629050100002,44.42356184300008],[-64.341216587,44.421982641000056],[-64.34223645966415,44.42055080054125],[-64.3561008088669,44.43004979592517],[-64.343979721,44.43675970500002]]],[[[-64.35211471757606,44.43682210033136],[-64.35240024954035,44.437759569806474],[-64.35218930643771,44.43595213437488],[-64.35211471757606,44.43682210033136]]],[[[-64.36314962832387,44.44245418655937],[-64.35447182799994,44.43948062200008],[-64.35317213364984,44.43839789778195],[-64.36314962832387,44.44245418655937]]],[[[-64.36367655067893,44.44259449570388],[-64.36387044993567,44.44264614237813],[-64.36318136095646,44.442462636450735],[-64.36367655067893,44.44259449570388]]],[[[-64.27755566800002,44.23788235300011],[-64.26837739299997,44.23093525100004],[-64.2777785839999,44.227931475000034],[-64.27755566800002,44.23788235300011]]],[[[-64.31615523099993,44.338511685000086],[-64.25543559199997,44.32181061400008],[-64.2938142349999,44.31228930300009],[-64.30028236099992,44.292328292000036],[-64.275773789,44.283475640000084],[-64.22992621399993,44.29232433400005],[-64.25636982299996,44.278018835000076],[-64.244198135,44.26062320900011],[-64.274056205,44.264309389000076],[-64.28752785499994,44.242082845000105],[-64.29017126399995,44.26045526200004],[-64.32643402399995,44.26413624600009],[-64.34242524000001,44.27920952200012],[-64.32735377799989,44.27605457400007],[-64.3492692049334,44.2887866821496],[-64.3053778009472,44.2984461999832],[-64.33662914999996,44.33140467000001],[-64.32626401099992,44.33675619700008],[-64.29578140499989,44.31564310500006],[-64.28661961699991,44.3215896130001],[-64.31615523099993,44.338511685000086]]],[[[-64.28387975999995,44.298311759000065],[-64.28412333799997,44.2928082080001],[-64.29609709199991,44.298083742000074],[-64.28387975999995,44.298311759000065]]],[[[-64.22812395699994,44.35315863100006],[-64.23362421899996,44.35277525300009],[-64.22716776199994,44.353637074000034],[-64.22812395699994,44.35315863100006]]],[[[-64.22232284999994,44.35597576400003],[-64.22618274999994,44.353935744000076],[-64.22930328099994,44.354352334000076],[-64.22232284999994,44.35597576400003]]],[[[-64.22598533299995,44.38297214100006],[-64.230460644,44.38326613300007],[-64.22421136299997,44.38399048400009],[-64.22598533299995,44.38297214100006]]],[[[-64.24185273099998,44.39303694700007],[-64.22653258599996,44.386936522000035],[-64.23290631999997,44.38375290400009],[-64.22997655499994,44.381731853000055],[-64.21060237699999,44.37666318700005],[-64.275866335,44.387233316000064],[-64.24185273099998,44.39303694700007]]],[[[-64.287650943,44.39562674000007],[-64.27860455099996,44.386716539000076],[-64.29093180999993,44.38608268700009],[-64.287650943,44.39562674000007]]],[[[-64.26746919300001,44.39314264600008],[-64.27469557,44.395763066000086],[-64.27484510999996,44.39744492000012],[-64.26746919300001,44.39314264600008]]],[[[-64.23457875700002,44.39881460100013],[-64.23777520699997,44.39854593400006],[-64.23707624699996,44.39993994000009],[-64.23457875700002,44.39881460100013]]],[[[-64.29248870999999,44.419735631000066],[-64.293375554,44.41381075600013],[-64.30019935399997,44.41340016700009],[-64.29248870999999,44.419735631000066]]],[[[-64.301870846,44.41853973700008],[-64.30922917599999,44.421795649000074],[-64.30197135899995,44.42759540200008],[-64.301870846,44.41853973700008]]],[[[-64.17035796900004,44.31481851700008],[-64.18245485800001,44.305276798000065],[-64.19980639599993,44.31389175400009],[-64.18605042399996,44.31946419200003],[-64.17035796900004,44.31481851700008]]],[[[-64.18445501999999,44.31994891100005],[-64.18072908900004,44.32175207199998],[-64.17887795399994,44.32199627400009],[-64.18162473899997,44.32014027800005],[-64.18445501999999,44.31994891100005]]],[[[-64.14556884099996,44.345796868000036],[-64.14800662899998,44.34278342600004],[-64.15001890199996,44.34368149000006],[-64.14556884099996,44.345796868000036]]],[[[-64.21473380399998,44.35124017400004],[-64.19940205899998,44.34758497200009],[-64.22131853499995,44.34749677200009],[-64.21473380399998,44.35124017400004]]],[[[-64.217042477,44.353664388000084],[-64.21677205999993,44.35211877100003],[-64.22084416399994,44.351841249000096],[-64.217042477,44.353664388000084]]],[[[-64.21478076499997,44.35412060900004],[-64.203574897,44.35224060400009],[-64.2162994749999,44.35232185500008],[-64.21478076499997,44.35412060900004]]],[[[-64.22333376499998,44.35450646200009],[-64.2158251859999,44.35426253500011],[-64.22644755599995,44.351592135],[-64.22333376499998,44.35450646200009]]],[[[-64.20688566099993,44.36743856000006],[-64.20673982899991,44.36583759300005],[-64.20997941899998,44.3653081560001],[-64.20688566099993,44.36743856000006]]],[[[-64.21568954399999,44.37015409800003],[-64.21867679699994,44.37015825100006],[-64.21342927299997,44.3719246740001],[-64.21568954399999,44.37015409800003]]],[[[-64.21886688999997,44.38174291000005],[-64.21487881299996,44.38132627400002],[-64.22082502799998,44.381127813000084],[-64.21886688999997,44.38174291000005]]],[[[-64.22048794000001,44.39571603700004],[-64.22370615699997,44.39408810500004],[-64.2292794079999,44.39340704600009],[-64.22280853200002,44.39560118100006],[-64.22048794000001,44.39571603700004]]],[[[-64.20911048299995,44.39748457000009],[-64.213091093,44.39748737300006],[-64.207128441,44.39880194200002],[-64.20911048299995,44.39748457000009]]],[[[-64.20701181699998,44.40351166200007],[-64.21431981999993,44.40225482200005],[-64.22172398699996,44.40020422500006],[-64.21365633600001,44.402964094000055],[-64.20701181699998,44.40351166200007]]]]}},{"type":"Feature","properties":{"id":10205},"geometry":{"type":"MultiPolygon","coordinates":[[[[-66.33838886399994,44.258699387000064],[-66.337236095,44.25676391100009],[-66.33975333499991,44.25677757700004],[-66.33838886399994,44.258699387000064]]],[[[-66.341237908,44.28662953200008],[-66.35173680799996,44.260504318000066],[-66.34166451599997,44.25356307300011],[-66.37324447399997,44.23045453600011],[-66.37411821500004,44.23980162300004],[-66.39503237700002,44.236382529000124],[-66.39295178099995,44.24946122700009],[-66.341237908,44.28662953200008]]],[[[-65.39582100789423,44.23231761135973],[-65.88878372597253,44.138115289522545],[-65.92438129580188,44.12014179101792],[-65.93378581926068,44.16335179241079],[-65.94513479273434,44.17360670769082],[-65.94308489408286,44.21363050008455],[-65.92889829514897,44.234986400555414],[-65.95041700849082,44.248185610270006],[-65.9795836479053,44.22596717096282],[-65.99595125013641,44.2340788508031],[-66.00836563756714,44.22140261512518],[-66.03804541257593,44.21947448342674],[-66.0500864399518,44.23516375922852],[-66.05811038511034,44.22215036902435],[-66.08942999172233,44.21740178458787],[-66.08304289914307,44.24495110370941],[-66.08931440394436,44.24764754024847],[-66.10208440962433,44.22341621425803],[-66.13188008298722,44.24247260809797],[-66.13366270382956,44.229744191376874],[-66.14189755159948,44.21863102763933],[-66.14347998099994,44.22044366400008],[-66.11838577999995,44.34558153700008],[-66.072455419,44.37984707900011],[-66.08505809099996,44.37353471300013],[-66.08059607599996,44.38325156200011],[-66.08652954599998,44.37271705700005],[-66.08761240899997,44.372141512000084],[-66.08209008799999,44.3860265600001],[-66.06163231199994,44.38767131200005],[-66.02775547399996,44.43731661400004],[-66.01434360219407,44.44213027749351],[-66.00256722999994,44.43470992000008],[-66.01485445245044,44.447109912790395],[-65.97479647179163,44.48285212099639],[-65.95167586291215,44.494404435699764],[-65.95116180617569,44.48372267759127],[-65.95893458620657,44.486105407169575],[-65.95599421797817,44.48335170898929],[-65.95078420825436,44.481718100264054],[-65.95054637048582,44.48523307027539],[-65.9098468979999,44.51368170400008],[-65.89436331199994,44.52088133700005],[-65.88697346499997,44.53430217000005],[-65.87842864099993,44.53253747600004],[-65.84715053099997,44.564479588000054],[-65.84975120971414,44.57638479146344],[-65.84616039299989,44.57747679900008],[-65.84530539699995,44.578281322000095],[-65.84476180099986,44.57978928600006],[-65.84541790399989,44.58084420500002],[-65.84884300599994,44.581595978000074],[-65.8448532239999,44.58269476700006],[-65.84455885799993,44.583890435000065],[-65.84925641099979,44.58154964700007],[-65.84594685999993,44.57800425500005],[-65.85222321499988,44.576794274000086],[-65.85995936999983,44.59148163500003],[-65.88095515741243,44.58920284596464],[-65.90777232962466,44.56974023437838],[-65.93788667227965,44.57910422073599],[-65.98252327106368,44.557804780642826],[-66.07325767872891,44.48499206746013],[-66.09074470401748,44.48869685956506],[-66.08553043890922,44.47448803682161],[-66.10921204142532,44.465390445956075],[-66.124954,44.444857147000064],[-66.13884446099995,44.445287267000076],[-66.129643417,44.44250849000011],[-66.14067906799995,44.427526119000035],[-66.20253723299994,44.37517834800011],[-66.20614116999992,44.40520945400007],[-66.04735791799993,44.54563949500006],[-65.95182281599999,44.608551511000144],[-65.93090379500002,44.616823758000095],[-65.91875873299995,44.60938401700007],[-65.79832604399996,44.68712017200006],[-65.780580973,44.690758736000085],[-65.75920237699995,44.66179507500003],[-65.72184563530406,44.64385111089288],[-65.61721821832707,44.70176925636882],[-65.62664729415188,44.66390597619273],[-65.60407208439631,44.6607790601895],[-65.64067617018245,44.64555106933679],[-65.63282758932726,44.62855049341391],[-65.59616398906029,44.64855460952513],[-65.57857575086888,44.63150744473826],[-65.56580812298958,44.63335325794493],[-65.56989490096454,44.62338880536836],[-65.5429926746305,44.59965667786752],[-65.57022428553749,44.585100400980004],[-65.5608699143027,44.57716379238975],[-65.57267467605271,44.57688448933705],[-65.59234346370289,44.55673608992459],[-65.60928029835938,44.56322235306561],[-65.59214292560178,44.54537767496855],[-65.60214235223276,44.539926565635746],[-65.33149067999993,44.311439238162556],[-65.39582100789423,44.23231761135973]],[[-65.94774149162082,44.4841982078758],[-65.9476784638449,44.48423666578969],[-65.94790274182908,44.48409962850604],[-65.94774149162082,44.4841982078758]],[[-65.94544680151846,44.48560340727151],[-65.9454004966177,44.48563160104228],[-65.94548149126356,44.48558243274627],[-65.94544680151846,44.48560340727151]],[[-65.94497909482958,44.48588008908131],[-65.94474379789364,44.48602749766731],[-65.94454609797481,44.48614690441516],[-65.94474379789361,44.48602749766738],[-65.94497909482953,44.485880089081384],[-65.94506935499703,44.48582892897314],[-65.94497909482958,44.48588008908131]],[[-65.94395169660248,44.48650529858911],[-65.94375320073183,44.48663371234945],[-65.94418381074598,44.486365066108256],[-65.94395169660248,44.48650529858911]],[[-65.95074693895802,44.481301688366344],[-65.95074762170958,44.481228771592505],[-65.95074473780136,44.48131430852548],[-65.95074693895802,44.481301688366344]],[[-65.85447084710167,44.60776747563804],[-65.8546831013602,44.60775681203779],[-65.85520999526298,44.607732893591745],[-65.85447084710167,44.60776747563804]],[[-65.8557644879249,44.60770819729286],[-65.85582629149042,44.60770544627575],[-65.85520999526298,44.607732893591745],[-65.8557644879249,44.60770819729286]],[[-65.8543287958981,44.6077792088024],[-65.85432879589817,44.60777920880243],[-65.85432938835572,44.6077792060226],[-65.8543287958981,44.6077792088024]],[[-65.85391579583286,44.60781119699358],[-65.85391579583295,44.60781119699359],[-65.85396264933489,44.60780733199125],[-65.85391579583286,44.60781119699358]],[[-65.85339989340639,44.60785288874134],[-65.85339989340648,44.60785288874138],[-65.85350361913555,44.60784433814659],[-65.85339989340639,44.60785288874134]],[[-65.8527798562904,44.60792578014855],[-65.84800838062053,44.60841250516842],[-65.85263308399786,44.60794309968196],[-65.8527798562904,44.60792578014855]],[[-65.84583250570786,44.606925496153394],[-65.8458325057079,44.60692549615347],[-65.84617407117555,44.607150922195096],[-65.84583250570786,44.606925496153394]],[[-65.8203597932944,44.58845928698003],[-65.82035979329446,44.58845928698011],[-65.82041629516971,44.58850100198535],[-65.8203597932944,44.58845928698003]],[[-65.82023220231468,44.5883742935768],[-65.82015173124864,44.588325800245954],[-65.82031317760328,44.58842822241969],[-65.82023220231468,44.5883742935768]],[[-65.81225852261628,44.58175709400324],[-65.81227058975708,44.58174780606307],[-65.81227058975702,44.58174780606302],[-65.81225852261628,44.58175709400324]],[[-65.87572341754648,44.60091789632431],[-65.87593588656807,44.6008071971817],[-65.8755751950386,44.60100197875687],[-65.87572341754648,44.60091789632431]],[[-65.8735487885489,44.60214930533054],[-65.87354878854899,44.60214930533057],[-65.87530171585782,44.60115629183052],[-65.8735487885489,44.60214930533054]],[[-65.86980199249714,44.60460071120049],[-65.87015740177782,44.60429719700469],[-65.86997410164801,44.604445587286726],[-65.86980199249714,44.60460071120049]],[[-65.86980199249714,44.60460071120049],[-65.86861981377433,44.605763498098966],[-65.86809010095736,44.60629270828538],[-65.8686198137744,44.605763498098995],[-65.86891590383398,44.6054815107901],[-65.86964149000231,44.60476201029581],[-65.86980199249714,44.60460071120049]],[[-65.86809010095736,44.60629270828538],[-65.86772019738267,44.60661169705762],[-65.86760868874582,44.60670270023462],[-65.86809010095736,44.60629270828538]],[[-65.86760868874582,44.60670270023462],[-65.86721091418521,44.60694129569327],[-65.86682540520063,44.607135812957914],[-65.86760868874582,44.60670270023462]],[[-65.8667056086413,44.60717979417295],[-65.86677485210349,44.60715437361865],[-65.86665415135106,44.60719865019139],[-65.8667056086413,44.60717979417295]],[[-65.86651270715161,44.60724701304232],[-65.86656078725846,44.60723099473843],[-65.86640439507129,44.607280511645435],[-65.86651270715161,44.60724701304232]],[[-65.86640439507129,44.607280511645435],[-65.86586199837845,44.60741720574328],[-65.86564841027773,44.60745501472715],[-65.86640439507129,44.607280511645435]],[[-65.86546658177787,44.60747890190317],[-65.86553380597958,44.607472299292304],[-65.86534749389628,44.60748600273667],[-65.86546658177787,44.60747890190317]],[[-65.86359640052756,44.60752450713137],[-65.86427297189935,44.60750705687009],[-65.86143264312936,44.60752399577742],[-65.86359640052756,44.60752450713137]],[[-65.86050889604593,44.607498395314934],[-65.86078690866478,44.607511600061464],[-65.86023520904097,44.60749271354986],[-65.86050889604593,44.607498395314934]],[[-65.8594010866161,44.607520798009766],[-65.85818708486629,44.607590803860504],[-65.85912488435828,44.60754209822823],[-65.8594010866161,44.607520798009766]]],[[[-66.21460230799997,44.40289552100005],[-66.21468932599998,44.375403538000086],[-66.32867700500002,44.24964976000004],[-66.33018042299996,44.260983498000094],[-66.317656719,44.27356392900002],[-66.33152828499995,44.26967571300011],[-66.33349119,44.27807621000008],[-66.21460230799997,44.40289552100005]]]]}},{"type":"Feature","properties":{"id":10206},"geometry":{"type":"MultiPolygon","coordinates":[[[[-65.64778831999993,43.416999278],[-65.64229710299993,43.41144492300005],[-65.64726576599996,43.407845416000065],[-65.64778831999993,43.416999278]]],[[[-65.67552565500002,43.42165651800013],[-65.677026044,43.41870411700009],[-65.67933759999994,43.420981955000094],[-65.67552565500002,43.42165651800013]]],[[[-65.65152681699993,43.427654231000076],[-65.650869991,43.427606440000034],[-65.64454994399995,43.42602411900004],[-65.647760614,43.41919687300008],[-65.65152681699993,43.427654231000076]]],[[[-65.75488335099996,43.48051057900004],[-65.74297906800001,43.4617269850001],[-65.74390025400001,43.455861399000106],[-65.75968938699998,43.475811683000096],[-65.75488335099996,43.48051057900004]]],[[[-65.72028600199994,43.47360525700006],[-65.70553733999994,43.471407367000026],[-65.710674623,43.46519904900005],[-65.72028600199994,43.47360525700006]]],[[[-65.708082627,43.485483006000024],[-65.71441955700001,43.48147003900009],[-65.71865935899994,43.481990489000026],[-65.71701805999992,43.48840421100006],[-65.708082627,43.485483006000024]]],[[[-65.70488284199995,43.488872206000075],[-65.701590874,43.48632097000008],[-65.70771029499993,43.487112528000026],[-65.70488284199995,43.488872206000075]]],[[[-65.68295725699997,43.49892414400007],[-65.68561923299998,43.497592070000074],[-65.688321821,43.49717737300006],[-65.68295725699997,43.49892414400007]]],[[[-65.77325985400002,43.50595179200015],[-65.77730757399995,43.508977772000065],[-65.77104391000003,43.510237321000055],[-65.77325985400002,43.50595179200015]]],[[[-65.75930654999995,43.5111066330001],[-65.76050104099996,43.51369786000006],[-65.75994032,43.514152577000104],[-65.75930654999995,43.5111066330001]]],[[[-65.76771359499992,43.5115335450001],[-65.768568561,43.5145380830001],[-65.76709385999996,43.51448375400007],[-65.76771359499992,43.5115335450001]]],[[[-65.760834954,43.51694913500005],[-65.76474078399993,43.51199268600004],[-65.76509719399995,43.518709830000084],[-65.760834954,43.51694913500005]]],[[[-65.76552992499992,43.53034116600011],[-65.76915027899992,43.5240048860001],[-65.77094535599994,43.528886399],[-65.76552992499992,43.53034116600011]]],[[[-65.77011713999997,43.532688030000095],[-65.77297267000004,43.53288887000012],[-65.77140151399995,43.53452064600003],[-65.77011713999997,43.532688030000095]]],[[[-65.78500915599999,43.552935399000035],[-65.792316814,43.550605129000054],[-65.795717461,43.55106219100011],[-65.79722064599996,43.55197978300004],[-65.80375733199996,43.53997972500009],[-65.80245652700002,43.550365849000094],[-65.79704487199999,43.55246127400004],[-65.79379210700002,43.550920222000116],[-65.78943724400001,43.55392580800007],[-65.78564119499991,43.55348720300011],[-65.78500915599999,43.552935399000035]]],[[[-65.5784013391996,43.56587035209856],[-65.58305633599996,43.55571704300008],[-65.59813388299997,43.55596940900008],[-65.59102929699998,43.542724178000086],[-65.60614532099997,43.54566675900007],[-65.59338384099996,43.53038063400001],[-65.60428133199994,43.54061314200004],[-65.61205960999992,43.518961629000025],[-65.65325525399993,43.511223583000096],[-65.65538255799996,43.48159673300008],[-65.67310090299995,43.487181218000046],[-65.67840604599998,43.50312764000012],[-65.69775162499995,43.50034952700006],[-65.69786808099992,43.49241445700005],[-65.73055338099995,43.49211521900013],[-65.74116982199992,43.571687899000075],[-65.75330296599998,43.572989772000156],[-65.743358217,43.538888996000104],[-65.75094174599997,43.533646564000016],[-65.78655224499995,43.566799427],[-65.77998897815195,43.59561714145404],[-65.7237465066226,43.60142013144041],[-65.61077162772652,43.63988778022504],[-65.6487490650075,43.74715123075703],[-65.56855377813964,43.92183310558789],[-65.5565454318141,43.92148137496695],[-65.3958210079647,44.23231761111996],[-64.97377068661196,43.87318851472346],[-64.96922325999998,43.842908798000046],[-64.95038697799998,43.842070480000096],[-64.92317536499996,43.79773001000006],[-64.94792060099998,43.7750448260001],[-64.945420861,43.76271641000003],[-64.96150971899998,43.744497033000094],[-64.95825772500004,43.75597847400005],[-64.97044979199995,43.758821100000056],[-64.97867593199993,43.74420105100006],[-64.99051668599998,43.75222470900006],[-64.98954215899997,43.76404546700007],[-65.01014948399997,43.765527996000095],[-65.01739373500003,43.75808286500007],[-65.01348286799994,43.743331834000074],[-64.99824366199994,43.72972509000002],[-65.01001864099996,43.73370488000006],[-65.00986100399997,43.72342545000009],[-65.035952992,43.716336770000076],[-65.01955383500001,43.7100280890001],[-65.02842979099998,43.69497871600003],[-65.05698094799997,43.69999657400009],[-65.07146937599997,43.68719263600005],[-65.08123061199998,43.7215174280001],[-65.07560304499994,43.75159298200003],[-65.092434713,43.74985436100004],[-65.09870723,43.71431892700008],[-65.11252038199999,43.71707157900006],[-65.12330267999995,43.705328992000055],[-65.12253922599993,43.696357489],[-65.11247953599991,43.702486378000046],[-65.105866591,43.69048947600005],[-65.12457719136391,43.69327636264886],[-65.12826058299996,43.65251995400008],[-65.145937951,43.67220463700011],[-65.14986985199995,43.72739536000006],[-65.14325587499995,43.71461736900008],[-65.13750063299997,43.7220721900001],[-65.14368229299996,43.74292586800007],[-65.15491182800001,43.731928243000056],[-65.158597412,43.74292412700004],[-65.17038463099998,43.71925534000012],[-65.16362369499997,43.70524782100013],[-65.177724934,43.69811010300002],[-65.230925377,43.78335625100003],[-65.236762181,43.81055884600008],[-65.23419100799998,43.76426791200002],[-65.25369933699996,43.77957793100009],[-65.25804767099993,43.76866077000009],[-65.23900919399993,43.7522258030001],[-65.22546242599995,43.72385903500011],[-65.22826704699995,43.705076769000094],[-65.22259635299999,43.70947296400004],[-65.21700007499993,43.699416578000076],[-65.23516020099997,43.70153873900007],[-65.24281833599994,43.67793408300012],[-65.232439884,43.67539122300007],[-65.23952178099994,43.67035460200011],[-65.232656637,43.66618521000006],[-65.23571014499996,43.657229827],[-65.24106615699995,43.66785730900007],[-65.25712015799995,43.65737611300011],[-65.29314206599999,43.67146482600002],[-65.30001589799993,43.659320781000055],[-65.26242816399997,43.62634328300005],[-65.27753522299994,43.615454746000076],[-65.305591232,43.633907972000095],[-65.30473210099991,43.660063073000046],[-65.32774398,43.663441132000074],[-65.33442409099996,43.632278071000165],[-65.34167527099997,43.63800911900005],[-65.34145348899993,43.626236793000096],[-65.34916369800001,43.630706457000116],[-65.33284535300001,43.61134060100004],[-65.32316756999997,43.61327552200004],[-65.32327639199997,43.60516093400007],[-65.35110463799995,43.601008194000094],[-65.36764227199996,43.6107329040001],[-65.36940429399995,43.603538395000086],[-65.35071115599996,43.6004490740001],[-65.33442924199997,43.5782914170001],[-65.350542571,43.5633479340001],[-65.33953614999993,43.54386444100008],[-65.34379686799994,43.534674240000086],[-65.36180166499993,43.54317231900009],[-65.35367804299997,43.550705040000075],[-65.36777645799998,43.5712035760001],[-65.38322093799997,43.564669869000085],[-65.38073221899998,43.5495863660001],[-65.39569301699996,43.54695068900008],[-65.41122380799997,43.5564651700001],[-65.41986594699996,43.57873792500003],[-65.45867082499996,43.59491776900009],[-65.44728894900001,43.579414366000044],[-65.44708888899994,43.56316685300007],[-65.45652256599992,43.5616138660001],[-65.43165072199997,43.5496756160001],[-65.46069286899997,43.557301347000056],[-65.44734964999991,43.528631687000136],[-65.46617395999995,43.506527744000074],[-65.49201295899991,43.51278305600003],[-65.46899859999995,43.497228800000094],[-65.46253684499996,43.483403226000064],[-65.469614595,43.47138337900009],[-65.45982923300002,43.48463203700006],[-65.45582290099992,43.48158488000011],[-65.46907293399998,43.44897535600009],[-65.49091948799993,43.46153893000012],[-65.484788809,43.475421316000066],[-65.49226929199996,43.491663461000066],[-65.50951027699998,43.50124438200009],[-65.51939736099996,43.49599368700006],[-65.545705915,43.51368834600002],[-65.55827573099994,43.530667885000106],[-65.545781987,43.53284674000008],[-65.56151375599997,43.56211751400008],[-65.5784013391996,43.56587035209856]],[[-64.97623864481154,43.868123540920735],[-64.97628856622305,43.867685605311074],[-64.97606634658018,43.86799086890335],[-64.97623864481154,43.868123540920735]]],[[[-65.617753501,43.401349134000036],[-65.62215230599996,43.38967823700008],[-65.62693992400003,43.39818505500008],[-65.644352432,43.4019162580001],[-65.64970199499994,43.40367416900002],[-65.65100647099995,43.40498550600003],[-65.617753501,43.401349134000036]]],[[[-65.62945495099996,43.418349989],[-65.627894432,43.415684707000054],[-65.63052607199998,43.41798317900012],[-65.62945495099996,43.418349989]]],[[[-65.63484611200005,43.42673447300008],[-65.63688890200001,43.42512969700006],[-65.63925751199989,43.42619149900011],[-65.63484611200005,43.42673447300008]]],[[[-65.62446568499998,43.4289451960001],[-65.6258481369999,43.42634734000008],[-65.63172629499996,43.42572590900005],[-65.62446568499998,43.4289451960001]]],[[[-65.64134797200005,43.42824109600012],[-65.64441892599993,43.42840417400006],[-65.64293454299992,43.43091458100008],[-65.64134797200005,43.42824109600012]]],[[[-65.56880822500003,43.498053932000076],[-65.55814055799996,43.475945729000046],[-65.58533690499995,43.456137453000025],[-65.58830202399996,43.44336586600005],[-65.59762753199996,43.44557630400005],[-65.60056519599993,43.43713588600008],[-65.58432752699994,43.44376196100007],[-65.60787727800003,43.4267228300001],[-65.61725221699994,43.407771384000064],[-65.62091535300002,43.4076604350001],[-65.61939109599993,43.43302334400006],[-65.6323173799999,43.43337459500008],[-65.63190684299997,43.43701260300011],[-65.62802963199998,43.43764208500007],[-65.62667809799994,43.43981606500006],[-65.65549145837947,43.45727487367541],[-65.63456392599996,43.472588594000094],[-65.62557705699997,43.47347073300004],[-65.625699123,43.46430203600006],[-65.61798512899995,43.47545471300006],[-65.60407611400002,43.46999204900008],[-65.61934219499994,43.492260746],[-65.60802966499999,43.51387649100009],[-65.59225052699992,43.509130419000094],[-65.59151719599996,43.4995129870001],[-65.56880822500003,43.498053932000076]]],[[[-65.63740693,43.50552195100012],[-65.63737490699998,43.502515425000105],[-65.64080776099993,43.50294935800009],[-65.63740693,43.50552195100012]]],[[[-65.63527417,43.50824528500009],[-65.6396086969999,43.50580426100009],[-65.640556715,43.50683579200008],[-65.63527417,43.50824528500009]]],[[[-65.4402509249999,43.528126225000065],[-65.43631286399999,43.521907578000054],[-65.44123461099998,43.50834179300007],[-65.44439167299994,43.51361359100011],[-65.4402509249999,43.528126225000065]]],[[[-65.56134269600005,43.538801618000015],[-65.56098694699995,43.53478489400003],[-65.56249363899998,43.53441797900006],[-65.56134269600005,43.538801618000015]]],[[[-65.58807369999995,43.55492823000009],[-65.59036442700001,43.55176102600011],[-65.590355616,43.55444433300003],[-65.58807369999995,43.55492823000009]]],[[[-65.37782184099996,43.46798184400006],[-65.37697339599991,43.46967422700006],[-65.37542938999992,43.46781550300008],[-65.37782184099996,43.46798184400006]]],[[[-65.39791425400001,43.46682370300004],[-65.39522805700001,43.4761180570001],[-65.395666313,43.46593444700004],[-65.39791425400001,43.46682370300004]]],[[[-65.43564469799996,43.54649325900004],[-65.40491294899998,43.53600645100005],[-65.40456301199993,43.498242649000105],[-65.39338658199993,43.48271148000004],[-65.41906900699995,43.484250621000086],[-65.42044721299996,43.523379225000056],[-65.43564469799996,43.54649325900004]]],[[[-65.38225535300003,43.52886380800005],[-65.36366798899994,43.51681546600004],[-65.341719748,43.51458417300007],[-65.34564105399997,43.505310809000036],[-65.37398704499998,43.51336016100005],[-65.38225535300003,43.52886380800005]]],[[[-65.433582975,43.548166873000085],[-65.43725184099993,43.54889900700003],[-65.433796749,43.54886459500003],[-65.433582975,43.548166873000085]]],[[[-65.31915271399993,43.57168758200005],[-65.32160205799997,43.57161983400006],[-65.31933914399995,43.57235007800007],[-65.31915271399993,43.57168758200005]]],[[[-65.30414554999997,43.60386460200006],[-65.309412344,43.60065196700006],[-65.30765759700002,43.607251179000066],[-65.30414554999997,43.60386460200006]]],[[[-65.18006423700001,43.68390267600009],[-65.17079333599996,43.68381808600009],[-65.176748277,43.67729416400001],[-65.18006423700001,43.68390267600009]]],[[[-65.03380993100004,43.686743700000115],[-65.02720715800002,43.683736745000076],[-65.02737875299998,43.681464758000104],[-65.03380993100004,43.686743700000115]]],[[[-65.2334853979999,43.695205890000096],[-65.23033799199996,43.686290708000094],[-65.23460071299994,43.682137752000074],[-65.2334853979999,43.695205890000096]]],[[[-65.10382302999993,43.6976940470001],[-65.100986271,43.690732381000124],[-65.102723231,43.68824239500009],[-65.10382302999993,43.6976940470001]]],[[[-65.08079834500005,43.694685290000066],[-65.08274123600006,43.69775616500005],[-65.08145828499998,43.697977633000036],[-65.08079834500005,43.694685290000066]]],[[[-64.97259455299995,43.748862047000024],[-64.96392293800002,43.743096030000075],[-64.96807021200001,43.73663204900007],[-64.97259455299995,43.748862047000024]]],[[[-64.99999998599993,43.74293891700007],[-65.00321548100001,43.743800417000024],[-64.99791799800003,43.74330639800007],[-64.99999998599993,43.74293891700007]]]]}},{"type":"Feature","properties":{"id":10207},"geometry":{"type":"MultiPolygon","coordinates":[[[[-66.05719301099994,43.6257708250001],[-66.05509004899997,43.63050650100012],[-66.05427233899994,43.62669494400006],[-66.05719301099994,43.6257708250001]]],[[[-66.06402897199993,43.63224922200007],[-66.06149958099996,43.634173507000106],[-66.06142967199992,43.62912118400005],[-66.06402897199993,43.63224922200007]]],[[[-66.043762643,43.634256462000096],[-66.04144491899997,43.63551095900006],[-66.04163706299997,43.63235570700009],[-66.043762643,43.634256462000096]]],[[[-66.061509211,43.64223232400009],[-66.05970091,43.639655820000115],[-66.06227638200002,43.64099158100009],[-66.061509211,43.64223232400009]]],[[[-66.050528811,43.64366896500007],[-66.05860919700001,43.650080755000076],[-66.05847582399993,43.65204908500009],[-66.050528811,43.64366896500007]]],[[[-66.04782188299997,43.65437621700009],[-66.04603191399998,43.654464977000124],[-66.04631967900002,43.653148906000084],[-66.04782188299997,43.65437621700009]]],[[[-66.05368519899993,43.67088693000003],[-66.052970766,43.66926588700009],[-66.06050774499994,43.677986388000114],[-66.05368519899993,43.67088693000003]]],[[[-66.14452540900004,43.689805600000014],[-66.14247934190324,43.68818272197214],[-66.14347454605769,43.68757151368337],[-66.14452540900004,43.689805600000014]]],[[[-66.047426017,43.702129295000084],[-66.04530147099996,43.704955437000066],[-66.0447023049999,43.70123952800007],[-66.047426017,43.702129295000084]]],[[[-66.04416197399995,43.72484149600008],[-66.03693922200002,43.717739721000044],[-66.03360546499994,43.71235015700006],[-66.049424523,43.718044962000064],[-66.04416197399995,43.72484149600008]]],[[[-66.08759059999996,43.72430066200013],[-66.0848857009999,43.724780838000086],[-66.08622454299994,43.72200595500008],[-66.08759059999996,43.72430066200013]]],[[[-66.05238715299996,43.731032352000014],[-66.05318157,43.733060601000076],[-66.05162961699999,43.73255238100007],[-66.05238715299996,43.731032352000014]]],[[[-66.04285526999992,43.73221747300003],[-66.04069222400001,43.732521575000106],[-66.04143409400001,43.730316962000124],[-66.04285526999992,43.73221747300003]]],[[[-66.08671916537642,43.73627036913128],[-66.09522864070607,43.737463586982884],[-66.0903734363363,43.73730589613329],[-66.08999320640221,43.74207861545493],[-66.08671916537642,43.73627036913128]]],[[[-66.09370972034881,43.74709872643273],[-66.09884392599999,43.73575130100004],[-66.10108378699996,43.747224502000066],[-66.09370972034881,43.74709872643273]]],[[[-66.09193339499994,43.746397641000094],[-66.08858261180174,43.74754747581511],[-66.08830511790885,43.746281764862886],[-66.09193339499994,43.746397641000094]]],[[[-66.085211755,43.74875622900006],[-66.08386395800004,43.74786648700009],[-66.08619429499998,43.74744878100006],[-66.085211755,43.74875622900006]]],[[[-66.10707907099997,43.75007335700007],[-66.10468459767905,43.75015257885225],[-66.10563454800001,43.749289727000075],[-66.10707907099997,43.75007335700007]]],[[[-66.09716458439738,43.7606748067043],[-66.09315164400003,43.751245453000124],[-66.10162534613394,43.75449941759],[-66.09716458439738,43.7606748067043]]],[[[-66.10377059700008,43.76231932100002],[-66.10618764399997,43.766035967],[-66.10473413799994,43.76603512900006],[-66.10377059700008,43.76231932100002]]],[[[-66.09759701799997,43.765133689],[-66.10253578699994,43.76473691500003],[-66.10237176599996,43.767874916000075],[-66.09759701799997,43.765133689]]],[[[-66.09614377500004,43.76846400800003],[-66.09385694009109,43.76471167356959],[-66.0961141539999,43.76343037300006],[-66.09614377500004,43.76846400800003]]],[[[-66.0899060659999,43.77334710200011],[-66.08512307700002,43.76413172100009],[-66.089843565,43.765161451000104],[-66.0899060659999,43.77334710200011]]],[[[-66.09511956399993,43.77627087800003],[-66.11543280999999,43.758499938],[-66.10924208601178,43.74846203965381],[-66.11713936613272,43.75082160040782],[-66.11788704144918,43.73939405861675],[-66.11207727099995,43.74563032600011],[-66.10929660486273,43.74064564023406],[-66.11891537800005,43.73486389100003],[-66.13289037048209,43.77702231776865],[-66.125983945,43.782246766000085],[-66.13337382333745,43.79173837249541],[-66.12815310899998,43.81347989500006],[-66.13984221099996,43.81422343800004],[-66.1237493148396,43.81762533923776],[-66.1220264225325,43.84088402046304],[-66.12554109854472,43.84663399164294],[-66.13869798327404,43.8442339903563],[-66.14214605329454,43.8300237448037],[-66.1352255555945,43.83874991166569],[-66.13437546967381,43.828453081335034],[-66.14120341463575,43.82798629592964],[-66.14239742766077,43.818752222028344],[-66.15125680558997,43.81534398484014],[-66.145949714,43.820948679000026],[-66.1485184949999,43.868028046000106],[-66.14151800499995,43.87519065700005],[-66.135268972,43.87339546100009],[-66.13166654800001,43.874808576000085],[-66.131092288,43.875622446000094],[-66.13525942499996,43.873854394000084],[-66.13832557100005,43.87583997000007],[-66.14312340299996,43.87493374600007],[-66.163160935,43.853186211000036],[-66.17076921200002,43.86093775300009],[-66.15172097500002,43.89378523700009],[-66.1605627524844,43.88853227972085],[-66.16916896243923,43.904883756622546],[-66.151302209,43.9244757630001],[-66.16853687377113,43.9722083355355],[-66.15475643399992,43.98468502900001],[-66.15225570936649,44.002266103356895],[-66.17417742099995,44.02865236000005],[-66.16550515800002,44.040420463000075],[-66.17978501399999,44.05983357300008],[-66.17974190699994,44.07650613900011],[-66.19433599499993,44.090604342000084],[-66.20830230899993,44.082889023000085],[-66.21385881,44.09275703900007],[-66.18039507699997,44.178030677000024],[-66.16686615199995,44.195638450000025],[-66.15650403999987,44.194615555000055],[-66.15206003699994,44.21671483500008],[-66.1371389976867,44.2244422868355],[-66.13188008298722,44.24247260809797],[-66.10208440962433,44.22341621425803],[-66.08931440394436,44.24764754024847],[-66.08304289914307,44.24495110370941],[-66.08942999172233,44.21740178458787],[-66.05811038511034,44.22215036902435],[-66.0500864399518,44.23516375922852],[-66.03804541257593,44.21947448342674],[-66.00836563756714,44.22140261512518],[-65.99595125013641,44.2340788508031],[-65.9795836479053,44.22596717096282],[-65.95037278612222,44.24816229197018],[-65.92889829514897,44.234986400555414],[-65.94308489408286,44.21363050008455],[-65.94513479273434,44.17360670769082],[-65.93378581926068,44.16335179241079],[-65.92438129580188,44.12014179101792],[-65.88878372597253,44.138115289522545],[-65.3958210079647,44.23231761111996],[-65.5565454318141,43.92148137496695],[-65.56855377804649,43.92183310586269],[-65.64874906500245,43.74715123091904],[-65.61077162772652,43.63988778022504],[-65.7237465066226,43.60142013144041],[-65.77998897815195,43.59561714145404],[-65.76344443699996,43.66598611800004],[-65.77684304600002,43.70664514100012],[-65.78832738299995,43.69308520500008],[-65.78237683299997,43.693203310000044],[-65.77825334799995,43.68264355200007],[-65.79360139699996,43.68695102000008],[-65.80376906149463,43.641819297904306],[-65.78920350689268,43.63650365579329],[-65.78777054645609,43.6175861101269],[-65.79214190519734,43.598778880460884],[-65.80396182488316,43.592132799571225],[-65.81378997706102,43.6036588476722],[-65.81014378836069,43.6322989441155],[-65.82332769400001,43.66392739800002],[-65.815672527,43.697528360000064],[-65.82766573500004,43.720866151000095],[-65.84003139678255,43.71842006694805],[-65.8414762841753,43.75379106058844],[-65.85249997289768,43.75136143579293],[-65.84155710900002,43.761793047000126],[-65.856454213,43.79392358700013],[-65.861287759,43.79415370000002],[-65.85816342099994,43.81307593500013],[-65.871536365,43.8132266220001],[-65.86631283199998,43.80592109900003],[-65.87391585499998,43.80140841500006],[-65.85648644599996,43.77452052800007],[-65.86970546900002,43.764105323000145],[-65.86883166899989,43.75310713300008],[-65.92179273399998,43.813761439000075],[-65.89997979599994,43.803648562000035],[-65.89591443500008,43.79412716100007],[-65.88411291899995,43.78883474800005],[-65.89771720699999,43.8077574820001],[-65.92851021600003,43.83594453800002],[-65.92379940600001,43.82404585400009],[-65.92822671199994,43.81515421100004],[-65.93707575599996,43.84143259300002],[-65.95058207999992,43.84112940100008],[-65.93393570000003,43.81976139500008],[-65.94741366799994,43.82504134500002],[-65.94360362600003,43.81204884800007],[-65.95017497899994,43.81193327900004],[-65.94174766399998,43.80539821800007],[-65.933110053,43.81382241300009],[-65.92620543599995,43.80203416000006],[-65.94335520999996,43.80193552300004],[-65.93032874899994,43.78060853500007],[-65.96921928200001,43.812123907000064],[-65.94686259900003,43.77316046500006],[-65.95977872299996,43.77958792500006],[-65.95858157199997,43.76313383200007],[-65.96833218899994,43.761602320000065],[-65.97413032399994,43.77807162900004],[-65.98120282200001,43.775366278000064],[-65.99345421099997,43.78681309700005],[-65.97575724799997,43.7803070690001],[-65.97105975699995,43.79258387200012],[-65.97772969999998,43.801998667000085],[-65.97688181399997,43.788938967000014],[-65.98442627599995,43.78994847300007],[-65.99438556100006,43.809179881000055],[-65.98873177299998,43.80699615000013],[-65.98303648899999,43.80896374500012],[-65.99404379900004,43.82546677200009],[-65.98506893199993,43.829780240000055],[-65.98304291199996,43.82780744400006],[-65.984674435,43.82461366400006],[-65.983250828,43.82324635200009],[-65.98243790400004,43.827895265000066],[-65.99080161699997,43.834744066000056],[-65.974135769,43.849017396000086],[-65.982156467,43.8661574110001],[-65.97578677399999,43.86769209600003],[-65.970718069,43.875125698000076],[-65.974042057,43.88014398300002],[-65.96415971799995,43.88015790500004],[-65.97070582899995,43.88689322500007],[-65.96865738099996,43.8822468440001],[-65.97322693499989,43.881272625000065],[-65.976722105,43.87872366800011],[-65.97100001599998,43.88755181300008],[-65.98161703099996,43.88502423900007],[-65.97830380500002,43.87849336200011],[-65.97472359000001,43.878082526000114],[-65.98417491799997,43.86570853400011],[-65.98104150000002,43.84779292600007],[-66.01034134299994,43.83800615800007],[-65.99846059899998,43.814835049000074],[-66.01327021499993,43.82443386900009],[-66.015916832,43.8152476960001],[-66.0085131319999,43.814117639000095],[-65.99666034999994,43.773386085000084],[-65.97638764099995,43.76046530300008],[-65.97976693698796,43.75447741015014],[-65.98285874999993,43.756199920000086],[-65.98417535299996,43.76069421300012],[-65.985632816,43.761025255000106],[-65.98261022400004,43.74720305500011],[-65.982126497,43.75446339800007],[-65.963958955,43.7449966710001],[-65.97886975500005,43.69509000600005],[-65.98028734200003,43.72317967100006],[-65.98585297,43.73549497700013],[-65.98806148399991,43.73421275200011],[-65.99209475999999,43.74089568400012],[-65.9933244889999,43.741151563000095],[-66.01247519400003,43.70270590000007],[-66.01138349599998,43.68372514100009],[-66.02316972599998,43.68422204600011],[-66.03370156500003,43.70160257800005],[-66.0276321529999,43.73097594400008],[-66.04559291399995,43.747233936000065],[-66.07551661200004,43.732599360000094],[-66.06636614699997,43.72699863800011],[-66.05801497699989,43.73375243900009],[-66.061898275,43.722904283000084],[-66.05134422599993,43.71155808000014],[-66.06099830600003,43.70196618200004],[-66.08290855600002,43.73941492800009],[-66.076451282,43.73839447600006],[-66.07629892099992,43.758603154000085],[-66.07166710799997,43.74660902600009],[-66.06752712499996,43.7548309110001],[-66.08618420600001,43.7798786630001],[-66.09511956399993,43.77627087800003]],[[-66.10168581211614,43.77863833317626],[-66.1016858121161,43.778638333176325],[-66.10177659380119,43.77865499179321],[-66.10168581211614,43.77863833317626]],[[-66.10128790045464,43.778454889944506],[-66.10119829255981,43.778406001663846],[-66.10163988758785,43.77862990589565],[-66.10128790045464,43.778454889944506]],[[-66.1010603024432,43.778332404654535],[-66.10084648751562,43.778209389664546],[-66.10119829255981,43.778406001663846],[-66.1010603024432,43.778332404654535]],[[-66.10061758119271,43.77808510201579],[-66.1006175811927,43.778085102015844],[-66.10061889673823,43.778086002806994],[-66.10061758119271,43.77808510201579]],[[-66.09909541166245,43.777315203863715],[-66.0990954116624,43.777315203863786],[-66.0991763427578,43.777361727376544],[-66.09909541166245,43.777315203863715]],[[-66.09867789763837,43.77705108898376],[-66.09867789763832,43.777051088983825],[-66.09876919053268,43.777110701086734],[-66.09867789763837,43.77705108898376]],[[-66.09818651302537,43.77674969276962],[-66.09804662052548,43.77669009493938],[-66.09824931589435,43.77678719488142],[-66.09818651302537,43.77674969276962]],[[-66.09764414901467,43.7766418313315],[-66.09764414901463,43.77664183133157],[-66.09764909159952,43.776642288372784],[-66.09764414901467,43.7766418313315]],[[-66.09664029176963,43.776548998633864],[-66.09641578640606,43.77653349459355],[-66.09626309922737,43.77653579779219],[-66.09664029176963,43.776548998633864]],[[-66.0959310808515,43.77653130331401],[-66.09593108085146,43.77653130331407],[-66.09596960440906,43.77653671433627],[-66.0959310808515,43.77653130331401]],[[-66.09583320423545,43.77650990758221],[-66.09576859921879,43.77648890097891],[-66.09586648633109,43.77651850103661],[-66.09583320423545,43.77650990758221]],[[-66.145248625903,43.855282382442844],[-66.14503504438592,43.855214517613426],[-66.14524862586839,43.85528238273489],[-66.145248625903,43.855282382442844]],[[-66.12597084427145,43.84790901051944],[-66.1259140872601,43.848745696594335],[-66.12620270177892,43.84840322570687],[-66.12597084427145,43.84790901051944]],[[-65.86521513528048,43.91151099861665],[-65.86521513528041,43.911510998616556],[-65.86521890529252,43.91153709946648],[-65.86521513528048,43.91151099861665]],[[-65.85464836040993,43.81741996457829],[-65.85464836040988,43.817419964578214],[-65.85470969208133,43.81756679288266],[-65.85464836040993,43.81741996457829]],[[-65.82809814924411,43.843851630976076],[-65.82809814924414,43.843851630976005],[-65.82792740595411,43.8440366062889],[-65.82809814924411,43.843851630976076]],[[-65.7930258121236,43.874393929004384],[-65.79302581237077,43.87439392901299],[-65.80863174963694,43.87430035720029],[-65.81368012857725,43.874269511304234],[-65.8144153143562,43.87426498231865],[-65.7930258121236,43.874393929004384]],[[-65.77222776350122,43.87454478136998],[-65.7722277638337,43.87454478112333],[-65.75884780660108,43.87480103402716],[-65.77222776350122,43.87454478136998]],[[-65.74172940762425,43.8509866687699],[-65.74537405568749,43.87498600767054],[-65.74537405581862,43.87498600766964],[-65.74172940762425,43.8509866687699]]],[[[-66.13425617769316,43.794586142842476],[-66.13322767899992,43.78668742800005],[-66.13906153135582,43.785243885811234],[-66.13952687062154,43.7948374906288],[-66.13433341588107,43.79891460873268],[-66.1325795727107,43.79927068512126],[-66.13425617769316,43.794586142842476]]],[[[-66.15704808811441,43.81452361701858],[-66.1575332891152,43.80537892751452],[-66.14599028785418,43.808803676872465],[-66.15581251897044,43.79065222119707],[-66.15293976879457,43.80360620397822],[-66.16979358855393,43.80058232889595],[-66.15704808811441,43.81452361701858]]],[[[-66.136050136,43.806421549000106],[-66.13485215992092,43.80620628318768],[-66.13611381855407,43.80634518860037],[-66.136050136,43.806421549000106]]],[[[-66.01461077000002,43.42889115800009],[-66.00590505499997,43.418795249000084],[-66.00794880699993,43.39210765400012],[-66.01940525300002,43.39389269700008],[-66.02199922999998,43.40394552300009],[-66.02304853599995,43.425113655000075],[-66.01461077000002,43.42889115800009]]],[[[-65.98698042499997,43.466728157000034],[-65.98539862899997,43.46397835500006],[-65.987785914,43.46476230700005],[-65.98698042499997,43.466728157000034]]],[[[-65.983871747,43.497232787000065],[-65.979759053,43.4774960550001],[-65.99141015399995,43.47407629500012],[-65.99146108699996,43.48912909600005],[-65.983871747,43.497232787000065]]],[[[-65.98228569799994,43.509474130000086],[-65.98437801399996,43.50574600200008],[-65.98993112,43.508481968000076],[-65.98228569799994,43.509474130000086]]],[[[-66.00792018400003,43.505904683000104],[-66.003578545,43.510148662000105],[-65.99938813699994,43.510602002000056],[-66.00000000699995,43.50944207200009],[-66.00792018400003,43.505904683000104]]],[[[-66.02194789399995,43.59983652200003],[-66.02309185200002,43.59824571400011],[-66.02434116299995,43.60004295100007],[-66.02194789399995,43.59983652200003]]],[[[-66.03481387799995,43.6201230580001],[-66.03821591100005,43.619995244000066],[-66.03785874699999,43.62095837100009],[-66.03481387799995,43.6201230580001]]],[[[-66.03343346099992,43.633817560000075],[-66.02624771899995,43.62846270900009],[-66.03255385699997,43.63028336500012],[-66.03343346099992,43.633817560000075]]],[[[-66.04312603700004,43.64495413500006],[-66.03670123500004,43.6455078910001],[-66.03859443299994,43.64205464400004],[-66.04312603700004,43.64495413500006]]],[[[-66.02964011699997,43.64488330700009],[-66.02823140699995,43.649060290000094],[-66.02684227900002,43.6440452290001],[-66.02964011699997,43.64488330700009]]],[[[-66.00874789500003,43.66462286300009],[-66.002793361,43.641732992000044],[-66.00597023799997,43.64740747700007],[-66.02035805399994,43.639032355000076],[-66.02471644099997,43.665742252000086],[-66.00874789500003,43.66462286300009]]],[[[-65.99246446100001,43.65657803100006],[-65.99569691699996,43.65973451800006],[-65.99648599499993,43.66038907700008],[-65.99405091699998,43.659552602000126],[-65.99246446100001,43.65657803100006]]],[[[-66.03693934199998,43.65805592300007],[-66.03442275700002,43.660556608000036],[-66.03072611099995,43.65680515800004],[-66.03693934199998,43.65805592300007]]],[[[-66.03718113199997,43.664481666000114],[-66.03406331299998,43.66382453900009],[-66.03475701099995,43.66308625900011],[-66.03718113199997,43.664481666000114]]],[[[-66.03052800899998,43.66610058500005],[-66.02953958699995,43.66677714000007],[-66.02967517599997,43.665538193000124],[-66.03052800899998,43.66610058500005]]],[[[-66.00481016599993,43.66723870000004],[-66.00264711799994,43.6668398090001],[-66.00278279000001,43.66560991700004],[-66.00481016599993,43.66723870000004]]],[[[-66.04405654099993,43.66944065300005],[-66.03905549200002,43.67150796400005],[-66.041209492,43.66579257600005],[-66.04405654099993,43.66944065300005]]],[[[-66.02825431900001,43.66994893800012],[-66.02641358500003,43.671305561000125],[-66.02544771199993,43.667760055000116],[-66.02825431900001,43.66994893800012]]],[[[-65.97381437799997,43.673910629000055],[-65.97569324999998,43.67653571500008],[-65.97572740799991,43.678731669000086],[-65.97381437799997,43.673910629000055]]],[[[-66.03574790399996,43.678219769000066],[-66.03196053599999,43.679805042000076],[-66.02995080199995,43.67402662400007],[-66.03574790399996,43.678219769000066]]],[[[-65.95189611000004,43.70348831600009],[-65.95074301899993,43.70629118300007],[-65.94922542,43.70394447300004],[-65.95189611000004,43.70348831600009]]],[[[-66.00910454999996,43.70734447500009],[-66.00740042000001,43.706174409000106],[-66.00908812699996,43.70493112400008],[-66.00910454999996,43.70734447500009]]],[[[-66.03807116599998,43.72172157600004],[-66.03697078199997,43.726914999000094],[-66.03587184999994,43.72100725700009],[-66.03807116599998,43.72172157600004]]],[[[-65.95713650200001,43.758768620000055],[-65.95877707199996,43.7560161020001],[-65.95990836499996,43.75855275100009],[-65.95713650200001,43.758768620000055]]],[[[-65.97685802799997,43.763685247000105],[-65.97787977899992,43.76599946800011],[-65.976200239,43.76570111500012],[-65.97685802799997,43.763685247000105]]],[[[-65.99649863499997,43.83823201200006],[-65.994143468,43.840382557000105],[-65.99359451999999,43.83960465300004],[-65.99649863499997,43.83823201200006]]],[[[-65.914887355,43.66020489300012],[-65.91552863900003,43.662691505000026],[-65.91521767799995,43.662672432000114],[-65.914887355,43.66020489300012]]],[[[-65.92273589399998,43.69362326200014],[-65.92302098699994,43.6971903340001],[-65.92222970899992,43.693420122000084],[-65.92273589399998,43.69362326200014]]],[[[-65.88612418399997,43.7048542800001],[-65.87997900399996,43.696267043000034],[-65.87950272600001,43.68994961600009],[-65.88656190600001,43.70053056800006],[-65.88612418399997,43.7048542800001]]],[[[-65.88930158500001,43.70047028900008],[-65.893762203,43.70419281500004],[-65.89224948099995,43.70783250600004],[-65.88930158500001,43.70047028900008]]],[[[-65.90610869100003,43.703123032000086],[-65.90753874700005,43.708569727000054],[-65.90429269800005,43.702782075000094],[-65.90610869100003,43.703123032000086]]],[[[-65.89019904899997,43.7080374880001],[-65.89201116099994,43.713969896000016],[-65.88958901199999,43.718839038000105],[-65.89019904899997,43.7080374880001]]],[[[-65.94605787399996,43.71781045200009],[-65.942585386,43.71204777900009],[-65.95101676999994,43.715656661000104],[-65.94605787399996,43.71781045200009]]],[[[-65.93366564,43.72841135000005],[-65.92081683499997,43.71235449600003],[-65.91933331299995,43.69740170400008],[-65.94393423099996,43.727669934000126],[-65.93366564,43.72841135000005]]],[[[-65.90070845999998,43.72340098900007],[-65.90502021400005,43.72142767800007],[-65.90619333499995,43.7243779880001],[-65.90070845999998,43.72340098900007]]],[[[-65.88549403599995,43.73024186600008],[-65.87675443899995,43.722233213000045],[-65.88290626800001,43.715388532000105],[-65.88549403599995,43.73024186600008]]],[[[-65.90337503099998,43.72694360900002],[-65.90538277099995,43.725587044000086],[-65.905893112,43.726897569000094],[-65.90337503099998,43.72694360900002]]],[[[-65.89045505299998,43.72755042900007],[-65.89651187499997,43.73291609200004],[-65.89290078699995,43.73347579700004],[-65.89045505299998,43.72755042900007]]],[[[-65.898621344,43.731602083000084],[-65.89977668000002,43.730843464000074],[-65.89981390099997,43.732643207000095],[-65.898621344,43.731602083000084]]],[[[-65.90749229899993,43.73428467600004],[-65.90858588,43.73148377600007],[-65.908219441,43.73442823300009],[-65.90749229899993,43.73428467600004]]],[[[-65.93078940499997,43.7371464820001],[-65.93293022899996,43.73775777600007],[-65.93200450399995,43.74092371800004],[-65.93078940499997,43.7371464820001]]],[[[-65.917070379,43.73847010100007],[-65.916045603,43.740125892000066],[-65.91491288299991,43.73904739700005],[-65.917070379,43.73847010100007]]],[[[-65.91169634900001,43.74185746500004],[-65.91355533000002,43.738964994000085],[-65.912615794,43.742635331000116],[-65.91169634900001,43.74185746500004]]],[[[-65.91532522899995,43.74037836400005],[-65.91757357399996,43.74243674200011],[-65.914668995,43.74067422400013],[-65.91532522899995,43.74037836400005]]],[[[-65.94785568799998,43.770361803000064],[-65.91820139699998,43.74360013700009],[-65.92143991899998,43.73690885400001],[-65.906014977,43.71966471500014],[-65.91696626699988,43.72533678100009],[-65.91232031399998,43.71452521600009],[-65.94785568799998,43.770361803000064]]],[[[-65.91485169600001,43.742902407000116],[-65.91258073299994,43.74575138900012],[-65.91155426799989,43.74404891100008],[-65.91485169600001,43.742902407000116]]],[[[-65.94287568299994,43.74888217800012],[-65.95349433599996,43.751147005000114],[-65.95197564999992,43.75764168700007],[-65.94287568299994,43.74888217800012]]],[[[-65.888615353,43.756407860000095],[-65.87629546199997,43.7523071620001],[-65.87646757900005,43.74916064500009],[-65.888615353,43.756407860000095]]],[[[-65.91953013999998,43.79259849400011],[-65.891931319,43.765930555000075],[-65.89374226100001,43.75969036700008],[-65.89892009099995,43.769669832],[-65.90386733099999,43.76484436100011],[-65.88517612199996,43.74533059700008],[-65.88704242399996,43.73507357900009],[-65.89315615400002,43.747793719000086],[-65.91317458399993,43.76514751800011],[-65.90231401599998,43.744806309000055],[-65.90377842199995,43.732461442000066],[-65.90984338799993,43.751025131000056],[-65.940481137,43.77528769300005],[-65.92670322600001,43.77176120100005],[-65.92441315799998,43.78518085100007],[-65.91781313999995,43.775968177000024],[-65.91457220600003,43.776267016000105],[-65.91953013999998,43.79259849400011]]],[[[-65.87272637000002,43.80097017600009],[-65.87227112499995,43.800549467000046],[-65.87272238299998,43.800628140000086],[-65.87272637000002,43.80097017600009]]],[[[-65.78542857300002,43.641997910000036],[-65.78428747399997,43.63635347900004],[-65.78751350599998,43.63829159600006],[-65.78542857300002,43.641997910000036]]],[[[-65.82439387599997,43.6647113630001],[-65.825345829,43.662797068000096],[-65.826155865,43.6594457340001],[-65.82720355899998,43.664326719000066],[-65.82439387599997,43.6647113630001]]],[[[-65.867929253,43.66658866200007],[-65.86776543900002,43.66237013200006],[-65.86840378799998,43.66639669200005],[-65.867929253,43.66658866200007]]],[[[-65.79132903299993,43.67220480200008],[-65.79127215199995,43.66429209200009],[-65.79445675299995,43.665834849000085],[-65.79132903299993,43.67220480200008]]],[[[-65.82738736600001,43.67800750000004],[-65.828631691,43.675185615000125],[-65.828616053,43.678283205000085],[-65.82738736600001,43.67800750000004]]],[[[-65.86695444200002,43.67919101000004],[-65.867239294,43.675276360000076],[-65.86861550099995,43.67838400400007],[-65.86695444200002,43.67919101000004]]],[[[-65.83879889999999,43.68008336000011],[-65.84054897199997,43.68456861100011],[-65.83788457799997,43.68621045000004],[-65.83879889999999,43.68008336000011]]],[[[-65.83049398599995,43.69103963700013],[-65.83183295199993,43.686009507000044],[-65.83226423,43.69174304400009],[-65.83049398599995,43.69103963700013]]],[[[-65.82551827999994,43.692621397000025],[-65.827730149,43.692161499000086],[-65.82725231,43.69651302200007],[-65.82551827999994,43.692621397000025]]],[[[-65.86101030599994,43.69584343300003],[-65.86375983799995,43.70146472300011],[-65.86302516999994,43.702194408000075],[-65.86101030599994,43.69584343300003]]],[[[-65.82552870999993,43.70525302800007],[-65.82221292599995,43.6927841670001],[-65.826790616,43.705960085000065],[-65.82552870999993,43.70525302800007]]],[[[-65.839027244,43.698588856000086],[-65.83874356199996,43.702305329000055],[-65.83665095199994,43.69951223000005],[-65.839027244,43.698588856000086]]],[[[-65.8574001799999,43.70291150000009],[-65.85701165399996,43.70570328900011],[-65.85675220900002,43.70233349100011],[-65.8574001799999,43.70291150000009]]],[[[-65.83127665603752,43.712403509511084],[-65.83450696385319,43.71799557527443],[-65.83394460194717,43.71949507386861],[-65.83127665603752,43.712403509511084]]],[[[-65.85216458200001,43.725172851000075],[-65.85144857899995,43.72787375300005],[-65.85071885499994,43.725578088000134],[-65.85216458200001,43.725172851000075]]],[[[-65.85634906099996,43.72779630100008],[-65.85624560700002,43.731886450000076],[-65.85431360099997,43.72911667400006],[-65.85634906099996,43.72779630100008]]],[[[-65.86604496000002,43.72908399000007],[-65.86949109000003,43.73260780800014],[-65.868558233,43.73387371600008],[-65.86604496000002,43.72908399000007]]],[[[-65.86013652900003,43.74032430400007],[-65.86116360899997,43.73764258900013],[-65.86259057499994,43.73944351200005],[-65.86013652900003,43.74032430400007]]],[[[-65.85364952400002,43.74179209500008],[-65.84588591199996,43.73755612500008],[-65.85481080499999,43.73618094500007],[-65.85364952400002,43.74179209500008]]],[[[-65.85359500799997,43.75109396700012],[-65.85537624899993,43.74963591200009],[-65.85571723199999,43.75288662000013],[-65.85359500799997,43.75109396700012]]],[[[-65.85811034100004,43.7530608370001],[-65.86193450099996,43.75745777200007],[-65.86067810599995,43.75872271300007],[-65.85811034100004,43.7530608370001]]],[[[-65.85394724001029,43.76065784697017],[-65.85721689399992,43.758035065000094],[-65.85940302506648,43.762028880784165],[-65.85394724001029,43.76065784697017]]],[[[-65.85988467687957,43.76500892634316],[-65.8616135096474,43.76589839619872],[-65.8591973684903,43.765070184651854],[-65.85988467687957,43.76500892634316]]],[[[-65.8499233809187,43.76296208755213],[-65.85374329754569,43.76831372418475],[-65.85197692677922,43.76879001240617],[-65.8499233809187,43.76296208755213]]],[[[-65.85909117296546,43.78588959651552],[-65.85814257156213,43.78920641473866],[-65.85747629276203,43.78590300279419],[-65.85909117296546,43.78588959651552]]],[[[-65.86209867699996,43.79499770800002],[-65.86488615999993,43.78960684100012],[-65.86754219699995,43.7962836650001],[-65.86209867699996,43.79499770800002]]]]}},{"type":"Feature","properties":{"id":10308},"geometry":{"type":"Polygon","coordinates":[[[-64.9311847935495,44.926373693755785],[-64.77323753857674,44.66358457428959],[-65.0615112400091,44.45484227753802],[-65.15204547634406,44.46061014770675],[-65.17976745490324,44.42153296096827],[-65.33162633649289,44.31157764995699],[-65.60214235223276,44.539926565635746],[-65.59214292560178,44.54537767496855],[-65.60928029835938,44.56322235306561],[-65.59234346370289,44.55673608992459],[-65.57267467605271,44.57688448933705],[-65.5608699143027,44.57716379238975],[-65.57022428553749,44.585100400980004],[-65.5429926746305,44.59965667786752],[-65.56989490096454,44.62338880536836],[-65.56580812298958,44.63335325794493],[-65.57857575086888,44.63150744473826],[-65.59616398906029,44.64855460952513],[-65.63282758932726,44.62855049341391],[-65.64067617018245,44.64555106933679],[-65.60407208439631,44.6607790601895],[-65.62664729415188,44.66390597619273],[-65.61721821832707,44.70176925636882],[-65.72184563530406,44.64385111089288],[-65.74629136753133,44.659049835757195],[-65.73619838599994,44.66819837900009],[-65.759896851,44.68571542300005],[-65.74325610699995,44.71089994300007],[-65.64459054599993,44.7680886040001],[-65.50910500499998,44.82540373600004],[-65.34358683336585,44.91301082889679],[-65.32505031211916,44.888361509443946],[-65.23642600394429,44.92459579410886],[-65.22664269113126,44.90912530163099],[-65.21606940934609,44.90923740340944],[-65.22288920613946,44.90265210525805],[-65.20123701817033,44.870487800193125],[-65.20797439406162,44.86976268591588],[-65.19391908142022,44.86264880620774],[-65.17052241385736,44.825547756411474],[-65.15701743632012,44.786434320997785],[-65.08145797615454,44.829871010953184],[-65.0855777709477,44.83983331457366],[-65.07043794692093,44.85135334888625],[-65.04224663070066,44.833505049409574],[-65.02286278265754,44.85689412748501],[-65.01510580433366,44.8845810891574],[-65.03001685884142,44.90869793695731],[-65.0155571185613,44.90194979215392],[-64.9311847935495,44.926373693755785]]]}},{"type":"Feature","properties":{"id":10309},"geometry":{"type":"Polygon","coordinates":[[[-64.59713663711506,45.056962560252366],[-64.56329021328659,45.03045419320174],[-64.57743222790653,45.011057422590376],[-64.54536500900912,45.023505714330376],[-64.48670382198043,45.01820469398168],[-64.4751920147435,45.00787244385225],[-64.46277057527178,44.95496259063926],[-64.42637482421782,44.9376794618129],[-64.40807991055291,44.91522005272478],[-64.52364039918511,44.83713697065997],[-64.52943389084841,44.84131621435747],[-64.77323753857674,44.66358457428959],[-64.9311847935495,44.926373693755785],[-64.9199488008154,44.93071641007517],[-64.92512830719778,44.939102699532064],[-64.87636491063233,44.955679810095184],[-64.89964769721786,44.97386848949625],[-64.93797069439181,44.98323800358772],[-64.91030510648588,44.99095639236697],[-64.91675840946014,45.00126439582178],[-64.90559650597541,45.00853119725611],[-64.91059476985791,45.01375936487116],[-64.87344528313413,45.02536954765051],[-64.88616091352358,45.04608939938691],[-64.92908193725096,45.02790150760727],[-64.96339921343301,45.060700455344914],[-64.94864754712187,45.06531991422252],[-64.97756394411343,45.08477249136103],[-64.94919351191633,45.10401136127191],[-64.82989421835964,45.15030142454641],[-64.6409940003419,45.197469436567395],[-64.60964929175279,45.15021439184526],[-64.59068298753358,45.13900029921408],[-64.6196677008939,45.13001959838688],[-64.61800518598261,45.1135447928566],[-64.64797530012451,45.11408570844262],[-64.66459380830092,45.1431479130223],[-64.70512791491763,45.1349288984341],[-64.70460481090142,45.119959991021574],[-64.69493600950265,45.095306396794406],[-64.67474100160575,45.08885940891833],[-64.66987988469708,45.073406095931446],[-64.63581249952314,45.06574810332854],[-64.6347765110725,45.05725440859956],[-64.66540009254149,45.05270609824002],[-64.66161481770736,45.047284492167144],[-64.63258289738432,45.04207540292546],[-64.63444805694081,45.055534356249446],[-64.59713663711506,45.056962560252366]]]}},{"type":"Feature","properties":{"id":10310},"geometry":{"type":"Polygon","coordinates":[[[-64.41935798975622,45.081438059142194],[-64.41107040144249,45.05123250006522],[-64.4751920147435,45.00787244385225],[-64.48670382198043,45.01820469398168],[-64.54536500900912,45.023505714330376],[-64.57743222790653,45.011057422590376],[-64.56329021328659,45.03045419320174],[-64.60172547858886,45.060950780982644],[-64.6349945717176,45.05524921845195],[-64.63237949421077,45.04211160081729],[-64.66396749627694,45.04898220445063],[-64.6347765110725,45.05725440859956],[-64.63524899948354,45.0647230091014],[-64.66987988469708,45.073406095931446],[-64.67474100160575,45.08885940891833],[-64.69493600950265,45.095306396794406],[-64.7055035835873,45.13332640607025],[-64.66459380830092,45.1431479130223],[-64.64797530012451,45.11408570844262],[-64.61800518598261,45.1135447928566],[-64.61982398226527,45.12985050451736],[-64.60045731082846,45.136589891018325],[-64.58824100691224,45.138039714863076],[-64.57239161012984,45.12296869953616],[-64.53459836325746,45.13522152921613],[-64.55170379137358,45.157787697863924],[-64.49976711794714,45.175831079181435],[-64.49102339219297,45.147792310460346],[-64.46838590922482,45.126199789535164],[-64.47587080774622,45.10318210016361],[-64.41697293962719,45.08449735267151],[-64.40575630440257,45.09393089934643],[-64.39905037263034,45.085998550247005],[-64.41935798975622,45.081438059142194]],[[-64.57595263582151,45.08563064758523],[-64.5742987228145,45.08540831663096],[-64.57610051485024,45.08561532237086],[-64.57595263582151,45.08563064758523]],[[-64.56975492193105,45.085283933725776],[-64.56975492193263,45.08528393390862],[-64.57190765967465,45.08528618654948],[-64.56975492193105,45.085283933725776]],[[-64.56974910607074,45.08460887941483],[-64.56974910602527,45.08460887933164],[-64.56975056988156,45.08477878968819],[-64.56974910607074,45.08460887941483]],[[-64.56963898992947,45.084407422379826],[-64.56925314966757,45.08400087847234],[-64.56852300310523,45.08382591242964],[-64.56963898992947,45.084407422379826]],[[-64.56727163454046,45.08423401222109],[-64.56737622809992,45.08426341100981],[-64.56737622815332,45.08426341098821],[-64.56727163454046,45.08423401222109]],[[-64.56562920286105,45.08403530996998],[-64.56562920258328,45.084035309909794],[-64.56549430156429,45.084153877432605],[-64.56562920286105,45.08403530996998]],[[-64.56609524688737,45.085280167398636],[-64.56498394253927,45.08460227994801],[-64.56569185998686,45.08503411752399],[-64.56609524688737,45.085280167398636]],[[-64.56596952652316,45.085500882627116],[-64.56324178700838,45.08594941488592],[-64.55928626177283,45.087066025710456],[-64.56197018102418,45.08684899283675],[-64.56324178700274,45.08594941496203],[-64.56578000589633,45.085833605879365],[-64.56596952652316,45.085500882627116]],[[-64.55916235790606,45.086998850574204],[-64.55926949109045,45.08706593800206],[-64.55926949126643,45.087065938002986],[-64.55916235790606,45.086998850574204]],[[-64.55513385909671,45.08638418889675],[-64.54942945228635,45.082662974765],[-64.54707835655482,45.082280739292585],[-64.54942945209542,45.082662974921696],[-64.55513385909671,45.08638418889675]],[[-64.5407060311305,45.080512565707195],[-64.54082020280833,45.07895193851212],[-64.54214613751849,45.08144784554655],[-64.5407060311305,45.080512565707195]],[[-64.54117897870609,45.07825574674152],[-64.54081460619929,45.07815321998137],[-64.54117897865333,45.07825574684388],[-64.54117897870609,45.07825574674152]],[[-64.53831000008576,45.0778713378411],[-64.53764247797585,45.07802449014904],[-64.5391592877948,45.077937254659716],[-64.53831000008576,45.0778713378411]],[[-64.53276645678892,45.07914312968283],[-64.5313037036892,45.07939719747058],[-64.53362718389663,45.078945683395126],[-64.53276645678892,45.07914312968283]],[[-64.53036830489093,45.081164706667536],[-64.52869380584444,45.08206738658337],[-64.53057001678575,45.0807907663813],[-64.53036830489093,45.081164706667536]],[[-64.5270302783734,45.08273069177349],[-64.52668352489562,45.08264955628577],[-64.52728059548174,45.0826881543784],[-64.5270302783734,45.08273069177349]],[[-64.52512429491506,45.08272917759723],[-64.52365831880537,45.08343791440302],[-64.52566815164188,45.0826045898588],[-64.52512429491506,45.08272917759723]],[[-64.51765253975898,45.08462908294976],[-64.51765253985762,45.084629083001886],[-64.51816819080328,45.084474522882],[-64.51765253975898,45.08462908294976]],[[-64.51019012640627,45.083044691216465],[-64.51051355197421,45.082327140392415],[-64.51019012608604,45.083044691142696],[-64.51019012640627,45.083044691216465]],[[-64.51050979304212,45.08202875988994],[-64.51010515176016,45.081592078414715],[-64.51051643917343,45.08203113605651],[-64.51050979304212,45.08202875988994]],[[-64.5085700974658,45.08044285682045],[-64.50781894557382,45.08014539251965],[-64.50857168296594,45.080443344375006],[-64.5085700974658,45.08044285682045]],[[-64.50535271306612,45.07958162788583],[-64.50535271319833,45.079581627657355],[-64.50453059895855,45.07967804519081],[-64.50535271306612,45.07958162788583]],[[-64.50060189463957,45.08084072366787],[-64.50012792839597,45.080980454963886],[-64.50125309554416,45.08054550817952],[-64.50060189463957,45.08084072366787]],[[-64.49940197137335,45.08119449950647],[-64.49847775064666,45.081403528581184],[-64.49985899141775,45.08105974647509],[-64.49940197137335,45.08119449950647]]]}},{"type":"Feature","properties":{"id":10311},"geometry":{"type":"Polygon","coordinates":[[[-65.06515128579721,44.853314965553906],[-65.0855777709477,44.83983331457366],[-65.08145797615454,44.829871010953184],[-65.15701743632012,44.786434320997785],[-65.17052241385736,44.825547756411474],[-65.19391908142022,44.86264880620774],[-65.20797439406162,44.86976268591588],[-65.20123701817033,44.870487800193125],[-65.22288920613946,44.90265210525805],[-65.21606940934609,44.90923740340944],[-65.22664269113126,44.90912530163099],[-65.23642600394429,44.92459579410886],[-65.32505031211916,44.888361509443946],[-65.3417941514533,44.91310341154162],[-65.31618155130465,44.91514560204478],[-65.2867686703372,44.94176344340707],[-65.2466056206373,44.95356142619835],[-65.16331873554289,45.0025834872864],[-65.0837106183171,45.030196886744804],[-65.06558296539596,45.049601287080755],[-64.97756394411343,45.08477249136103],[-64.94864754712187,45.06531991422252],[-64.96339921343301,45.060700455344914],[-64.92908193725147,45.027901507607126],[-64.88616091352358,45.04608939938691],[-64.87344528313413,45.02536954765051],[-64.91059476985791,45.01375936487116],[-64.90559650597541,45.00853119725611],[-64.91675840946014,45.00126439582178],[-64.91030510648588,44.99095639236697],[-64.93812410823081,44.981853798450494],[-64.89964769721786,44.97386848949625],[-64.87636491063233,44.955679810095184],[-64.92512830719778,44.939102699532064],[-64.9199488008154,44.93071641007517],[-64.94408019181503,44.92054529404881],[-65.0155571185613,44.90194979215392],[-65.03001685884142,44.90869793695731],[-65.01500523884589,44.88520965085125],[-65.02286278265754,44.85689412748501],[-65.0434490237544,44.83294979989825],[-65.06515128579721,44.853314965553906]],[[-64.99948545199969,45.03470703296412],[-64.99966871507782,45.03502898844626],[-64.99944354232872,45.03465037476976],[-64.99948545199969,45.03470703296412]],[[-64.99604498532712,45.02980181148445],[-64.99764224238722,45.03220572296808],[-64.99053812219933,45.021511865802545],[-64.99604498532712,45.02980181148445]]]}},{"type":"Feature","properties":{"id":10312},"geometry":{"type":"MultiPolygon","coordinates":[[[[-64.19500056479038,45.0608830609091],[-64.40806871564443,44.9151656620275],[-64.42660711837031,44.9378476001422],[-64.4608067652798,44.952488310425665],[-64.46555292934731,44.98048503899141],[-64.47678195677906,44.99211272228236],[-64.47515838941389,45.00794107439155],[-64.45640918528187,45.02720277049687],[-64.41103340061814,45.0512772977857],[-64.41935798975622,45.081438059142194],[-64.40096078484875,45.089858895061305],[-64.40687683171981,45.09450645200311],[-64.41697293962719,45.08449735267151],[-64.47587080774622,45.10318210016361],[-64.46838590922482,45.126199789535164],[-64.49102339219297,45.147792310460346],[-64.49976711794714,45.175831079181435],[-64.55170379137358,45.157787697863924],[-64.5329319611585,45.13785635106946],[-64.57239161012984,45.12296869953616],[-64.5971861980477,45.14943439550149],[-64.60964929175279,45.15021439184526],[-64.6409940003419,45.197469436567395],[-64.4598532629999,45.24265102500005],[-64.39897825899996,45.279194164000074],[-64.40273653800001,45.30752074800013],[-64.46993860699992,45.32041169200011],[-64.49143175699996,45.32844132200009],[-64.49642300199994,45.33480306100006],[-64.36978694099996,45.31599502800009],[-64.33366465299997,45.29897776300008],[-64.32625273299996,45.27593026200008],[-64.3518574819999,45.2546294620001],[-64.36207032699997,45.217493629000096],[-64.390196231,45.19572185200009],[-64.35826799099995,45.19419773300008],[-64.36111393499996,45.177933894000056],[-64.35119699199998,45.165458337000125],[-64.41136528900002,45.14871650900009],[-64.37903587199995,45.14162208400009],[-64.40514801600003,45.12969154000012],[-64.393457094,45.11854661800012],[-64.36707818599994,45.125058680000016],[-64.36740996699999,45.10488178700006],[-64.38602633813564,45.09992313609359],[-64.39221043597843,45.09355960112694],[-64.37474483112189,45.09999355364806],[-64.35624615101534,45.092925539848764],[-64.33536646299994,45.10329862400006],[-64.33864470631993,45.12106322785009],[-64.32976568500001,45.135788258000055],[-64.2898605835937,45.1378209899176],[-64.27721308527298,45.108552529742624],[-64.26527912399999,45.1113431690001],[-64.27400948999994,45.11862754100013],[-64.26545398199998,45.12385364400006],[-64.23637179399995,45.110210517000034],[-64.21810783941676,45.11854746227829],[-64.1591450709911,45.071446109745516],[-64.18237734406763,45.05312489216751],[-64.19500056479038,45.0608830609091]],[[-64.2765636975826,45.106544398766744],[-64.27647912120769,45.10825672515295],[-64.27655356475034,45.10589112353154],[-64.2765636975826,45.106544398766744]],[[-64.2729219024009,45.10582332483005],[-64.27043318468567,45.106721682383935],[-64.27292190240087,45.105823324830105],[-64.27461736824743,45.10537493775827],[-64.2729219024009,45.10582332483005]],[[-64.26996986552992,45.10386919432771],[-64.26996986552996,45.10386919432766],[-64.2703390854991,45.102348079404806],[-64.26996986552992,45.10386919432771]],[[-64.40491639064356,45.09559822061103],[-64.40280869559922,45.09626526198073],[-64.40670643650894,45.09477216624099],[-64.40491639064356,45.09559822061103]],[[-64.3957450628704,45.09546593865038],[-64.39574506295678,45.09546593888348],[-64.39582687784106,45.095502396704674],[-64.3957450628704,45.09546593865038]]],[[[-64.26303589700004,45.14276604000013],[-64.26223395749152,45.14583324934803],[-64.25883210765745,45.143055532235465],[-64.26303589700004,45.14276604000013]]]]}},{"type":"Feature","properties":{"id":20413},"geometry":{"type":"Polygon","coordinates":[[[-63.392111922175395,45.05486286833144],[-63.40105589755823,45.038551924580794],[-63.394593493117824,45.031032236036],[-63.373556272590804,45.040266380727495],[-63.3602001032846,45.02955747565557],[-63.33668816261679,45.03542861072028],[-62.89869358667263,45.194516395402076],[-62.81478575315652,45.24400890532417],[-62.71410969835247,45.27587224283634],[-62.48354851556074,45.15381657133161],[-62.753347880003446,45.01778467428292],[-62.86698590265269,44.98764017671929],[-62.89731146632666,45.01261750366167],[-62.924175926974215,45.01054848228894],[-62.95942179808506,45.03149578889226],[-62.98448325070079,45.03359093318871],[-63.020402197595025,45.02046430243588],[-62.97561443011543,44.97646867328614],[-62.98014885429811,44.94761221259045],[-62.99501843664832,44.94484122646509],[-62.97601221378159,44.9270867984221],[-62.99531678401505,44.89699164901122],[-62.98753465244944,44.86475159632205],[-62.9637614729273,44.83715730229856],[-62.96382924558353,44.81845419231551],[-62.99284373218839,44.79814238207308],[-62.974437613572334,44.777309997124064],[-63.0085808131124,44.77877679694036],[-63.004588348999924,44.782325542000116],[-63.00766140199999,44.79364121900009],[-63.02073146699997,44.78693291300008],[-63.00792576699998,44.78524208300007],[-63.01026273700003,44.77643768400008],[-63.02738096799995,44.787507651000034],[-63.0124621949999,44.77783282900005],[-63.02158668499994,44.77521179300002],[-63.08091192299993,44.793153700000055],[-63.1071746488465,44.81906372479282],[-63.11562646453183,44.85556311735503],[-63.183441122368095,44.86451248928982],[-63.19752235809262,44.85870061978998],[-63.19688731972523,44.84567517392931],[-63.2172721044385,44.87132931658818],[-63.24404427581851,44.8798589230481],[-63.2580321707583,44.90181368447788],[-63.5648771042995,44.80722422666775],[-63.57001217451244,44.84600363850443],[-63.5297854027451,44.87718809928408],[-63.526576397720035,44.89709479774753],[-63.537841131682576,44.924609151267845],[-63.50465501157408,44.967765902286814],[-63.52688770599365,44.99491010708373],[-63.530667598742504,45.0296031956957],[-63.467645300267655,45.05425200128699],[-63.433220988175584,45.05382770676959],[-63.423868012340016,45.041739373638926],[-63.42061453942274,45.05829491856638],[-63.392111922175395,45.05486286833144]],[[-63.351296902356644,44.96358150626165],[-63.350693000176186,44.96333220207161],[-63.351435413587325,44.963636904932635],[-63.351296902356644,44.96358150626165]],[[-63.345099711619405,44.96349241200915],[-63.34498552194135,44.96348189536256],[-63.34525188970247,44.96350269818753],[-63.345099711619405,44.96349241200915]],[[-63.32752489131517,44.962512501251396],[-63.32723431367803,44.96247279492836],[-63.32761379610349,44.9625311960116],[-63.32752489131517,44.962512501251396]],[[-63.24997399344473,44.97094975248826],[-63.2492850031906,44.97094238782944],[-63.25075492080866,44.970958093460645],[-63.24997399344473,44.97094975248826]],[[-63.248279793537606,44.967301133878365],[-63.249441743783855,44.966054909940745],[-63.246355413924306,44.967803694567046],[-63.248279793537606,44.967301133878365]],[[-63.256389539433755,44.96018073649298],[-63.258008915105535,44.96027592448144],[-63.253792977237595,44.96106050770715],[-63.256389539433755,44.96018073649298]],[[-63.27056459433569,44.95505503842354],[-63.27162001697343,44.95439994022491],[-63.269875539949915,44.955482696422195],[-63.27056459433569,44.95505503842354]],[[-63.28247474251891,44.95210732802597],[-63.284952668099116,44.95104160865011],[-63.2805866980512,44.95247778120571],[-63.28247474251891,44.95210732802597]]]}},{"type":"Feature","properties":{"id":20414},"geometry":{"type":"MultiPolygon","coordinates":[[[[-64.07328663499996,45.3862988690001],[-64.08813819699995,45.380730529000076],[-64.09291391699998,45.38331330100007],[-64.08541283499999,45.38782249900005],[-64.07328663499996,45.3862988690001]]],[[[-63.52838549999564,45.443399911908266],[-63.504672288696526,45.4383997929837],[-63.479809678485225,45.41552856067351],[-63.5393245178522,45.376154853277534],[-63.601612838,45.39302480000002],[-63.630980615000034,45.38699748500006],[-63.67506178999997,45.39643987200006],[-63.694674919999976,45.3871769290001],[-63.77854925799997,45.40290137700005],[-63.78097770699994,45.39460359600009],[-63.80592938099996,45.40002006200007],[-63.86840189699996,45.38033533300008],[-63.88408574299991,45.3638775520001],[-63.885444707000026,45.34867270600008],[-63.90504573599994,45.349842262000074],[-63.923261926999935,45.36157828000009],[-63.91472479899996,45.37607724300009],[-63.94796303199998,45.39638214200003],[-63.98915224100003,45.39921932100006],[-63.998229485,45.38865379400006],[-64.038250667,45.38298619200004],[-64.06204690199998,45.39455913500006],[-64.06117492099997,45.39779872500015],[-64.05514898799993,45.3966753920001],[-64.053675931,45.40197275700012],[-64.04847250199997,45.40112050200009],[-64.04862015399996,45.40357652100006],[-64.04660485699995,45.40308192000003],[-64.03211763800002,45.41025277300011],[-64.03186816799996,45.410588077000085],[-64.03215156,45.411413642000106],[-64.05305997199993,45.40457980600009],[-64.0583507369999,45.398455025000054],[-64.07051202999996,45.40036698400011],[-64.06035469199998,45.4099580910001],[-64.08304100499994,45.41144646600011],[-64.08202422799994,45.40303988300014],[-64.09754904599991,45.40896763800002],[-64.12470867621462,45.439415778164836],[-64.11265241073849,45.493113304146284],[-64.13372495393581,45.5480192697574],[-63.767116541003965,45.542711106374604],[-63.737405948995494,45.4903331427115],[-63.550422796336804,45.55077789531811],[-63.549947304657444,45.52578210366239],[-63.527475192395606,45.473321398717644],[-63.52838549999564,45.443399911908266]]]]}},{"type":"Feature","properties":{"id":20415},"geometry":{"type":"Polygon","coordinates":[[[-63.705422912573155,45.0319069326617],[-63.723768488286105,44.989002502576675],[-63.72425540011812,44.95009318933965],[-63.80260334654032,44.96586806600753],[-63.82448173896278,44.94935482257274],[-63.86106989762074,44.9434642184334],[-63.86966239959485,44.92615011091591],[-63.894800894337365,44.923253296216224],[-63.87807499080683,44.94276639762516],[-63.98635767548632,45.22101119591265],[-63.98562679715837,45.22043599863147],[-63.98322611541777,45.21934050306403],[-63.98137134862035,45.219617500959956],[-63.979125274950874,45.220842990867695],[-63.972220399496,45.217769440218525],[-63.97123830251416,45.21843490379788],[-63.97106355662969,45.21864342274848],[-63.97922868403241,45.22093212638548],[-63.98287109307759,45.21943356687403],[-63.986135602849664,45.22113373620366],[-63.99215011776334,45.21982143007327],[-63.995062660606635,45.22396382130251],[-63.99772356649194,45.22170820462497],[-64.01218371504925,45.235542394842035],[-63.899985209221505,45.27778071121733],[-63.88032720455922,45.27625966865489],[-63.8739976606261,45.26673967675866],[-63.87117881139998,45.264960901285924],[-63.86697506159555,45.264299788260416],[-63.8671357939443,45.26062593994136],[-63.86632998753211,45.264628721776695],[-63.872570002290196,45.26674158469665],[-63.86310625018952,45.278164398338646],[-63.80452549676084,45.289294852788615],[-63.811457066061024,45.30678066918197],[-63.788926172233225,45.316642088157494],[-63.7654028905979,45.31592900944008],[-63.74080303844178,45.296189015918856],[-63.74330851346906,45.30248276962592],[-63.73013489303721,45.29969627286252],[-63.715915633533996,45.3079686016863],[-63.7272210639593,45.31919397460585],[-63.71540649454855,45.323265227667974],[-63.670492884655786,45.31145782709017],[-63.67594004149625,45.316808575093624],[-63.56078703339829,45.31207616835659],[-63.53453358418621,45.336311645849584],[-63.492132773818476,45.317163383077464],[-63.474973175753355,45.2714005423663],[-63.459333839763154,45.26699076866569],[-63.45451395097649,45.24913471836817],[-63.45169778049151,45.24509256999602],[-63.44834394399997,45.24289563300007],[-63.41746384763607,45.234221100398436],[-63.416314909925056,45.23099734283758],[-63.41834329811492,45.21007703503337],[-63.39503298900846,45.1974483361065],[-63.41905751899989,45.18790476700006],[-63.50038635166885,45.18977122172658],[-63.51279589050669,45.16213778716622],[-63.540942512167305,45.16047217595456],[-63.53908440269897,45.11718459844422],[-63.57593356254158,45.1146184223704],[-63.577203846317445,45.10665887482724],[-63.57309042304713,45.09574243657712],[-63.54023951366827,45.09822646105889],[-63.527443718780965,45.08116259842534],[-63.53158159162801,45.07454689629427],[-63.49886979258143,45.07579122532582],[-63.494875370391824,45.06699297106439],[-63.4841732979985,45.07099050005104],[-63.45400498751789,45.05518080101641],[-63.53039478829594,45.02986540001256],[-63.52688770599365,44.99491010708373],[-63.54492740254767,45.02210489990672],[-63.557410009043316,45.02385580802386],[-63.54646029609389,44.98556309159712],[-63.565050504308225,44.97668369317518],[-63.60228758370104,44.98724577644943],[-63.643676642453364,45.017044615458786],[-63.705422912573155,45.0319069326617]],[[-63.57261842906453,45.239078272027854],[-63.572618429193675,45.23907827208328],[-63.57248645219681,45.238951955021754],[-63.57261842906453,45.239078272027854]],[[-63.5740643790609,45.242221617087495],[-63.57406437918286,45.2422216172624],[-63.574454641686486,45.242081300918855],[-63.5740643790609,45.242221617087495]],[[-63.57146654586151,45.24236960214],[-63.571301261806425,45.242420627264],[-63.57146654558473,45.24236960241986],[-63.57258801880613,45.242390988407934],[-63.573041886874755,45.24235063658867],[-63.57146654586151,45.24236960214]],[[-63.571212819929144,45.24247889216657],[-63.57113030715955,45.242654771908846],[-63.57127055937921,45.24243751275825],[-63.571212819929144,45.24247889216657]],[[-63.57195025102331,45.24486959799453],[-63.57195025107021,45.244869597983474],[-63.571910453777576,45.24482258348905],[-63.57195025102331,45.24486959799453]],[[-63.57232717589146,45.245605839896236],[-63.57265680641843,45.245771555021236],[-63.5723165728977,45.245596979664796],[-63.57232717589146,45.245605839896236]],[[-63.573662188383416,45.246022212836564],[-63.5745861241488,45.245954636877656],[-63.57486794357373,45.24624556048636],[-63.573662188383416,45.246022212836564]],[[-63.57546294613798,45.24697639689606],[-63.575503227613574,45.24751772577212],[-63.57540128605425,45.24688374660394],[-63.57546294613798,45.24697639689606]],[[-63.57536884231331,45.247751021707316],[-63.57540137080615,45.24770027256731],[-63.57536884212306,45.247751021873306],[-63.57536884231331,45.247751021707316]],[[-63.5750783051575,45.24800450988666],[-63.57507830547251,45.24800450965987],[-63.57530750017812,45.24780454157148],[-63.5750783051575,45.24800450988666]],[[-63.57492794308277,45.24825732976949],[-63.5747963281421,45.24910405090937],[-63.57483880868138,45.249284964944124],[-63.57492794308277,45.24825732976949]],[[-63.57480941502116,45.24990277294704],[-63.57526558707833,45.25141517202335],[-63.57533378362839,45.25187008226499],[-63.57526558723499,45.25141517206989],[-63.57480941502116,45.24990277294704]],[[-63.57663148805941,45.255422948855866],[-63.57804129920604,45.25619895908819],[-63.576631488178364,45.25542294856765],[-63.57663039935497,45.25405471962481],[-63.576085789031396,45.253457284621184],[-63.57663148805941,45.255422948855866]],[[-63.579472085871146,45.25653377090597],[-63.57947208561337,45.25653377071768],[-63.57908906514135,45.25648390092295],[-63.579472085871146,45.25653377090597]],[[-63.59151148266671,45.265914630615484],[-63.59049411464687,45.265127114679366],[-63.591511482815996,45.26591463081545],[-63.59151148266671,45.265914630615484]],[[-63.592261238130874,45.26691893185168],[-63.59226123839247,45.26691893155497],[-63.59155638173213,45.265974773101945],[-63.592261238130874,45.26691893185168]],[[-63.59226469992188,45.268476166005605],[-63.59231100732883,45.26847908863158],[-63.5922646999318,45.26847616599928],[-63.59226469992188,45.268476166005605]],[[-63.59196465910194,45.26904481007715],[-63.59196465930587,45.26904481023115],[-63.59194212827941,45.268856101432625],[-63.59196465910194,45.26904481007715]],[[-63.595824990069765,45.27005090592309],[-63.59582499020924,45.27005090576909],[-63.59562458455357,45.26996525959593],[-63.595824990069765,45.27005090592309]],[[-63.5972225610551,45.27689375592715],[-63.597803035939364,45.27769257384643],[-63.59736309359228,45.275821406288635],[-63.5972225610551,45.27689375592715]],[[-63.601221659060556,45.277700902973635],[-63.60122165918165,45.27770090292075],[-63.60033006535356,45.277684779433045],[-63.601221659060556,45.277700902973635]],[[-63.60752222487822,45.27791060884181],[-63.60849105493473,45.27789645096648],[-63.608611984165755,45.27783448064427],[-63.607522224634685,45.27791060852524],[-63.604752242729056,45.27760124564502],[-63.60413540815453,45.277573968320674],[-63.60752222487822,45.27791060884181]],[[-63.60875732369626,45.27776000123628],[-63.60918716477254,45.27622746532273],[-63.608912182623826,45.27674201029839],[-63.60875732369626,45.27776000123628]],[[-63.61173481393396,45.274836608848155],[-63.6130737729389,45.27249805990559],[-63.61362368894515,45.27184938074696],[-63.613073772817,45.2724980597165],[-63.61173481380209,45.274836608544334],[-63.61109850880353,45.27521076001823],[-63.61173481393396,45.274836608848155]],[[-63.623975345778106,45.26874931515923],[-63.62091224588333,45.26998930290979],[-63.62329854283914,45.26904913984919],[-63.623975345778106,45.26874931515923]],[[-63.62579208513103,45.26859443793126],[-63.62579208539314,45.268594437793766],[-63.6240597162263,45.268711938982904],[-63.62579208513103,45.26859443793126]],[[-63.628794152076544,45.26917203893134],[-63.62879415222987,45.269172038793975],[-63.627598666054276,45.26826946803209],[-63.628794152076544,45.26917203893134]],[[-63.63635613685842,45.27054339985952],[-63.63774785005458,45.270796473290815],[-63.63513365506627,45.27024184014017],[-63.63635613685842,45.27054339985952]],[[-63.64195528015774,45.2719162909362],[-63.64195528047326,45.271916290808285],[-63.64133851831942,45.27148768721549],[-63.64195528015774,45.2719162909362]],[[-63.6416835956605,45.27291728461495],[-63.64055344742277,45.27454510126577],[-63.64133713923301,45.273630060478474],[-63.6416835956605,45.27291728461495]],[[-63.64042264706655,45.277334802136835],[-63.64042264719975,45.27733480241041],[-63.640417598686206,45.27688534875741],[-63.64042264706655,45.277334802136835]],[[-63.63997168416647,45.279182639856515],[-63.640356324373286,45.28050370210251],[-63.64027311977188,45.27877587837257],[-63.63997168416647,45.279182639856515]],[[-63.64082664705236,45.28150921790985],[-63.64104380655252,45.28245301108874],[-63.64082664715705,45.281509217729436],[-63.64104842225252,45.28082386103764],[-63.64102737958803,45.28069057569597],[-63.64082664705236,45.28150921790985]],[[-63.641970842127016,45.283474128925235],[-63.6448084895378,45.2844923797699],[-63.6411886369359,45.283082455933794],[-63.641970842127016,45.283474128925235]],[[-63.65111111555508,45.285227686625966],[-63.653014257003065,45.28577038538189],[-63.65308720417098,45.28548143784961],[-63.65111111555508,45.285227686625966]],[[-63.65264803407312,45.28832840687793],[-63.65264803421938,45.28832840663366],[-63.65269361707887,45.287771760849914],[-63.65264803407312,45.28832840687793]],[[-63.65345948210662,45.293472609975524],[-63.65338892509751,45.29695681231369],[-63.65290172462073,45.29050472970467],[-63.65345948210662,45.293472609975524]],[[-63.65351209584642,45.29785767912783],[-63.65336208599283,45.29720879189957],[-63.653362085989436,45.29720879193148],[-63.65351209584642,45.29785767912783]],[[-63.65453129016549,45.301279765144415],[-63.65453129049652,45.30127976543296],[-63.654158815848994,45.30036857871347],[-63.65453129016549,45.301279765144415]],[[-63.654217529135515,45.30505316304928],[-63.654564189156936,45.30663649065574],[-63.65450126802917,45.30469774188839],[-63.654217529135515,45.30505316304928]],[[-63.540334958086184,45.31991598098261],[-63.54097247144251,45.320052302108365],[-63.54033125653933,45.31991041872595],[-63.540334958086184,45.31991598098261]],[[-63.541408498967215,45.32009992888638],[-63.54186268838048,45.320828361000686],[-63.54131123247001,45.320068815355704],[-63.541408498967215,45.32009992888638]],[[-63.5424521622757,45.322315702407195],[-63.542328677029346,45.32159879885399],[-63.542397558144785,45.32212955290524],[-63.5424521622757,45.322315702407195]],[[-63.54276028611964,45.32270392093434],[-63.54276028635877,45.32270392080287],[-63.54264053509061,45.322588903643265],[-63.54276028611964,45.32270392093434]],[[-63.42114952817394,45.235219704781194],[-63.416336418758675,45.230992176434576],[-63.42883973999999,45.23570119200009],[-63.42114952817394,45.235219704781194]],[[-63.430400765057264,45.236648296193536],[-63.428839782090876,45.2357011931329],[-63.42883973999999,45.23570119200009],[-63.430400765057264,45.236648296193536]]]}},{"type":"Feature","properties":{"id":20416},"geometry":{"type":"Polygon","coordinates":[[[-62.89869358667263,45.194516395402076],[-63.355985906072874,45.0291901704428],[-63.3732384254617,45.04024961316772],[-63.39960082827899,45.03372376868175],[-63.39392166864596,45.0568780097474],[-63.42061453942274,45.05829491856638],[-63.423868012340016,45.041739373638926],[-63.433220988175584,45.05382770676959],[-63.48511509754221,45.07123189324877],[-63.494875370391824,45.06699297106439],[-63.49886979258143,45.07579122532582],[-63.53158159162801,45.07454689629427],[-63.527443718780965,45.08116259842534],[-63.54023951366827,45.09822646105889],[-63.57309042304713,45.09574243657712],[-63.57745185866253,45.10857500705789],[-63.53908440269897,45.11718459844422],[-63.540942512167305,45.16047217595456],[-63.51279589050669,45.16213778716622],[-63.50038635166885,45.18977122172658],[-63.3965689863481,45.193957263044354],[-63.41834329834487,45.21007703509993],[-63.41746384763607,45.234221100398436],[-63.451715616154516,45.245119108140685],[-63.45690857699997,45.26844840500008],[-63.4727081447816,45.27225588078918],[-63.48406761940742,45.31607604114802],[-63.47517373689887,45.33359077393172],[-63.437111896342216,45.349522199979376],[-63.38984611600432,45.352222696867294],[-63.3536737876286,45.370540654557935],[-63.302754705874726,45.3756504227873],[-63.29888837436206,45.383918409582115],[-63.2816605203364,45.37673989436893],[-63.29577019062792,45.36778310241125],[-63.2882017913808,45.36230350007196],[-63.30845887231084,45.363365329211405],[-63.30482863047157,45.339240657747986],[-63.31678746030426,45.32237745055634],[-63.30354595981659,45.319591957852985],[-63.3041180578397,45.304149185419895],[-63.327808800141824,45.30156941008676],[-63.33772991607245,45.284679603375174],[-63.32779691848632,45.271591252808044],[-63.311308196576256,45.27557347825372],[-63.30815737238984,45.2675424408556],[-63.273292286838306,45.2844208613296],[-63.27094927285048,45.276493340367814],[-63.18443934055468,45.28716505314735],[-63.1870741012499,45.296727987974],[-63.17630098800743,45.30333419580823],[-63.1323048796544,45.2939349062045],[-63.110293690244745,45.25816049205197],[-63.111215109518625,45.23599739915256],[-63.08135119548472,45.240480786503724],[-63.072753205279746,45.2567609127219],[-63.07476948996205,45.2907564100764],[-63.09759730046915,45.34990777364546],[-63.05007133421553,45.33966299016744],[-63.01827154618325,45.32157069619385],[-63.0160481527759,45.310031200259054],[-62.98951698388125,45.320103599669295],[-62.9800668418217,45.30766578424291],[-62.95199379873907,45.31248863421235],[-62.9217397984375,45.335488514758545],[-62.88399166237821,45.30038487159299],[-62.89139499828081,45.34108059100543],[-62.8418912088436,45.36694861772385],[-62.71410969835247,45.27587224283634],[-62.81478575315652,45.24400890532417],[-62.89869358667263,45.194516395402076]],[[-63.40006332207856,45.19077703892143],[-63.400063322103755,45.19077703888431],[-63.400058507353016,45.190781420916295],[-63.40006332207856,45.19077703892143]],[[-63.40158786496082,45.18386021800559],[-63.399857848898485,45.18109863106132],[-63.40159363821194,45.1838846326417],[-63.40158786496082,45.18386021800559]],[[-63.3901336417536,45.174188577496246],[-63.39584955310195,45.17707384715812],[-63.39013364191782,45.17418857716549],[-63.388869385393974,45.172679947369694],[-63.3901336417536,45.174188577496246]],[[-63.387355516922526,45.16132622671209],[-63.387355516974154,45.16132622690409],[-63.387277553548536,45.16073274083494],[-63.387355516922526,45.16132622671209]],[[-63.39023154900108,45.15168356692311],[-63.39023154898262,45.151683566805815],[-63.38686874616373,45.1576207486655],[-63.39023154900108,45.15168356692311]],[[-63.203082166292994,45.2667327421265],[-63.20308216629305,45.26673274212643],[-63.20167061400051,45.26606685154786],[-63.203082166292994,45.2667327421265]],[[-63.22297042286795,45.267034280710334],[-63.222970422868,45.267034280710284],[-63.22279686000638,45.267066281878606],[-63.22297042286795,45.267034280710334]],[[-63.24278061164604,45.26325830875962],[-63.2427806116461,45.26325830875955],[-63.24238659699668,45.263226695418616],[-63.24278061164604,45.26325830875962]],[[-63.249202002785765,45.26303479874191],[-63.24920200278582,45.263034798741856],[-63.24903948565003,45.263068600353094],[-63.249202002785765,45.26303479874191]],[[-63.25020016194824,45.26291642769514],[-63.250200161948285,45.26291642769508],[-63.25007648971777,45.262923900187204],[-63.25020016194824,45.26291642769514]],[[-63.257933802216186,45.26347018973855],[-63.25793380221622,45.26347018973848],[-63.25789653583989,45.26350309349756],[-63.257933802216186,45.26347018973855]],[[-63.3401407992726,45.25226558822036],[-63.34014079927265,45.2522655882203],[-63.34005970722428,45.25191390714542],[-63.3401407992726,45.25226558822036]],[[-63.34293599383808,45.25925168959435],[-63.34293599383812,45.2592516895943],[-63.342892292637174,45.25920730516875],[-63.34293599383808,45.25925168959435]],[[-63.34560538905872,45.261855825802456],[-63.34560538905881,45.26185582580248],[-63.345391897802216,45.261615013027495],[-63.34560538905872,45.261855825802456]],[[-63.34681377850378,45.263694003398186],[-63.34681377850383,45.263694003398136],[-63.34680748339826,45.263600707058096],[-63.34681377850378,45.263694003398186]],[[-63.34933291876325,45.27299139552728],[-63.3493329187633,45.27299139552722],[-63.34931290176135,45.27295961021877],[-63.34933291876325,45.27299139552728]]]}},{"type":"Feature","properties":{"id":20417},"geometry":{"type":"Polygon","coordinates":[[[-63.1827892141465,45.30348983984225],[-63.18443934055468,45.28716505314735],[-63.27094927285048,45.276493340367814],[-63.273292286838306,45.2844208613296],[-63.30815737238984,45.2675424408556],[-63.311308196576256,45.27557347825372],[-63.32779691848632,45.271591252808044],[-63.3365181875346,45.296143293232404],[-63.3041180578397,45.304149185419895],[-63.30354595981659,45.319591957852985],[-63.31678746030426,45.32237745055634],[-63.30482863047157,45.339240657747986],[-63.30845887231084,45.363365329211405],[-63.2882017913808,45.36230350007196],[-63.29577019062792,45.36778310241125],[-63.2816605203364,45.37673989436893],[-63.29888837436206,45.383918409582115],[-63.29957432380456,45.37661658614066],[-63.31434465173339,45.37944172373952],[-63.32646743853672,45.36930160230501],[-63.38745757260902,45.36139421439062],[-63.5393245178522,45.376154853277534],[-63.479809678485225,45.41552856067351],[-63.504672288696526,45.4383997929837],[-63.52838549999564,45.443399911908266],[-63.527475192395606,45.473321398717644],[-63.549947304657444,45.52578210366239],[-63.55047571018754,45.55066750446556],[-63.4524489901338,45.628054344336725],[-63.47971026656818,45.68843207949234],[-63.40189679547913,45.76244060260147],[-63.35746975100001,45.75221853200012],[-63.38485379399997,45.7444609350001],[-63.323143604,45.739314689000125],[-63.296078736,45.72727019100006],[-63.272927947,45.75110164100007],[-63.253973265999946,45.75316150700006],[-63.266377943999984,45.747174771000026],[-63.26651230999996,45.7348884190001],[-63.251024449999974,45.73495951600007],[-63.21507199600003,45.751216193000076],[-63.207752215,45.76743105400003],[-63.17686669399998,45.765232853000036],[-63.19874737899998,45.75005606700006],[-63.15342471322754,45.75104380489791],[-63.00990657666012,45.48763320290219],[-62.8418912088436,45.36694861772385],[-62.89139499828081,45.34108059100543],[-62.88399166237821,45.30038487159299],[-62.9217397984375,45.335488514758545],[-62.95199379873907,45.31248863421235],[-62.9800668418217,45.30766578424291],[-62.98951698388125,45.320103599669295],[-63.0160481527759,45.310031200259054],[-63.01827154618325,45.32157069619385],[-63.05007133421553,45.33966299016744],[-63.09759730046915,45.34990777364546],[-63.07476948996205,45.2907564100764],[-63.072753205279746,45.2567609127219],[-63.08135119548472,45.240480786503724],[-63.111215109518625,45.23599739915256],[-63.110293690244745,45.25816049205197],[-63.1323048796544,45.2939349062045],[-63.1827892141465,45.30348983984225]]]}},{"type":"Feature","properties":{"id":20518},"geometry":{"type":"Polygon","coordinates":[[[-63.97203128499993,45.997427878000025],[-63.86252355999997,45.96101815700007],[-63.86878305437645,45.93432865392219],[-63.878719007968826,45.9380196153588],[-63.89349510958079,45.91755000094963],[-63.89167419165547,45.88476990883486],[-63.91551340422635,45.87335049028012],[-63.87902650963319,45.85194109836293],[-63.851869096316875,45.8221063079475],[-64.10891810336875,45.76418519860004],[-64.1649249973773,45.80828230793707],[-64.21566544059301,45.777168316045156],[-64.24037951591947,45.77844647931642],[-64.24934925120104,45.763652342966516],[-64.30135055591694,45.77025862394316],[-64.24445532299995,45.822794305000116],[-64.274410162,45.836811191],[-64.26065610453304,45.8715082261834],[-64.22033103869866,45.90171997655765],[-64.15914514355599,45.975307695804],[-64.04661200078039,45.9769126368602],[-64.04631385760642,45.991335655683045],[-64.0255598439999,46.005123377000125],[-64.00319873,45.99418839500005],[-63.97203128499993,45.997427878000025]]]}},{"type":"Feature","properties":{"id":20519},"geometry":{"type":"MultiPolygon","coordinates":[[[[-63.878719007968826,45.9380196153588],[-63.8185846,45.91922816400008],[-63.810407357,45.89344594900006],[-63.82208721199998,45.89617968200013],[-63.819028196999916,45.89064832700006],[-63.81431807999997,45.88850386200004],[-63.81372844899995,45.88343173700005],[-63.812152194999946,45.88227287400009],[-63.80968274499994,45.8817233820001],[-63.81335844,45.88368640400007],[-63.81358361299995,45.88851808200005],[-63.81756530600001,45.89109082500004],[-63.79853680500002,45.89711174300004],[-63.760828776999965,45.87613674000006],[-63.728502685999935,45.87253117700003],[-63.700060729999905,45.856750933000086],[-63.67911940499996,45.854942189000056],[-63.665612644,45.84567004300004],[-63.65945830199997,45.84690281400012],[-63.68985633099995,45.8388478080001],[-63.67930864299995,45.82710216800007],[-63.666793219999974,45.82590680000005],[-63.64171475999996,45.85395231200002],[-63.66486497400003,45.84777155000009],[-63.678541064000015,45.870930654000034],[-63.67074186899998,45.87595401600003],[-63.46846793699995,45.87828539800009],[-63.42488025299988,45.86562999400008],[-63.41221788999997,45.85195050400004],[-63.470552042,45.858025556000065],[-63.48788254899998,45.851202456000074],[-63.430782497999964,45.83748106500006],[-63.424885259,45.82399321200009],[-63.51406505899995,45.822951732000064],[-63.499110311999985,45.82850782400005],[-63.502330465000014,45.830780482000144],[-63.50787918,45.83071995900008],[-63.51815950899996,45.82440935500007],[-63.53693656900003,45.83317026800009],[-63.524995607,45.83674501000006],[-63.557525521999935,45.83966012800004],[-63.55453662199996,45.833041215000016],[-63.58681404299994,45.82914475200006],[-63.605483977000056,45.82332292800007],[-63.594005372999966,45.826182372000105],[-63.590487378,45.82586759600007],[-63.58846750499997,45.82355584400013],[-63.57892279,45.82552173600006],[-63.58802585399999,45.82318008700009],[-63.59848070800002,45.82452092400009],[-63.58327801499993,45.818488108000075],[-63.588585234,45.821287091],[-63.57485056299998,45.82138401000008],[-63.57503594399993,45.82813354800003],[-63.54687471999997,45.83033294800005],[-63.52528004399998,45.82181166],[-63.53486084299993,45.819445036000054],[-63.52895484099997,45.81699735700002],[-63.46310517799991,45.814403032000115],[-63.43113266599998,45.79944302800004],[-63.41506302099995,45.8015277040001],[-63.439586871,45.810877655000084],[-63.40807911599998,45.81437878600011],[-63.412932447,45.81796160400009],[-63.364851703999975,45.7978737830001],[-63.32463622599995,45.7972210450001],[-63.28415788099996,45.81047885100011],[-63.232959106,45.80136904300008],[-63.33279491399996,45.76489408500006],[-63.33306551799997,45.756342607000114],[-63.34653992199996,45.752027196000064],[-63.34886138700003,45.76349606000007],[-63.4036131321315,45.76151998746198],[-63.47971026656818,45.68843207949234],[-63.4524489901338,45.628054344336725],[-63.54836760143884,45.55114814502676],[-63.737405948995494,45.4903331427115],[-63.767116541003965,45.542711106374604],[-63.93746854994026,45.545622569964245],[-63.9470113913267,45.567004801594194],[-63.92604535027055,45.63016839408255],[-63.98368050516219,45.625287804108446],[-64.02286509306981,45.606426905038546],[-64.03480680568413,45.608734302389884],[-64.05162639602942,45.63132431175618],[-64.0320972061404,45.657106499972556],[-63.98175869988614,45.661281111855416],[-63.931525783555,45.6847252001787],[-63.90069398885794,45.67456200142066],[-63.87374158295572,45.70566129862253],[-63.87637200609789,45.71383940677472],[-63.861705510102816,45.71627703145805],[-63.856824610786035,45.728049291218085],[-63.83221171557666,45.728795695747095],[-63.87030282623207,45.75481578058828],[-63.87460308723499,45.74471304264803],[-63.93429238827137,45.78463569976613],[-63.944554400917454,45.801530212638276],[-63.851869096316875,45.8221063079475],[-63.87902650963319,45.85194109836293],[-63.91551340422635,45.87335049028012],[-63.89000579098985,45.887631606098275],[-63.89704009930014,45.90562900345166],[-63.878719007968826,45.9380196153588]]],[[[-63.25327580699996,45.81212657700013],[-63.25907918199992,45.814588758000085],[-63.241703686,45.81485183500007],[-63.25327580699996,45.81212657700013]]],[[[-63.487295352,45.82082789400008],[-63.48406942200005,45.81994154200006],[-63.487613250999985,45.82037650700005],[-63.487295352,45.82082789400008]]],[[[-63.585423477999974,45.825452615000124],[-63.588990177999946,45.82550629100001],[-63.58373594500003,45.82658634200007],[-63.585423477999974,45.825452615000124]]],[[[-63.50309338899995,45.82971505000009],[-63.50162126900002,45.82779537600003],[-63.50794924499991,45.82851447300005],[-63.50309338899995,45.82971505000009]]],[[[-63.55255868799997,45.83224072600012],[-63.550480829,45.834356909000036],[-63.54663413900001,45.833376310000084],[-63.55255868799997,45.83224072600012]]],[[[-63.66608685099997,45.843318121],[-63.668584813,45.838983250000126],[-63.67087461699995,45.842003030000036],[-63.66608685099997,45.843318121]]],[[[-63.382210431,45.84304521300007],[-63.410503572999986,45.837771720000035],[-63.41470347699992,45.83978170000005],[-63.40025388899998,45.84500855600008],[-63.41409476100005,45.84451820800005],[-63.405421558,45.84724050400006],[-63.38705990200002,45.84595408900011],[-63.382210431,45.84304521300007]]],[[[-63.426001873,45.84379939300011],[-63.428276248,45.84649106800007],[-63.420857480999956,45.84471852800002],[-63.426001873,45.84379939300011]]]]}},{"type":"Feature","properties":{"id":20520},"geometry":{"type":"MultiPolygon","coordinates":[[[[-64.99697950731355,45.247581378870166],[-65.01848645261181,45.24821133398704],[-64.98888514922564,45.25480691309814],[-64.99697950731355,45.247581378870166]]],[[[-64.69348686070043,45.332176545867185],[-64.69079415202602,45.33432280279956],[-64.69112211092096,45.332049579692594],[-64.69348686070043,45.332176545867185]]],[[[-64.12453776330223,45.378649657091835],[-64.1262844634994,45.38042370566803],[-64.1238316073829,45.379754759808534],[-64.12453776330223,45.378649657091835]]],[[[-64.10570410558644,45.382209050587775],[-64.1089878831524,45.380304940979514],[-64.11132237374083,45.38146143092259],[-64.10570410558644,45.382209050587775]]],[[[-64.21605544762326,45.38955763131583],[-64.21586831694535,45.38619310640114],[-64.218306966584,45.38970464234331],[-64.21605544762326,45.38955763131583]]],[[[-64.23369927144255,45.579109564288004],[-64.20536126286919,45.534122668929356],[-64.17132252791332,45.54676935794781],[-64.11279598584252,45.4857717099786],[-64.12470867621462,45.439415778164836],[-64.09826792730244,45.41374940705414],[-64.10133433051469,45.40778802769305],[-64.23715557504603,45.39348060966469],[-64.25457844959605,45.38756569392683],[-64.24108867058062,45.38055701556999],[-64.25107441494089,45.37812571106968],[-64.32802945340299,45.39403869609448],[-64.31901589915684,45.3844272689581],[-64.33609014699432,45.36473184327867],[-64.3569780019992,45.37904077964099],[-64.38333478819725,45.375673086555445],[-64.39226749055393,45.36443883122639],[-64.4456834485741,45.3820838862295],[-64.45859057937209,45.39325246592619],[-64.44427847714874,45.389608794731345],[-64.4482749045741,45.39352776175557],[-64.43422817480565,45.39833173570986],[-64.43337507092289,45.399962686133065],[-64.43373697468907,45.40164139504134],[-64.43206349605865,45.40064523198112],[-64.42892964752241,45.40101754475057],[-64.42610234275438,45.40392430929961],[-64.42760090917822,45.40457168265289],[-64.42879912846371,45.40141522989648],[-64.43435599932403,45.40186765259359],[-64.45229352012556,45.39230656573864],[-64.46509662166588,45.39436636764967],[-64.46225475787529,45.39860641295707],[-64.46171658776876,45.404491163911125],[-64.4658913108553,45.395949392757],[-64.49734199150093,45.39142773895676],[-64.52190040496542,45.40681941161491],[-64.51793440635662,45.3975828266833],[-64.55479615497676,45.408338572397305],[-64.6259014802266,45.398634998839064],[-64.68804718899524,45.37886638233476],[-64.70976215530548,45.358164166687544],[-64.70593326246522,45.319119213919095],[-64.76143040649563,45.30786187935413],[-64.77512809303494,45.29142905596418],[-64.78791911950171,45.31414726497826],[-64.7700780533695,45.32912461963989],[-64.80214525963005,45.33631022927634],[-64.7890411284495,45.32101580255046],[-64.83405435239747,45.353760006329274],[-64.94489003342166,45.329377227270236],[-64.92580420649846,45.38859701230719],[-64.92747540092711,45.409190929891246],[-64.91397121147774,45.43047220863275],[-64.89574359045615,45.430164186020754],[-64.86530968768528,45.4625029626847],[-64.83827501681034,45.45915184769882],[-64.8319137607789,45.472440943862466],[-64.82646677194546,45.46580426160593],[-64.80456684174735,45.473020394311185],[-64.79719900561841,45.4686359669166],[-64.80102443725016,45.45941241379074],[-64.78040548044642,45.467521844362224],[-64.79545046082688,45.478429827036464],[-64.85717466250578,45.472635957241245],[-64.7979086967808,45.5030094937977],[-64.67507816345031,45.53977479692766],[-64.6837196395997,45.54520142018407],[-64.65383574562125,45.56317228702747],[-64.65355651029019,45.578982243673344],[-64.62858553410857,45.59309468924512],[-64.57951891734045,45.60814049455397],[-64.5756750699115,45.59635720485665],[-64.52850161679422,45.646764847289234],[-64.50396224385963,45.662977298061506],[-64.48505206971754,45.65903928092684],[-64.48884485399543,45.67379646930121],[-64.45437312560902,45.68328651539479],[-64.43397920494898,45.717387678892365],[-64.44856892042569,45.73699644402709],[-64.42708989844859,45.751614108449004],[-64.4109386085425,45.74691829868059],[-64.41294519217706,45.75358110296485],[-64.37495630289503,45.77055211179747],[-64.38507596259541,45.793309779263225],[-64.35427093219752,45.799070557394764],[-64.33242432626085,45.819723050205546],[-64.30623406518399,45.82383280924805],[-64.29395000649366,45.810390547894364],[-64.34147344208412,45.76769190206547],[-64.32815958076985,45.75557147421698],[-64.30647553625028,45.68871916747294],[-64.33424577134551,45.659730303225096],[-64.3798703463576,45.658345046255924],[-64.3821050110406,45.64561574360377],[-64.3563811304251,45.61690401841967],[-64.342134531911,45.57402938442964],[-64.35056390939864,45.57012254761528],[-64.34664586413396,45.53862898257816],[-64.3545729158984,45.5369690575815],[-64.34511549057608,45.5261050386061],[-64.29931529231756,45.55678430802107],[-64.27958689211758,45.54111740465476],[-64.26663899178753,45.54440308691422],[-64.2501580239633,45.55238907593544],[-64.24857731632537,45.58460702236794],[-64.23369927144255,45.579109564288004]]]]}},{"type":"Feature","properties":{"id":20521},"geometry":{"type":"Polygon","coordinates":[[[-64.03223566555461,45.65647823761089],[-64.05213389956297,45.635963410827394],[-64.02829970992194,45.60655719420322],[-63.98368050516219,45.625287804108446],[-63.92113328349099,45.62791285897579],[-63.936893791629956,45.608987089602365],[-63.9470113913267,45.567004801594194],[-63.93746854994026,45.545622569964245],[-64.13372495393581,45.5480192697574],[-64.11279598584252,45.4857717099786],[-64.17132252791332,45.54676935794781],[-64.20536126286919,45.534122668929356],[-64.22337555150652,45.570086881393635],[-64.24594680954117,45.58449911572503],[-64.2501580239633,45.55238907593544],[-64.27958689211758,45.54111740465476],[-64.29931529231756,45.55678430802107],[-64.34511549057608,45.5261050386061],[-64.35462106485416,45.537373521033054],[-64.34664586413396,45.53862898257816],[-64.35056390939862,45.57012254761534],[-64.34210310556625,45.57378669590502],[-64.35137035495602,45.60640522038511],[-64.3821050110406,45.64561574360377],[-64.37628110063152,45.66264859599496],[-64.33424577134551,45.659730303225096],[-64.30647553625028,45.68871916747294],[-64.3281595765244,45.75557147356146],[-64.30135057269285,45.77025858607221],[-64.24934925120104,45.763652342966516],[-64.24037951591947,45.77844647931642],[-64.21566544059301,45.777168316045156],[-64.1649249973773,45.80828230793707],[-64.11021710633997,45.76412670843053],[-63.94475879399376,45.8015941992947],[-63.93429238827137,45.78463569976613],[-63.87460308723499,45.74471304264803],[-63.87030282623207,45.75481578058828],[-63.83221171557666,45.728795695747095],[-63.856824610786035,45.728049291218085],[-63.861705510102816,45.71627703145805],[-63.87637200609789,45.71383940677472],[-63.87374158295572,45.70566129862253],[-63.90069398885794,45.67456200142066],[-63.931525783555,45.6847252001787],[-63.98175869988614,45.661281111855416],[-64.03223566555461,45.65647823761089]]]}},{"type":"Feature","properties":{"id":20622},"geometry":{"type":"MultiPolygon","coordinates":[[[[-62.091438671153135,45.38366022013724],[-62.64281445571426,45.299265454148596],[-62.648501940776214,45.290892550695006],[-62.67707904152102,45.29082720030771],[-62.71454585538972,45.276067167818205],[-63.00849906737679,45.48608343037307],[-63.018432985350934,45.504726785101326],[-63.00131760614748,45.520973499861014],[-63.00277921216149,45.55947909865732],[-63.0109857225088,45.568593177602644],[-62.975247954591005,45.58167748592902],[-62.94603581106825,45.60774328940925],[-62.910919494221396,45.61413099725543],[-62.87895458898091,45.602483298981056],[-62.876998701098785,45.546404614398725],[-62.84980737825569,45.56335890444127],[-62.844657106266965,45.577870589069754],[-62.822529903364156,45.57520470602036],[-62.80058241354661,45.563632792619494],[-62.78117438270377,45.56586730007034],[-62.754738211364995,45.530401711204355],[-62.73372115829595,45.567781013652706],[-62.75526748269785,45.584911010029145],[-62.753103008728885,45.61486702569344],[-62.72359710399996,45.655369610000065],[-62.70738977699999,45.652259933000074],[-62.688694319999975,45.63065334300005],[-62.683410575,45.637137492000065],[-62.672561244999976,45.62295743500008],[-62.6393350109999,45.62535962300008],[-62.65492500900001,45.62893616800008],[-62.64681007999994,45.640261524000046],[-62.640871505,45.639873986000104],[-62.637526735999984,45.64120453500005],[-62.637083253999926,45.64231926200005],[-62.65090612700002,45.643946483000036],[-62.657945772,45.6342827980001],[-62.68903562999994,45.64548778100009],[-62.69474790199996,45.664081040000035],[-62.68505182600002,45.676259897000065],[-62.66880590099998,45.68338764800006],[-62.65221232151188,45.67755977088741],[-62.66455809899996,45.68722761100011],[-62.63853606899998,45.67579814700006],[-62.644097486483716,45.66538361309958],[-62.65887106099996,45.669974121000074],[-62.654019624,45.65723229900008],[-62.640177225,45.66413822000003],[-62.635987108999934,45.68079453800005],[-62.62222786599998,45.685601334000076],[-62.571140970890475,45.679075379212065],[-62.58385651900003,45.67514403100003],[-62.56813950099988,45.66697592800006],[-62.56552549099989,45.6762998930001],[-62.548297558062984,45.67112060127994],[-62.55464537458535,45.65747318937917],[-62.55669974673462,45.66064048284412],[-62.57989862327805,45.661853259321106],[-62.572296739999885,45.65040290600006],[-62.573193851,45.65732795800009],[-62.55563664199993,45.65385867200007],[-62.56699820699994,45.650157936000056],[-62.55957271499998,45.64784331200008],[-62.536838305,45.653306967000056],[-62.54933303999993,45.64607520100005],[-62.540278992,45.643770893000024],[-62.50002668699997,45.650649537],[-62.536780219999926,45.66191157400011],[-62.46011523799996,45.65308716300004],[-62.44135971399996,45.667713439000096],[-62.29950816199995,45.69183713300002],[-62.23524420091941,45.72203825623952],[-62.091438671153135,45.38366022013724]],[[-62.65335681754385,45.6036670130996],[-62.648599271888806,45.60473984308743],[-62.645204355519624,45.60553495611998],[-62.65335681754385,45.6036670130996]],[[-62.6438287690751,45.60585711309204],[-62.64324303330769,45.60599424598012],[-62.64441672395605,45.60571941023297],[-62.6438287690751,45.60585711309204]],[[-62.64268524609836,45.60572723816794],[-62.64259782575754,45.60568538627807],[-62.64305820089898,45.60590576853163],[-62.64268524609836,45.60572723816794]],[[-62.640385211036154,45.60462609709409],[-62.6387497755554,45.60405173215452],[-62.6409301711687,45.604886997006524],[-62.640385211036154,45.60462609709409]],[[-62.65171926980111,45.5706602649971],[-62.652530606623806,45.57089741441621],[-62.649160553966425,45.56989846509753],[-62.65171926980111,45.5706602649971]],[[-62.65283920844946,45.57313058163817],[-62.6528392081498,45.57313058187944],[-62.65258480833242,45.573951429786035],[-62.65283920844946,45.57313058163817]],[[-62.65191919439492,45.578167286551256],[-62.65191919413162,45.57816728685047],[-62.652054685356674,45.57822092033461],[-62.65191919439492,45.578167286551256]],[[-62.65322418016272,45.578643670855485],[-62.65322418008134,45.57864367092778],[-62.64608923154433,45.58956814496614],[-62.65322418016272,45.578643670855485]]],[[[-62.54662404199993,45.65418330200009],[-62.54916342399997,45.656020540000114],[-62.54260393999992,45.65452731400011],[-62.54662404199993,45.65418330200009]]]]}},{"type":"Feature","properties":{"id":20623},"geometry":{"type":"MultiPolygon","coordinates":[[[[-62.74397132299996,45.676803168000085],[-62.78808912243506,45.66666849013572],[-62.79440271766366,45.649821380556624],[-62.79165029097971,45.64198852390539],[-62.745170466999966,45.66154935800011],[-62.74900046099991,45.65187290200005],[-62.733804350691564,45.646651412182905],[-62.75686587199526,45.59602448650619],[-62.75252549464877,45.5792001645843],[-62.733720876381966,45.5680961887606],[-62.75367109328621,45.53078189966265],[-62.76162140957513,45.53079340821566],[-62.75862408846643,45.540256101662074],[-62.78117438270377,45.56586730007034],[-62.80058241354661,45.563632792619494],[-62.822529903364156,45.57520470602036],[-62.844657106266965,45.577870589069754],[-62.84980737825569,45.56335890444127],[-62.876998701098785,45.546404614398725],[-62.878979689342316,45.602533189442404],[-62.912030183696416,45.61410379663575],[-62.94603581106825,45.60774328940925],[-62.975247954591005,45.58167748592902],[-63.0109857225088,45.568593177602644],[-63.00277921216149,45.55947909865732],[-63.00131760614748,45.520973499861014],[-63.018432985350934,45.504726785101326],[-63.15342471322754,45.75104380489791],[-63.09953676367982,45.76532638538529],[-63.06696598191848,45.75610608061812],[-63.08069605316898,45.78176749927148],[-63.12897450022262,45.80399093548668],[-63.10943251299996,45.80717053000006],[-63.09631371322241,45.79714659004129],[-62.99445436563733,45.793964821539895],[-62.879900061645685,45.770446057593205],[-62.68077370599992,45.76468978400005],[-62.695471311321064,45.75550417258676],[-62.71183731423981,45.76094703611094],[-62.710065550158475,45.74799052665667],[-62.72088521838734,45.74646029806224],[-62.74351753899994,45.75359694000006],[-62.742032882520505,45.76048818805788],[-62.776582343341666,45.75803172926777],[-62.76723921055413,45.75371971260245],[-62.771540477192175,45.749076401770836],[-62.746205826,45.74485424099997],[-62.7515928450001,45.736036316],[-62.74446733199996,45.734238472000065],[-62.74938199699997,45.733169244000095],[-62.75510255799996,45.7388161280001],[-62.76588583000002,45.732988243000115],[-62.75509181599998,45.72950931200006],[-62.76682553399989,45.7264646110001],[-62.755623038999936,45.72557710600006],[-62.74542364054576,45.73310082533417],[-62.73633107000005,45.72336504600004],[-62.688596859559624,45.73919115836981],[-62.63888396978062,45.715510949157405],[-62.646633063968174,45.69900963149538],[-62.703874356999926,45.67395200600005],[-62.73857537798987,45.66921221416173],[-62.737318724586814,45.68535687232429],[-62.74397132299996,45.676803168000085]],[[-62.74535472633873,45.67753531506597],[-62.74840535767294,45.677457531801],[-62.753146614999956,45.67733647400008],[-62.74535472633873,45.67753531506597]]],[[[-62.67084066164441,45.73846748069776],[-62.65514704383914,45.73906221562435],[-62.65629986500008,45.72925484400007],[-62.65606224200003,45.738650917000015],[-62.67084066164441,45.73846748069776]]],[[[-62.6727525027652,45.74648564698989],[-62.67387768499994,45.74092636000004],[-62.68045381344343,45.7463878601954],[-62.6727525027652,45.74648564698989]]],[[[-62.731160237454155,45.74849213637741],[-62.730115585,45.74917372600004],[-62.730624597833476,45.74798402253711],[-62.731160237454155,45.74849213637741]]],[[[-62.513464927182696,45.81482628402409],[-62.556504260671666,45.80229393413423],[-62.602312934896815,45.80890451877059],[-62.57616622599997,45.822845028000124],[-62.50788858500003,45.8268466800001],[-62.513464927182696,45.81482628402409]]]]}},{"type":"Feature","properties":{"id":30724},"geometry":{"type":"MultiPolygon","coordinates":[[[[-61.73373464495875,45.49106896257415],[-61.944250194417286,45.39943478937167],[-62.091438671153135,45.38366022013724],[-62.23524420091941,45.72203825623952],[-62.17217792899998,45.76234376800005],[-62.118784045,45.78444624800004],[-62.08786318399987,45.78645374200005],[-61.97130805299988,45.87643331800008],[-61.93624596999998,45.887209992000095],[-61.90233506900001,45.87877971700009],[-61.894492831,45.8719986830001],[-61.92099067,45.85701395800006],[-61.92446709500005,45.84172767400012],[-61.908005115999906,45.79847629300009],[-61.909879992999954,45.782175892000076],[-61.920182127999944,45.77961850700006],[-61.921970882999936,45.77557608800006],[-61.90955676199998,45.78093970500007],[-61.90799912399997,45.77440829300008],[-61.92877793899997,45.76468619400007],[-61.9096442189999,45.76721440400013],[-61.89460088499999,45.75725901600004],[-61.90066101200003,45.75008235900006],[-61.88906049799988,45.73579239800006],[-61.90029723099998,45.70618039300008],[-61.889669818999984,45.69141518200006],[-61.89881350599995,45.69276383500005],[-61.900782060999916,45.704384896000114],[-61.90360732599995,45.68734640600007],[-61.91663224699996,45.68321326300011],[-61.907346732,45.67997452200005],[-61.91657151399995,45.67704706100005],[-61.89244337099991,45.67257626800007],[-61.91023834899999,45.66661779900007],[-61.909065269000024,45.65893782400011],[-61.93104546200002,45.66136884000008],[-61.92149708599997,45.652575201000076],[-61.95038292499998,45.644572408999984],[-61.964681834999965,45.621399430000075],[-61.92833061699993,45.638823089000105],[-61.916512378,45.60356277600005],[-61.90441071499996,45.63762406100007],[-61.89017710299994,45.63522741400005],[-61.909957802,45.64270865400009],[-61.911447281999926,45.65259689600006],[-61.88803036699994,45.66266840100012],[-61.88331708499997,45.68149731300009],[-61.86977106299997,45.68015796000005],[-61.891756865999966,45.68653899900002],[-61.88756889899996,45.69179079900002],[-61.83317008799992,45.67420940200007],[-61.817749308999886,45.652286631000045],[-61.78638539700002,45.64381187000005],[-61.80045895499999,45.63977508700001],[-61.81561337399995,45.644019637000056],[-61.826311175999955,45.642392877000084],[-61.83307919499997,45.65003571300008],[-61.85185332499992,45.63769293600007],[-61.84367280600002,45.62345666600004],[-61.835889774999956,45.63839547600008],[-61.801515988000034,45.63774295400016],[-61.81311716799989,45.621851363000076],[-61.80805744299992,45.61546196600008],[-61.815947624999886,45.61596709500011],[-61.81110601099998,45.61201037300005],[-61.814875228000034,45.60720700100004],[-61.81332771999996,45.60214135200001],[-61.810616205,45.59938584600008],[-61.80507257599993,45.609859169000075],[-61.80667595699998,45.604403321000106],[-61.79487595,45.60092205500009],[-61.80360359299995,45.612598108000036],[-61.784440094392984,45.6121167526473],[-61.79177181,45.62844131000012],[-61.79279850500002,45.6242397210001],[-61.80170129199994,45.62363137900006],[-61.78764028699998,45.64096288400003],[-61.75662000499995,45.649342350000026],[-61.75665562500004,45.638451589000105],[-61.73456861699992,45.6266787900001],[-61.741654716999875,45.63162660200007],[-61.69991253199997,45.63859393600006],[-61.682432292999955,45.63657541800008],[-61.68052235999997,45.625563184000086],[-61.65654050899992,45.64351962500008],[-61.654565773999956,45.6263045040001],[-61.63841382499997,45.63110864900003],[-61.64060282200003,45.62441100200009],[-61.621410133999895,45.616116076000104],[-61.66349498764419,45.62573790614721],[-61.7096740139682,45.607755597585275],[-61.71287219575783,45.58920368429552],[-61.68679900387075,45.57193721138345],[-61.679199725159386,45.551559226962986],[-61.73955215396942,45.52623170210825],[-61.73373464495875,45.49106896257415]]],[[[-61.916798036,45.63801222300007],[-61.917001593999984,45.634773807],[-61.920384092,45.63568792000011],[-61.916798036,45.63801222300007]]],[[[-61.910631486999975,45.64171597900009],[-61.90623356099993,45.63692145900012],[-61.911513385999946,45.638583056000115],[-61.910631486999975,45.64171597900009]]],[[[-61.92056655999997,45.6402171390001],[-61.92029537099999,45.64297785400006],[-61.91878925800004,45.64255856500009],[-61.92056655999997,45.6402171390001]]],[[[-61.91208417999996,45.641576808000075],[-61.91329120899992,45.644189568000044],[-61.91148544899997,45.64400135600005],[-61.91208417999996,45.641576808000075]]],[[[-61.83980067500003,45.632305590000094],[-61.845975359999954,45.63525746100003],[-61.83986847399991,45.63834593400009],[-61.83980067500003,45.632305590000094]]],[[[-61.83729505700003,45.64117307900005],[-61.84040193499998,45.64047557000002],[-61.84029616499995,45.64124857600007],[-61.83729505700003,45.64117307900005]]],[[[-61.664505733999974,45.639895618000104],[-61.664900187,45.64219548400004],[-61.66220076199997,45.63969762400007],[-61.664505733999974,45.639895618000104]]],[[[-61.667224390999905,45.64916235600004],[-61.626219188999926,45.6445000990001],[-61.659259418,45.645198730000025],[-61.666559634,45.64364602600009],[-61.66760569600001,45.637411556000124],[-61.681885364999935,45.63637111200008],[-61.667224390999905,45.64916235600004]]],[[[-61.74775498099996,45.65496110700009],[-61.75053176699996,45.65707072500005],[-61.747059583,45.6579417920001],[-61.74775498099996,45.65496110700009]]],[[[-61.897027543999954,45.686265957],[-61.89894313899996,45.686158444000085],[-61.90134959299998,45.68721671200012],[-61.897027543999954,45.686265957]]]]}},{"type":"Feature","properties":{"id":30725},"geometry":{"type":"MultiPolygon","coordinates":[[[[-61.539512747000025,45.10314411600007],[-61.54663795399995,45.101857749000075],[-61.545531132,45.10440015500012],[-61.539512747000025,45.10314411600007]]],[[[-61.57784856899993,45.139463935000045],[-61.556334566999986,45.12661855600008],[-61.57631473699998,45.1070565600001],[-61.57784856899993,45.139463935000045]]],[[[-61.60404552299998,45.14013827400004],[-61.59936414299997,45.12614628700005],[-61.61834721699997,45.13780073900006],[-61.60404552299998,45.14013827400004]]],[[[-61.54287191399996,45.15843063200001],[-61.522056120000016,45.152068962000065],[-61.54609665199995,45.154700019000124],[-61.54287191399996,45.15843063200001]]],[[[-61.382321149999974,45.17142774500005],[-61.37756930800001,45.17026213000012],[-61.382966868,45.171094829000076],[-61.382321149999974,45.17142774500005]]],[[[-61.37577801,45.17328821700005],[-61.37912430100002,45.17241760300007],[-61.37911482,45.17320062000005],[-61.37577801,45.17328821700005]]],[[[-61.27596250899996,45.21721996000013],[-61.272957002,45.21595031200011],[-61.276657095,45.21362079600006],[-61.27596250899996,45.21721996000013]]],[[[-61.24712923099994,45.21841925200008],[-61.242347297999906,45.21860676700006],[-61.24684302899998,45.216956579000055],[-61.24712923099994,45.21841925200008]]],[[[-61.239958339999944,45.219254108000094],[-61.23743007999995,45.21822491400007],[-61.240783474,45.217691523000084],[-61.239958339999944,45.219254108000094]]],[[[-61.270494905,45.21986475100012],[-61.27069959900004,45.21773448300008],[-61.272128333000026,45.21808016700004],[-61.270494905,45.21986475100012]]],[[[-61.264724276999964,45.22240567500007],[-61.26493045199996,45.219816335000075],[-61.26635654499999,45.21982900700004],[-61.264724276999964,45.22240567500007]]],[[[-61.24034727200004,45.22398592500009],[-61.24006123699997,45.22252327200003],[-61.242760836999956,45.22254683700005],[-61.24034727200004,45.22398592500009]]],[[[-61.247150971999986,45.22641299800013],[-61.246403911,45.22336797200007],[-61.249724444,45.22474217200003],[-61.247150971999986,45.22641299800013]]],[[[-61.240276843,45.227918548000055],[-61.23873238099996,45.225545309],[-61.24173897199995,45.22635678700004],[-61.240276843,45.227918548000055]]],[[[-61.22501716799998,45.22665616800003],[-61.21719301999997,45.23693107700006],[-61.217996409999984,45.22794205100007],[-61.22501716799998,45.22665616800003]]],[[[-61.22538499699995,45.24184754900004],[-61.221775381999976,45.239108921000074],[-61.22240639699994,45.2388936880001],[-61.22538499699995,45.24184754900004]]],[[[-61.31522047699993,45.248942465000106],[-61.313496860999955,45.246900660000016],[-61.315238371,45.24747546400005],[-61.31522047699993,45.248942465000106]]],[[[-60.9857342872175,45.33771476120368],[-60.95931000865722,45.320521940201665],[-60.97407369878091,45.31619414002319],[-60.96547799399645,45.322513325855724],[-60.98113623793924,45.328201177970264],[-60.976842626999925,45.32084297700005],[-60.99113269799999,45.316162497000064],[-60.971234060000015,45.30817738900004],[-60.989272893,45.292635844000074],[-60.977250789000024,45.288219777000016],[-60.987513478999944,45.285412640000104],[-60.97719565099998,45.27685887100004],[-60.981464387999964,45.27117344],[-61.00219513599998,45.27765012600009],[-60.99134618699996,45.29242931600006],[-61.00888306499991,45.299307603000045],[-60.999743078,45.28759713200007],[-61.00696086299999,45.29337806500005],[-61.01818284099998,45.291206021000086],[-61.02183212799991,45.28638150200005],[-61.03331458899996,45.29690459000006],[-61.049190524,45.29475556900007],[-61.04416072599993,45.29971935700006],[-61.053126983,45.303824249000044],[-61.05695622699997,45.29703033100012],[-61.02370722599997,45.271678458000096],[-61.03324908899994,45.27408461100005],[-61.03558125999998,45.253790270000074],[-61.05516655399998,45.26058868000006],[-61.058842748,45.255943421000026],[-61.05682756299996,45.23992236100008],[-61.046275504,45.24184865500009],[-61.04335538299994,45.23709080400006],[-61.07677183900002,45.236776442000085],[-61.09026931199998,45.24726483200004],[-61.08518840899997,45.23843919700008],[-61.096378631000036,45.236420918000064],[-61.07524152299998,45.22663288200011],[-61.09674137999988,45.2183067500001],[-61.106809191999915,45.22426218300008],[-61.10505128099993,45.2165996520001],[-61.12577772599996,45.21489840900004],[-61.12769318999995,45.20659432900006],[-61.13699726000005,45.21062622400007],[-61.12897729399993,45.21403271800004],[-61.130362315999974,45.21607177500005],[-61.152110536,45.211105876],[-61.16017706299997,45.22199308300015],[-61.139930338999974,45.239785244000075],[-61.155487814999944,45.24173892000002],[-61.14150566499995,45.24891147600004],[-61.114681848000025,45.282380517000014],[-61.184942518999975,45.25626241800007],[-61.17900969099994,45.244105846000096],[-61.188067676,45.2365445980001],[-61.173093131999956,45.21243372900009],[-61.182998930000025,45.21849686400009],[-61.19081070799993,45.20912420500011],[-61.198862993,45.2295591530001],[-61.210712003999966,45.22584777400008],[-61.207113130999964,45.239428731000075],[-61.19692108699995,45.23134681800011],[-61.190597142999906,45.246360424000066],[-61.20965348899996,45.253060936000054],[-61.211555215,45.26352355300014],[-61.21590603799995,45.246704705000056],[-61.243142072,45.2457227820001],[-61.246651797999945,45.25299598300012],[-61.261179716,45.24340644600005],[-61.28162828799994,45.251511386000075],[-61.261664848000045,45.26383835900006],[-61.27696760399993,45.26571759900012],[-61.30394428000005,45.25145799700005],[-61.32820898499999,45.25274300500004],[-61.32260759799998,45.24518054500003],[-61.33310454500001,45.24571233800003],[-61.322070240999984,45.23876352500013],[-61.32243995299996,45.23572643300011],[-61.343783876999986,45.24479654900003],[-61.366514483999964,45.21639995100008],[-61.37792136499994,45.22999294900008],[-61.372392753999954,45.20678014300006],[-61.378025648999945,45.21289138100009],[-61.38631408399998,45.20171178500008],[-61.37004785199995,45.20417222900003],[-61.34962209999993,45.18837799300006],[-61.345953218999895,45.19857778600009],[-61.31505712200002,45.20101554500005],[-61.30981585600004,45.19097326800007],[-61.349797951,45.187138307000076],[-61.370399638,45.17178031600013],[-61.383622065,45.17987173300011],[-61.38473861799996,45.16919353800004],[-61.41059465399993,45.16331822400005],[-61.4556920039999,45.17952771300013],[-61.447627581,45.16404375300005],[-61.46498871699998,45.15010980800008],[-61.541702378999936,45.16936174800011],[-61.556755141,45.1497672920001],[-61.59969611,45.14531501600006],[-61.64250215500004,45.15858733100004],[-61.673218916999915,45.203920618000076],[-61.654168749000014,45.16454950600006],[-61.68418892599995,45.161640775000116],[-61.69731293399998,45.17366446200004],[-61.696754007793196,45.185498912093706],[-61.68288700387363,45.19857939831084],[-61.67191888916099,45.195383697352355],[-61.67476549148841,45.202272703395934],[-61.67271080776909,45.209342674644766],[-61.65682405018431,45.22370349228392],[-61.66372155149027,45.26255413782464],[-61.65690939981821,45.29143300174642],[-61.645061591184906,45.30483839252361],[-61.57410548457937,45.320951199976214],[-61.504140795662444,45.31377589861998],[-61.493768196236104,45.33825219543466],[-61.51397000134903,45.35093068639079],[-61.50594339622502,45.369477703178475],[-61.54458889589054,45.35463939447331],[-61.58625259241854,45.3490993853004],[-61.596076259423164,45.35819018481808],[-61.607719007350575,45.35583060237347],[-61.60614519428175,45.34754370645272],[-61.63530048687669,45.34539879818187],[-61.67529684175021,45.34736117805541],[-61.702269604462,45.36267630694629],[-61.74736820840867,45.35708961030383],[-61.79538398829555,45.32983590276584],[-61.84654110830956,45.316977090162595],[-61.868194817265014,45.30473399695643],[-61.87863970318182,45.28179769745464],[-61.90257860062785,45.27288828644859],[-61.91878160919224,45.301308956371365],[-61.90597234012207,45.302174929475676],[-61.90600627839209,45.35861806341305],[-61.91370166289823,45.37736353394725],[-61.943823631264166,45.399769232516626],[-61.73373464495875,45.49106896257415],[-61.73955215396942,45.52623170210825],[-61.5970446326893,45.585151248409886],[-61.58318419217279,45.569972257045066],[-61.52220016365538,45.60281519820928],[-61.526457121583995,45.61324342883502],[-61.43645056969457,45.64827652824938],[-61.396267970925656,45.62840639041457],[-61.38642145,45.58436965200011],[-61.37089794199998,45.58347419200004],[-61.310969282999935,45.53348452000008],[-61.31376066299999,45.53950252700011],[-61.27301259999993,45.522043423000056],[-61.24871996200002,45.52210552000009],[-61.238846914,45.50899199300006],[-61.24287568599998,45.49636235300003],[-61.22922510399991,45.48310872500009],[-61.262960155,45.45421979800007],[-61.27542763399995,45.455551919000044],[-61.28625876099998,45.44421135300011],[-61.29663285300003,45.43941587800008],[-61.28926811099994,45.44449050600011],[-61.30175171399993,45.45460525100005],[-61.314150445,45.44711988200003],[-61.29753776095161,45.441211629859424],[-61.35864209182534,45.42674103082821],[-61.378606034452034,45.41078784874951],[-61.38180742489271,45.41011321798625],[-61.38476825731398,45.412495441065936],[-61.36884212311602,45.42162546863973],[-61.378453961091594,45.42636703722048],[-61.39861827338795,45.423014989246404],[-61.386591644049325,45.4193712734685],[-61.38518243024549,45.41282362596353],[-61.394794169989524,45.42083705284578],[-61.43328915899992,45.421443663],[-61.41809270963593,45.41865078356047],[-61.433053570887424,45.40269964080171],[-61.46738917912341,45.39790891881076],[-61.488238488039016,45.379310978660484],[-61.48268284399998,45.38597928700003],[-61.49049086589214,45.38826110574282],[-61.48016814600005,45.38829519199998],[-61.484431633743796,45.39524279905616],[-61.47608900100001,45.399852581000076],[-61.50162004761498,45.42473555531815],[-61.511108795253115,45.42352864199577],[-61.50720567393891,45.40841877538229],[-61.49999928753064,45.40380908233918],[-61.49155126300558,45.40560691542041],[-61.505498637999956,45.39949414],[-61.49015978099997,45.38150570300007],[-61.50184417199998,45.381614582000076],[-61.484652577,45.37058610700009],[-61.49280781199992,45.36789459500008],[-61.436882675,45.34769976000005],[-61.382273235999975,45.34990963500004],[-61.37903819600004,45.3424915990001],[-61.30639987200009,45.352239052],[-61.26482917077648,45.338976931338735],[-61.251552766999986,45.34278902200004],[-61.261609495642915,45.35015830756019],[-61.25011644499996,45.35294763000007],[-61.20230498000002,45.34853231100004],[-61.14100763676974,45.35821081695241],[-61.10420285010124,45.342372865505695],[-61.06307462286394,45.3501889506211],[-61.01407679599997,45.33866249800008],[-60.9857342872175,45.33771476120368]],[[-61.47145417025599,45.35432749742544],[-61.46757088297532,45.35384062363517],[-61.46594525723895,45.35305365730642],[-61.46763423416267,45.35483411738368],[-61.47145417025599,45.35432749742544]],[[-61.50145424391558,45.404523733814244],[-61.502267118583255,45.40448582370881],[-61.50182906675007,45.40442377755177],[-61.50145424391558,45.404523733814244]],[[-61.50409659986839,45.40468757311126],[-61.504435973227565,45.4046597697451],[-61.50315724622453,45.404583987897986],[-61.50409659986839,45.40468757311126]]],[[[-61.488854212721094,45.400778295188246],[-61.48759578380177,45.399096454105276],[-61.49024102398696,45.40004059311774],[-61.488854212721094,45.400778295188246]]],[[[-61.50364632514256,45.408192204835004],[-61.49995172510613,45.406460553081644],[-61.50020135229256,45.406058673746294],[-61.50364632514256,45.408192204835004]]],[[[-61.38467164766726,45.41274615065785],[-61.38490207633789,45.41278110229831],[-61.384788241928355,45.412826122166734],[-61.38467164766726,45.41274615065785]]],[[[-61.38430667265607,45.413367813299885],[-61.38424796857253,45.4133763756522],[-61.38421221931394,45.413337937705826],[-61.38430667265607,45.413367813299885]]],[[[-61.135547461999955,45.195758876000035],[-61.1380813529999,45.2043337740001],[-61.129146642,45.197607511000065],[-61.135547461999955,45.195758876000035]]],[[[-61.11271584499991,45.199353458000054],[-61.10728935099991,45.200199798000064],[-61.10682816300001,45.19951704900008],[-61.11271584499991,45.199353458000054]]],[[[-61.173735487999934,45.20310934000008],[-61.17378921299997,45.20063475400008],[-61.17501185999994,45.203012712000074],[-61.173735487999934,45.20310934000008]]],[[[-61.14765744400005,45.20274323600006],[-61.146728680999914,45.20115287800008],[-61.14767041899995,45.201951289000085],[-61.14765744400005,45.20274323600006]]],[[[-61.160322979999975,45.2060175680001],[-61.15853194399998,45.20824810400007],[-61.159682889,45.20612427900012],[-61.160322979999975,45.2060175680001]]],[[[-61.11809754000004,45.20874097800003],[-61.11439503700003,45.21095730300006],[-61.111873341,45.209808431000056],[-61.11809754000004,45.20874097800003]]],[[[-61.16895171599995,45.21251142400007],[-61.16886546000001,45.21678580800009],[-61.166732615,45.21181867700007],[-61.16895171599995,45.21251142400007]]],[[[-61.083734988000025,45.21648691800006],[-61.08922512899997,45.220260594000074],[-61.083638384999986,45.220878082000084],[-61.083734988000025,45.21648691800006]]],[[[-61.059669399999976,45.22568515000006],[-61.05989619999992,45.222763487000094],[-61.060618254999945,45.22625038500009],[-61.059669399999976,45.22568515000006]]],[[[-61.162725002,45.22988350100012],[-61.16118722099995,45.22740131300014],[-61.165029381000046,45.22596886900003],[-61.162725002,45.22988350100012]]],[[[-61.040768234999945,45.23155546700009],[-61.05651572999997,45.22440729500008],[-61.066554864,45.231490976000075],[-61.040768234999945,45.23155546700009]]],[[[-61.074465878999966,45.23337998300007],[-61.07033731299999,45.232653177000095],[-61.07447230599991,45.23281300300003],[-61.074465878999966,45.23337998300007]]],[[[-61.15331894099998,45.2386793270001],[-61.16094926899998,45.231223168000035],[-61.16955282699994,45.231082362000045],[-61.164098172,45.24104056500007],[-61.15331894099998,45.2386793270001]]],[[[-61.214213336,45.24297859700011],[-61.213795303999966,45.24005553200007],[-61.215072739000014,45.23994950700006],[-61.214213336,45.24297859700011]]],[[[-61.20231251600003,45.24095551200014],[-61.19860616499996,45.24373260800006],[-61.19914730699993,45.239915460000105],[-61.20231251600003,45.24095551200014]]],[[[-61.03888537799994,45.24480947700004],[-61.047469146999916,45.2456857330001],[-61.03977968000002,45.248074416000065],[-61.03888537799994,45.24480947700004]]],[[[-61.14574541299994,45.25372423400008],[-61.151116479,45.246088008000065],[-61.16413702099994,45.251302973000065],[-61.15452467899994,45.25573881300008],[-61.14574541299994,45.25372423400008]]],[[[-61.055988058,45.253698478000096],[-61.052478540999914,45.25719428200008],[-61.05175979799993,45.251006954000054],[-61.055988058,45.253698478000096]]],[[[-61.025915886,45.28371571900007],[-61.02085754999991,45.28433925400009],[-61.020441237,45.283476880000094],[-61.025915886,45.28371571900007]]],[[[-61.017334523999935,45.289201968],[-61.014279074999955,45.28613334800013],[-61.01832096699991,45.28760780800009],[-61.017334523999935,45.289201968]]],[[[-61.032829048999965,45.29508693700008],[-61.03322699299998,45.29390559000004],[-61.035655540999926,45.294856555000116],[-61.032829048999965,45.29508693700008]]],[[[-61.020914230521385,45.35341751731285],[-60.999481137545246,45.34030018303191],[-61.0311825442907,45.349625415370625],[-61.020914230521385,45.35341751731285]]],[[[-61.09400238640989,45.35785608952866],[-61.0936433996103,45.35425904021267],[-61.09842476064568,45.35468948074878],[-61.09400238640989,45.35785608952866]]],[[[-60.981777048999916,45.242932062000115],[-60.98248623999993,45.24665325400008],[-60.98097543000002,45.24325996900002],[-60.981777048999916,45.242932062000115]]],[[[-60.983211371,45.257125892000076],[-60.98071311799998,45.254615297000015],[-60.984538875999974,45.2545478740001],[-60.983211371,45.257125892000076]]],[[[-60.98932016300005,45.25448816200011],[-60.99368414199997,45.259038721000074],[-60.98724825499996,45.25469470400012],[-60.98932016300005,45.25448816200011]]],[[[-60.981852485000026,45.26094553800004],[-60.9969653339999,45.26177879600007],[-60.99306822399994,45.27325934800011],[-61.00000001699997,45.2706786560001],[-61.00245712499993,45.275998438],[-60.98592442499995,45.27122522000008],[-60.981852485000026,45.26094553800004]]],[[[-61.005452559000034,45.276743932000045],[-61.00675285199994,45.273472063000106],[-61.006782396,45.2773612650001],[-61.005452559000034,45.276743932000045]]],[[[-61.00422516900003,45.27938692500005],[-61.005159721,45.281824662000076],[-61.0040276279999,45.28211093800009],[-61.00422516900003,45.27938692500005]]],[[[-60.96141996899995,45.284103552],[-60.964011967999966,45.2822234820001],[-60.96394892300001,45.28469777300006],[-60.96141996899995,45.284103552]]],[[[-60.998325001,45.28654788500004],[-61.00457853799997,45.28421792000002],[-60.99847072699997,45.28711750900003],[-60.998325001,45.28654788500004]]],[[[-61.00690469699995,45.2906136320001],[-61.012981378999946,45.286047766000074],[-61.013988605,45.29007096100012],[-61.00690469699995,45.2906136320001]]],[[[-60.951746079000024,45.288944246000064],[-60.94943607299997,45.2921793460001],[-60.948834775999906,45.29081831000008],[-60.951746079000024,45.288944246000064]]],[[[-60.944897078999965,45.309443628000096],[-60.95799014400002,45.2947540830001],[-60.955975256,45.28516740000002],[-60.964132334,45.29774425000006],[-60.97045850600002,45.29309508400007],[-60.96091127299995,45.31323235700005],[-60.944897078999965,45.309443628000096]]],[[[-60.939226680999944,45.306451945000056],[-60.939978038999925,45.30859884500007],[-60.935712540000026,45.3069735500001],[-60.939226680999944,45.306451945000056]]],[[[-60.97683578299987,45.31386670200007],[-60.97722122599996,45.311281112000096],[-60.97859883299996,45.31343886000009],[-60.97683578299987,45.31386670200007]]],[[[-60.96208599547378,45.34308414272346],[-60.96834452294163,45.33631047850709],[-60.97579271747619,45.336342933847796],[-60.96657501806911,45.33927563051062],[-60.97828379429444,45.34595836009665],[-60.96208599547378,45.34308414272346]]],[[[-60.95467627199994,45.34184449700002],[-60.95820303375308,45.34161975408337],[-60.959425760999984,45.343585757],[-60.95467627199994,45.34184449700002]]],[[[-60.94460722,45.342851868000054],[-60.94603641678953,45.34215746787184],[-60.94519161336406,45.343537484988204],[-60.94460722,45.342851868000054]]],[[[-60.98918409869443,45.34598605580126],[-60.980230767999906,45.34720522000008],[-60.976912191999986,45.338955146000046],[-60.98918409869443,45.34598605580126]]],[[[-60.96680414910239,45.346712498309245],[-60.96235189920499,45.34571546536044],[-60.961721901850794,45.345049012874625],[-60.96680414910239,45.346712498309245]]],[[[-60.98025532816487,45.352255434356195],[-60.97817387199993,45.35370386700006],[-60.977016537956274,45.35250258277433],[-60.98025532816487,45.352255434356195]]],[[[-60.97138445912905,45.35474954655501],[-60.97299009008638,45.35443110020778],[-60.97519104834839,45.35477678278469],[-60.97138445912905,45.35474954655501]]],[[[-60.95466695845979,45.354149329459496],[-60.95215626943112,45.353208677208706],[-60.957355103082676,45.354258197855714],[-60.95466695845979,45.354149329459496]]]]}},{"type":"Feature","properties":{"id":30726},"geometry":{"type":"MultiPolygon","coordinates":[[[[-62.44631461699996,44.789994716000095],[-62.443790617999966,44.78954136100003],[-62.447970401,44.7886974020001],[-62.44631461699996,44.789994716000095]]],[[[-62.41564443499993,44.79888016600009],[-62.41382736099993,44.801022399000054],[-62.41263991899994,44.79966595000003],[-62.41564443499993,44.79888016600009]]],[[[-62.380758120999936,44.81918539200011],[-62.379173976,44.82183245000011],[-62.377044887,44.82103766500008],[-62.380758120999936,44.81918539200011]]],[[[-62.347728879999956,44.82073893600009],[-62.34503638800005,44.82394632700004],[-62.34369259999995,44.82197612900004],[-62.347728879999956,44.82073893600009]]],[[[-62.444160144999934,44.8234725470001],[-62.452060072,44.82274555300005],[-62.45269746900002,44.826232444000084],[-62.45111470799993,44.82639590400003],[-62.444160144999934,44.8234725470001]]],[[[-62.34234518599996,44.8247860750001],[-62.33578929499996,44.82399193800006],[-62.34282219099997,44.823996630000096],[-62.34234518599996,44.8247860750001]]],[[[-62.492656249,44.83218736600007],[-62.48856156699993,44.83170998700003],[-62.492588437,44.83126884000005],[-62.492656249,44.83218736600007]]],[[[-62.36421866399995,44.833750096000074],[-62.359307209,44.83627926400007],[-62.35661303299994,44.83621910300007],[-62.36421866399995,44.833750096000074]]],[[[-62.43339812799991,44.83872337800007],[-62.433713368999946,44.83624936000006],[-62.436164706,44.84435445100009],[-62.43339812799991,44.83872337800007]]],[[[-62.49144526900001,44.841859330000084],[-62.48764264799996,44.84118516800005],[-62.49151888499998,44.840680358000014],[-62.49144526900001,44.841859330000084]]],[[[-62.42547512399996,44.84789302000004],[-62.42398105499995,44.84035969400012],[-62.42770257899996,44.84147665800006],[-62.42547512399996,44.84789302000004]]],[[[-62.37012352599992,44.844504387000086],[-62.38237954299995,44.8450124480001],[-62.37605680499995,44.84579728200005],[-62.37012352599992,44.844504387000086]]],[[[-62.37636771,44.84630311000014],[-62.380797766999954,44.84855973200006],[-62.37597236000003,44.84658900600005],[-62.37636771,44.84630311000014]]],[[[-62.40729643799994,44.84733201300006],[-62.40334077799996,44.84805860100005],[-62.40349910199992,44.84620497800007],[-62.40729643799994,44.84733201300006]]],[[[-62.45110929,44.84828918200013],[-62.45062649499998,44.84716158500002],[-62.45434521499994,44.84733245000008],[-62.45388178300003,44.84816744100005],[-62.45110929,44.84828918200013]]],[[[-62.37722080199998,44.85638117600006],[-62.367820101,44.84685925200006],[-62.38031137799999,44.856154907000096],[-62.37722080199998,44.85638117600006]]],[[[-62.46549960999995,44.85353366700005],[-62.46011833899997,44.85381442800009],[-62.465821745,44.85291402600006],[-62.46549960999995,44.85353366700005]]],[[[-62.45489777100001,44.855833120000085],[-62.451581459000046,44.85453893600005],[-62.456169747999986,44.85515502200008],[-62.45489777100001,44.855833120000085]]],[[[-62.418589501999975,44.86314382900007],[-62.423006573999984,44.86573183900005],[-62.41897949900002,44.865900476000036],[-62.418589501999975,44.86314382900007]]],[[[-62.32285847499993,44.86747749500005],[-62.32340696799992,44.86928117000011],[-62.32150871999995,44.86815363100004],[-62.32285847499993,44.86747749500005]]],[[[-62.346040032999966,44.869413026000075],[-62.33614194299999,44.86929287800006],[-62.33187563799997,44.868214756000064],[-62.346040032999966,44.869413026000075]]],[[[-62.34136101399993,44.87120456000006],[-62.337648125,44.87041790200004],[-62.34223961199988,44.87075950900005],[-62.34136101399993,44.87120456000006]]],[[[-62.397026911999944,44.890425454000116],[-62.39291373800001,44.891384911000046],[-62.39718883299995,44.88947209400001],[-62.397026911999944,44.890425454000116]]],[[[-62.327775500999955,44.892019302000044],[-62.325556717999966,44.89332051200005],[-62.324372261999976,44.89172913900003],[-62.327775500999955,44.892019302000044]]],[[[-62.38190761699987,44.893855448000096],[-62.38000795699999,44.89149561000006],[-62.381190594999914,44.891042913000064],[-62.38190761699987,44.893855448000096]]],[[[-62.41118561799998,44.89409117600007],[-62.406680483,44.893752792000015],[-62.411900464,44.89229444800008],[-62.41118561799998,44.89409117600007]]],[[[-62.317605244999974,44.90923396400008],[-62.317227057999936,44.899446452],[-62.33012042799994,44.9071115500001],[-62.317605244999974,44.90923396400008]]],[[[-62.16673013899993,44.97497370200005],[-62.15968086099993,44.959195585000074],[-62.17352111399991,44.9498354930001],[-62.175344104999894,44.933185951000034],[-62.187307239999974,44.93410888900009],[-62.18442414200005,44.95424385200007],[-62.20943400299992,44.94433747200007],[-62.21251751099998,44.9626328350001],[-62.23679547799998,44.95620821500011],[-62.25271950899995,44.97474957500006],[-62.24103503499996,44.94524501200008],[-62.26442585655935,44.94195931444084],[-62.275170137,44.926175454000116],[-62.29228212399999,44.9288393420001],[-62.29704755799997,44.92254935400007],[-62.290706006999976,44.926137970000084],[-62.288101438999966,44.922592965000085],[-62.305539297,44.91710104800006],[-62.31138937299995,44.923743976000125],[-62.30524206499994,44.91338139400005],[-62.30778924899998,44.90804061400005],[-62.325898708,44.91391029000004],[-62.33423572899994,44.906154401],[-62.34326390699998,44.92871181500008],[-62.34668957199996,44.92946062500009],[-62.34522779800001,44.912006278000064],[-62.35402884700003,44.905538905000064],[-62.34051899799997,44.893939035000066],[-62.34520704399994,44.88370360500008],[-62.35648228300003,44.897946010000055],[-62.37311255899997,44.893231391000114],[-62.381314079,44.913773834000054],[-62.395911818999956,44.89774727800007],[-62.41435568399996,44.899940837000095],[-62.418565455999975,44.885649026000095],[-62.39516054599995,44.87034088600006],[-62.41240368999996,44.86899056300007],[-62.41825568300003,44.87743750800008],[-62.418655339,44.86792430000013],[-62.43202911299996,44.867307444000055],[-62.42357193599995,44.86488848400009],[-62.430690368000015,44.86314178800007],[-62.42626823000002,44.85723225600012],[-62.440896508999955,44.853577912000034],[-62.45703550400001,44.861343607000045],[-62.43993284300004,44.87074027400007],[-62.45266887299997,44.87468194800007],[-62.45283300700001,44.86404221500001],[-62.464939463,44.860723777000025],[-62.45442413500001,44.85773931300015],[-62.47182044699996,44.85430126400009],[-62.473647967,44.849574569000104],[-62.44809788599991,44.85222660200009],[-62.45893509499996,44.8477233650001],[-62.44896917799992,44.83782733200005],[-62.46124009900003,44.82307728000008],[-62.48590581599993,44.84298680000006],[-62.469368461999906,44.85807978600009],[-62.47886451600003,44.86189542700004],[-62.47538100299996,44.89284675200006],[-62.492720621999986,44.90556402600004],[-62.600802814709965,44.94542189889651],[-62.753347880003446,45.01778467428292],[-62.48354851556074,45.15381657133161],[-62.71454585538972,45.276067167818205],[-62.67707904152102,45.29082720030771],[-62.648501940776214,45.290892550695006],[-62.64281445571426,45.299265454148596],[-61.943823631264166,45.399769232516626],[-61.9117037924882,45.37365396220511],[-61.90597234012207,45.302174929475676],[-61.91878160919224,45.301308956371365],[-61.90257860062785,45.27288828644859],[-61.89135640002718,45.273718804791855],[-61.86743388350427,45.30527640489499],[-61.74736820840867,45.35708961030383],[-61.702269604462,45.36267630694629],[-61.67529684175021,45.34736117805541],[-61.63530048687669,45.34539879818187],[-61.60614519428175,45.34754370645272],[-61.607719007350575,45.35583060237347],[-61.596076259423164,45.35819018481808],[-61.58625259241854,45.3490993853004],[-61.54458889589054,45.35463939447331],[-61.50594339622502,45.369477703178475],[-61.51397000134903,45.35093068639079],[-61.493768196236104,45.33825219543466],[-61.504140795662444,45.31377589861998],[-61.57376141805256,45.3209874923955],[-61.64914719075707,45.30167509887748],[-61.66372155149027,45.26255413782464],[-61.65682405018431,45.22370349228392],[-61.67271080776909,45.209342674644766],[-61.67191888916099,45.195383697352355],[-61.68288700387363,45.19857939831084],[-61.696754007793196,45.185498912093706],[-61.69715198135138,45.1741113273787],[-61.72552782700004,45.22040422900003],[-61.78426740399997,45.24443076900009],[-61.805271528,45.24540858200002],[-61.73077554200002,45.21181213500005],[-61.730340503999955,45.19358803300011],[-61.645485949999944,45.1233990520001],[-61.65011741700002,45.11949313300004],[-61.71290722799997,45.11977705700009],[-61.71504517699992,45.11799179500006],[-61.673355621999924,45.11032265500007],[-61.65413622099998,45.09023983400008],[-61.701207413999974,45.089623694000096],[-61.73020999699994,45.10780941900003],[-61.72292440399998,45.08907648100006],[-61.7529089599999,45.09165832900006],[-61.76037340999996,45.10159616000006],[-61.78475762299993,45.09516133100005],[-61.760940890000036,45.08635368900007],[-61.74443382199997,45.07246364200005],[-61.74477162999998,45.07037894000007],[-61.769976305,45.079213929000055],[-61.771051355,45.08714709600013],[-61.84298893499998,45.10717143400008],[-61.829208817999934,45.07548872400009],[-61.81839696399998,45.07858200900005],[-61.82138348199995,45.064948122],[-61.84971633399997,45.064606898000115],[-61.83599492599994,45.071642314000066],[-61.86721737000001,45.07952683900002],[-61.87166574399997,45.072351412000074],[-61.852418582,45.06667749400007],[-61.841705312,45.047422440000034],[-61.85310282399996,45.036267137],[-61.883883415,45.046420186000034],[-61.91694335299996,45.07432013000009],[-61.95027812999997,45.084803457000106],[-61.96650310099998,45.1172857970001],[-61.985742031999976,45.136496956000116],[-61.97519053000003,45.148312010000076],[-61.97777161199994,45.16261182400007],[-61.98421830899997,45.170014714],[-61.97772445900004,45.174493604000105],[-61.978881711999925,45.17881574600005],[-61.99386483999996,45.19093893200003],[-62.00786097599997,45.198676750000054],[-62.00894253499996,45.20971311200009],[-62.00985453899997,45.21219645700002],[-62.01270002399997,45.213346299000044],[-62.008509197999906,45.198007276000084],[-61.97822961199995,45.17542529400004],[-61.983982094999966,45.17184895600012],[-61.98486615499992,45.169363364000056],[-61.97622912299999,45.147853246000054],[-61.98560509099998,45.142067793000116],[-61.987726027999976,45.13793684300007],[-61.984477786,45.13248897500008],[-62.00096737399994,45.137855401000046],[-61.972120001999954,45.118848799],[-61.94792027,45.07411463500009],[-61.91825816599994,45.06658202700006],[-61.883950583999926,45.027291853000115],[-61.89989539199996,45.023251720000076],[-61.93601890499992,45.03562951500006],[-61.95305452700001,45.05940783100002],[-61.98013880799998,45.07051811800004],[-61.981597277999946,45.06493200700004],[-61.95320701400002,45.049660244000044],[-61.95902171199997,45.0420348070001],[-61.948139493999975,45.03029567100003],[-61.947557842,45.01008106000006],[-61.96435337199994,45.02380047700008],[-61.997514184,45.0299836310001],[-61.99142322899995,45.02551006700009],[-62.00716776900001,45.018635561000046],[-62.010588284,45.00426220800008],[-62.01772946099997,45.01332577200007],[-62.01061492399998,45.021141003000096],[-62.03332568399996,45.02921215300006],[-62.02462438499991,45.01833591100009],[-62.03446301099997,45.018194488000084],[-62.025014192999954,45.0140633280001],[-62.04106719099992,45.00272183100008],[-62.103730438999975,45.01200769000003],[-62.09758532000003,45.00006777700006],[-61.997774650000025,44.99554614600003],[-61.98082508899998,44.97758737800008],[-62.04752846300001,44.97344757100009],[-62.05272665899994,44.95658509300008],[-62.05732030199997,44.96717342900008],[-62.05328833300001,44.96637491000007],[-62.048387355999935,44.97519212200007],[-62.076914994999974,44.97567833200009],[-62.06679121199996,44.961012853000014],[-62.079491598,44.970793061000045],[-62.077559965999924,44.96313479700005],[-62.091064568,44.97031862200004],[-62.12730597000003,44.966262392000026],[-62.100073333,44.94891124600005],[-62.13658173900004,44.965837798000024],[-62.151374902,44.9567036280001],[-62.16673013899993,44.97497370200005]]],[[[-62.16110855799995,44.87159807800007],[-62.15716264999991,44.870461767000045],[-62.162305870999965,44.871093733000066],[-62.16110855799995,44.87159807800007]]],[[[-62.324666147999984,44.87310551700005],[-62.3196894099999,44.872148755000076],[-62.32513980699993,44.872658206000025],[-62.324666147999984,44.87310551700005]]],[[[-62.32391821799994,44.88616317200007],[-62.323754696999956,44.88931293700004],[-62.32011547699999,44.888643164000115],[-62.32391821799994,44.88616317200007]]],[[[-62.29114284199995,44.88854803200006],[-62.288451078,44.888099187000094],[-62.288536040999986,44.887370554000086],[-62.29114284199995,44.88854803200006]]],[[[-62.30008238799995,44.89070064800009],[-62.29565763699996,44.890079312000104],[-62.301114943,44.89013985500006],[-62.30008238799995,44.89070064800009]]],[[[-62.19813903500001,44.88884206900012],[-62.20382051399994,44.89099731900008],[-62.196142533999975,44.89125860600006],[-62.19813903500001,44.88884206900012]]],[[[-62.19465516999992,44.889852797000074],[-62.19329641399996,44.891931686000135],[-62.191789347999986,44.891029822000085],[-62.19465516999992,44.889852797000074]]],[[[-62.277434082999946,44.89315221100007],[-62.27148327599991,44.894041610000095],[-62.27013750399998,44.89330385100005],[-62.277434082999946,44.89315221100007]]],[[[-62.2867556839999,44.898224963000104],[-62.28977032199994,44.89614626400006],[-62.28984879299989,44.89800119000009],[-62.2867556839999,44.898224963000104]]],[[[-62.19967235899994,44.898809134000025],[-62.19833279099992,44.8976834810001],[-62.20481970500001,44.89752179200005],[-62.19967235899994,44.898809134000025]]],[[[-62.25988463199995,44.90572375100002],[-62.257347986999946,44.90695856700005],[-62.25513673099997,44.90554885200006],[-62.25988463199995,44.90572375100002]]],[[[-62.17176820899998,44.905109683000056],[-62.17046555799992,44.912013819000045],[-62.154265598,44.90748397500005],[-62.16163543099996,44.90592694100007],[-62.17176820899998,44.905109683000056]]],[[[-62.298128466,44.908701824000076],[-62.294856850999935,44.91415492600004],[-62.287724733,44.9171893710001],[-62.295260867999886,44.91219499000007],[-62.28976690199995,44.900539271000085],[-62.298128466,44.908701824000076]]],[[[-62.26299673999995,44.91991312200009],[-62.264924045999955,44.91384015900006],[-62.270386407,44.91367712600004],[-62.26299673999995,44.91991312200009]]],[[[-62.298491321,44.91844427800008],[-62.294211095,44.91826488700011],[-62.29983533299998,44.91731828000012],[-62.298491321,44.91844427800008]]],[[[-62.269256490999965,44.91986333900013],[-62.27589902899998,44.921616026000045],[-62.266404308999945,44.9199710780001],[-62.269256490999965,44.91986333900013]]],[[[-62.267186536999915,44.92222661100004],[-62.27310686599995,44.92600029300006],[-62.266612420999955,44.92751611600007],[-62.267186536999915,44.92222661100004]]],[[[-62.199475214999985,44.92305032000007],[-62.20420698399997,44.92632412200008],[-62.193599496,44.925511538000094],[-62.199475214999985,44.92305032000007]]],[[[-62.169828952999936,44.92895103900009],[-62.16603060299997,44.92696991400006],[-62.170701189999924,44.9282192150001],[-62.169828952999936,44.92895103900009]]],[[[-62.23992667999999,44.92741364700005],[-62.23792915899999,44.92993891000003],[-62.235794247999976,44.929429526],[-62.23992667999999,44.92741364700005]]],[[[-62.20912143800002,44.92740250600009],[-62.20291944099998,44.93054611600011],[-62.201343996,44.92992296700005],[-62.20912143800002,44.92740250600009]]],[[[-62.20016301799985,44.92918552900005],[-62.196595174000024,44.92968259700005],[-62.200793287,44.92851478800012],[-62.20016301799985,44.92918552900005]]],[[[-62.171479499,44.93137557000009],[-62.169473590000045,44.935141847000075],[-62.168759349999924,44.93457853200006],[-62.171479499,44.93137557000009]]],[[[-62.205292252000014,44.93308321500008],[-62.19607958799995,44.93666454700008],[-62.193944815,44.93615439800009],[-62.205292252000014,44.93308321500008]]],[[[-62.20821262699993,44.93544401900002],[-62.198758271999964,44.939987127000045],[-62.19282744399997,44.9390181470001],[-62.19448691899998,44.938174666000066],[-62.20821262699993,44.93544401900002]]],[[[-62.163287173999976,44.9378783060001],[-62.167788906,44.93946855800007],[-62.16413220999994,44.941656337000076],[-62.163287173999976,44.9378783060001]]],[[[-62.163270422999965,44.93990365700011],[-62.15985842,44.941814038000054],[-62.15874925399993,44.9405185830001],[-62.163270422999965,44.93990365700011]]],[[[-62.19865077699992,44.94589168900007],[-62.19723483799997,44.94471146500008],[-62.1991359859999,44.94381563100007],[-62.19865077699992,44.94589168900007]]],[[[-62.16098466599994,44.8809953670001],[-62.15345674999999,44.88232615800011],[-62.151956396999914,44.88102771500007],[-62.16098466599994,44.8809953670001]]],[[[-62.136997605999895,44.88307616000012],[-62.13413434499994,44.88402670700001],[-62.13334267299989,44.883624610000105],[-62.136997605999895,44.88307616000012]]],[[[-62.11696069300001,44.8842552920001],[-62.126472501999906,44.882428986000036],[-62.132869891,44.88390909300005],[-62.11696069300001,44.8842552920001]]],[[[-62.104642962999975,44.893053454000025],[-62.09791156099999,44.893477581000106],[-62.0957745409999,44.8924614380001],[-62.104642962999975,44.893053454000025]]],[[[-62.151622847,44.89768810600002],[-62.14648688799995,44.8981269510001],[-62.15234037600001,44.89712629800009],[-62.151622847,44.89768810600002]]],[[[-62.15284501899996,44.91968022400002],[-62.160858464000036,44.918407104000046],[-62.163453658999956,44.921171766000036],[-62.15284501899996,44.91968022400002]]],[[[-62.09894664000005,44.93990034000007],[-62.091835395,44.925476761000134],[-62.10442184099995,44.9382870470001],[-62.09894664000005,44.93990034000007]]],[[[-62.15987585599995,44.937142117000064],[-62.15670505499996,44.93729878000002],[-62.15988414899996,44.93657504200012],[-62.15987585599995,44.937142117000064]]],[[[-62.057516961,44.94044812600008],[-62.064780285,44.93337823700003],[-62.09381896400003,44.93713215300005],[-62.066175237,44.94739679000012],[-62.057516961,44.94044812600008]]],[[[-62.025786459,44.94602413700007],[-62.02881614699993,44.933987247000054],[-62.048625918,44.93237161600008],[-62.040880475,44.951535119000134],[-62.025786459,44.94602413700007]]],[[[-62.101566618999925,44.94013703100006],[-62.105683988000024,44.940259381000025],[-62.108675145,44.94190311000008],[-62.101566618999925,44.94013703100006]]],[[[-62.08067982199995,44.948009589000016],[-62.079660177000015,44.945975934000074],[-62.082098499999894,44.947282843000046],[-62.08067982199995,44.948009589000016]]],[[[-62.154132602000026,44.94590369400003],[-62.15253126299995,44.948772463000076],[-62.15206343000002,44.946968582000075],[-62.154132602000026,44.94590369400003]]],[[[-62.094522193,44.95125289400005],[-62.09173023699995,44.95304910900007],[-62.091265143,44.95119101900008],[-62.094522193,44.95125289400005]]],[[[-62.074926078,44.954237525000096],[-62.078366671999945,44.949179227000045],[-62.084571176999965,44.95679978400008],[-62.074926078,44.954237525000096]]],[[[-62.156372127000026,44.9557054360001],[-62.155982657999964,44.95373111900007],[-62.15851759,44.954641020000096],[-62.156372127000026,44.9557054360001]]],[[[-61.93304172,44.98753228100005],[-61.964370589,44.986166792000105],[-61.97169862799995,45.00204624900008],[-61.93957967699998,44.992963086000096],[-61.93304172,44.98753228100005]]],[[[-62.09530706899997,45.002939358000084],[-62.09748841,45.00543214500006],[-62.09020737800004,45.00447418100001],[-62.09530706899997,45.002939358000084]]],[[[-61.96531842299996,45.006867642000095],[-61.96600617900001,45.00954743400006],[-61.96349863599995,45.00856150600002],[-61.96531842299996,45.006867642000095]]],[[[-62.02638605799998,45.00799876000009],[-62.02729572400002,45.010482019000065],[-62.02226634099995,45.00773851500011],[-62.02638605799998,45.00799876000009]]],[[[-61.96548934199994,45.01570006100011],[-61.973633589999984,45.007374768000055],[-61.99458992299995,45.00993770400002],[-61.985673625,45.02116525900003],[-61.96548934199994,45.01570006100011]]],[[[-62.021176778999966,45.015830882000074],[-62.02215527799993,45.01426394500006],[-62.02372615799994,45.0151775830001],[-62.021176778999966,45.015830882000074]]],[[[-61.91203046400002,45.015851392000044],[-61.91459883,45.01493063300004],[-61.917416405999944,45.01963835000005],[-61.91203046400002,45.015851392000044]]],[[[-61.95305857199993,45.05153126300005],[-61.95926557500002,45.053793448000064],[-61.95278722899995,45.05248295100006],[-61.95305857199993,45.05153126300005]]],[[[-61.818102132999954,45.059603115000094],[-61.81858558500003,45.05586334700007],[-61.82392546500004,45.06115754600002],[-61.818102132999954,45.059603115000094]]],[[[-61.707431677000045,45.08917221000005],[-61.708778211999956,45.08524466400002],[-61.71278197899993,45.090285879000106],[-61.707431677000045,45.08917221000005]]],[[[-61.697321754,45.17383558400008],[-61.69726379746253,45.1738507670843],[-61.69731623620275,45.17372857035311],[-61.697321754,45.17383558400008]]]]}},{"type":"Feature","properties":{"id":30827},"geometry":{"type":"MultiPolygon","coordinates":[[[[-61.15288702500003,45.52450214000003],[-61.1568474609999,45.52243284300007],[-61.157317572000025,45.52489774900007],[-61.15288702500003,45.52450214000003]]],[[[-61.086358288999975,45.52086828000002],[-61.10848295400002,45.52053481600005],[-61.12290084099993,45.52592141100011],[-61.12676539,45.531790634000046],[-61.137847160999954,45.530126629000065],[-61.13128788399996,45.534060999000054],[-61.086358288999975,45.52086828000002]]],[[[-61.101387023999926,45.528212087000085],[-61.100186086999955,45.53002834600009],[-61.099945946999966,45.52841314300011],[-61.101387023999926,45.528212087000085]]],[[[-61.14334238599997,45.545653088000115],[-61.147915296,45.540983753000056],[-61.14157521199997,45.536695213000115],[-61.13671571699991,45.53568890700004],[-61.147270859999956,45.53291725700003],[-61.139821603999884,45.5300598100001],[-61.18994016499994,45.529866102000085],[-61.162016763999965,45.522552170000026],[-61.186525,45.51539202900008],[-61.200285614999935,45.526726169000085],[-61.18819188099999,45.53286274700014],[-61.182009823999906,45.531153311000125],[-61.19907831099993,45.54288222300004],[-61.15974473299991,45.55176935000011],[-61.14334238599997,45.545653088000115]]],[[[-61.104314493999986,45.53446253800007],[-61.12759414299997,45.534216524000094],[-61.128166491,45.535495075000064],[-61.104314493999986,45.53446253800007]]],[[[-61.14029499099998,45.546386606000105],[-61.13773869900003,45.54078225800003],[-61.14294672899994,45.53860777500008],[-61.14029499099998,45.546386606000105]]],[[[-61.10593544899996,45.546451968000056],[-61.108048292000014,45.548386219000065],[-61.10438270799996,45.54691226400011],[-61.10593544899996,45.546451968000056]]],[[[-61.151642872999965,45.553483723000085],[-61.15521799099996,45.55542277200004],[-61.14880434700002,45.55486894100005],[-61.151642872999965,45.553483723000085]]],[[[-61.197493178999935,45.562812707000056],[-61.22251155199996,45.56020750900009],[-61.22668883699993,45.5610195310001],[-61.197493178999935,45.562812707000056]]],[[[-61.193080216,45.57135703600009],[-61.196975324999975,45.57018545800006],[-61.202826042,45.570376692000124],[-61.20074367100001,45.571775083000055],[-61.19429175699992,45.571943274000034],[-61.193080216,45.57135703600009]]],[[[-61.21246468900003,45.576801746000086],[-61.21930311200003,45.57577443800004],[-61.20385421199997,45.57028485800007],[-61.23625197399994,45.57480431300007],[-61.21246468900003,45.576801746000086]]],[[[-61.190371699999965,45.58186343900008],[-61.18403856699994,45.57433701900004],[-61.197528814999984,45.582525707000094],[-61.190371699999965,45.58186343900008]]],[[[-61.222340509,45.58065533300007],[-61.22473741799996,45.58269086300008],[-61.22134214299992,45.58223298900006],[-61.222340509,45.58065533300007]]],[[[-61.19435254100003,45.58523884800007],[-61.19941551199998,45.58205139400008],[-61.21828686699992,45.58358954400006],[-61.209049260000015,45.58948476700004],[-61.18395601899998,45.585641060000086],[-61.19435254100003,45.58523884800007]]],[[[-61.471022469,45.68404939500008],[-61.43645056969457,45.64827652824938],[-61.526457121583995,45.61324342883502],[-61.52220016365538,45.60281519820928],[-61.58318419217279,45.569972257045066],[-61.5970446326893,45.585151248409886],[-61.679199725159386,45.551559226962986],[-61.68679900387075,45.57193721138345],[-61.71287219575783,45.58920368429552],[-61.7096740139682,45.607755597585275],[-61.66409800181317,45.62562879967307],[-61.616554150999974,45.610170698000026],[-61.624951777999925,45.63283759500007],[-61.631530576999985,45.6292711990001],[-61.62627025594648,45.64608488513623],[-61.602090943999954,45.650805062000096],[-61.58396253299994,45.63681028400002],[-61.57940388399992,45.65167728100008],[-61.58716531799997,45.659973382000025],[-61.588142135000034,45.652262667000066],[-61.594183332000064,45.64677457900009],[-61.58762557100003,45.66106819300006],[-61.59379887999993,45.67238653100009],[-61.56893798999997,45.692203804000044],[-61.52669577899994,45.6931699180001],[-61.51884284899998,45.67537254800006],[-61.510802502999944,45.679345439000116],[-61.515422115999975,45.69207884800004],[-61.52281583899996,45.68979848100011],[-61.517846110999955,45.69366748400008],[-61.471022469,45.68404939500008]]],[[[-61.35362298899994,45.60742130900006],[-61.393939326,45.649742029000045],[-61.41464255699994,45.646934938000065],[-61.429535174999934,45.670129128000056],[-61.42278049199992,45.669730011000084],[-61.43468741399993,45.67505136400007],[-61.420850303000016,45.65436572300007],[-61.46622432999995,45.7167573260001],[-61.463801495,45.744204351000114],[-61.4788973309999,45.78428890900006],[-61.49613043599996,45.80267159200011],[-61.504830543999965,45.86177635100005],[-61.49675375199995,45.90093107600004],[-61.49514906999993,45.88493388000008],[-61.483044692,45.90159591700009],[-61.51130485599994,45.90636894600008],[-61.5287087651756,45.940692220438955],[-61.441812162968425,45.95069652767166],[-61.41016366644715,45.93604592105639],[-61.37268568676003,45.95437409511264],[-61.3271780081417,45.948934000487895],[-61.31571711242537,45.9624130966402],[-61.29371240745964,45.95009410103208],[-61.2719409951739,45.96885720690924],[-61.24789806268638,45.946649053726695],[-61.1975407061709,45.95900319744534],[-61.130498892,45.93861057600009],[-61.12940602099994,45.93044713900009],[-61.10045144999998,45.94245319600013],[-61.07330686999997,45.92756164600009],[-61.081687709999976,45.93961047600011],[-61.05411539100002,45.93934215300005],[-61.04119332799995,45.95386430400003],[-61.003051086999925,45.960989429000065],[-60.98916001081527,45.951048917994484],[-60.99591510699992,45.943430307000085],[-60.988752273000024,45.932440664000076],[-61.00585579499992,45.92742114600008],[-60.99106210099995,45.92312966900007],[-61.004380792999925,45.914965524000095],[-60.98686675199994,45.91610729700009],[-61.00010589299994,45.90971152200012],[-60.99334519499999,45.90774268300002],[-61.034319176999965,45.90265869000007],[-61.04071519299993,45.90518076400006],[-61.028892853,45.90626444400006],[-61.02862908699992,45.91043619300006],[-61.050502050999896,45.90624826200011],[-61.054844366999966,45.91554795700007],[-61.069645435999966,45.90335112000012],[-61.07980451699991,45.90821168400004],[-61.09315090999993,45.901009719000086],[-61.02863892499993,45.89475416800012],[-61.01694236399996,45.902970395000075],[-60.974105286,45.90392882300004],[-60.96353367699996,45.90110363400003],[-60.960758766999916,45.882179683000075],[-60.94459988499997,45.88457228200007],[-60.9354495179999,45.86996110200002],[-60.910992524,45.86932742300007],[-60.928033585999984,45.86357131400012],[-60.92578224099998,45.85690592300008],[-60.94056885899997,45.8576415250001],[-60.959758314,45.87677041700009],[-60.99254926200001,45.879394550000114],[-60.984003308999974,45.865913990000074],[-60.96677616199994,45.87302522400003],[-60.977301677999925,45.86313131400008],[-60.94531960299992,45.85421679300004],[-60.93639690099997,45.85028462100007],[-60.93154557699997,45.84460741400007],[-60.942528502999984,45.849567168000064],[-60.9464137869999,45.83499284500006],[-60.95926874599992,45.83593433000006],[-60.97152788799995,45.841589150000125],[-60.960145952,45.85315044200005],[-60.971534859999984,45.854856382000065],[-60.972957968999964,45.842280591000126],[-61.00046669899995,45.82823826100009],[-61.003757697,45.81793593900004],[-61.01019305000002,45.81940735200004],[-61.002728033999944,45.82944791200007],[-61.018973630999945,45.82626555700008],[-61.00019426799995,45.832607866000096],[-61.02136799599997,45.83208554900006],[-61.04265667199992,45.81468481700008],[-61.10261795400002,45.79219554500009],[-61.15079853399997,45.75655041600003],[-61.134060576999936,45.75644020900005],[-61.15996833999995,45.75336819700004],[-61.139852458,45.75124221200013],[-61.151075792999926,45.74348567900009],[-61.14221355699998,45.74130767200006],[-61.120337390999936,45.76304684800008],[-61.12882222299995,45.74389733700011],[-61.11486063399991,45.73742112600012],[-61.16936641700003,45.7101349830001],[-61.13459333599996,45.69953628600014],[-61.120561727000016,45.70657001300002],[-61.104360104,45.697499323000045],[-61.0894949879999,45.70213012500008],[-61.107603091,45.69465480100012],[-61.092184712999945,45.68537033700003],[-61.09845423499991,45.69362976300005],[-61.081127818999924,45.707516422000126],[-61.02134800899994,45.72904367200005],[-60.98654747599996,45.754700045000085],[-60.96344408699997,45.76028499700003],[-60.962935136999974,45.768259681000075],[-60.943721035999964,45.7654491060001],[-60.93979109699998,45.77508122500011],[-60.81255348499996,45.73658545000008],[-60.81075139499998,45.72547076800006],[-60.81836054699992,45.73071992800007],[-60.818947132,45.72786883800006],[-60.82501281399993,45.731188854000045],[-60.82946197000001,45.72781714800009],[-60.81122235999992,45.722626515000094],[-60.799682313,45.70430379700009],[-60.818471923,45.70706755700007],[-60.81809176,45.695710077000086],[-60.83104688900003,45.70148347700011],[-60.82041287599994,45.69084886899997],[-60.84192037099998,45.68898011000007],[-60.831111785,45.677884130000066],[-60.85239512499997,45.67938449400002],[-60.84962884899998,45.672491675000046],[-60.87850177999995,45.662023505000086],[-60.86590963472596,45.65826509765207],[-60.870375662985275,45.65162082753495],[-60.89622353699997,45.65258527600012],[-60.89009232999997,45.648385669000064],[-60.89649423200002,45.64364321600004],[-60.90394118799998,45.647317568000084],[-60.89884901299994,45.65170650500007],[-60.90536786399995,45.655174638000055],[-60.91105034299996,45.6563048340001],[-60.91352230999995,45.65575596800005],[-60.91266071699997,45.65718039200002],[-60.914175658,45.66166357400005],[-60.913178366,45.66224841300008],[-60.918385328999975,45.66410764900013],[-60.92041343700003,45.66307347300005],[-60.91411106899997,45.65510965500007],[-60.90660290199992,45.65234397000009],[-60.90862709799998,45.641066757000054],[-60.893836192999935,45.63821159700005],[-60.90704210399993,45.633665858000064],[-60.907596738,45.62979656400007],[-60.922746294000014,45.62186419600006],[-60.936219276000024,45.62315262000006],[-60.93161122399999,45.627065704000096],[-60.917804468,45.625068576000054],[-60.91223478000003,45.62892734600011],[-60.941265540999986,45.63107461500004],[-60.941973205000025,45.62331047300008],[-60.95296001699996,45.63230197300003],[-60.94367100899994,45.63125296600005],[-60.93182793099996,45.633379370000064],[-60.977194669999925,45.639106551000076],[-60.98457634499996,45.63542964500007],[-60.94815362999992,45.62619399900008],[-60.978860516000054,45.61383409100007],[-60.98964297,45.61466351100004],[-60.99297990700002,45.622868161000056],[-60.985115738999966,45.61608690300008],[-60.97559201299994,45.61734062900007],[-60.998401452999936,45.62479952900013],[-60.988318591,45.62730465900013],[-60.99749160699993,45.633775619000055],[-61.01006531199997,45.63305031600006],[-60.998381707999975,45.630037812000054],[-61.012535516999975,45.629591919000056],[-61.00066878599996,45.626333417000104],[-61.010176176999984,45.617957490000045],[-61.03953303499992,45.63608028000007],[-61.047295983999916,45.63348596600009],[-61.039166209,45.62783802600002],[-61.04507437999992,45.62210665800005],[-61.02714199399996,45.61952999100006],[-61.034416899999954,45.61103244100007],[-61.013041531,45.609465367000084],[-61.031824681999986,45.603012838000055],[-61.02600600299996,45.598537876000094],[-61.06627289099996,45.59577941500005],[-61.06137293299994,45.604400373000054],[-61.08006675999994,45.60523827900008],[-61.06924504799997,45.59136517800011],[-61.16613688699996,45.56478880800006],[-61.192734085999916,45.56616692200006],[-61.16990984799995,45.57250926200008],[-61.194962053,45.568623451000065],[-61.201202309,45.56864991800005],[-61.154390067,45.582655771000105],[-61.176137782999945,45.60181742200003],[-61.236498866,45.59761685400012],[-61.22878459800001,45.59421208600014],[-61.24233509799991,45.590154944000055],[-61.22479834700002,45.58970365300012],[-61.22942389399994,45.58693113300013],[-61.24773615400002,45.589211808000066],[-61.24763338499994,45.59580802100004],[-61.25715921399995,45.59706991800008],[-61.24891913699996,45.59363148700003],[-61.26420271799997,45.578634978000096],[-61.29850762,45.57550578900007],[-61.277333532,45.56210975800008],[-61.281725428,45.553390826000076],[-61.292205149999944,45.556365362000065],[-61.28867817800002,45.54804053300007],[-61.33101198700001,45.56467104600008],[-61.348969142999906,45.589892079000094],[-61.373514818000025,45.604708960000046],[-61.35362298899994,45.60742130900006]]],[[[-61.517620215999976,45.68180136700008],[-61.515283408999984,45.682275058000116],[-61.515068344,45.68118315400007],[-61.517620215999976,45.68180136700008]]],[[[-61.16153919799993,45.71179143600005],[-61.16210497678016,45.71168499327138],[-61.160876372740084,45.71234321375767],[-61.16153919799993,45.71179143600005]]],[[[-61.49357476199992,45.89072751800006],[-61.49156633199996,45.89254613400003],[-61.49297671899991,45.89044060200008],[-61.49357476199992,45.89072751800006]]],[[[-61.09417922299995,45.94778507700001],[-61.099992216999944,45.94796291300007],[-61.09391549699996,45.94983281600012],[-61.09417922299995,45.94778507700001]]],[[[-61.063274047999954,45.49579779100009],[-61.047172403,45.49396633000002],[-61.037754810999964,45.495749148000094],[-61.04577429399994,45.491836142000125],[-61.063274047999954,45.49579779100009]]],[[[-61.081036299,45.510562619000055],[-61.09043762799994,45.504374379000105],[-61.104612692,45.50881411400006],[-61.10281173499999,45.51250168800005],[-61.09618840899992,45.513768643000034],[-61.081036299,45.510562619000055]]],[[[-60.888153754999905,45.57804241000004],[-60.921158203,45.5659114570001],[-60.89758960399994,45.56768520300005],[-60.89703498399994,45.55782773300006],[-60.94555656799995,45.55715385800009],[-60.98767277399997,45.53847933500006],[-60.976650202999956,45.53868060300011],[-60.97715852599995,45.51950807700012],[-60.984150925926,45.518038542882834],[-60.95238450299995,45.51556504600008],[-60.96413060600001,45.50725091200013],[-60.96855098199999,45.49611413000006],[-60.98976075099996,45.491745843000054],[-60.983461734,45.48751221900005],[-61.00188902299995,45.47630557400006],[-60.99487540199996,45.47042606600012],[-61.00780072699997,45.46684953900007],[-61.027157382999924,45.468994879000064],[-61.022529632999984,45.47438757000009],[-61.03442137399995,45.481568874000125],[-61.00117542599998,45.497563019000054],[-61.01703695699998,45.503303308000056],[-60.98941072299993,45.512361494000096],[-61.091850353999966,45.513705223000066],[-61.08382771300002,45.521482940000055],[-61.09593648699996,45.52844536700013],[-61.08253716999997,45.52554779600006],[-61.091115,45.53014710500013],[-61.08194493999996,45.53392696100007],[-61.101252753,45.53296246700009],[-61.102242465999964,45.53628234700005],[-61.095807896,45.53870456000006],[-61.09623226800003,45.54206905800008],[-61.11748851499993,45.53729980900003],[-61.10160248599997,45.54502083500011],[-61.10231448299996,45.55012732300008],[-61.11130477199996,45.55098745600015],[-61.103201799,45.55726195500005],[-61.123956561,45.55347330200006],[-61.116654970999974,45.54308280100008],[-61.131290752,45.543638289000086],[-61.12577097599996,45.55554634100011],[-61.13696440299996,45.554136310000054],[-61.09921705399998,45.562578379000016],[-61.13203598000001,45.5594204920001],[-61.1355697539999,45.56453685400006],[-61.096587022000016,45.56722417600012],[-61.02240897199998,45.594353139000056],[-61.01523582,45.59088929700003],[-61.02171196399996,45.58609606000007],[-60.99414599299993,45.58045754200005],[-60.94512702300001,45.59316864000006],[-60.926284852999906,45.57911930400008],[-60.888153754999905,45.57804241000004]]],[[[-61.083470205999944,45.577599102000086],[-61.086983932999985,45.57641585300008],[-61.088172460999914,45.577272858000065],[-61.083470205999944,45.577599102000086]]],[[[-61.07807389299997,45.57985768100009],[-61.07648260699995,45.579911892000034],[-61.07605987422737,45.57970746882744],[-61.07807389299997,45.57985768100009]]],[[[-61.081942779999956,45.58518838200012],[-61.0824532699999,45.5822445840001],[-61.08366307299993,45.58398409600006],[-61.081942779999956,45.58518838200012]]],[[[-61.07725886799994,45.584956591000044],[-61.07413834599997,45.58474198600008],[-61.07828644999997,45.58414578600006],[-61.07725886799994,45.584956591000044]]],[[[-61.00927029799995,45.59353978100004],[-61.012389722,45.591613891000065],[-61.013583673,45.593020810000034],[-61.00927029799995,45.59353978100004]]],[[[-60.99890847399991,45.602620792000074],[-61.0160639799999,45.597582493000075],[-61.023671684,45.600747778000056],[-61.00932334599999,45.606538285000056],[-60.99890847399991,45.602620792000074]]],[[[-61.022177657999926,45.61297236800007],[-61.021675745,45.61557397900009],[-61.01963971599995,45.61438656000008],[-61.022177657999926,45.61297236800007]]],[[[-60.996871965,45.61912003700009],[-61.002325407,45.615453145000075],[-61.00166301100005,45.61893396500007],[-60.996871965,45.61912003700009]]],[[[-61.092433427999936,45.75808380500009],[-61.09149545099996,45.74524189000003],[-61.100382591999924,45.74854036300015],[-61.092433427999936,45.75808380500009]]],[[[-61.085957097999945,45.750432725000074],[-61.09026050199995,45.75619331300009],[-61.07952659599997,45.765104190000045],[-61.077953080999954,45.75849809700014],[-61.085957097999945,45.750432725000074]]],[[[-61.06735798999997,45.75959741300011],[-61.067861735999955,45.76362931500002],[-61.064777058,45.76209195900012],[-61.06735798999997,45.75959741300011]]],[[[-61.06000580499995,45.79435998800006],[-61.050676788999965,45.786253431000084],[-61.065053193,45.79128634100007],[-61.06000580499995,45.79435998800006]]],[[[-61.044424889999945,45.7939592740001],[-61.04020431199997,45.79176276000011],[-61.038590953,45.793373208000034],[-61.037369909,45.79223612300008],[-61.038583330000016,45.79102386300011],[-61.04374830399991,45.79196750800012],[-61.044424889999945,45.7939592740001]]],[[[-61.048054889999946,45.80054696300005],[-61.05066042399997,45.79336381200007],[-61.05150820199996,45.80004785300012],[-61.048054889999946,45.80054696300005]]],[[[-61.03966878699999,45.800061303000064],[-61.03932294999996,45.802215546000106],[-61.03369177399995,45.801695710000075],[-61.03966878699999,45.800061303000064]]],[[[-61.02286169100002,45.80190479300005],[-61.02794403999991,45.80120058100006],[-61.028560412999965,45.8026963580001],[-61.02286169100002,45.80190479300005]]],[[[-61.00545596300002,45.813276176000045],[-61.01768815099995,45.81315611000008],[-61.016730766,45.81583072100008],[-61.02404424699998,45.814679378000044],[-61.026440540999964,45.81643995700005],[-61.01617308099998,45.81703615100008],[-61.00545596300002,45.813276176000045]]],[[[-61.05626758399998,45.948631432000056],[-61.05425654899997,45.94931723700007],[-61.05294375600001,45.949222871000124],[-61.05387036799998,45.94818557400002],[-61.05626758399998,45.948631432000056]]],[[[-61.05474612600002,45.95376286200008],[-61.06887227999994,45.94644204400003],[-61.0813513569999,45.94748935300005],[-61.05474612600002,45.95376286200008]]],[[[-60.90277140499997,45.47834456700008],[-60.89603194699995,45.47928271700004],[-60.89511881899997,45.477690661000025],[-60.90277140499997,45.47834456700008]]],[[[-60.94777675100001,45.519397831000056],[-60.91042021899994,45.50885498300006],[-60.93655405899997,45.50170622000009],[-60.92276744999997,45.49163589800012],[-60.92598960399997,45.48335031900005],[-60.96065075899999,45.485216827000066],[-60.95409066999994,45.49887135200009],[-60.9609071,45.505411159000076],[-60.94777675100001,45.519397831000056]]],[[[-60.923655326999956,45.583689099000075],[-60.92368990199997,45.580665348000096],[-60.927246495999974,45.582593198000076],[-60.923655326999956,45.583689099000075]]],[[[-60.90639152099999,45.58084457600005],[-60.91423517799998,45.57983597500009],[-60.92309087699992,45.58404788500008],[-60.90639152099999,45.58084457600005]]],[[[-60.92186350700006,45.591946538000066],[-60.91127623899995,45.58427343100003],[-60.92408080499993,45.59161782100002],[-60.92186350700006,45.591946538000066]]],[[[-60.99736677500001,45.59009125000009],[-61.00145961299997,45.592530239000084],[-60.994183831000036,45.59198861900008],[-60.99736677500001,45.59009125000009]]],[[[-60.957002631999906,45.5959020290001],[-60.96865586899998,45.595236816000096],[-60.97198513799998,45.5921546110001],[-60.97602436499995,45.59391846700006],[-60.96827437600002,45.59586009900008],[-60.957002631999906,45.5959020290001]]],[[[-60.97200553799997,45.611156258000065],[-60.97683131899998,45.60784846600006],[-60.97917526600001,45.61042825700009],[-60.97200553799997,45.611156258000065]]],[[[-60.95773673899998,45.60923676100006],[-60.957381209999966,45.61090459500006],[-60.95603908699991,45.60936839600008],[-60.95773673899998,45.60923676100006]]],[[[-60.99786269199995,45.61146850800014],[-60.996154488999956,45.61333778400006],[-60.995562643999975,45.611950245000074],[-60.99786269199995,45.61146850800014]]],[[[-60.86484441100003,45.66031079000005],[-60.86480214300001,45.665134544000075],[-60.85955094499995,45.661111796000064],[-60.86484441100003,45.66031079000005]]],[[[-60.834820311999955,45.677279429000095],[-60.846039638,45.67468330700008],[-60.84828048599995,45.67651673900004],[-60.834820311999955,45.677279429000095]]],[[[-60.81732137100003,45.70131195800008],[-60.80929812799992,45.69755794400007],[-60.80849914799999,45.696309479000064],[-60.81552853499991,45.697542266000085],[-60.81732137100003,45.70131195800008]]],[[[-60.80909596699998,45.6987871800001],[-60.807666131,45.70053294000005],[-60.80557324499994,45.69788246300006],[-60.80909596699998,45.6987871800001]]],[[[-60.79512225199998,45.710498522000094],[-60.793737442999976,45.70651135600011],[-60.79675398599996,45.71016998500004],[-60.79512225199998,45.710498522000094]]],[[[-60.98545758200003,45.759973337000126],[-60.98814420799996,45.76214490000011],[-60.98095450799997,45.76003784600007],[-60.98545758200003,45.759973337000126]]],[[[-60.900073202999955,45.76954238400004],[-60.899484921,45.76705632700002],[-60.901095817,45.766968922000075],[-60.900073202999955,45.76954238400004]]],[[[-60.99041629500001,45.81772896700008],[-60.99465116699998,45.82239380900008],[-60.986838509,45.81949314800008],[-60.99041629500001,45.81772896700008]]],[[[-60.991365420999976,45.832137903000046],[-60.99028074700002,45.830435693000105],[-60.99385135199996,45.82924735200001],[-60.991365420999976,45.832137903000046]]],[[[-60.93044466299996,45.85032993500006],[-60.930331007,45.84818569300011],[-60.93130084999996,45.848428300000116],[-60.93044466299996,45.85032993500006]]],[[[-60.93116108900005,45.87406885100009],[-60.93284137799998,45.87149806300007],[-60.93555537999995,45.87232120500001],[-60.93116108900005,45.87406885100009]]],[[[-60.947050916,45.89674929000012],[-60.946308767,45.894152732000116],[-60.949191246000034,45.894636564000066],[-60.947050916,45.89674929000012]]],[[[-60.98170229099993,45.909526696000086],[-60.98306657799995,45.90639157200011],[-60.98708000099992,45.907002392],[-60.98170229099993,45.909526696000086]]]]}},{"type":"Feature","properties":{"id":30828},"geometry":{"type":"MultiPolygon","coordinates":[[[[-60.80622643800001,45.6036271340001],[-60.81410557900003,45.594903156000086],[-60.81747882499992,45.5965248650001],[-60.80622643800001,45.6036271340001]]],[[[-60.79200262699996,45.6928233450001],[-60.79351374199993,45.69620092500007],[-60.79072587699994,45.692303599000105],[-60.79200262699996,45.6928233450001]]],[[[-60.76186385699995,45.7110216600001],[-60.75745525199998,45.70656968700008],[-60.765508203,45.70887878000007],[-60.76186385699995,45.7110216600001]]],[[[-60.77219968199996,45.71701137300006],[-60.765196715999956,45.712824109000046],[-60.763904023999935,45.71398694200007],[-60.77219968199996,45.71701137300006]]],[[[-60.79248802799992,45.717684407000064],[-60.777507727000035,45.71730384300009],[-60.774552651,45.708236319000044],[-60.79248802799992,45.717684407000064]]],[[[-60.730383460999924,45.732659672000096],[-60.729804410999954,45.72982186000011],[-60.73260198799997,45.7305615240001],[-60.730383460999924,45.732659672000096]]],[[[-60.775739546,45.75536132600013],[-60.77401127100002,45.753878507000096],[-60.774808178,45.75388502300007],[-60.775739546,45.75536132600013]]],[[[-60.766068452999974,45.76828685000003],[-60.75922184299992,45.76583048300007],[-60.771136835,45.75889895100003],[-60.77108850700002,45.76689080200005],[-60.765682642,45.770862558000026],[-60.758426462999985,45.771557454000046],[-60.766068452999974,45.76828685000003]]],[[[-60.767090429,45.80260014000008],[-60.77280050899993,45.805600896000044],[-60.76111078999994,45.80409420900012],[-60.767090429,45.80260014000008]]],[[[-60.940419629885014,45.91118400007862],[-60.94591790326406,45.910688944639695],[-60.954206185976815,45.91426693133422],[-60.940419629885014,45.91118400007862]]],[[[-60.96530481632298,45.91507721269399],[-60.95957303851944,45.912085771182774],[-60.96912079436717,45.91050980836047],[-60.96530481632298,45.91507721269399]]],[[[-60.775801728014486,46.07159276987021],[-60.73706673874887,46.06918498322939],[-60.73982826640402,46.05824104670595],[-60.770428630228665,46.028726609803755],[-60.79532430535034,46.022657405575806],[-60.775748715130256,46.02366403631927],[-60.80584698316447,46.000637646362385],[-60.81122889574602,45.972569056288336],[-60.80155576153076,45.96029549058992],[-60.81355606455857,45.94492771661483],[-60.86619241841745,45.94166582268393],[-60.91011584140685,45.91880617488414],[-60.94176172550216,45.92300805410041],[-60.913275949055,45.92772959014732],[-60.89289071350834,45.94424056378411],[-60.89882335488032,45.94566393385099],[-60.91699445746979,45.940713369830604],[-60.9078172754156,45.94049164810033],[-60.91367831044448,45.931445198936515],[-60.93713386950929,45.934427384574754],[-60.95007513887118,45.91894522490455],[-60.957981655893725,45.92488326923708],[-60.96931898738272,45.915679705179215],[-60.99299239954298,45.93754659837709],[-60.99004525109924,45.95359598550131],[-60.97691741460124,45.95637133439501],[-60.98785379217,45.95762654456058],[-60.99275165547208,45.9760108781949],[-60.9797009056064,45.99622109121809],[-60.886852691574234,46.025305191214194],[-60.90667016642886,46.02675010401459],[-60.900271112802535,46.037748282996],[-60.91640259049705,46.030798220631716],[-60.92503856556417,46.03828181511898],[-60.90011462070147,46.039149481255315],[-60.867848403676696,46.05816391817247],[-60.8699925653612,46.05115652527531],[-60.842956994726734,46.05329541106363],[-60.87556802574973,46.01127108130802],[-60.840414993868954,46.034940390655606],[-60.85136489092553,46.033499757555006],[-60.834450000169504,46.05001130977333],[-60.822806281400375,46.04993400471188],[-60.831030745958884,46.04523018819369],[-60.82996287526183,46.03850452880208],[-60.775801728014486,46.07159276987021]]],[[[-60.864542525682985,46.05270188455948],[-60.86483129775063,46.05426436621927],[-60.86204321326852,46.0548242582361],[-60.864542525682985,46.05270188455948]]],[[[-60.90432102254745,46.083391985923484],[-60.90571275605237,46.077720244211854],[-60.90934722693051,46.08250303801627],[-60.90432102254745,46.083391985923484]]],[[[-60.75377697199993,46.09336933900008],[-60.83968466464935,46.070901516759484],[-60.86146378293271,46.07886264423457],[-60.88672421592615,46.06458996019866],[-60.88884801596489,46.07467371210816],[-60.86336412422045,46.081229320412014],[-60.86133959122215,46.08943584413204],[-60.878559888954975,46.09509414685042],[-60.89815278656997,46.08812090934418],[-60.91035291540221,46.08289429377556],[-60.90781642553523,46.05867781812832],[-60.940005239409864,46.05007326589795],[-60.97636886491676,46.01464018805188],[-60.96669773197799,46.007115049183554],[-60.981493072563644,45.99896335451587],[-61.05111385184892,46.11475939886184],[-60.81437476766344,46.422161691996216],[-60.8072202781128,46.40499316920831],[-60.77537592331397,46.40039981424506],[-60.747949576874426,46.36475349064766],[-60.69870222257074,46.34465627305069],[-60.67259013773031,46.31687499315449],[-60.646600549548566,46.31834078964497],[-60.62056246468935,46.3065153711403],[-60.60339422051547,46.26836791940124],[-60.62254756659001,46.264570612710756],[-60.59196181439598,46.25654993142959],[-60.62137260970666,46.20833030493197],[-60.597862977087736,46.2242280592941],[-60.60285417980058,46.202219061718544],[-60.56287266329288,46.24481782596798],[-60.532037902307195,46.29797763383216],[-60.51579402934521,46.299119695998],[-60.51310179322881,46.30867339258455],[-60.447911859160094,46.34564903372048],[-60.41499863734624,46.3422091732356],[-60.42396478742316,46.30101051435395],[-60.41906044544988,46.30202486380271],[-60.416364079300905,46.29447571187614],[-60.44017711788387,46.29001650640196],[-60.48901212156173,46.25126481389087],[-60.50426950805037,46.22753223908651],[-60.531340455132295,46.22190111101795],[-60.598403187537045,46.14789827504611],[-60.64183221498177,46.14495078077533],[-60.614478489531734,46.134599431715024],[-60.71668913083401,46.094214860073464],[-60.717223417316866,46.113234470432225],[-60.6961757568862,46.123288479751665],[-60.707577864803305,46.129557126838],[-60.75377697199993,46.09336933900008]]],[[[-60.741926599655464,46.09807364530194],[-60.749454468434884,46.092398890079],[-60.75055368075072,46.092726549373886],[-60.741926599655464,46.09807364530194]]],[[[-60.49076334899992,45.62244117300012],[-60.48777005299991,45.62081815300007],[-60.49342387599997,45.61944823400008],[-60.49076334899992,45.62244117300012]]],[[[-60.226913906999975,45.72518717400007],[-60.25916644599995,45.71687502000008],[-60.23231925999994,45.71774849700011],[-60.22821586299999,45.71575870100005],[-60.27863442099993,45.70203894400005],[-60.297601887999946,45.70563088600004],[-60.288380302999975,45.712216998000116],[-60.28935112999995,45.71684860800012],[-60.32086465,45.72020276600009],[-60.320244271999954,45.71490460700008],[-60.331476573999964,45.719713203000104],[-60.31969473799998,45.71242543100009],[-60.32712212799998,45.706478855000114],[-60.320262591999985,45.70995446500005],[-60.29358388400002,45.71062127400008],[-60.32411559899992,45.70540929700007],[-60.35180350999995,45.67461421300005],[-60.40097403399998,45.652836415000095],[-60.41385684199991,45.655973314000086],[-60.42328458999996,45.64240580000006],[-60.43911371700005,45.64872969600006],[-60.43973109599997,45.639409391000086],[-60.479912756,45.64128452100005],[-60.49638557899996,45.632438826000076],[-60.482108939,45.642674157000094],[-60.49230501199991,45.66004561600006],[-60.51248172499992,45.645896252000064],[-60.49567787099997,45.644574794000064],[-60.498218823999984,45.62987769600007],[-60.576799021000035,45.62631589800011],[-60.59618784799996,45.608804537000076],[-60.62325235499993,45.61325061400005],[-60.62723197499993,45.602523050000045],[-60.68497549399986,45.58817248800006],[-60.688860069999926,45.57599165300006],[-60.67605435199999,45.57260830300003],[-60.686113204,45.566106725000104],[-60.70017623399992,45.57696723500008],[-60.746668765999985,45.57302463300003],[-60.73809253999994,45.58775192900009],[-60.763958154999955,45.608522932000106],[-60.778327391999966,45.60090943100009],[-60.79621111000003,45.61247137200007],[-60.87253321899996,45.619985653000064],[-60.87091241200002,45.62654417400008],[-60.866555991999974,45.63350169100008],[-60.86551138399994,45.62992676500007],[-60.85343036699999,45.62813411700008],[-60.860251006999974,45.63161951800005],[-60.853717295999985,45.6313708880001],[-60.86253280399994,45.63740492800008],[-60.86407332999998,45.642447334000025],[-60.85774705700005,45.63470494700006],[-60.846784082,45.634183707000076],[-60.872789859999955,45.64811867700009],[-60.86867242220293,45.6554530779164],[-60.82700271199994,45.65467340100009],[-60.83940478400005,45.659589268000026],[-60.83648206300001,45.66814790400011],[-60.853199964999945,45.66875146000005],[-60.81791936499997,45.669765922000074],[-60.82659266899992,45.678860313000136],[-60.820141415999984,45.68692825500007],[-60.782824351999984,45.680998229000046],[-60.789591898,45.686205985000065],[-60.77465895099998,45.69293674200008],[-60.78240650300005,45.69806498900008],[-60.775155386999984,45.706645880000096],[-60.75637443,45.70468525900013],[-60.74621118799993,45.69098364700003],[-60.73997394200001,45.688637122000046],[-60.74665579500002,45.73137076100004],[-60.72948377599998,45.7285373610001],[-60.723612231,45.731021735000084],[-60.74081033,45.74022918600014],[-60.75685548899992,45.734712874000124],[-60.77999081600005,45.74867536100006],[-60.763422574000025,45.7534016010001],[-60.75249156,45.74608525500009],[-60.76080983599995,45.745753626000074],[-60.75750530799987,45.739028092000055],[-60.738769705999964,45.74237602000008],[-60.767923099999926,45.759196222000114],[-60.74319693299997,45.752454621000105],[-60.75772248199992,45.76794328900009],[-60.747983293000026,45.76578944300007],[-60.747993012,45.789182914000044],[-60.74196086299993,45.780215937],[-60.73906945099996,45.79795344500009],[-60.69378347999994,45.81891995700009],[-60.226913906999975,45.72518717400007]]],[[[-60.31571430599993,45.711566804000086],[-60.309984435,45.71450128800008],[-60.30782507099992,45.71211012500008],[-60.31571430599993,45.711566804000086]]],[[[-60.29345953600004,45.71399372300006],[-60.293830702999905,45.71242734200009],[-60.299453656999916,45.712524496000064],[-60.29345953600004,45.71399372300006]]],[[[-60.30813977699999,45.717059128000116],[-60.31298450200002,45.71624614100007],[-60.31275189899996,45.71814887800006],[-60.30813977699999,45.717059128000116]]],[[[-60.62572778537823,45.92953091644868],[-60.62030983009075,45.933162450110736],[-60.62248468847136,45.930264531147344],[-60.62572778537823,45.92953091644868]]],[[[-60.62613179470458,45.932455550539075],[-60.66359226965048,45.90724294655398],[-60.71361565977305,45.898831560965505],[-60.73372481004577,45.905514834886105],[-60.74469241969245,45.934570132191446],[-60.78409343973798,45.93184005366213],[-60.79991991439371,45.94261375403175],[-60.79451584824167,45.9581796354436],[-60.76943531163855,45.961220863799724],[-60.69320926802353,46.01258546991611],[-60.64711962363848,46.02230208162303],[-60.55074955611224,46.07284864465919],[-60.459923365921604,46.137999897232596],[-60.44501876117536,46.146721983300615],[-60.438781594732994,46.14662730411822],[-60.43297381129877,46.15094318639162],[-60.42948817147413,46.15237688104804],[-60.42847411138476,46.15218303378733],[-60.42624141886598,46.15035065839901],[-60.43042557941252,46.15171393539459],[-60.44223827008106,46.138541329111575],[-60.432022097060056,46.142731373581164],[-60.410506902919806,46.16856303421055],[-60.38857685759767,46.202436457285806],[-60.34264029560235,46.21206066575482],[-60.3600135309655,46.18960239904458],[-60.32926389073796,46.21413384899905],[-60.32283078450519,46.21284923895902],[-60.32801509760167,46.2039324129091],[-60.29967238925149,46.18980067842778],[-60.3138399094198,46.166509094973044],[-60.36946979734122,46.14468209736699],[-60.41299500804139,46.11500061577496],[-60.3879269913864,46.10401949368228],[-60.47412570350013,46.04889640568417],[-60.451744198976726,46.040711908624374],[-60.56709857566622,45.99196176823105],[-60.56888494798508,45.97887933732711],[-60.58505124325994,45.968423692981375],[-60.57915557529375,45.95639240585782],[-60.56610621761085,45.955863060204685],[-60.5891877086292,45.95508348563883],[-60.58018183639034,45.94666764062056],[-60.63917273023686,45.93276185834887],[-60.62613179470458,45.932455550539075]]],[[[-60.60746538033598,45.936683422789535],[-60.604429403856784,45.93618773239967],[-60.611326659743945,45.93718726261955],[-60.60746538033598,45.936683422789535]]],[[[-60.423122706833176,46.163889045254194],[-60.41121364730241,46.19324020562732],[-60.40259101605557,46.19772470593888],[-60.414937997383525,46.1688253870733],[-60.423122706833176,46.163889045254194]]],[[[-60.39735605855135,46.19714655827698],[-60.39560994339201,46.19953685938424],[-60.39369094311631,46.19927711162404],[-60.39735605855135,46.19714655827698]]],[[[-60.28615744935539,46.30842284729823],[-60.29261379359037,46.30470590014721],[-60.28606893715302,46.29104114107286],[-60.30626802745996,46.282104816827605],[-60.29964805171761,46.283415589227104],[-60.29498227297882,46.252415995599726],[-60.326083116009045,46.231304221371474],[-60.3457895266774,46.22445543681256],[-60.372047820918084,46.241857153801064],[-60.412638152475964,46.22609691823255],[-60.462620590044175,46.180991918137686],[-60.52799263847172,46.14798952501549],[-60.5552796428218,46.12630061409135],[-60.528699865223615,46.140003424011255],[-60.52978545263233,46.135418690286954],[-60.56733646712504,46.11882658410837],[-60.597636271270375,46.09111629375407],[-60.666298101453016,46.07402556481387],[-60.65398548415314,46.098146679995544],[-60.59372753851368,46.132769180208],[-60.55206583041981,46.18738965168043],[-60.513050362782614,46.2048267919],[-60.36194742139287,46.324733281305],[-60.31858525020438,46.32493898381619],[-60.291936453258785,46.337108890204725],[-60.28615744935539,46.30842284729823]]],[[[-60.54264432523637,46.29742314188654],[-60.54538564139598,46.29505307217571],[-60.54358395487537,46.296611320200086],[-60.54264432523637,46.29742314188654]]]]}},{"type":"Feature","properties":{"id":30829},"geometry":{"type":"MultiPolygon","coordinates":[[[[-60.559008845000015,47.02969750200005],[-60.74725349758785,46.505186151270145],[-60.951880148325515,46.249690517708274],[-60.97681720879062,46.318279594285755],[-61.00151687907286,46.329545801492365],[-61.03228779566601,46.314039692181616],[-61.080121214086304,46.32768550674435],[-61.07510699978826,46.40810069737224],[-61.08966740901543,46.436730900063786],[-61.10150573499997,46.43659308200008],[-61.10291660299998,46.44807338500006],[-61.111847223,46.44246129100012],[-61.078343991,46.48960232800006],[-61.07779823099996,46.52430540000006],[-61.031756131999934,46.57308379400013],[-61.03418983399992,46.600340756000044],[-61.06098932699994,46.60417315800002],[-61.05510431299995,46.61901266800008],[-61.02877557199999,46.650942596000036],[-61.01684465499998,46.64912543200012],[-61.03486902200009,46.60358332200009],[-61.02653206399996,46.60267479800008],[-61.02996104699995,46.59885504200011],[-61.02980116899999,46.59570239800013],[-61.011846915999946,46.598271563000104],[-61.02326603899992,46.60379734100005],[-61.018843247,46.6151504050001],[-61.02620283099995,46.60886088700008],[-61.020632360999926,46.624829007000116],[-61.00230604,46.6500063520001],[-60.962384176,46.67356505400004],[-60.963571059999964,46.656243937000056],[-60.95572131399996,46.661296688000085],[-60.96234644199997,46.69021363100003],[-60.93003953699994,46.72244597200006],[-60.891191693999964,46.79041166000005],[-60.847481346999935,46.82224764600006],[-60.79874524399994,46.83165169200004],[-60.7046461599999,46.90365183400009],[-60.68943951799998,46.92170450100009],[-60.671084733,46.97572442700003],[-60.622728991999985,47.01625292900011],[-60.61699303899995,47.032485330000064],[-60.59904819599995,47.04285542100006],[-60.559008845000015,47.02969750200005]]],[[[-60.95718729599997,46.66297880600007],[-60.96094136799998,46.66152487500007],[-60.957506677999895,46.664217454000074],[-60.95718729599997,46.66297880600007]]]]}},{"type":"Feature","properties":{"id":30830},"geometry":{"type":"MultiPolygon","coordinates":[[[[-60.38862357299994,47.02392067900005],[-60.40029741699994,46.998979183000095],[-60.45606588399996,46.9555864970001],[-60.458262758999936,46.92252633000007],[-60.46450637999996,46.936623046000115],[-60.518711574000065,46.903757443000075],[-60.49663838099995,46.89643700200013],[-60.476333201999914,46.90778923500007],[-60.46342010999999,46.90343589600009],[-60.455491216999896,46.907552605000035],[-60.45790208288441,46.92114854021411],[-60.451247283,46.90538824500003],[-60.46011653299998,46.904433549000025],[-60.46922937299986,46.89774187800002],[-60.452408804999955,46.90415419000003],[-60.44316446999998,46.89532643900011],[-60.470433439,46.89335875900014],[-60.479540705,46.88531621500007],[-60.44202333300006,46.89475195500007],[-60.420765997,46.87673458100006],[-60.439811164999945,46.8879978460001],[-60.46001377199994,46.88632427000006],[-60.46925410099997,46.88131832500004],[-60.452524618,46.88120801100007],[-60.47230364199998,46.8736821430001],[-60.46465736,46.867456274000084],[-60.44546553999998,46.86789327300009],[-60.41929733599996,46.87616148900011],[-60.417625778999984,46.8781756780001],[-60.36787845800003,46.86996822700008],[-60.35190459199996,46.87457633500011],[-60.350448605000025,46.88468514200008],[-60.30845322099993,46.862222721000116],[-60.301120093,46.847542513000036],[-60.32116408900002,46.82194172300007],[-60.31530740899995,46.80738694700003],[-60.336414864999966,46.80968037300002],[-60.31829945500003,46.79334561000006],[-60.316132838999934,46.78500605300009],[-60.33297243399998,46.775122322000094],[-60.320470751999956,46.76782832600013],[-60.32050606700005,46.753654572000066],[-60.352160628,46.71238097400004],[-60.35902479799998,46.713556703],[-60.36477174376785,46.711349337138856],[-60.34252152500002,46.700844627],[-60.35690306099996,46.68868622300004],[-60.39336351,46.6879212090001],[-60.405816629,46.672031762000074],[-60.40337456900003,46.65942160800009],[-60.36415783899996,46.66027924400008],[-60.348563118999984,46.65387078400004],[-60.387766661000015,46.6534681830001],[-60.38752583999998,46.6337799940001],[-60.392987024999975,46.64112254600006],[-60.43326200999997,46.63306091000007],[-60.351521658999985,46.628352707000026],[-60.351868598000024,46.61508591000006],[-60.40818445399996,46.54943499500008],[-60.45920400899994,46.45435228500011],[-60.45814481700004,46.43066751600007],[-60.522329361,46.374080211000084],[-60.51772482800002,46.34829382100013],[-60.54399103799997,46.319295683000064],[-60.54264432547282,46.29742314177305],[-60.548655305000025,46.30706553500007],[-60.57230910799998,46.27759973300003],[-60.60339422051547,46.26836791940124],[-60.624762698022,46.30968983304157],[-60.67259013773031,46.31687499315449],[-60.69870222257074,46.34465627305069],[-60.747949576874426,46.36475349064766],[-60.77537592331397,46.40039981424506],[-60.8072202781128,46.40499316920831],[-60.81562460086498,46.41788035573037],[-60.74725349758785,46.505186151270145],[-60.557976204063586,47.027474515968095],[-60.532697759999955,47.028863322000106],[-60.51038694999994,47.003164044000066],[-60.469454823999925,47.00413813800007],[-60.46987904699997,46.99571509200004],[-60.41496410199998,47.03794575400007],[-60.38862357299994,47.02392067900005]]],[[[-60.33605105099995,46.68346842800012],[-60.34295329299999,46.68138807300003],[-60.34650078999998,46.684782382],[-60.34236445400003,46.68779126100009],[-60.33605105099995,46.68346842800012]]],[[[-60.494405135,46.906323528000065],[-60.49853195199996,46.9034260210001],[-60.501501089999934,46.90197898300004],[-60.494405135,46.906323528000065]]],[[[-60.49581530500002,46.91128612000004],[-60.49633243699995,46.90948855900007],[-60.50111366400002,46.90748720500009],[-60.49581530500002,46.91128612000004]]],[[[-60.485635115,46.91189981500012],[-60.485277764,46.91448381700009],[-60.482350285999935,46.91221454800013],[-60.485635115,46.91189981500012]]],[[[-60.14198374299992,47.22466146900009],[-60.14538287499999,47.19015303500003],[-60.159079433000045,47.18286232200007],[-60.16846455799997,47.18906140400008],[-60.14198374299992,47.22466146900009]]],[[[-60.141486373999975,47.22555797600008],[-60.13899938999996,47.22758369000012],[-60.13901955199994,47.22500140900002],[-60.141486373999975,47.22555797600008]]]]}},{"type":"Feature","properties":{"id":30831},"geometry":{"type":"MultiPolygon","coordinates":[[[[-61.108926475164125,45.955761651058765],[-61.11513550822184,45.94733170598989],[-61.12326296380678,45.955008000858534],[-61.120379801789475,45.961657026421555],[-61.108926475164125,45.955761651058765]]],[[[-61.589407047,45.97515185700009],[-61.601517931999936,45.97454470000009],[-61.595520938999925,45.99014992900006],[-61.589407047,45.97515185700009]]],[[[-61.557462634,46.01570506300012],[-61.56630091899994,46.01162211500007],[-61.556646917999956,45.98945850900007],[-61.581714981999944,46.00187799700005],[-61.57558969399993,46.02012665500008],[-61.557462634,46.01570506300012]]],[[[-61.42779796900002,46.058654571000055],[-61.428206665,46.05518604600008],[-61.429411277999904,46.05647165000006],[-61.42779796900002,46.058654571000055]]],[[[-60.981493072563644,45.99896335451587],[-61.07813412600003,45.961053138000096],[-61.10730970799997,45.96307032900006],[-61.12003010799994,45.97313596500009],[-61.132836441000016,45.967342631000086],[-61.12600879599997,45.952028881000054],[-61.1485066007472,45.940199941947164],[-61.1979666228749,45.95904059684814],[-61.24789806268638,45.946649053726695],[-61.2719409951739,45.96885720690924],[-61.29371240745964,45.95009410103208],[-61.31571711242537,45.9624130966402],[-61.3271780081417,45.948934000487895],[-61.37268568676003,45.95437409511264],[-61.41016366644715,45.93604592105639],[-61.441812162968425,45.95069652767166],[-61.52046398006322,45.93949750423707],[-61.53287546799998,45.944981337],[-61.53351827899993,45.95680726500007],[-61.513044452999935,45.95466153700006],[-61.51725851099989,45.96647995900009],[-61.50781775800003,45.97294542000009],[-61.50747656799998,45.97507408900008],[-61.527509849000026,45.9600241560001],[-61.537951076999974,46.00069639000003],[-61.53140487699997,46.01039590200009],[-61.55299890699998,46.04171378800005],[-61.47577675400004,46.087709702000026],[-61.461309131,46.07630139300004],[-61.43267072200001,46.07559717700008],[-61.43539791299997,46.064213106000075],[-61.42818883400002,46.054447756000044],[-61.43864341299997,46.049991899000126],[-61.43883628499999,46.045899360000064],[-61.411002554999975,46.06186040400009],[-61.41932851300002,46.070931231000095],[-61.39509996599988,46.06989186700012],[-61.412840188999986,46.07984164200003],[-61.406096197000025,46.08632701600007],[-61.418595769999975,46.07802236400006],[-61.44610009499993,46.07954271700007],[-61.483778401999935,46.09309033],[-61.449625570999984,46.158622059000095],[-61.415710446,46.19270873800008],[-61.328844151,46.22722025400014],[-61.312007532999985,46.226090832000075],[-61.32352747600001,46.22849242300003],[-61.27105181399996,46.26749122900013],[-61.258395959999945,46.30566638900009],[-61.18550902,46.356930774000034],[-61.171278244,46.39306387800008],[-61.12819433500001,46.44146111],[-61.11402769799996,46.441147284000095],[-61.10297221699997,46.426222552000056],[-61.086370981999984,46.422624788000114],[-61.101212234860526,46.43650208408377],[-61.08966740901543,46.436730900063786],[-61.07510699978826,46.40810069737224],[-61.080121214086304,46.32768550674435],[-61.03228779566601,46.314039692181616],[-61.00151687907286,46.329545801492365],[-60.97681720879062,46.318279594285755],[-60.951880148325515,46.249690517708274],[-61.05111385184892,46.11475939886184],[-60.981493072563644,45.99896335451587]]],[[[-61.42295603599997,46.06751619600005],[-61.42542659999999,46.058846913000096],[-61.432794801000064,46.063907413000024],[-61.42295603599997,46.06751619600005]]],[[[-61.25391450500004,46.36651003800007],[-61.26328707,46.353008870000046],[-61.268671535000024,46.35290153500008],[-61.26392093799997,46.36172145700004],[-61.25391450500004,46.36651003800007]]]]}},{"type":"Feature","properties":{"id":30932},"geometry":{"type":"Polygon","coordinates":[[[-60.039694197169574,46.21248858349648],[-60.028711363195626,46.19690462678248],[-60.003324665060404,46.19303357149218],[-59.99568765275847,46.17301257390197],[-60.08068519971663,46.17336369301033],[-60.08989625891522,46.18876589175205],[-60.11525220994407,46.169418138843774],[-60.133118833151514,46.1825965302566],[-60.12637501081279,46.20257870328347],[-60.183331902229995,46.22595401733792],[-60.126224247000025,46.26758341600004],[-60.027660902,46.24279422200004],[-60.036138761999965,46.229423783000136],[-60.08062116499994,46.2172216010001],[-60.05927965199996,46.207016615000086],[-60.039694197169574,46.21248858349648]]]}},{"type":"Feature","properties":{"id":30933},"geometry":{"type":"MultiPolygon","coordinates":[[[[-60.15368888099999,45.87488918000004],[-60.17179071799997,45.85565406700012],[-60.166871926,45.84116669200009],[-60.13201848199997,45.84377086600006],[-60.13478176799994,45.83460530300003],[-60.123175834,45.82319728400011],[-60.07636103499996,45.81886670000007],[-60.07913116800002,45.80553517700012],[-60.11511513399997,45.78137343300005],[-60.16715180500004,45.78212744900009],[-60.20516574799996,45.766961615000135],[-60.228578353036525,45.72790990131106],[-60.679236006818066,45.82125317297788],[-60.640050240000036,45.858541883000065],[-60.55068026599996,45.90208704800003],[-60.50046749299994,45.946524802000056],[-60.48708919899998,45.946204217000094],[-60.413365801999944,45.99135287100009],[-60.40431471799996,46.006790670000036],[-60.396490700999976,46.00781867700006],[-60.356543635000016,46.02858362700003],[-60.53748947299997,45.95835488600005],[-60.55328736999998,45.963878795000056],[-60.5760629517167,45.95806988461457],[-60.58505124325994,45.968423692981375],[-60.56888494798508,45.97887933732711],[-60.56709857566622,45.99196176823105],[-60.451744198976726,46.040711908624374],[-60.47412570350013,46.04889640568417],[-60.3879269913864,46.10401949368228],[-60.41299500804139,46.11500061577496],[-60.36946979734122,46.14468209736699],[-60.311984236132865,46.16780330768457],[-60.2996489642224,46.18975795385661],[-60.31008990635853,46.192236611065894],[-60.27223781082296,46.21585499677386],[-60.27593439522311,46.204981074434365],[-60.264096287,46.192304769000096],[-60.32715646400003,46.15790378800006],[-60.30864001699996,46.16789159500003],[-60.30212075500002,46.16133845800005],[-60.322609814999986,46.13949930300006],[-60.281346293,46.16314105200011],[-60.27820484899996,46.154353766000035],[-60.278686342,46.161766947000075],[-60.272137377,46.16517726600004],[-60.270575914999945,46.15803294100005],[-60.265383745,46.15538862600008],[-60.27067713999996,46.17064503800008],[-60.23143491699999,46.18770165800002],[-60.21577932899992,46.16027464800008],[-60.22044753500001,46.15053038200007],[-60.2041169771016,46.14146388699513],[-60.20477746000002,46.157053774000076],[-60.195676401999975,46.156209668000116],[-60.20431057699999,46.188490103],[-60.197666640999984,46.21006342300012],[-60.207696919000064,46.20656485800003],[-60.201904585,46.2067741530001],[-60.201271397,46.206479622000074],[-60.213857098999945,46.204465174000084],[-60.183331902229995,46.22595401733792],[-60.12637501081279,46.20257870328347],[-60.133118833151514,46.1825965302566],[-60.11525220994407,46.169418138843774],[-60.08989625891522,46.18876589175205],[-60.08068519971663,46.17336369301033],[-60.03048731152693,46.17915399549946],[-60.01429064556341,46.172916503848356],[-60.029721211009296,46.16737847068505],[-60.02920966438526,46.132297050971744],[-60.0013585964418,46.13233716329812],[-60.02658149749404,46.11936595111356],[-60.07831669645749,46.12323933093041],[-60.07087074167662,46.08404251892517],[-60.013073087082276,46.09714009052444],[-59.995044388379874,46.113792601512415],[-59.976616797153476,46.08481920143755],[-59.95363390075652,46.074864800420016],[-59.999016811948394,46.05269621028883],[-59.965880981603384,46.038760503802585],[-59.959825767,46.01444980800004],[-59.895149682000024,46.00393889500003],[-59.829732381,46.013598302000084],[-59.82202504900002,46.006840492000066],[-59.84246362000004,46.006675594000086],[-59.84663440499999,45.993313660000084],[-59.78816761499994,45.95203861700016],[-59.81974146800001,45.94081341500005],[-59.83598553199995,45.944632501000044],[-59.82718432799996,45.94966615400007],[-59.830325749999965,45.95966020100003],[-59.83994384299996,45.94887250100002],[-59.86610566599999,45.958515732000066],[-59.85886796599991,45.949030313000044],[-59.86718163999993,45.94085616900011],[-59.88375615899996,45.9425269740001],[-59.917460842999986,45.92690041900005],[-59.929483779999984,45.93403625800006],[-59.91689246799997,45.92024531400011],[-59.92246202299995,45.91554847400007],[-59.943742243999964,45.917063],[-59.959017551,45.905552092000065],[-59.968927220000026,45.910047286000065],[-59.95936172199996,45.921960728000045],[-59.979876184999966,45.918024844000094],[-59.99616397000003,45.89551943200008],[-59.97191038099995,45.89420016300002],[-59.992066606,45.875167843000064],[-60.065757719999944,45.87141211800006],[-60.117255956,45.88443412900002],[-60.15368888099999,45.87488918000004]]],[[[-60.57082071399996,45.90172514500007],[-60.57003869199992,45.901033465000104],[-60.578370091999965,45.89710606300004],[-60.57082071399996,45.90172514500007]]],[[[-60.58015776979162,45.947863228661895],[-60.54393689299998,45.94270649500004],[-60.555977493000015,45.93940053500009],[-60.564027149,45.93941048200011],[-60.55300872099995,45.941488111000055],[-60.58015776979162,45.947863228661895]]],[[[-60.577865905999964,45.95074864400005],[-60.57062875199998,45.95041492800004],[-60.578222292,45.94997314000005],[-60.577865905999964,45.95074864400005]]],[[[-60.549114355999976,45.95256548700007],[-60.549347173999976,45.95021229600011],[-60.55226825299996,45.94980689400009],[-60.549114355999976,45.95256548700007]]],[[[-60.568965730000045,45.951855639000115],[-60.56542448099999,45.951690217000106],[-60.56949189200003,45.95074175300007],[-60.568965730000045,45.951855639000115]]],[[[-60.59276136217336,45.952048216071695],[-60.592480107728306,45.952659749992186],[-60.592759208572296,45.95204571361511],[-60.59276136217336,45.952048216071695]]],[[[-60.55295596499999,45.95352990900004],[-60.56053396099995,45.95903843000006],[-60.55157666199999,45.95642556900002],[-60.55295596499999,45.95352990900004]]],[[[-60.54695165199991,45.95478722500009],[-60.54382182900003,45.95698812400006],[-60.54100610499998,45.954128318000116],[-60.54695165199991,45.95478722500009]]],[[[-60.482426058000016,45.97593882300005],[-60.47395959400002,45.97873108400011],[-60.47234703500002,45.978704415000045],[-60.47939179099994,45.97509782600009],[-60.482426058000016,45.97593882300005]]],[[[-60.11216860599995,45.76470108300006],[-60.115514437999984,45.76640585300002],[-60.107813895000014,45.76957740400007],[-60.11216860599995,45.76470108300006]]],[[[-59.96056012300002,45.8952871120001],[-59.960337186000054,45.89327670800007],[-59.962459965,45.89465278100006],[-59.96056012300002,45.8952871120001]]],[[[-59.792739879,45.96110765600007],[-59.795110978,45.96283180200006],[-59.79207968700004,45.96260893300008],[-59.792739879,45.96110765600007]]],[[[-59.674836188999926,46.03406347600009],[-59.712387359,46.022125038000055],[-59.69950035799991,45.992026083000056],[-59.73123771199997,46.005339556000074],[-59.737871419999934,45.9947669090001],[-59.79646126799997,46.00501214900005],[-59.73459112599998,46.01833728600008],[-59.72046783200002,46.03144654000002],[-59.674836188999926,46.03406347600009]]],[[[-59.68490393799995,46.024745589000055],[-59.68485179699993,46.020201478000025],[-59.68909186599996,46.021316823000085],[-59.68490393799995,46.024745589000055]]]]}},{"type":"Feature","properties":{"id":30934},"geometry":{"type":"MultiPolygon","coordinates":[[[[-59.79741960199996,46.12911632500009],[-59.86847640699995,46.07353025700011],[-59.884833351000026,46.07224519400003],[-59.88795099799997,46.08465027200005],[-59.872925398000035,46.09494793600006],[-59.883479868000045,46.09688708500008],[-59.87012371200002,46.107016181000056],[-59.88032385099994,46.1080734820001],[-59.88267604599994,46.110993338000085],[-59.84033487700003,46.11203617600007],[-59.79741960199996,46.12911632500009]]],[[[-59.81491585500001,46.179512467000116],[-59.81139318199996,46.17166977900007],[-59.85274643799997,46.16065387500007],[-59.886655211999965,46.11854335200006],[-59.883955812999936,46.11022297800004],[-59.88731064299996,46.118454766000056],[-59.913668366999985,46.10507652700003],[-59.893942302999974,46.099772669000025],[-59.89672121299998,46.086633315000086],[-59.88353447599995,46.089253203000055],[-59.896390891,46.077857065000046],[-59.88924931799997,46.061467780000086],[-59.89747471199994,46.05311377700008],[-59.95432755900001,46.04798486500005],[-59.96787428218184,46.03541760680292],[-59.999016811948394,46.05269621028883],[-59.95363390075652,46.074864800420016],[-59.976616797153476,46.08481920143755],[-59.995044388379874,46.113792601512415],[-60.013073087082276,46.09714009052444],[-60.07004883110497,46.083709061280466],[-60.06890927597484,46.10420763312469],[-60.080613933951064,46.1074956145429],[-60.07831669645749,46.12323933093041],[-60.02658149749404,46.11936595111356],[-60.0013585964418,46.13233716329812],[-60.02920966438526,46.132297050971744],[-60.02966365811874,46.16748497324284],[-59.99540787804814,46.173367453257924],[-60.003324665060404,46.19303357149218],[-60.028711363195626,46.19690462678248],[-60.04029919262559,46.21341286148783],[-60.03078343099997,46.21306581300008],[-60.042087610000024,46.22081151000006],[-60.043308609,46.228736565000105],[-60.02940739099995,46.21429909600006],[-60.00296725799996,46.22151085800005],[-59.953048701,46.21716615100013],[-59.948579033,46.19811052800013],[-59.95688584699999,46.19204544300006],[-59.95938031099993,46.18950569700014],[-59.94274427300001,46.19758596500012],[-59.93411797999998,46.18431610300007],[-59.95108036,46.17052229000007],[-59.94651533299997,46.16243164900009],[-59.955002613999966,46.15416507300006],[-59.918683434,46.17497680600011],[-59.934892684999895,46.181587036000025],[-59.91493784199994,46.17815579200006],[-59.88113315800006,46.192028234000084],[-59.84484808100004,46.17778085500004],[-59.81491585500001,46.179512467000116]]],[[[-59.772895779000024,46.177705077000084],[-59.772961433999946,46.17849553000009],[-59.77244111399999,46.178454159000104],[-59.772895779000024,46.177705077000084]]],[[[-59.768427414999955,46.18057661100007],[-59.77116901700003,46.179439062000085],[-59.771294029999986,46.18089411500004],[-59.768427414999955,46.18057661100007]]]]}},{"type":"Feature","properties":{"id":30935},"geometry":{"type":"Polygon","coordinates":[[[-60.21832414783458,46.231764359699426],[-60.26891230654396,46.196356794761854],[-60.27223781082296,46.21585499677386],[-60.31008990635853,46.192236611065894],[-60.32827371387675,46.20441897492465],[-60.304702678521835,46.228272685716576],[-60.30103847055851,46.24427887967829],[-60.29744903162373,46.24287996903465],[-60.28945947304689,46.24680386658951],[-60.30126819348109,46.28082577500851],[-60.28270520423989,46.28896311392059],[-60.27901038039774,46.31452609286327],[-60.254065262236566,46.268963616368346],[-60.20629370370253,46.26179316236682],[-60.21832414783458,46.231764359699426]]]}},{"type":"Feature","properties":{"id":41036},"geometry":{"type":"MultiPolygon","coordinates":[[[[-63.583983863629705,44.664420946837566],[-63.58409123600004,44.664746545000085],[-63.58380077086139,44.664622394389745],[-63.583983863629705,44.664420946837566]]],[[[-63.550692622003886,44.68420975950147],[-63.58407584999998,44.66572788400001],[-63.59949284699997,44.68180739100009],[-63.614109523999936,44.68106353400014],[-63.62253512164241,44.70224533422462],[-63.58596075874574,44.7390513411397],[-63.58049723782279,44.72802476379052],[-63.55042960693597,44.72457893285621],[-63.553689372655896,44.74223517140757],[-63.53403839398918,44.71681948357174],[-63.54637288313998,44.701035702924614],[-63.52299361315879,44.68581780206978],[-63.550692622003886,44.68420975950147]]],[[[-63.610690121999916,44.67866924000003],[-63.611111486999974,44.679144105000056],[-63.610464608,44.678823472000026],[-63.610690121999916,44.67866924000003]]],[[[-63.6096808019999,44.67988096300008],[-63.61001357399997,44.68032929800004],[-63.60950660699997,44.68011594500007],[-63.6096808019999,44.67988096300008]]]]}},{"type":"Feature","properties":{"id":41037},"geometry":{"type":"MultiPolygon","coordinates":[[[[-63.51492720038502,44.64699198423013],[-63.524946049,44.633074929000074],[-63.53791189099994,44.63636352800007],[-63.55782772599992,44.66474281800006],[-63.58286139122156,44.66565269400447],[-63.550692622003886,44.68420975950147],[-63.51492720038502,44.64699198423013]]],[[[-63.58349287099997,44.66420046700004],[-63.58380077086139,44.664622394389745],[-63.58335573899992,44.66436321700008],[-63.58349287099997,44.66420046700004]]]]}},{"type":"Feature","properties":{"id":41038},"geometry":{"type":"MultiPolygon","coordinates":[[[[-63.542382828357475,44.623639842190926],[-63.51260698430172,44.61489189381955],[-63.516953388807,44.60473544032559],[-63.49910812303644,44.59278740002158],[-63.5016843174896,44.58762663535582],[-63.53413069261476,44.6021356884394],[-63.52539932485991,44.609252181013325],[-63.542382828357475,44.623639842190926]]],[[[-63.49006211818121,44.67159979380667],[-63.475294985985116,44.6266485045613],[-63.49496988092675,44.611472414811274],[-63.52361867201258,44.62847174930959],[-63.5130075954092,44.64373159332498],[-63.54556799700496,44.68139300390946],[-63.52299361315879,44.68581780206978],[-63.54656338516768,44.7016946042231],[-63.533759345718195,44.7169728151221],[-63.50635492060977,44.716865173435735],[-63.4914242316634,44.73746583064918],[-63.44947431909677,44.68993233046572],[-63.45311962885529,44.67350649731858],[-63.49006211818121,44.67159979380667]],[[-63.50085121633288,44.69315286577351],[-63.50085121633283,44.69315286577356],[-63.50096781496729,44.69312399908103],[-63.50085121633288,44.69315286577351]],[[-63.50397556242836,44.696705065576616],[-63.50397556242831,44.69670506557668],[-63.503954992648346,44.696755781405955],[-63.50397556242836,44.696705065576616]],[[-63.49849179178907,44.69399640442376],[-63.49849179178911,44.69399640442369],[-63.49814319305605,44.694154046290244],[-63.49849179178907,44.69399640442376]]],[[[-63.505209677977525,44.60774981131829],[-63.48830771260928,44.599937105042116],[-63.48805571969455,44.59843475794383],[-63.505209677977525,44.60774981131829]]]]}},{"type":"Feature","properties":{"id":41039},"geometry":{"type":"MultiPolygon","coordinates":[[[[-63.457379980733926,44.58149284919339],[-63.46075303937555,44.5827306459566],[-63.45831774084498,44.58541421195859],[-63.457379980733926,44.58149284919339]]],[[[-63.45082497849365,44.615089449230936],[-63.440623400377454,44.599410828812076],[-63.45125369700051,44.58907037000549],[-63.49490948538204,44.60725476301477],[-63.475294985985116,44.6266485045613],[-63.48711302294669,44.638100270884905],[-63.48064932433315,44.64396441320875],[-63.49006211818121,44.67159979380667],[-63.462569196952934,44.673486637214964],[-63.425626620618395,44.649125579247915],[-63.415139543573616,44.65518683317028],[-63.41970486547537,44.611399983196904],[-63.44431062055074,44.60871417478062],[-63.43656131183752,44.61392051136497],[-63.44961043641352,44.622665372364956],[-63.45082497849365,44.615089449230936]]],[[[-63.43985647099136,44.61466408736056],[-63.44360623357488,44.61551382201187],[-63.44339497215616,44.617567221033596],[-63.43985647099136,44.61466408736056]]],[[[-63.43650238088451,44.661552948980834],[-63.435358192872286,44.66036000442019],[-63.44134729986403,44.66171438622967],[-63.43650238088451,44.661552948980834]]],[[[-63.39698024736975,44.760840375953954],[-63.3872074902859,44.74977998721081],[-63.407455058455284,44.73142266117975],[-63.3886889017462,44.714262087698614],[-63.44141140782061,44.703063211525745],[-63.46075620954593,44.70228479286339],[-63.505221341476556,44.755847309894435],[-63.39698024736975,44.760840375953954]]]]}},{"type":"Feature","properties":{"id":41040},"geometry":{"type":"MultiPolygon","coordinates":[[[[-63.27607370399998,44.62046190600008],[-63.27974222599998,44.617941266000074],[-63.280680321,44.61905529200008],[-63.27607370399998,44.62046190600008]]],[[[-63.31057363899998,44.63231964200009],[-63.36063266999999,44.64976340800001],[-63.374656824999974,44.64786376900006],[-63.374552215999955,44.66492378300006],[-63.375583233999976,44.656584130000105],[-63.379770992999966,44.6546977530001],[-63.382129884,44.64707378600008],[-63.37926487499996,44.654447365000095],[-63.37592903000002,44.64568099400009],[-63.36140002200004,44.64945491400006],[-63.36794447099999,44.64134978300006],[-63.41134111899998,44.64775553100013],[-63.41162494799994,44.666488649000094],[-63.39679778699993,44.67505744600003],[-63.42587276999992,44.68619674800008],[-63.42029429899998,44.672128611000055],[-63.420668134,44.66974157400003],[-63.427295042999894,44.66852867800007],[-63.453193706000015,44.681392337000034],[-63.44969836145136,44.691164788598705],[-63.46000869240931,44.70279420127701],[-63.44058909175788,44.703154602371],[-63.3886889017462,44.714262087698614],[-63.407455058455284,44.73142266117975],[-63.3872074902859,44.74977998721081],[-63.396790096430045,44.760751003725034],[-63.505221341476556,44.755847309894435],[-63.56461017770674,44.807081506835836],[-63.2580321707583,44.90181368447788],[-63.252322637456786,44.89158318552781],[-63.271587069604124,44.87649619655664],[-63.28465155690556,44.8188664032736],[-63.23940902206765,44.7682381503366],[-63.23953588999995,44.74391368400011],[-63.258066482,44.73819283000008],[-63.26227856599991,44.71998946300008],[-63.254055837000024,44.69336100300007],[-63.23829108599997,44.68070155600008],[-63.24063463400001,44.682929255000055],[-63.24442703,44.69056425100007],[-63.24406236499998,44.696884724000064],[-63.23763392599997,44.68045086300001],[-63.25923801299993,44.663956384000095],[-63.257908087999965,44.65420073800003],[-63.261089655,44.66054924200008],[-63.279390802999906,44.649783989000035],[-63.26736134599993,44.6446723830001],[-63.27383610199997,44.635168409000066],[-63.285633279999935,44.65489997800003],[-63.28173127399996,44.6278571650001],[-63.30699929599992,44.6430602800001],[-63.31429896899996,44.6436301300001],[-63.31057363899998,44.63231964200009]]],[[[-63.267103513,44.62970180800007],[-63.269749413,44.62936251200005],[-63.27185965999991,44.633111548000024],[-63.267103513,44.62970180800007]]],[[[-63.2394713189999,44.7007204600001],[-63.23444668999995,44.6973549790001],[-63.23369444699996,44.692342174000096],[-63.2394713189999,44.7007204600001]]],[[[-63.23068731399992,44.701008628000096],[-63.232209800999954,44.70295903700013],[-63.232139273999984,44.70426453900008],[-63.23068731399992,44.701008628000096]]],[[[-63.23410343499992,44.703009204000075],[-63.239007000999955,44.70444841300011],[-63.239231367999956,44.7098854050001],[-63.23410343499992,44.703009204000075]]],[[[-63.254522469999934,44.71921480500003],[-63.24233052500003,44.71438906100007],[-63.24293503199997,44.707996071000046],[-63.254522469999934,44.71921480500003]]]]}},{"type":"Feature","properties":{"id":41141},"geometry":{"type":"MultiPolygon","coordinates":[[[[-63.88500121099996,44.48724277900007],[-63.88734219,44.48653140800012],[-63.889022824999955,44.487886743],[-63.88500121099996,44.48724277900007]]],[[[-63.87351697399998,44.50310392000008],[-63.86975178599999,44.498613303000106],[-63.87643096500001,44.501965270000106],[-63.87351697399998,44.50310392000008]]],[[[-63.94996757800001,44.52660276100007],[-63.94559698500003,44.521705567000105],[-63.95247828899995,44.52622175000003],[-63.94996757800001,44.52660276100007]]],[[[-63.96236054399994,44.5493476990001],[-63.95341983599992,44.547676176000074],[-63.95319587099998,44.542438526000105],[-63.96236054399994,44.5493476990001]]],[[[-63.92018518300003,44.57648704600009],[-63.91730939899995,44.574628639000046],[-63.918834298999954,44.5738871650001],[-63.92018518300003,44.57648704600009]]],[[[-63.93871571899997,44.580567431000055],[-63.940714470999936,44.576409797000046],[-63.940959528,44.57910856600003],[-63.93871571899997,44.580567431000055]]],[[[-63.920092989999986,44.58581445000003],[-63.91761022799993,44.577741110000034],[-63.929046050999936,44.58637213500005],[-63.920092989999986,44.58581445000003]]],[[[-63.93324549799998,44.58507754200011],[-63.9341131889999,44.58891453700007],[-63.931062932,44.59039787300011],[-63.93324549799998,44.58507754200011]]],[[[-63.943865606999985,44.59912426000009],[-63.940791611,44.589003758000054],[-63.946552798999925,44.59467277300013],[-63.943865606999985,44.59912426000009]]],[[[-63.939330914999914,44.63517171700007],[-63.94046454799992,44.63120129300009],[-63.941616840999984,44.63307333100004],[-63.939330914999914,44.63517171700007]]],[[[-63.959380828999954,44.63918219600004],[-63.95768220299998,44.642464356000076],[-63.95673553599995,44.639339421000024],[-63.959380828999954,44.63918219600004]]],[[[-63.90604422299996,44.668299652000144],[-63.89977196300002,44.66406408100003],[-63.90379434899997,44.66315007200003],[-63.90604422299996,44.668299652000144]]],[[[-63.90803868000002,44.67968989100004],[-63.91012747699999,44.68254502500008],[-63.90861409699997,44.684213516000085],[-63.90803868000002,44.67968989100004]]],[[[-63.89725440100001,44.66440798200007],[-63.889864091999954,44.691725136000045],[-63.906581075999966,44.67198638800004],[-63.90654190999996,44.689703457000086],[-63.913502252,44.68210397300009],[-63.91154619499996,44.676457071000115],[-63.921130404999985,44.67934196800012],[-63.90862059,44.6700976640001],[-63.91248747399999,44.662468774000075],[-63.92382053100001,44.67076794000009],[-63.95850990799994,44.65367449800002],[-63.966424014999916,44.67303505000008],[-63.969408710999964,44.652277142000095],[-63.981586872,44.6437647920001],[-63.998131791,44.65924066200004],[-63.99261764799989,44.64728843600004],[-64.03410772599999,44.626745725],[-64.05345506099994,44.62935066000011],[-64.055366946,44.64163038300005],[-64.066621517578,44.63785569258699],[-64.23720043163068,44.76085541132105],[-63.94380261364902,44.78870720646799],[-63.925426975580514,44.76608092288701],[-63.91149888810486,44.72331488911606],[-63.895846685335904,44.72064438255292],[-63.8918258059027,44.73483117974511],[-63.86776268119667,44.7379783395053],[-63.847555803652426,44.72513968625583],[-63.79371058109378,44.735785202575435],[-63.731072507700816,44.72392061350907],[-63.72047830530559,44.71566810019143],[-63.73032358233853,44.707296669371786],[-63.72087524861852,44.700730945797105],[-63.74648485078901,44.66428666266102],[-63.73424473335957,44.64426860650493],[-63.74535774593594,44.618967909555465],[-63.75820025543854,44.613863681523746],[-63.7551125909387,44.6020227027405],[-63.77037546553826,44.599400056464816],[-63.785120646876344,44.61257837600089],[-63.834896549149796,44.610962585216136],[-63.79118172899994,44.537382974000096],[-63.80872247899994,44.5242512690001],[-63.80278655799992,44.51719905600004],[-63.81834665599994,44.49798491100007],[-63.825483407999926,44.498320663000094],[-63.82471763,44.52340767400008],[-63.85129163699997,44.52663369700011],[-63.84355475399993,44.51548279000009],[-63.84828550999997,44.50159261900009],[-63.83775855799995,44.49206443100008],[-63.865189452,44.49886403900007],[-63.865213493999974,44.51239489100008],[-63.88663920299991,44.50404711600008],[-63.86681868400004,44.491667519000096],[-63.87160066799993,44.48762491400004],[-63.90065655499993,44.490379358000055],[-63.90068815999996,44.49651896700004],[-63.909085800999954,44.50026957700006],[-63.90440364899998,44.493581727000034],[-63.916791515999975,44.490305009000075],[-63.919108011,44.500063323000106],[-63.93842914,44.50554188700006],[-63.934800560999925,44.51542957400004],[-63.94825923999991,44.52602277700005],[-63.94802938399995,44.53512635900008],[-63.93838938599991,44.53598920100008],[-63.93566867799996,44.56807886300005],[-63.92355831499999,44.56837550100005],[-63.92863379299993,44.57867829500013],[-63.92015944700001,44.57166186600005],[-63.915736100999965,44.57389404700003],[-63.91797637999991,44.5817983200001],[-63.91250489300001,44.58231030000011],[-63.941045714,44.60474712400007],[-63.925915955999976,44.61218084900011],[-63.93917517899995,44.623172673000106],[-63.913639352999965,44.63300349200008],[-63.92235694,44.635751190000065],[-63.918748346999934,44.645169868000025],[-63.91229133100003,44.639235580000054],[-63.910325984,44.64122223000005],[-63.91695520899999,44.64581446100004],[-63.9234309529999,44.64623040800006],[-63.92716738100002,44.636171358000084],[-63.936366360999926,44.63507002100005],[-63.92378053899994,44.656337351000055],[-63.89725440100001,44.66440798200007]]],[[[-63.869519278,44.48466086800004],[-63.86213306199996,44.48009848800009],[-63.875087418999975,44.48362805900009],[-63.869519278,44.48466086800004]]],[[[-63.85625016,44.484536053000085],[-63.853473611999966,44.48127085100002],[-63.85759350999995,44.48352668300007],[-63.85625016,44.484536053000085]]],[[[-63.86780619700002,44.48616834900011],[-63.867050715,44.48440956500009],[-63.87040107700004,44.48560844700007],[-63.86780619700002,44.48616834900011]]],[[[-63.84355902,44.489609015000056],[-63.84484268099993,44.48792502300008],[-63.847614264999955,44.48999310200008],[-63.84355902,44.489609015000056]]],[[[-63.859047207999986,44.494319010000105],[-63.85208220999996,44.49021194700002],[-63.86274777999998,44.49365191100013],[-63.859047207999986,44.494319010000105]]],[[[-63.841886393000024,44.506222341000075],[-63.83878933399994,44.50255400400007],[-63.84258432999989,44.504020534000084],[-63.841886393000024,44.506222341000075]]],[[[-63.82944660300005,44.50725864600009],[-63.83186373399994,44.50737609600012],[-63.82950502600002,44.508716648000096],[-63.82944660300005,44.50725864600009]]],[[[-63.83343856299995,44.508417946000044],[-63.837109836,44.506500514000024],[-63.83777116799992,44.50875533000008],[-63.83343856299995,44.508417946000044]]],[[[-63.84432517399998,44.5200414430001],[-63.83341941699989,44.5106057350001],[-63.840444166,44.510914342000085],[-63.838607454,44.50741681100008],[-63.84093726999996,44.50583320300007],[-63.84432517399998,44.5200414430001]]]]}},{"type":"Feature","properties":{"id":41142},"geometry":{"type":"MultiPolygon","coordinates":[[[[-63.758832406000025,44.45197769900004],[-63.76576801599997,44.4383372030001],[-63.76998030199993,44.43950625100007],[-63.768092703999905,44.45272604900008],[-63.758832406000025,44.45197769900004]]],[[[-63.777231309,44.449963393000075],[-63.77385197899991,44.451030675000126],[-63.773511426999875,44.449988637000075],[-63.777231309,44.449963393000075]]],[[[-63.78570430499994,44.4538666460001],[-63.78545132999996,44.44999719300008],[-63.787136556,44.45288448300005],[-63.78570430499994,44.4538666460001]]],[[[-63.741430807999954,44.452452103],[-63.74429330899995,44.45318972400008],[-63.741635759999944,44.453747175000046],[-63.741430807999954,44.452452103]]],[[[-63.74438727299996,44.466522204000064],[-63.739595316,44.456398214000046],[-63.753283944,44.458379383000086],[-63.74438727299996,44.466522204000064]]],[[[-63.761584176999946,44.46449122700011],[-63.757845311,44.46117609000007],[-63.762259926999945,44.46425267300007],[-63.761584176999946,44.46449122700011]]],[[[-63.75220115200001,44.46509357800004],[-63.750976249,44.462706920000066],[-63.75400831799995,44.46192169400009],[-63.75220115200001,44.46509357800004]]],[[[-63.76522125800002,44.46960750700004],[-63.760964098,44.465143565000105],[-63.76861516199998,44.46764010700006],[-63.76522125800002,44.46960750700004]]],[[[-63.74771590599998,44.468265014000046],[-63.75598105699997,44.4667251280001],[-63.75973770999999,44.469455041000074],[-63.75675877099997,44.4714554390001],[-63.74771590599998,44.468265014000046]]],[[[-63.77740155,44.469426224000124],[-63.78041003299998,44.46970279900004],[-63.778701761000015,44.470767770000094],[-63.77740155,44.469426224000124]]],[[[-63.75311859400004,44.47093932600007],[-63.753014501999985,44.47262353100009],[-63.75095718,44.4710255750001],[-63.75311859400004,44.47093932600007]]],[[[-63.785615153999956,44.47908396700006],[-63.78875644399997,44.47704571200007],[-63.78896943299995,44.47885379100007],[-63.785615153999956,44.47908396700006]]],[[[-63.77854306099995,44.495706417],[-63.78172882299992,44.49314587400004],[-63.783028289999976,44.49532463600008],[-63.77854306099995,44.495706417]]],[[[-63.77421849699998,44.495879853000105],[-63.779257961999924,44.50027489600006],[-63.77744788999994,44.504158399000104],[-63.77421849699998,44.495879853000105]]],[[[-63.64714612000004,44.471201820000054],[-63.71707964699997,44.47459233100004],[-63.73670982099995,44.50579685700005],[-63.706720707999985,44.458055813000044],[-63.72820084599998,44.45183499900012],[-63.72201176299992,44.46262359600013],[-63.73281162099997,44.478813776000045],[-63.75135885099995,44.4807729080001],[-63.73456227099998,44.47302277400008],[-63.735605471,44.46498561500006],[-63.757178283999984,44.477646545000106],[-63.764422141,44.47580674900006],[-63.774558474,44.50445712400007],[-63.76386936293939,44.52593747089071],[-63.786160389452604,44.49627541996043],[-63.77339217999997,44.47427891700009],[-63.78463350299999,44.47339198900008],[-63.782299182999914,44.47747723700011],[-63.78721644900002,44.48034232000004],[-63.79100501599995,44.47967696700003],[-63.789230170999964,44.47114563600012],[-63.783303025,44.47168158700003],[-63.78099350999993,44.46820433600007],[-63.80047337199998,44.469536936000054],[-63.81809395799988,44.483510353000064],[-63.78770848999998,44.52343485900011],[-63.790728745219184,44.53608834183755],[-63.78047789130205,44.521187906098056],[-63.73993339559556,44.54049110078541],[-63.72062557606408,44.53485208250769],[-63.72337468144787,44.51799070429507],[-63.69158613229347,44.51337117663985],[-63.69002257592788,44.57831908651438],[-63.63804518766427,44.59011204565102],[-63.61316197129111,44.56718681895871],[-63.60267971498956,44.569187191813555],[-63.603739375765336,44.55281574651395],[-63.579182360948515,44.54408342902662],[-63.55895069852421,44.54952810068424],[-63.58136923993188,44.52150287494391],[-63.58101262903276,44.50358444719814],[-63.55030441067086,44.50259316504219],[-63.55079304973166,44.49282952141171],[-63.518922750999955,44.50312284000006],[-63.53472378599997,44.48120936300011],[-63.551377875999954,44.49241058700006],[-63.550600014999965,44.468548098000056],[-63.57211386999997,44.458539313000095],[-63.58803957000002,44.45848543700005],[-63.571370377000015,44.48025767200005],[-63.583650380999934,44.48349057300006],[-63.59999439099999,44.480642053],[-63.603922334,44.46402027800011],[-63.64748644499996,44.43260496700011],[-63.627238188999954,44.47540914800004],[-63.653695698999954,44.46436743800008],[-63.64714612000004,44.471201820000054]]],[[[-63.794931761999955,44.531766276000056],[-63.79247381599996,44.525922635000136],[-63.798697636999904,44.52551918900008],[-63.794931761999955,44.531766276000056]]],[[[-63.56503388999997,44.439974799000076],[-63.56295885399998,44.435879745000086],[-63.56721267500004,44.436578933000064],[-63.56503388999997,44.439974799000076]]],[[[-63.72068049299994,44.44228573400009],[-63.724751675000014,44.436156067000056],[-63.73494560700002,44.444454519000075],[-63.72985939399997,44.444730224000075],[-63.72928877999993,44.44331141500005],[-63.722957088999976,44.44346871600006],[-63.72068049299994,44.44228573400009]]],[[[-63.73231856499993,44.44541668900009],[-63.73688553099998,44.44581946600009],[-63.731367130999914,44.44671918500007],[-63.73231856499993,44.44541668900009]]],[[[-63.725716124,44.44808766600008],[-63.72628380299996,44.44622947800013],[-63.72926985399999,44.44784895700012],[-63.73698639699999,44.446845116000084],[-63.738268776,44.44888047400012],[-63.725716124,44.44808766600008]]],[[[-63.714666363,44.447869231000084],[-63.712296291999934,44.44933348800006],[-63.71178300899999,44.448463430000075],[-63.714666363,44.447869231000084]]],[[[-63.726197358999976,44.45142464300007],[-63.728890795,44.44970594000011],[-63.72963941399989,44.45027735200006],[-63.726197358999976,44.45142464300007]]],[[[-63.66500410499997,44.455002288000095],[-63.660701615000036,44.447978093000074],[-63.666282389,44.44803570700005],[-63.66500410499997,44.455002288000095]]],[[[-63.58496552099991,44.45526921300008],[-63.58606141399995,44.45173451900011],[-63.59496635699992,44.45483945200002],[-63.58496552099991,44.45526921300008]]],[[[-63.735657667,44.45512725300006],[-63.738334305,44.4530843580001],[-63.73862441199995,44.45416280000008],[-63.735657667,44.45512725300006]]],[[[-63.65152747399994,44.45931128300004],[-63.65079359199998,44.461143022],[-63.64979029399996,44.45908709000009],[-63.65152747399994,44.45931128300004]]],[[[-63.675916187,44.46170832400014],[-63.67751096500001,44.4604745120001],[-63.679506157999946,44.46125490000005],[-63.675916187,44.46170832400014]]],[[[-63.667445111,44.464053864000086],[-63.67005524800001,44.46144578500011],[-63.67150234699996,44.462670663000104],[-63.667445111,44.464053864000086]]],[[[-63.58363480899998,44.476882664000115],[-63.585832973,44.47916710700012],[-63.583978341999924,44.479806789000015],[-63.58363480899998,44.476882664000115]]],[[[-63.59505492799995,44.48088397500001],[-63.59468114999992,44.477509893000075],[-63.59740095699996,44.47911619000009],[-63.59505492799995,44.48088397500001]]]]}},{"type":"Feature","properties":{"id":41143},"geometry":{"type":"Polygon","coordinates":[[[-63.54384861099994,44.58620029000006],[-63.55960002499999,44.55777501800011],[-63.521582559999956,44.50797220700015],[-63.55079304973166,44.49282952141171],[-63.5501016542677,44.502513763217856],[-63.58539854994807,44.50978135061255],[-63.55895069852421,44.54952810068424],[-63.579182360948515,44.54408342902662],[-63.603739375765336,44.55281574651395],[-63.60267971498956,44.569187191813555],[-63.61316197129111,44.56718681895871],[-63.63804518766427,44.59011204565102],[-63.69002257592788,44.57831908651438],[-63.69158613229347,44.51337117663985],[-63.72337468144787,44.51799070429507],[-63.72062557606408,44.53485208250769],[-63.73993339559556,44.54049110078541],[-63.78653278932022,44.52181979830262],[-63.78617441599999,44.540361410000074],[-63.834896549149796,44.610962585216136],[-63.785120646876344,44.61257837600089],[-63.764819051083386,44.59846511888961],[-63.76646268349831,44.59109270358492],[-63.72480879407613,44.58832110285807],[-63.69753157163607,44.60492049615445],[-63.67301188587046,44.60467744422151],[-63.65834868232724,44.632293997676435],[-63.62098928068385,44.64154010071197],[-63.62866021861742,44.627707897795474],[-63.62269388507354,44.62027020882095],[-63.608751247035805,44.634835116042396],[-63.579295748,44.621469014000056],[-63.55173779,44.59851397000008],[-63.54384861099994,44.58620029000006]]]}},{"type":"Feature","properties":{"id":41144},"geometry":{"type":"MultiPolygon","coordinates":[[[[-63.57709342355572,44.656175788076354],[-63.61892095543577,44.64333624144517],[-63.624373220855276,44.653492534473614],[-63.6071559007105,44.65670909699502],[-63.62232822878286,44.66266096560031],[-63.60003383877183,44.672178681500775],[-63.57709342355572,44.656175788076354]]],[[[-63.58372017268055,44.66422631016309],[-63.584280272819704,44.664616281073926],[-63.58368461897075,44.66422226669803],[-63.58372017268055,44.66422631016309]]]]}},{"type":"Feature","properties":{"id":41145},"geometry":{"type":"Polygon","coordinates":[[[-63.62148547949061,44.619227068408215],[-63.62866021861742,44.627707897795474],[-63.618216897618844,44.644051197135475],[-63.60766735555745,44.647351418381604],[-63.58480221873341,44.63651612919123],[-63.58075870036138,44.6252973660612],[-63.619364707999964,44.64135233600013],[-63.607916105060404,44.628500115197824],[-63.62148547949061,44.619227068408215]]]}},{"type":"Feature","properties":{"id":41146},"geometry":{"type":"Polygon","coordinates":[[[-63.623108839304415,44.649140595198396],[-63.61999509822319,44.64147070450635],[-63.63142590609145,44.63659229558486],[-63.662170101812684,44.63363842974563],[-63.64123265435891,44.647719716343104],[-63.64695077924502,44.65523785299839],[-63.63823608830374,44.66615420718753],[-63.60095517153713,44.673130363106466],[-63.62232822878286,44.66266096560031],[-63.6071559007105,44.65670909699502],[-63.623108839304415,44.649140595198396]]]}},{"type":"Feature","properties":{"id":41147},"geometry":{"type":"MultiPolygon","coordinates":[[[[-63.655065294970036,44.64371840368709],[-63.67301188587046,44.60467744422151],[-63.69753157163607,44.60492049615445],[-63.72480879407613,44.58832110285807],[-63.76646268349831,44.59109270358492],[-63.7551125909387,44.6020227027405],[-63.75820025543854,44.613863681523746],[-63.737278696727365,44.6337196093909],[-63.73424473335957,44.64426860650493],[-63.74418090046199,44.651566920726644],[-63.735969586911544,44.656797499],[-63.74648485078901,44.66428666266102],[-63.73675088905739,44.668617054645026],[-63.73657370727786,44.6882278442613],[-63.71454585466388,44.68400531473964],[-63.65990437284646,44.69977997992909],[-63.658916071,44.68215517800009],[-63.63598590946074,44.66658731334852],[-63.64695077924502,44.65523785299839],[-63.64123265435891,44.647719716343104],[-63.655065294970036,44.64371840368709]]],[[[-63.62253512164241,44.70224533422462],[-63.62140170250928,44.70338609403305],[-63.61989512287248,44.70390421672081],[-63.62253512164241,44.70224533422462]]]]}},{"type":"Feature","properties":{"id":41148},"geometry":{"type":"MultiPolygon","coordinates":[[[[-63.56281096981294,44.63480314832872],[-63.56800092897949,44.61752864433946],[-63.60452640818783,44.64324219744987],[-63.576658541945086,44.65556581437532],[-63.56281096981294,44.63480314832872]]],[[[-63.558485072698694,44.63991978025625],[-63.561546904327884,44.642308432926605],[-63.55763803903736,44.64100424232034],[-63.558485072698694,44.63991978025625]]]]}},{"type":"Feature","properties":{"id":41249},"geometry":{"type":"Polygon","coordinates":[[[-63.673803370841334,44.714603003741246],[-63.65990437284646,44.69977997992909],[-63.71454585466388,44.68400531473964],[-63.73032358233853,44.707296669371786],[-63.72047830530559,44.71566810019143],[-63.75930638237324,44.73226120305383],[-63.71414974546359,44.77458788663745],[-63.7002876287536,44.75719575724175],[-63.65640831177034,44.74479709858581],[-63.64051008078762,44.75970499953253],[-63.62627175046801,44.75699546878779],[-63.63259534333236,44.74666383239294],[-63.610493830059106,44.716630204781346],[-63.61996356895522,44.70398422564623],[-63.66082638722997,44.712789574069895],[-63.662227574149426,44.72913745319664],[-63.673803370841334,44.714603003741246]]]}},{"type":"Feature","properties":{"id":41250},"geometry":{"type":"Polygon","coordinates":[[[-63.6775367801974,44.77634800556874],[-63.649316233577395,44.75762167040573],[-63.65723482001854,44.74923709931018],[-63.69966573128235,44.75696550300631],[-63.71564560742267,44.77996460343946],[-63.70195799016514,44.77469438589333],[-63.69071072102404,44.79565629650758],[-63.66374674415131,44.787894386199255],[-63.6775367801974,44.77634800556874]]]}},{"type":"Feature","properties":{"id":41251},"geometry":{"type":"MultiPolygon","coordinates":[[[[-63.71430490713753,44.77671410312151],[-63.75930638237324,44.73226120305383],[-63.794350586543366,44.73575790324294],[-63.847555803652426,44.72513968625583],[-63.86776268119667,44.7379783395053],[-63.8918258059027,44.73483117974511],[-63.895846685335904,44.72064438255292],[-63.915254115789395,44.72522937037592],[-63.925426975580514,44.76608092288701],[-63.94380261364902,44.78870720646799],[-64.00780300016982,44.78277239792457],[-63.8987061789407,44.91913570305853],[-63.86966239959485,44.92615011091591],[-63.86106989762074,44.9434642184334],[-63.82448173896278,44.94935482257274],[-63.80260334654032,44.96586806600753],[-63.72425540011812,44.95009318933965],[-63.723768488286105,44.989002502576675],[-63.70542611673085,45.03191575219783],[-63.643676642453364,45.017044615458786],[-63.60228758370104,44.98724577644943],[-63.565050504308225,44.97668369317518],[-63.54646029609389,44.98556309159712],[-63.55849901367712,45.015495001050645],[-63.557410009043316,45.02385580802386],[-63.54549031494796,45.022568492604655],[-63.50856011926589,44.97876989258871],[-63.51437559710388,44.97158460293443],[-63.53915180142465,44.9546708137921],[-63.54022281004838,44.923865910533],[-63.59348747276584,44.884286020222206],[-63.58800074510289,44.9223618853913],[-63.57640857878016,44.917451835219175],[-63.57057126215785,44.925370492364344],[-63.59194580033267,44.94963788422999],[-63.66316499832116,44.936729138996945],[-63.66425140223682,44.93633299819422],[-63.66687388813021,44.93537445307527],[-63.66687806583567,44.93537292598715],[-63.65949264330138,44.9229926106518],[-63.67398084303197,44.91804368108875],[-63.658845113728134,44.90298628202852],[-63.63935537808972,44.903483456423665],[-63.63911934838383,44.894915404097226],[-63.64722546254218,44.8950929374329],[-63.6419581389012,44.88158282243519],[-63.66309665375607,44.877617626372945],[-63.65727185591937,44.87066274542932],[-63.670692001952276,44.87617274840764],[-63.67011174788699,44.86137032942631],[-63.65694275820528,44.848025080736356],[-63.62140445003601,44.86125285525411],[-63.611746150272474,44.848804602972386],[-63.61314938365849,44.828050896405735],[-63.653880024853095,44.832068904881645],[-63.642382682431,44.805911005161704],[-63.64940136738959,44.81288099040767],[-63.65507590657401,44.795091800381456],[-63.69071072102404,44.79565629650758],[-63.697627508039986,44.778110898854905],[-63.71430490713753,44.77671410312151]],[[-63.68409710014698,44.85301460765887],[-63.68366440926957,44.853013247919385],[-63.68436765103625,44.85300463925695],[-63.68409710014698,44.85301460765887]],[[-63.682804931141554,44.85290530406859],[-63.68280493124212,44.85290530410361],[-63.68275218994202,44.85284172732205],[-63.682804931141554,44.85290530406859]],[[-63.682592333216704,44.852699464274025],[-63.68193781643579,44.85268998655777],[-63.68204332795445,44.852711819886906],[-63.682592333216704,44.852699464274025]],[[-63.68163806154159,44.85268723077861],[-63.68163806190514,44.85268723091437],[-63.68185604460814,44.85268593047122],[-63.68163806154159,44.85268723077861]],[[-63.680834202654665,44.85320514490205],[-63.68083420286281,44.853205145009674],[-63.680895982721715,44.853082715063756],[-63.680834202654665,44.85320514490205]],[[-63.679612913175696,44.85267393976],[-63.679866645902194,44.85271578472497],[-63.67968872676921,44.852653815608946],[-63.679612913175696,44.85267393976]],[[-63.67941192079832,44.85279051513236],[-63.67942776677634,44.85277905105779],[-63.67941192077223,44.85279051513252],[-63.67941192079832,44.85279051513236]],[[-63.67856140906154,44.85257049987267],[-63.67856140904366,44.85257049998243],[-63.67863418202736,44.85259131071009],[-63.67856140906154,44.85257049987267]],[[-63.67768813243045,44.85256668364417],[-63.677688132109736,44.852566683835654],[-63.67776742281229,44.85256269224031],[-63.67768813243045,44.85256668364417]],[[-63.67730901056983,44.85261396194827],[-63.677309010918826,44.85261396202833],[-63.677352783931504,44.852619185151646],[-63.67730901056983,44.85261396194827]],[[-63.676945002390674,44.852868185736355],[-63.67638080779853,44.85276317908314],[-63.67701093376826,44.85285603845126],[-63.676945002390674,44.852868185736355]],[[-63.67564038569648,44.852776874574786],[-63.675640385933335,44.852776874874216],[-63.67582573967981,44.85275465185102],[-63.67564038569648,44.852776874574786]],[[-63.6755507802441,44.852687385674315],[-63.67555078014408,44.852687385933464],[-63.675568465824774,44.85271608766252],[-63.6755507802441,44.852687385674315]],[[-63.67553721645538,44.8525377589159],[-63.67554917171929,44.852552362662436],[-63.67554917171898,44.852552362635954],[-63.67553721645538,44.8525377589159]],[[-63.674952946382476,44.85242985603457],[-63.67501606644814,44.85243678399646],[-63.67495294650138,44.852429856026504],[-63.674952946382476,44.85242985603457]],[[-63.67466211427586,44.85244957857912],[-63.67466211409046,44.852449578845366],[-63.67491909570383,44.85243215159102],[-63.67466211427586,44.85244957857912]],[[-63.674569332329106,44.85209005405474],[-63.67442672049492,44.85196678214652],[-63.67458165051293,44.85222395307708],[-63.674569332329106,44.85209005405474]],[[-63.672959146378496,44.85183848078974],[-63.672959146087535,44.851838480888865],[-63.67339893446995,44.851835878563726],[-63.672959146378496,44.85183848078974]],[[-63.672334496316196,44.85144605257566],[-63.67222459036823,44.851386288790636],[-63.67233449610207,44.851446052879844],[-63.67248864510635,44.85164318902444],[-63.6725571660558,44.85169455709697],[-63.672334496316196,44.85144605257566]],[[-63.671061949883295,44.85193065099646],[-63.67106194989215,44.85193065104422],[-63.67107751743464,44.85189860390742],[-63.671061949883295,44.85193065099646]],[[-63.67096174319111,44.8520212560165],[-63.67096174319738,44.85202125601083],[-63.67096030745726,44.85202188073084],[-63.67096174319111,44.8520212560165]],[[-63.6706839771491,44.8520769096904],[-63.67068397702733,44.85207690988809],[-63.67078623663329,44.85206345848939],[-63.6706839771491,44.8520769096904]],[[-63.67014501030424,44.85220450277415],[-63.67014099694095,44.85217912107504],[-63.67014099693637,44.85217912107799],[-63.67014501030424,44.85220450277415]],[[-63.67020925921071,44.85261083139229],[-63.670325070333696,44.85275435341463],[-63.67020925920984,44.85261083138682],[-63.67020925921071,44.85261083139229]],[[-63.67065228134307,44.852617225333226],[-63.67065228104472,44.85261722506254],[-63.670618915228005,44.85262536005164],[-63.67065228134307,44.852617225333226]],[[-63.67082243594801,44.85310235575685],[-63.670780080515875,44.85294256785484],[-63.67082243585958,44.853102355588206],[-63.67082243594801,44.85310235575685]],[[-63.670874202046114,44.853201072048314],[-63.67086316311958,44.8531800211801],[-63.67087420204855,44.85320107206721],[-63.670874202046114,44.853201072048314]],[[-63.670944921351115,44.853561962689604],[-63.671093153860305,44.85371724685961],[-63.671069454899275,44.85366803809661],[-63.670944921351115,44.853561962689604]],[[-63.671086913910216,44.85408203047486],[-63.67110654019665,44.85445958015079],[-63.67110967647348,44.853966148867805],[-63.671086913910216,44.85408203047486]],[[-63.67119507416179,44.85467553702685],[-63.67119507415864,44.85467553701916],[-63.67118433880875,44.85467560005569],[-63.67119507416179,44.85467553702685]],[[-63.67007407910238,44.855141236928176],[-63.67007407912861,44.855141236867595],[-63.670072095273746,44.85514382651738],[-63.67007407910238,44.855141236928176]],[[-63.669912578814646,44.855403244154246],[-63.669917794266915,44.855397580019186],[-63.66991257878728,44.85540324416839],[-63.669912578814646,44.855403244154246]],[[-63.669824538831826,44.85544876269211],[-63.66982453892745,44.855448762940036],[-63.66989049347198,44.855414662819285],[-63.669824538831826,44.85544876269211]],[[-63.66955113065354,44.85588246470288],[-63.6695511308247,44.85588246495117],[-63.669636732225996,44.85578095319945],[-63.66955113065354,44.85588246470288]],[[-63.66894407658331,44.85592203757373],[-63.668944076876535,44.85592203784103],[-63.668984673343594,44.85594094118153],[-63.66894407658331,44.85592203757373]],[[-63.66811253496703,44.85515273390028],[-63.66812221172863,44.85516566607635],[-63.66811253496235,44.85515273388638],[-63.66811253496703,44.85515273390028]],[[-63.66812846708893,44.8543424332573],[-63.66809159535656,44.85446319877417],[-63.668128467277754,44.854342433442206],[-63.66812846708893,44.8543424332573]],[[-63.66806449245648,44.85427978788301],[-63.668064492105,44.85427978799866],[-63.668110508455314,44.85432484776628],[-63.66806449245648,44.85427978788301]],[[-63.66688798683112,44.85395170094159],[-63.666891996163216,44.85357546340641],[-63.66689493427637,44.85349935688947],[-63.66688798683112,44.85395170094159]],[[-63.66681076884792,44.853116827914825],[-63.666842744946514,44.85318943186313],[-63.6668107688351,44.853116827849156],[-63.66681076884792,44.853116827914825]],[[-63.66677040920791,44.85291002914396],[-63.66677040906764,44.852910029024294],[-63.66679843759722,44.85305364399893],[-63.66677040920791,44.85291002914396]],[[-63.66642407929474,44.852506954036606],[-63.6664240791477,44.852506954034894],[-63.6664653969132,44.85256739106617],[-63.66642407929474,44.852506954036606]],[[-63.66484736405396,44.851858978121236],[-63.66484736426528,44.85185897821521],[-63.664830035085075,44.85181522835371],[-63.66484736405396,44.851858978121236]],[[-63.66446347427198,44.851492121051216],[-63.664132961611124,44.85135081767899],[-63.66422199113036,44.8514035229934],[-63.66446347410209,44.85149212100829],[-63.66459313701248,44.85159294052036],[-63.66446347427198,44.851492121051216]],[[-63.66405634662128,44.85130546189305],[-63.66377555849011,44.85110003838788],[-63.66376581572429,44.851090951951875],[-63.66405634662128,44.85130546189305]],[[-63.66341171097845,44.85037412949334],[-63.663190444486666,44.84973510250832],[-63.66319616129719,44.8496599989729],[-63.66341171097845,44.85037412949334]],[[-63.663204696669006,44.848771789927824],[-63.6629569601448,44.848802017362054],[-63.66297732405228,44.84880910693741],[-63.663204696669006,44.848771789927824]],[[-63.66263101216629,44.84840603668653],[-63.6626310120141,44.84840603685661],[-63.66266770457577,44.848457168311974],[-63.66263101216629,44.84840603668653]],[[-63.662490454807205,44.84812100539951],[-63.662603958773175,44.84825315283241],[-63.66260395875616,44.84825315273626],[-63.662490454807205,44.84812100539951]],[[-63.662450074190005,44.848073992109214],[-63.66245007437403,44.848073992323464],[-63.6624419298214,44.84799211721527],[-63.662450074190005,44.848073992109214]],[[-63.66255960795953,44.84769528728262],[-63.66252329259368,44.847764123991524],[-63.66255960798116,44.84769528745062],[-63.66255960795953,44.84769528728262]],[[-63.66255464164986,44.84765671108637],[-63.6624425173249,44.847416879957976],[-63.662384562759584,44.84736528280901],[-63.66255464164986,44.84765671108637]],[[-63.66174298202879,44.84710587410121],[-63.661742981973774,44.84710587430555],[-63.66182556157492,44.84701618091695],[-63.66174298202879,44.84710587410121]],[[-63.66210631680685,44.84678869225956],[-63.66195361854133,44.84689910773793],[-63.6621063169765,44.84678869244587],[-63.66210631680685,44.84678869225956]],[[-63.66201660483682,44.846690169982516],[-63.661863747710235,44.846601060801476],[-63.661534038726096,44.84653994255561],[-63.661416908630784,44.846489599199984],[-63.66153403888828,44.84653994280458],[-63.6618637479009,44.84660106091756],[-63.66201660483682,44.846690169982516]],[[-63.66055052937006,44.846469045718294],[-63.659967122738855,44.846578062496256],[-63.660016053882025,44.84658472383445],[-63.66055052937006,44.846469045718294]],[[-63.6590697327404,44.8457169837925],[-63.65861207232876,44.845530590511444],[-63.65750037413644,44.84496324753271],[-63.658612072055305,44.845530590792265],[-63.6590697327404,44.8457169837925]],[[-63.65699164493941,44.84482876347585],[-63.65699164493371,44.84482876347648],[-63.65699249270162,44.84482875858473],[-63.65699164493941,44.84482876347585]],[[-63.65712329162746,44.847570878815134],[-63.65712329163748,44.84757087881626],[-63.657258110984394,44.84693199450484],[-63.65712329162746,44.847570878815134]],[[-63.69770051946558,44.92182924304339],[-63.691663217165136,44.924458540007336],[-63.692426313280244,44.92410961315976],[-63.69770051946558,44.92182924304339]],[[-63.684964500653734,44.92752110332512],[-63.68419094359395,44.92787470239544],[-63.6845677240694,44.92770248621224],[-63.684964500653734,44.92752110332512]],[[-63.672851581600106,44.93285387323599],[-63.67299584931806,44.93279285210148],[-63.672486888139076,44.93300810513509],[-63.672851581600106,44.93285387323599]],[[-63.66996240298435,44.93407568512047],[-63.66996240295313,44.93407568536135],[-63.670440873683496,44.9338733604339],[-63.66996240298435,44.93407568512047]]],[[[-63.524620556381954,44.96509576889888],[-63.52093872299994,44.9673984070001],[-63.528440240449164,44.96270660064234],[-63.524620556381954,44.96509576889888]]]]}},{"type":"Feature","properties":{"id":41252},"geometry":{"type":"Polygon","coordinates":[[[-63.62627175046801,44.75699546878779],[-63.65640831177034,44.74479709858581],[-63.66313291025852,44.750963397104236],[-63.649316233577395,44.75762167040573],[-63.6775367801974,44.77634800556874],[-63.66415220148099,44.79784980313511],[-63.64807829433666,44.80167269069175],[-63.64940136738959,44.81288099040767],[-63.64398235310739,44.80552299182044],[-63.64237660650196,44.80591722321965],[-63.653880024853095,44.832068904881645],[-63.61314938365849,44.828050896405735],[-63.610641653558964,44.83987205012489],[-63.62140445003601,44.86125285525411],[-63.656942758205275,44.848025080736356],[-63.67011174788699,44.86137032942631],[-63.670692001952276,44.87617274840764],[-63.65727185591937,44.87066274542932],[-63.66309665375607,44.877617626372945],[-63.6419581389012,44.88158282243519],[-63.64722546254218,44.8950929374329],[-63.63911934838383,44.894915404097226],[-63.63935537808972,44.903483456423665],[-63.658845113728134,44.90298628202852],[-63.67398084303197,44.91804368108875],[-63.65949264330138,44.9229926106518],[-63.666873888133175,44.93537445306212],[-63.59194580033267,44.94963788422999],[-63.57057126215785,44.925370492364344],[-63.57640857878016,44.917451835219175],[-63.58800074510289,44.9223618853913],[-63.58657396639714,44.9016824752014],[-63.59576917411242,44.89182259268496],[-63.59348747276584,44.884286020222206],[-63.54022281004838,44.923865910533],[-63.53915180142465,44.9546708137921],[-63.50856011926589,44.97876989258871],[-63.50479031202644,44.96727210895891],[-63.537841131682576,44.924609151267845],[-63.526576397720035,44.89709479774753],[-63.52973210549868,44.87731340509113],[-63.57001217451244,44.84600363850443],[-63.570686347464765,44.825676884376385],[-63.56246503283637,44.82056841167662],[-63.56368235952776,44.805303652710904],[-63.52871421445986,44.78129084457473],[-63.4914242316634,44.73746583064918],[-63.517629116462075,44.71194269852396],[-63.541254255609005,44.717220428636246],[-63.53778353764863,44.72816553613216],[-63.553689372655896,44.74223517140757],[-63.55042960693597,44.72457893285621],[-63.58049723782279,44.72802476379052],[-63.58596075874574,44.7390513411397],[-63.610493830059106,44.716630204781346],[-63.63259534333236,44.74666383239294],[-63.62627175046801,44.75699546878779]]]}},{"type":"Feature","properties":{"id":41353},"geometry":{"type":"MultiPolygon","coordinates":[[[[-62.86361107499999,44.664943385000115],[-62.86148173499994,44.66387854400005],[-62.86463455399993,44.664206388000096],[-62.86361107499999,44.664943385000115]]],[[[-63.22345219899997,44.670828863000075],[-63.22369077399996,44.67053132700008],[-63.22517766500002,44.67332816500004],[-63.22345219899997,44.670828863000075]]],[[[-62.900566506999986,44.68280638100001],[-62.903159691999974,44.67137551300006],[-62.90657013899997,44.684521899000075],[-62.900566506999986,44.68280638100001]]],[[[-63.222178544,44.68087807900009],[-63.22441152199996,44.67749780400006],[-63.22434259799994,44.67598551800007],[-63.224682079999944,44.678946667000105],[-63.222178544,44.68087807900009]]],[[[-62.97308302599997,44.68669952400004],[-62.97128949199996,44.689867939000024],[-62.969699942,44.68880523700005],[-62.97308302599997,44.68669952400004]]],[[[-62.83756597199998,44.68608305400009],[-62.83215074200001,44.69099954600008],[-62.827657570999975,44.69112789400002],[-62.83756597199998,44.68608305400009]]],[[[-62.830286693,44.694039607000065],[-62.838379178999986,44.688613883000066],[-62.84686875399989,44.68515065800009],[-62.836354875,44.69492170900007],[-62.830286693,44.694039607000065]]],[[[-62.84352841800001,44.693149282000064],[-62.85255769799997,44.68602236800008],[-62.856521786999956,44.69045659800012],[-62.84352841800001,44.693149282000064]]],[[[-62.84237863099996,44.69827906300007],[-62.842522683999945,44.69636173800004],[-62.84449178099993,44.69630141800003],[-62.84237863099996,44.69827906300007]]],[[[-62.93533549199993,44.70089020200005],[-62.936890068999915,44.699027581000045],[-62.93777137199996,44.70109860900009],[-62.93533549199993,44.70089020200005]]],[[[-63.24404578700006,44.719975871000095],[-63.24570790999998,44.7248606120001],[-63.244106006,44.72528714300007],[-63.24404578700006,44.719975871000095]]],[[[-62.94696357399997,44.72537366700007],[-62.94199081399996,44.735462896000065],[-62.99974757000002,44.696704383000075],[-63.00628655599996,44.706579835000035],[-62.99601001199995,44.71996647500006],[-63.01792430199995,44.74342528100007],[-63.005142489999955,44.75935167700006],[-63.0085808131124,44.77877679694036],[-62.974437613572334,44.777309997124064],[-62.99284373218839,44.79814238207308],[-62.96382924558353,44.81845419231551],[-62.96738845862021,44.84687784836113],[-62.98753465244944,44.86475159632205],[-62.99531678401505,44.89699164901122],[-62.97601221378159,44.9270867984221],[-62.99501843664832,44.94484122646509],[-62.98014885429811,44.94761221259045],[-62.97561443011543,44.97646867328614],[-63.020402197595025,45.02046430243588],[-62.98448325070079,45.03359093318871],[-62.95942179808506,45.03149578889226],[-62.924175926974215,45.01054848228894],[-62.89731146632666,45.01261750366167],[-62.86698590265269,44.98764017671929],[-62.753347880003446,45.01778467428292],[-62.600802814709965,44.94542189889651],[-62.54390259901151,44.92777171090043],[-62.529948799622964,44.91773659343899],[-62.51482971756837,44.91946642271915],[-62.515132699999974,44.91111663300008],[-62.535561271000034,44.91965448700005],[-62.54388956099986,44.92555737700009],[-62.53666761699993,44.91284439700004],[-62.48859885399996,44.891835472000075],[-62.508845834,44.85794131100008],[-62.52355599,44.860632262000095],[-62.53351973399999,44.84464955300007],[-62.56985817999997,44.86886396500006],[-62.56032070500002,44.842937443000054],[-62.57580839099998,44.83604635300007],[-62.55294106299992,44.81874691000011],[-62.56145816899995,44.81141611900007],[-62.54380404299994,44.78730196700009],[-62.56444861899992,44.798869447000094],[-62.585779067999944,44.83766732700006],[-62.59483430399992,44.8219549770001],[-62.635003977999915,44.82240549100006],[-62.624847585,44.81059768600002],[-62.63813332199999,44.81350325600004],[-62.649949378999935,44.798236279000065],[-62.67583475599991,44.806567765000054],[-62.655222559999956,44.78961016800013],[-62.658829891,44.778125100000096],[-62.64878674799993,44.77938199300006],[-62.65754865199999,44.77250384400012],[-62.66468571299994,44.77963682700004],[-62.65741955399997,44.78578182600004],[-62.687819729000026,44.80006551200008],[-62.69690558099998,44.79864062900008],[-62.71348145099995,44.81396922300009],[-62.70585063300002,44.80244495800008],[-62.71054631799991,44.791411194000034],[-62.70288541499992,44.79137353800007],[-62.761488088999954,44.786712738000055],[-62.76251249899993,44.77117696300008],[-62.81469883099999,44.78137410400012],[-62.82463818299996,44.804975717000026],[-62.84215527599989,44.81290523000009],[-62.880747918999965,44.81551765300011],[-62.84761880399998,44.80326223900007],[-62.83503454999998,44.786482584000055],[-62.79842189699998,44.76589862400009],[-62.82031660600003,44.7428622360001],[-62.822645432000044,44.749608619000085],[-62.83793112299998,44.74516617000007],[-62.820522474999954,44.725307961000084],[-62.799503347999966,44.71991659400006],[-62.80948554299995,44.71386609200009],[-62.816401564999985,44.72267274500009],[-62.81673107799993,44.71029499000009],[-62.83142133399993,44.711875034000016],[-62.83634261100001,44.70375302500007],[-62.843629083999986,44.72139891400012],[-62.85422881899993,44.71404899600009],[-62.84179876499996,44.70728065400005],[-62.85423523399999,44.70143664700008],[-62.869362060999954,44.72163829600002],[-62.85774989799996,44.71976995100006],[-62.862136394000025,44.728255533000045],[-62.88758625399996,44.7328296260001],[-62.86814541499997,44.71804496600005],[-62.87828590899998,44.711196389000136],[-62.901224296,44.7412144030001],[-62.90678135499995,44.7337651400001],[-62.89306807799995,44.72559699100012],[-62.94696357399997,44.72537366700007]]],[[[-63.15537321699995,44.77791686900011],[-63.17081905199993,44.73958098100006],[-63.15760387599999,44.73370344600009],[-63.17377780599995,44.72798149100005],[-63.180091169999976,44.71959049900005],[-63.17043043799998,44.72338631400004],[-63.166641701999936,44.72319385400006],[-63.185124577999936,44.70628594900007],[-63.17803682999994,44.691992393000135],[-63.22371342099996,44.67314198500005],[-63.21444342299993,44.677381925000105],[-63.223351707,44.687357526000085],[-63.20934311399993,44.68708700100011],[-63.21882534499993,44.708539954000095],[-63.234593256999965,44.708652680000036],[-63.24758982699995,44.73383188500015],[-63.240259006999956,44.73551298100011],[-63.23623381399998,44.745739035000085],[-63.24094205494657,44.77224097287582],[-63.28465155690556,44.8188664032736],[-63.271587069604124,44.87649619655664],[-63.25209476618521,44.891505667493234],[-63.236655346140225,44.87534276962296],[-63.2172721044385,44.87132931658818],[-63.19688731972523,44.84567517392931],[-63.19752235809262,44.85870061978998],[-63.183441122368095,44.86451248928982],[-63.11562646453183,44.85556311735503],[-63.1071746488465,44.81906372479282],[-63.08304698000004,44.79208090100006],[-63.03916964499997,44.779249141000086],[-63.03346203199994,44.766701757000064],[-63.04177013600001,44.7572196120001],[-63.06137597299998,44.77809608600006],[-63.072929357999925,44.76896996700003],[-63.05375229399996,44.74843733700005],[-63.04197927299997,44.74938750300009],[-63.03767289099998,44.73218553100013],[-63.004709811,44.721478851000086],[-63.023687483999936,44.68924793400006],[-63.04800503700001,44.67282886100012],[-63.05657136599995,44.685671411000094],[-63.08220957899996,44.691696441000055],[-63.10210532700001,44.680940523000025],[-63.10788888799994,44.690153682000116],[-63.138848161,44.69109249900005],[-63.16401676399994,44.679022894000084],[-63.17069272599998,44.68373937200005],[-63.1658436689999,44.691362587000064],[-63.14785196099996,44.6883264590001],[-63.16656434799997,44.70503617500011],[-63.149298567,44.745426634000054],[-63.15656609599998,44.75630972300009],[-63.14834597300003,44.777971209000036],[-63.15537321699995,44.77791686900011]]],[[[-63.02687611199994,44.734709245],[-63.02898556499996,44.735329907000036],[-63.027116504,44.73560943100005],[-63.02687611199994,44.734709245]]],[[[-63.242871860999934,44.73816315000008],[-63.24916379458683,44.7389006352058],[-63.24204591172827,44.740848175228244],[-63.242871860999934,44.73816315000008]]],[[[-63.157275704999975,44.74774754000001],[-63.160867104999966,44.7445467090001],[-63.160053733999945,44.74733857000006],[-63.157275704999975,44.74774754000001]]],[[[-63.03658867699998,44.75521387100005],[-63.03757554699999,44.757374099000046],[-63.035970589999934,44.75679845900003],[-63.03658867699998,44.75521387100005]]],[[[-63.15014350299991,44.774160903000066],[-63.152086341999976,44.77283499100003],[-63.151865767999986,44.77547294300009],[-63.15014350299991,44.774160903000066]]],[[[-63.00874639799996,44.77866137900006],[-63.0087491725189,44.77865929249592],[-63.00874852231551,44.77866704942066],[-63.00874639799996,44.77866137900006]]],[[[-62.83384660999991,44.78637282800007],[-62.83775798400003,44.79350823100003],[-62.82862564699998,44.78644613200004],[-62.83384660999991,44.78637282800007]]],[[[-62.80936728699997,44.69219712200006],[-62.806699071,44.69378604900008],[-62.807945261,44.690961415000075],[-62.80936728699997,44.69219712200006]]],[[[-62.80458096199999,44.69688827700012],[-62.801664013999954,44.69728837100008],[-62.802135061,44.696100867000055],[-62.80458096199999,44.69688827700012]]],[[[-62.81846725999997,44.6960469680001],[-62.81602488899998,44.698086609000086],[-62.81484235899999,44.69685137400003],[-62.81846725999997,44.6960469680001]]],[[[-62.8011271699999,44.6992589530001],[-62.79765275699993,44.70022511300006],[-62.800401279999896,44.69745721300007],[-62.8011271699999,44.6992589530001]]],[[[-62.79749444099991,44.7130532460001],[-62.80434466,44.71084160300004],[-62.807037714999915,44.71342086800006],[-62.79749444099991,44.7130532460001]]],[[[-62.759775713999986,44.711872842000055],[-62.76035534599994,44.71519593600004],[-62.757342045999955,44.714190310000056],[-62.759775713999986,44.711872842000055]]],[[[-62.756066871999934,44.74424646000008],[-62.76495173199998,44.73684717000006],[-62.751926945999905,44.737557811000066],[-62.757788438999974,44.72521916700006],[-62.777541498000026,44.727635964000086],[-62.776618713999945,44.74756534700002],[-62.756066871999934,44.74424646000008]]],[[[-62.791558645000016,44.73823116200008],[-62.80044143699997,44.73352982200006],[-62.80435043099998,44.73909102500002],[-62.79584626999994,44.74373034200004],[-62.791558645000016,44.73823116200008]]],[[[-62.72858680199999,44.742798088000086],[-62.72812072599989,44.74521862000007],[-62.7267738729999,44.74420714100008],[-62.72858680199999,44.742798088000086]]],[[[-62.70886032799996,44.74453197200011],[-62.706336165999964,44.744093392000046],[-62.70869720299987,44.74431550100009],[-62.70886032799996,44.74453197200011]]],[[[-62.725527637999974,44.7459595930001],[-62.72378785499995,44.74523523400008],[-62.72631375999997,44.74534032500009],[-62.725527637999974,44.7459595930001]]],[[[-62.800207591,44.746420743000044],[-62.79476220300001,44.74666315700006],[-62.80051386799997,44.74552104200006],[-62.800207591,44.746420743000044]]],[[[-62.71227532799995,44.751283364000116],[-62.712741204,44.74649531200008],[-62.71662484199997,44.75053805800011],[-62.71227532799995,44.751283364000116]]],[[[-62.79399950900003,44.751559051000065],[-62.793930140999976,44.75330535900014],[-62.79076371399997,44.752021288000094],[-62.79399950900003,44.751559051000065]]],[[[-62.784161809999944,44.75395350300008],[-62.78192896399996,44.75305802100008],[-62.78421736599995,44.75260326500003],[-62.784161809999944,44.75395350300008]]],[[[-62.73076750299999,44.770989500000056],[-62.71378469199997,44.75262851000013],[-62.72719062599997,44.74690883500006],[-62.740707787,44.75244973300006],[-62.725569227,44.75586226500009],[-62.73076750299999,44.770989500000056]]],[[[-62.75672825699996,44.76725777700009],[-62.75421894599999,44.768953839000105],[-62.753740894999964,44.76844868400008],[-62.75672825699996,44.76725777700009]]],[[[-62.75936517699993,44.77130539000005],[-62.75643228499997,44.77153323000012],[-62.760379459999946,44.770515323],[-62.75936517699993,44.77130539000005]]],[[[-62.75391472000003,44.77215799700009],[-62.75042972899996,44.77143926800011],[-62.75517299299992,44.77046826900005],[-62.75391472000003,44.77215799700009]]],[[[-62.68757580099992,44.774975546000064],[-62.69160906799996,44.777048022000066],[-62.68229652199998,44.77892197600002],[-62.68757580099992,44.774975546000064]]],[[[-62.68799892199997,44.78324079100009],[-62.69374626299999,44.77681972600007],[-62.70535386799995,44.77830861500011],[-62.70191509299995,44.78585260300005],[-62.68799892199997,44.78324079100009]]],[[[-62.72978643999993,44.78353635300007],[-62.72458342599995,44.785180347000086],[-62.724345080999946,44.78479267900012],[-62.72978643999993,44.78353635300007]]],[[[-62.65851608300003,44.75201752200007],[-62.66562391899993,44.75504530700008],[-62.65535824199989,44.75405154300008],[-62.65851608300003,44.75201752200007]]],[[[-62.654113373999934,44.761537711000074],[-62.665560089999964,44.75734971200006],[-62.66856931700002,44.761391535000136],[-62.654113373999934,44.761537711000074]]],[[[-62.67357227699995,44.76824767500007],[-62.688391097999954,44.762023469000056],[-62.690723396000024,44.77249047400008],[-62.67991367700002,44.77554849000005],[-62.67357227699995,44.76824767500007]]],[[[-62.64805296299998,44.77116965500008],[-62.649720525,44.77336234400007],[-62.645693067999964,44.77269273600009],[-62.64805296299998,44.77116965500008]]],[[[-62.605674599999915,44.7792142640001],[-62.60892083299994,44.781403974000085],[-62.604726245000016,44.779274015000084],[-62.605674599999915,44.7792142640001]]],[[[-62.605588308,44.782607809000126],[-62.602971489,44.78080729000008],[-62.60605831800006,44.78226735400005],[-62.605588308,44.782607809000126]]],[[[-62.602824028,44.78756748900006],[-62.610806661999966,44.78479528200005],[-62.61086091099995,44.77483894600006],[-62.62479962599992,44.79068455800008],[-62.602824028,44.78756748900006]]],[[[-62.596355195,44.78706769300008],[-62.597225815999984,44.79275118800009],[-62.592317899999955,44.78594606500009],[-62.596355195,44.78706769300008]]],[[[-62.68447431500001,44.792143349000085],[-62.68946205699994,44.793255285000036],[-62.683931060999974,44.79439241100006],[-62.68447431500001,44.792143349000085]]],[[[-62.647335266999924,44.79565360800011],[-62.64787282899998,44.79249548900013],[-62.65064398099995,44.79417841900009],[-62.647335266999924,44.79565360800011]]],[[[-62.60341004799994,44.799830599000096],[-62.624513579999956,44.80165736600012],[-62.62881037599998,44.78426106100005],[-62.641009432999915,44.794310572000136],[-62.61806277400002,44.813482913000065],[-62.60341004799994,44.799830599000096]]],[[[-62.646477124000015,44.799530925000056],[-62.63953105199996,44.80229991000007],[-62.638737952999946,44.801739275000074],[-62.646477124000015,44.799530925000056]]],[[[-62.537510354999945,44.80767576500004],[-62.541215997,44.80282948300006],[-62.54833904799997,44.80716094000009],[-62.537510354999945,44.80767576500004]]],[[[-62.50992334500004,44.811467658000076],[-62.508344880999914,44.81417054100011],[-62.50803326099996,44.8121437120001],[-62.50992334500004,44.811467658000076]]],[[[-62.521631644999964,44.81787288000008],[-62.52092645399995,44.825134692000084],[-62.51664863999992,44.822380008],[-62.521631644999964,44.81787288000008]]],[[[-62.51808591299994,44.82749932300003],[-62.52550833599998,44.82788148400006],[-62.517371849,44.829692853000054],[-62.51808591299994,44.82749932300003]]],[[[-62.52701368599997,44.83097548600008],[-62.54038054199996,44.83001281800007],[-62.526309078,44.83205282300005],[-62.52701368599997,44.83097548600008]]],[[[-62.512156207999936,44.83312753800002],[-62.525676540999925,44.832050216000084],[-62.512152033000014,44.83662036000006],[-62.512156207999936,44.83312753800002]]],[[[-62.5026699779999,44.84022534100009],[-62.500219743,44.83971952400009],[-62.503224255999974,44.83903947400012],[-62.5026699779999,44.84022534100009]]],[[[-62.52599674599994,44.84082866400006],[-62.543785784999976,44.83613897100009],[-62.538884233,44.83997221800013],[-62.54008076499998,44.845432353000014],[-62.52599674599994,44.84082866400006]]],[[[-62.523474808999985,44.84285267900009],[-62.52109025499992,44.84201449700006],[-62.525053530999934,44.84167094900003],[-62.523474808999985,44.84285267900009]]],[[[-62.545053746000036,44.84222050200014],[-62.54482319499998,44.847395820000074],[-62.54023810899998,44.83996865400009],[-62.545053746000036,44.84222050200014]]],[[[-62.520389030999944,44.85332726900006],[-62.51817387499996,44.85185959900011],[-62.520313540999965,44.85175158400008],[-62.520389030999944,44.85332726900006]]]]}},{"type":"Feature","properties":{"id":41454},"geometry":{"type":"MultiPolygon","coordinates":[[[[-63.87807499080683,44.94276639762516],[-64.00780300016982,44.78277239792457],[-64.2371471353058,44.76086450697133],[-64.43221014167037,44.89931141426829],[-64.19500056479038,45.0608830609091],[-64.18237734406763,45.05312489216751],[-64.1591450709911,45.071446109745516],[-64.21810782899234,45.11854747002027],[-64.18942686699994,45.1549436280001],[-64.168205393,45.16113081600014],[-64.16300696599994,45.174533340000075],[-64.17348122399997,45.186317373000115],[-64.03781604499997,45.23408812700006],[-63.9833859533894,45.21585182539928],[-63.87807499080683,44.94276639762516]]],[[[-64.00514982826793,45.22752044013963],[-64.00490901558601,45.22731226837571],[-64.00514952267555,45.22750312390465],[-64.00514982826793,45.22752044013963]]]]}}]}