{
  "abbotsford": {
    "NO2 (ppb)": 7.9815950920245395,
    "Distance to Power Plants (m)": 7.3496932515337425,
    "Length of Roads": 5.110429447852761,
    "Difference during cold wave (\u00b0C)": 3.5460122699386503,
    "Difference during heat wave (\u00b0C)": 4.515337423312883,
    "Annual Average UV Radiation (J/m2)": 2.0,
    "Bluespace (Distance to Water)": 4.269938650306749,
    "Greenness (NDVI)": 6.171779141104294,
    "PM2.5 (ug/m3)": 7.515337423312883
  },
  "barrie": {
    "NO2 (ppb)": 9.279166666666669,
    "Distance to Power Plants (m)": 7.0,
    "Length of Roads": 5.8125,
    "Difference during cold wave (\u00b0C)": 4.254166666666666,
    "Difference during heat wave (\u00b0C)": 6.391666666666667,
    "Annual Average UV Radiation (J/m2)": 7.0,
    "Bluespace (Distance to Water)": 4.841666666666667,
    "Greenness (NDVI)": 7.204166666666667,
    "PM2.5 (ug/m3)": 8.441666666666666
  },
  "calgary": {
    "NO2 (ppb)": 5.272555205047318,
    "Distance to Power Plants (m)": 4.220820189274448,
    "Length of Roads": 6.305993690851735,
    "Difference during cold wave (\u00b0C)": 5.571608832807571,
    "Difference during heat wave (\u00b0C)": 5.869400630914827,
    "Annual Average UV Radiation (J/m2)": 2.276340694006309,
    "Bluespace (Distance to Water)": 4.789905362776025,
    "Greenness (NDVI)": 3.4889589905362777,
    "PM2.5 (ug/m3)": 4.788643533123029
  },
  "chicoutimi": {
    "NO2 (ppb)": 9.905940594059404,
    "Distance to Power Plants (m)": 10.0,
    "Length of Roads": 4.376237623762377,
    "Difference during cold wave (\u00b0C)": 5.3861386138613865,
    "Difference during heat wave (\u00b0C)": 3.915841584158416,
    "Annual Average UV Radiation (J/m2)": 1.0,
    "Bluespace (Distance to Water)": 7.143564356435643,
    "Greenness (NDVI)": 6.178217821782178,
    "PM2.5 (ug/m3)": 8.534653465346535
  },
  "edmonton": {
    "NO2 (ppb)": 5.563421828908554,
    "Distance to Power Plants (m)": 3.6777286135693217,
    "Length of Roads": 5.495575221238938,
    "Difference during cold wave (\u00b0C)": 6.008849557522124,
    "Difference during heat wave (\u00b0C)": 5.120206489675517,
    "Annual Average UV Radiation (J/m2)": 1.0,
    "Bluespace (Distance to Water)": 3.967551622418879,
    "Greenness (NDVI)": 4.0855457227138645,
    "PM2.5 (ug/m3)": 2.915929203539823
  },
  "gatineau": {
    "NO2 (ppb)": 8.23936170212766,
    "Distance to Power Plants (m)": 3.257978723404255,
    "Length of Roads": 4.829787234042553,
    "Difference during cold wave (\u00b0C)": 4.329787234042553,
    "Difference during heat wave (\u00b0C)": 2.6968085106382977,
    "Annual Average UV Radiation (J/m2)": 6.0,
    "Bluespace (Distance to Water)": 6.579787234042553,
    "Greenness (NDVI)": 6.547872340425532,
    "PM2.5 (ug/m3)": 8.74468085106383
  },
  "guelph": {
    "NO2 (ppb)": 7.373737373737374,
    "Distance to Power Plants (m)": 6.994949494949495,
    "Length of Roads": 5.328282828282828,
    "Difference during cold wave (\u00b0C)": 4.661616161616162,
    "Difference during heat wave (\u00b0C)": 6.126262626262626,
    "Annual Average UV Radiation (J/m2)": 10.0,
    "Bluespace (Distance to Water)": 6.818181818181818,
    "Greenness (NDVI)": 7.883838383838384,
    "PM2.5 (ug/m3)": 6.515151515151516
  },
  "halifax": {
    "NO2 (ppb)": 9.894613583138174,
    "Distance to Power Plants (m)": 1.5081967213114753,
    "Length of Roads": 4.592505854800937,
    "Difference during cold wave (\u00b0C)": 4.744730679156909,
    "Difference during heat wave (\u00b0C)": 4.833723653395785,
    "Annual Average UV Radiation (J/m2)": 4.0,
    "Bluespace (Distance to Water)": 8.533957845433255,
    "Greenness (NDVI)": 7.939110070257612,
    "PM2.5 (ug/m3)": 10.0
  },
  "hamilton": {
    "NO2 (ppb)": 6.036541889483066,
    "Distance to Power Plants (m)": 6.727272727272728,
    "Length of Roads": 4.928698752228164,
    "Difference during cold wave (\u00b0C)": 6.671122994652406,
    "Difference during heat wave (\u00b0C)": 5.547237076648841,
    "Annual Average UV Radiation (J/m2)": 9.46613190730838,
    "Bluespace (Distance to Water)": 4.898395721925134,
    "Greenness (NDVI)": 5.860071301247772,
    "PM2.5 (ug/m3)": 3.378787878787879
  },
  "kelowna": {
    "NO2 (ppb)": 9.33,
    "Distance to Power Plants (m)": 8.055,
    "Length of Roads": 4.895,
    "Difference during cold wave (\u00b0C)": 3.155,
    "Difference during heat wave (\u00b0C)": 2.155,
    "Annual Average UV Radiation (J/m2)": 3.0,
    "Bluespace (Distance to Water)": 6.655,
    "Greenness (NDVI)": 4.5,
    "PM2.5 (ug/m3)": 1.6
  },
  "kingston": {
    "NO2 (ppb)": 9.524064171122994,
    "Distance to Power Plants (m)": 4.684491978609626,
    "Length of Roads": 4.855614973262032,
    "Difference during cold wave (\u00b0C)": 5.497326203208556,
    "Difference during heat wave (\u00b0C)": 4.262032085561497,
    "Annual Average UV Radiation (J/m2)": 7.0,
    "Bluespace (Distance to Water)": 7.679144385026738,
    "Greenness (NDVI)": 7.363636363636363,
    "PM2.5 (ug/m3)": 8.877005347593583
  },
  "kitchener": {
    "NO2 (ppb)": 7.184451219512195,
    "Distance to Power Plants (m)": 7.611280487804878,
    "Length of Roads": 5.003048780487805,
    "Difference during cold wave (\u00b0C)": 5.689024390243903,
    "Difference during heat wave (\u00b0C)": 6.086890243902439,
    "Annual Average UV Radiation (J/m2)": 10.0,
    "Bluespace (Distance to Water)": 6.358231707317073,
    "Greenness (NDVI)": 7.370426829268292,
    "PM2.5 (ug/m3)": 4.557926829268292
  },
  "london": {
    "NO2 (ppb)": 8.448214285714286,
    "Distance to Power Plants (m)": 8.001785714285715,
    "Length of Roads": 5.798214285714286,
    "Difference during cold wave (\u00b0C)": 5.694642857142857,
    "Difference during heat wave (\u00b0C)": 5.535714285714286,
    "Annual Average UV Radiation (J/m2)": 10.0,
    "Bluespace (Distance to Water)": 6.458928571428571,
    "Greenness (NDVI)": 7.757142857142857,
    "PM2.5 (ug/m3)": 4.225
  },
  "milton": {
    "NO2 (ppb)": 5.25,
    "Distance to Power Plants (m)": 1.4166666666666667,
    "Length of Roads": 5.777777777777778,
    "Difference during cold wave (\u00b0C)": 5.666666666666667,
    "Difference during heat wave (\u00b0C)": 7.222222222222222,
    "Annual Average UV Radiation (J/m2)": 9.0,
    "Bluespace (Distance to Water)": 3.75,
    "Greenness (NDVI)": 4.787037037037037,
    "PM2.5 (ug/m3)": 5.75
  },
  "moncton": {
    "NO2 (ppb)": 9.909638554216867,
    "Distance to Power Plants (m)": 9.0,
    "Length of Roads": 4.198795180722891,
    "Difference during cold wave (\u00b0C)": 5.114457831325301,
    "Difference during heat wave (\u00b0C)": 3.2289156626506026,
    "Annual Average UV Radiation (J/m2)": 3.0,
    "Bluespace (Distance to Water)": 6.921686746987952,
    "Greenness (NDVI)": 8.102409638554217,
    "PM2.5 (ug/m3)": 10.0
  },
  "montreal": {
    "NO2 (ppb)": 3.2998467936091047,
    "Distance to Power Plants (m)": 9.49288684613701,
    "Length of Roads": 5.414751586780477,
    "Difference during cold wave (\u00b0C)": 5.3223900196979645,
    "Difference during heat wave (\u00b0C)": 5.089954038082731,
    "Annual Average UV Radiation (J/m2)": 5.330706938060845,
    "Bluespace (Distance to Water)": 4.843072882468811,
    "Greenness (NDVI)": 4.640621580214489,
    "PM2.5 (ug/m3)": 3.197636244254761
  },
  "oshawa": {
    "NO2 (ppb)": 7.436651583710407,
    "Distance to Power Plants (m)": 1.7828054298642535,
    "Length of Roads": 5.276018099547511,
    "Difference during cold wave (\u00b0C)": 4.024886877828054,
    "Difference during heat wave (\u00b0C)": 6.244343891402715,
    "Annual Average UV Radiation (J/m2)": 7.0,
    "Bluespace (Distance to Water)": 6.160633484162896,
    "Greenness (NDVI)": 7.3710407239819,
    "PM2.5 (ug/m3)": 6.289592760180995
  },
  "ottawa": {
    "NO2 (ppb)": 8.373182552504039,
    "Distance to Power Plants (m)": 2.9240710823909533,
    "Length of Roads": 5.041195476575121,
    "Difference during cold wave (\u00b0C)": 5.811793214862682,